[runlim] version:		2.0.0rc12
[runlim] host:			i57pool5
[runlim] time limit:		311040000 seconds
[runlim] real time limit:	311040000 seconds
[runlim] space limit:		15567 MB
[runlim] argv[0]:		julia
[runlim] argv[1]:		run_experiments_epsilon.jl
[runlim] argv[2]:		MNIST
[runlim] argv[3]:		NEURON
[runlim] argv[4]:		mnist-prune-global_4-5-adam_1_stepsize.csv
[runlim] start:			Sat Sep 12 21:42:34 2026
[runlim] child:			1939283
  Activating project at `~/VeryDiff`
Set parameter Username
Academic license - for non-commercial use only - expires 2026-12-20
[runlim] sample:		9.73 time, 10.01 real, 1054 MB, 1.72 load

Running MNIST all...
Configuration: AP-LP-DU-RS-CSB-RSB-RDB

Warmup...

NN₁: mnist_relu_2_512_gemm.onnx
NN₂: mnist_relu_2_512_0.79.onnx
Prop: mnist_0_global_3.vnnlib
[runlim] sample:		19.68 time, 20.01 real, 1341 MB, 1.69 load
[runlim] sample:		29.48 time, 30.01 real, 1429 MB, 1.58 load
[runlim] sample:		39.46 time, 40.01 real, 1454 MB, 1.49 load
[runlim] sample:		49.46 time, 50.01 real, 1476 MB, 1.42 load
[runlim] sample:		59.44 time, 60.01 real, 1500 MB, 1.35 load
[runlim] sample:		69.44 time, 70.01 real, 1677 MB, 1.30 load
[runlim] sample:		79.44 time, 80.01 real, 1661 MB, 1.25 load
[runlim] sample:		89.43 time, 90.01 real, 1653 MB, 1.21 load
[runlim] sample:		99.44 time, 100.01 real, 1693 MB, 1.18 load
[runlim] sample:		109.43 time, 110.02 real, 1694 MB, 1.15 load
[runlim] sample:		119.43 time, 120.01 real, 1695 MB, 1.13 load
[runlim] sample:		129.43 time, 130.01 real, 1695 MB, 1.11 load
[runlim] sample:		139.42 time, 140.01 real, 1700 MB, 1.25 load
[runlim] sample:		149.42 time, 150.01 real, 1712 MB, 1.21 load

Warmup End

NN₁: mnist_relu_3_100_gemm.onnx
NN₂: mnist_relu_3_100_0.79_adam_1_stepsize.onnx
Prop: mnist_0_global_4.vnnlib

NN₁: mnist_relu_3_100_gemm.onnx
NN₂: mnist_relu_3_100_0.79_adam_1_stepsize.onnx
Prop: mnist_0_global_5.vnnlib
[runlim] sample:		159.25 time, 160.01 real, 1561 MB, 1.18 load
[runlim] sample:		169.26 time, 170.01 real, 1594 MB, 1.15 load
[runlim] sample:		179.25 time, 180.01 real, 1609 MB, 1.13 load
[runlim] sample:		189.25 time, 190.01 real, 1628 MB, 1.11 load
[runlim] sample:		199.25 time, 200.01 real, 1635 MB, 1.09 load
[runlim] sample:		209.25 time, 210.01 real, 1644 MB, 1.08 load
[runlim] sample:		219.25 time, 220.01 real, 1653 MB, 1.06 load
[runlim] sample:		229.24 time, 230.01 real, 1653 MB, 1.05 load
[runlim] sample:		239.24 time, 240.01 real, 1657 MB, 1.05 load
[runlim] sample:		249.24 time, 250.01 real, 1672 MB, 1.04 load
[runlim] sample:		259.24 time, 260.01 real, 1678 MB, 1.03 load
[runlim] sample:		269.24 time, 270.01 real, 1678 MB, 1.03 load
[runlim] sample:		279.23 time, 280.01 real, 1688 MB, 1.02 load
[runlim] sample:		289.23 time, 290.01 real, 1697 MB, 1.02 load
[runlim] sample:		299.23 time, 300.01 real, 1697 MB, 1.02 load
[runlim] sample:		309.23 time, 310.01 real, 1712 MB, 1.01 load
[runlim] sample:		319.23 time, 320.01 real, 1725 MB, 1.01 load
[runlim] sample:		329.23 time, 330.01 real, 1725 MB, 1.01 load
[runlim] sample:		339.23 time, 340.01 real, 1740 MB, 1.01 load
[runlim] sample:		349.22 time, 350.01 real, 1755 MB, 1.00 load
[runlim] sample:		359.23 time, 360.02 real, 1755 MB, 1.00 load
[runlim] sample:		369.22 time, 370.01 real, 1772 MB, 1.00 load
[runlim] sample:		379.22 time, 380.01 real, 1788 MB, 1.00 load
[runlim] sample:		389.21 time, 390.01 real, 1788 MB, 1.00 load
[runlim] sample:		399.21 time, 400.01 real, 1805 MB, 1.00 load
[runlim] sample:		409.22 time, 410.01 real, 1805 MB, 1.00 load
[runlim] sample:		419.22 time, 420.01 real, 1825 MB, 1.15 load
[runlim] sample:		429.21 time, 430.01 real, 1846 MB, 1.20 load
[runlim] sample:		439.21 time, 440.01 real, 1846 MB, 1.17 load
[runlim] sample:		449.21 time, 450.01 real, 1827 MB, 1.15 load
[runlim] sample:		459.21 time, 460.01 real, 1827 MB, 1.12 load
[runlim] sample:		469.20 time, 470.01 real, 1827 MB, 1.10 load
[runlim] sample:		479.21 time, 480.01 real, 1827 MB, 1.09 load
[runlim] sample:		489.20 time, 490.01 real, 1827 MB, 1.07 load
[runlim] sample:		499.20 time, 500.01 real, 1827 MB, 1.06 load
[runlim] sample:		509.19 time, 510.01 real, 1852 MB, 1.05 load
[runlim] sample:		519.20 time, 520.01 real, 1852 MB, 1.04 load
[runlim] sample:		529.19 time, 530.01 real, 1827 MB, 1.04 load
[runlim] sample:		539.19 time, 540.01 real, 1827 MB, 1.03 load
[runlim] sample:		549.19 time, 550.01 real, 1827 MB, 1.02 load
[runlim] sample:		559.18 time, 560.01 real, 1851 MB, 1.02 load
[runlim] sample:		569.18 time, 570.01 real, 1851 MB, 1.02 load
[runlim] sample:		579.18 time, 580.01 real, 1829 MB, 1.01 load
[runlim] sample:		589.18 time, 590.01 real, 1829 MB, 1.01 load
[runlim] sample:		599.18 time, 600.01 real, 1830 MB, 1.01 load
[runlim] sample:		609.17 time, 610.01 real, 1830 MB, 1.01 load
[runlim] sample:		619.17 time, 620.01 real, 1830 MB, 1.01 load
[runlim] sample:		629.17 time, 630.01 real, 1830 MB, 1.00 load
[runlim] sample:		639.16 time, 640.01 real, 1832 MB, 1.00 load
[runlim] sample:		649.16 time, 650.01 real, 1832 MB, 1.00 load
[runlim] sample:		659.16 time, 660.01 real, 1832 MB, 1.00 load
[runlim] sample:		669.16 time, 670.01 real, 1832 MB, 1.00 load
[runlim] sample:		679.16 time, 680.01 real, 1860 MB, 1.00 load
[runlim] sample:		689.16 time, 690.01 real, 1860 MB, 1.00 load
[runlim] sample:		699.15 time, 700.01 real, 1832 MB, 1.00 load
[runlim] sample:		709.15 time, 710.01 real, 1832 MB, 1.00 load
[runlim] sample:		719.15 time, 720.01 real, 1833 MB, 1.00 load
[runlim] sample:		729.15 time, 730.01 real, 1833 MB, 1.00 load
[runlim] sample:		739.15 time, 740.01 real, 1866 MB, 1.00 load
[runlim] sample:		749.14 time, 750.01 real, 1866 MB, 1.00 load

NN₁: mnist_relu_3_100_gemm.onnx
NN₂: mnist_relu_3_100_0.79_adam_1_stepsize.onnx
Prop: mnist_1_global_4.vnnlib
[runlim] sample:		759.09 time, 760.01 real, 1811 MB, 1.00 load

NN₁: mnist_relu_3_100_gemm.onnx
NN₂: mnist_relu_3_100_0.79_adam_1_stepsize.onnx
Prop: mnist_1_global_5.vnnlib
[runlim] sample:		769.06 time, 770.01 real, 1811 MB, 1.00 load
[runlim] sample:		779.06 time, 780.01 real, 1811 MB, 1.00 load
[runlim] sample:		789.06 time, 790.01 real, 1811 MB, 1.00 load
[runlim] sample:		799.06 time, 800.01 real, 1811 MB, 1.00 load
[runlim] sample:		809.06 time, 810.01 real, 1811 MB, 1.00 load
[runlim] sample:		819.05 time, 820.01 real, 1811 MB, 1.07 load
[runlim] sample:		829.05 time, 830.01 real, 1811 MB, 1.06 load
[runlim] sample:		839.04 time, 840.01 real, 1811 MB, 1.05 load

NN₁: mnist_relu_3_100_gemm.onnx
NN₂: mnist_relu_3_100_0.79_adam_1_stepsize.onnx
Prop: mnist_2_global_4.vnnlib
[runlim] sample:		849.01 time, 850.01 real, 1811 MB, 1.04 load
[runlim] sample:		859.01 time, 860.01 real, 1811 MB, 1.04 load
[runlim] sample:		869.00 time, 870.01 real, 1811 MB, 1.11 load
[runlim] sample:		879.00 time, 880.01 real, 1811 MB, 1.09 load
[runlim] sample:		889.00 time, 890.01 real, 1811 MB, 1.08 load
[runlim] sample:		899.00 time, 900.01 real, 1811 MB, 1.07 load
[runlim] sample:		909.00 time, 910.01 real, 1811 MB, 1.06 load
[runlim] sample:		918.99 time, 920.01 real, 1811 MB, 1.20 load
[runlim] sample:		928.99 time, 930.01 real, 1811 MB, 1.24 load
[runlim] sample:		939.00 time, 940.01 real, 1811 MB, 1.21 load
[runlim] sample:		948.99 time, 950.01 real, 1811 MB, 1.17 load
[runlim] sample:		958.99 time, 960.01 real, 1811 MB, 1.15 load
[runlim] sample:		969.00 time, 970.01 real, 1811 MB, 1.12 load
[runlim] sample:		979.00 time, 980.01 real, 1813 MB, 1.10 load
[runlim] sample:		988.99 time, 990.01 real, 1817 MB, 1.09 load
[runlim] sample:		998.99 time, 1000.01 real, 1817 MB, 1.07 load
[runlim] sample:		1008.99 time, 1010.01 real, 1819 MB, 1.06 load
[runlim] sample:		1018.98 time, 1020.01 real, 1823 MB, 1.05 load
[runlim] sample:		1028.98 time, 1030.01 real, 1823 MB, 1.04 load
[runlim] sample:		1038.99 time, 1040.01 real, 1827 MB, 1.04 load
[runlim] sample:		1048.98 time, 1050.01 real, 1827 MB, 1.03 load
[runlim] sample:		1058.98 time, 1060.01 real, 1832 MB, 1.02 load
[runlim] sample:		1068.98 time, 1070.01 real, 1835 MB, 1.02 load
[runlim] sample:		1078.98 time, 1080.01 real, 1835 MB, 1.02 load
[runlim] sample:		1088.98 time, 1090.01 real, 1841 MB, 1.01 load
[runlim] sample:		1098.98 time, 1100.01 real, 1841 MB, 1.01 load
[runlim] sample:		1108.97 time, 1110.01 real, 1844 MB, 1.01 load
[runlim] sample:		1118.98 time, 1120.01 real, 1844 MB, 1.01 load
[runlim] sample:		1128.97 time, 1130.01 real, 1853 MB, 1.01 load
[runlim] sample:		1138.97 time, 1140.01 real, 1853 MB, 1.00 load
[runlim] sample:		1148.97 time, 1150.01 real, 1858 MB, 1.00 load
[runlim] sample:		1158.97 time, 1160.01 real, 1859 MB, 1.00 load
[runlim] sample:		1168.97 time, 1170.01 real, 1862 MB, 1.00 load
[runlim] sample:		1178.96 time, 1180.01 real, 1869 MB, 1.00 load
[runlim] sample:		1188.96 time, 1190.01 real, 1869 MB, 1.00 load
[runlim] sample:		1198.97 time, 1200.01 real, 1877 MB, 1.00 load
[runlim] sample:		1208.96 time, 1210.01 real, 1877 MB, 1.00 load
[runlim] sample:		1218.97 time, 1220.01 real, 1885 MB, 1.00 load
[runlim] sample:		1228.97 time, 1230.01 real, 1885 MB, 1.00 load
[runlim] sample:		1238.97 time, 1240.02 real, 1885 MB, 1.00 load
[runlim] sample:		1248.96 time, 1250.01 real, 1907 MB, 1.00 load
[runlim] sample:		1258.96 time, 1260.01 real, 1907 MB, 1.00 load
[runlim] sample:		1268.96 time, 1270.01 real, 1929 MB, 1.00 load
[runlim] sample:		1278.96 time, 1280.01 real, 1929 MB, 1.00 load
[runlim] sample:		1288.96 time, 1290.01 real, 1952 MB, 1.00 load
[runlim] sample:		1298.95 time, 1300.01 real, 1952 MB, 1.00 load
[runlim] sample:		1308.95 time, 1310.01 real, 1973 MB, 1.00 load
[runlim] sample:		1318.95 time, 1320.01 real, 1973 MB, 1.00 load
[runlim] sample:		1328.95 time, 1330.01 real, 1973 MB, 1.00 load
[runlim] sample:		1338.95 time, 1340.01 real, 1997 MB, 1.00 load
[runlim] sample:		1348.95 time, 1350.01 real, 1997 MB, 1.00 load
[runlim] sample:		1358.94 time, 1360.01 real, 2017 MB, 1.00 load
[runlim] sample:		1368.94 time, 1370.01 real, 2017 MB, 1.00 load
[runlim] sample:		1378.94 time, 1380.01 real, 2039 MB, 1.00 load
[runlim] sample:		1388.94 time, 1390.01 real, 2039 MB, 1.08 load
[runlim] sample:		1398.94 time, 1400.01 real, 2039 MB, 1.07 load
[runlim] sample:		1408.94 time, 1410.01 real, 2067 MB, 1.06 load
[runlim] sample:		1418.94 time, 1420.01 real, 2067 MB, 1.20 load
[runlim] sample:		1428.94 time, 1430.01 real, 2353 MB, 1.40 load
[runlim] sample:		1438.94 time, 1440.01 real, 2353 MB, 1.34 load

NN₁: mnist_relu_3_100_gemm.onnx
NN₂: mnist_relu_3_100_0.79_adam_1_stepsize.onnx
Prop: mnist_2_global_5.vnnlib
[runlim] sample:		1448.88 time, 1450.01 real, 1644 MB, 1.37 load
[runlim] sample:		1458.88 time, 1460.01 real, 1671 MB, 1.31 load
[runlim] sample:		1468.88 time, 1470.02 real, 1671 MB, 1.26 load
[runlim] sample:		1478.87 time, 1480.01 real, 1674 MB, 1.22 load
[runlim] sample:		1488.88 time, 1490.01 real, 1677 MB, 1.19 load
[runlim] sample:		1498.87 time, 1500.01 real, 1677 MB, 1.16 load
[runlim] sample:		1508.87 time, 1510.01 real, 1680 MB, 1.13 load
[runlim] sample:		1518.87 time, 1520.01 real, 1680 MB, 1.11 load
[runlim] sample:		1528.87 time, 1530.01 real, 1684 MB, 1.10 load
[runlim] sample:		1538.87 time, 1540.01 real, 1684 MB, 1.08 load
[runlim] sample:		1548.86 time, 1550.01 real, 1690 MB, 1.07 load
[runlim] sample:		1558.86 time, 1560.01 real, 1694 MB, 1.06 load
[runlim] sample:		1568.86 time, 1570.01 real, 1694 MB, 1.05 load
[runlim] sample:		1578.86 time, 1580.01 real, 1699 MB, 1.04 load
[runlim] sample:		1588.86 time, 1590.01 real, 1699 MB, 1.03 load
[runlim] sample:		1598.86 time, 1600.01 real, 1705 MB, 1.03 load
[runlim] sample:		1608.86 time, 1610.01 real, 1705 MB, 1.02 load
[runlim] sample:		1618.85 time, 1620.01 real, 1711 MB, 1.02 load
[runlim] sample:		1628.85 time, 1630.01 real, 1711 MB, 1.02 load
[runlim] sample:		1638.86 time, 1640.01 real, 1717 MB, 1.01 load
[runlim] sample:		1648.86 time, 1650.01 real, 1717 MB, 1.01 load
[runlim] sample:		1658.85 time, 1660.01 real, 1721 MB, 1.01 load
[runlim] sample:		1668.85 time, 1670.01 real, 1725 MB, 1.01 load
[runlim] sample:		1678.86 time, 1680.01 real, 1725 MB, 1.00 load
[runlim] sample:		1688.85 time, 1690.01 real, 1725 MB, 1.00 load
[runlim] sample:		1698.85 time, 1700.01 real, 1732 MB, 1.00 load
[runlim] sample:		1708.85 time, 1710.01 real, 1739 MB, 1.00 load
[runlim] sample:		1718.85 time, 1720.01 real, 1739 MB, 1.00 load
[runlim] sample:		1728.84 time, 1730.01 real, 1739 MB, 1.00 load
[runlim] sample:		1738.85 time, 1740.01 real, 1745 MB, 1.00 load
[runlim] sample:		1748.84 time, 1750.01 real, 1745 MB, 1.00 load
[runlim] sample:		1758.84 time, 1760.01 real, 1754 MB, 1.00 load
[runlim] sample:		1768.84 time, 1770.01 real, 1754 MB, 1.00 load
[runlim] sample:		1778.84 time, 1780.01 real, 1761 MB, 1.00 load
[runlim] sample:		1788.84 time, 1790.01 real, 1761 MB, 1.00 load
[runlim] sample:		1798.84 time, 1800.01 real, 1767 MB, 1.00 load
[runlim] sample:		1808.84 time, 1810.01 real, 1767 MB, 1.00 load
[runlim] sample:		1818.83 time, 1820.01 real, 1774 MB, 1.00 load
[runlim] sample:		1828.83 time, 1830.01 real, 1774 MB, 1.00 load
[runlim] sample:		1838.84 time, 1840.01 real, 1785 MB, 1.00 load
[runlim] sample:		1848.83 time, 1850.01 real, 1785 MB, 1.00 load
[runlim] sample:		1858.83 time, 1860.01 real, 1792 MB, 1.00 load
[runlim] sample:		1868.83 time, 1870.01 real, 1792 MB, 1.00 load
[runlim] sample:		1878.83 time, 1880.01 real, 1792 MB, 1.00 load
[runlim] sample:		1888.83 time, 1890.01 real, 1803 MB, 1.00 load
[runlim] sample:		1898.82 time, 1900.01 real, 1803 MB, 1.00 load
[runlim] sample:		1908.83 time, 1910.01 real, 1813 MB, 1.00 load
[runlim] sample:		1918.82 time, 1920.01 real, 1813 MB, 1.15 load
[runlim] sample:		1928.82 time, 1930.01 real, 1813 MB, 1.28 load
[runlim] sample:		1938.82 time, 1940.01 real, 1825 MB, 1.24 load
[runlim] sample:		1948.82 time, 1950.01 real, 1825 MB, 1.20 load
[runlim] sample:		1958.82 time, 1960.01 real, 1838 MB, 1.17 load
[runlim] sample:		1968.82 time, 1970.01 real, 1838 MB, 1.14 load
[runlim] sample:		1978.82 time, 1980.01 real, 1838 MB, 1.12 load
[runlim] sample:		1988.82 time, 1990.01 real, 1852 MB, 1.10 load
[runlim] sample:		1998.82 time, 2000.01 real, 1852 MB, 1.09 load
[runlim] sample:		2008.82 time, 2010.01 real, 1862 MB, 1.07 load
[runlim] sample:		2018.82 time, 2020.01 real, 1862 MB, 1.06 load
[runlim] sample:		2028.81 time, 2030.01 real, 1862 MB, 1.05 load
[runlim] sample:		2038.82 time, 2040.01 real, 1876 MB, 1.04 load

NN₁: mnist_relu_3_100_gemm.onnx
NN₂: mnist_relu_3_100_0.79_adam_1_stepsize.onnx
Prop: mnist_3_global_4.vnnlib

NN₁: mnist_relu_3_100_gemm.onnx
NN₂: mnist_relu_3_100_0.79_adam_1_stepsize.onnx
Prop: mnist_3_global_5.vnnlib

NN₁: mnist_relu_3_100_gemm.onnx
NN₂: mnist_relu_3_100_0.79_adam_1_stepsize.onnx
Prop: mnist_4_global_4.vnnlib

NN₁: mnist_relu_3_100_gemm.onnx
NN₂: mnist_relu_3_100_0.79_adam_1_stepsize.onnx
Prop: mnist_4_global_5.vnnlib
[runlim] sample:		2048.67 time, 2050.01 real, 1783 MB, 1.04 load
[runlim] sample:		2058.68 time, 2060.01 real, 1783 MB, 1.03 load
[runlim] sample:		2068.68 time, 2070.01 real, 1783 MB, 1.02 load

NN₁: mnist_relu_3_100_gemm.onnx
NN₂: mnist_relu_3_100_0.79_adam_1_stepsize.onnx
Prop: mnist_5_global_4.vnnlib

NN₁: mnist_relu_3_100_gemm.onnx
NN₂: mnist_relu_3_100_0.79_adam_1_stepsize.onnx
Prop: mnist_5_global_5.vnnlib
[runlim] sample:		2078.61 time, 2080.01 real, 1783 MB, 1.02 load
[runlim] sample:		2088.61 time, 2090.01 real, 1783 MB, 1.02 load
[runlim] sample:		2098.61 time, 2100.01 real, 1783 MB, 1.01 load
[runlim] sample:		2108.61 time, 2110.01 real, 1783 MB, 1.01 load
[runlim] sample:		2118.61 time, 2120.01 real, 1783 MB, 1.01 load
[runlim] sample:		2128.60 time, 2130.01 real, 1783 MB, 1.01 load
[runlim] sample:		2138.60 time, 2140.01 real, 1783 MB, 1.01 load
[runlim] sample:		2148.60 time, 2150.01 real, 1783 MB, 1.00 load
[runlim] sample:		2158.60 time, 2160.01 real, 1783 MB, 1.00 load
[runlim] sample:		2168.60 time, 2170.01 real, 1783 MB, 1.00 load
[runlim] sample:		2178.60 time, 2180.01 real, 1783 MB, 1.00 load
[runlim] sample:		2188.60 time, 2190.01 real, 1785 MB, 1.00 load
[runlim] sample:		2198.60 time, 2200.01 real, 1787 MB, 1.00 load
[runlim] sample:		2208.60 time, 2210.01 real, 1787 MB, 1.00 load
[runlim] sample:		2218.60 time, 2220.01 real, 1789 MB, 1.00 load
[runlim] sample:		2228.59 time, 2230.01 real, 1789 MB, 1.00 load
[runlim] sample:		2239.07 time, 2240.01 real, 1799 MB, 1.00 load
[runlim] sample:		2249.86 time, 2250.01 real, 1801 MB, 1.00 load
[runlim] sample:		2260.46 time, 2260.01 real, 1801 MB, 1.22 load
[runlim] sample:		2271.41 time, 2270.01 real, 1806 MB, 1.19 load
[runlim] sample:		2282.11 time, 2280.01 real, 1806 MB, 1.16 load
[runlim] sample:		2292.22 time, 2290.01 real, 1811 MB, 1.13 load
[runlim] sample:		2302.37 time, 2300.01 real, 1811 MB, 1.11 load
[runlim] sample:		2312.72 time, 2310.01 real, 1811 MB, 1.09 load
[runlim] sample:		2323.19 time, 2320.01 real, 1811 MB, 1.08 load
[runlim] sample:		2333.67 time, 2330.01 real, 1817 MB, 1.07 load
[runlim] sample:		2344.05 time, 2340.01 real, 1817 MB, 1.06 load
[runlim] sample:		2354.78 time, 2350.01 real, 1817 MB, 1.05 load
[runlim] sample:		2365.23 time, 2360.01 real, 1818 MB, 1.04 load
[runlim] sample:		2375.39 time, 2370.01 real, 1818 MB, 1.03 load
[runlim] sample:		2386.01 time, 2380.01 real, 1820 MB, 1.03 load
[runlim] sample:		2396.19 time, 2390.01 real, 1820 MB, 1.02 load
[runlim] sample:		2407.05 time, 2400.01 real, 1820 MB, 1.02 load
[runlim] sample:		2417.53 time, 2410.01 real, 1820 MB, 1.02 load
[runlim] sample:		2427.54 time, 2420.01 real, 1820 MB, 1.17 load
[runlim] sample:		2437.90 time, 2430.01 real, 1820 MB, 1.21 load
[runlim] sample:		2448.37 time, 2440.01 real, 1820 MB, 1.26 load
[runlim] sample:		2458.92 time, 2450.01 real, 1820 MB, 1.22 load
[runlim] sample:		2468.93 time, 2460.01 real, 1822 MB, 1.18 load
[runlim] sample:		2479.44 time, 2470.01 real, 1823 MB, 1.23 load
[runlim] sample:		2489.75 time, 2480.01 real, 1823 MB, 1.19 load
[runlim] sample:		2500.02 time, 2490.01 real, 1823 MB, 1.16 load
[runlim] sample:		2510.44 time, 2500.01 real, 1823 MB, 1.14 load
[runlim] sample:		2520.90 time, 2510.01 real, 1823 MB, 1.12 load
[runlim] sample:		2531.49 time, 2520.01 real, 1823 MB, 1.10 load
[runlim] sample:		2541.61 time, 2530.01 real, 1823 MB, 1.08 load
[runlim] sample:		2552.35 time, 2540.01 real, 1823 MB, 1.07 load
[runlim] sample:		2562.78 time, 2550.01 real, 1823 MB, 1.06 load
[runlim] sample:		2573.25 time, 2560.01 real, 1823 MB, 1.05 load
[runlim] sample:		2584.04 time, 2570.01 real, 1827 MB, 1.04 load
[runlim] sample:		2594.42 time, 2580.01 real, 1827 MB, 1.03 load
[runlim] sample:		2604.93 time, 2590.01 real, 1827 MB, 1.03 load
[runlim] sample:		2615.47 time, 2600.01 real, 1848 MB, 1.02 load
[runlim] sample:		2625.53 time, 2610.01 real, 1848 MB, 1.02 load
[runlim] sample:		2635.54 time, 2620.01 real, 1849 MB, 1.02 load
[runlim] sample:		2645.73 time, 2630.01 real, 1849 MB, 1.01 load
[runlim] sample:		2655.76 time, 2640.01 real, 1854 MB, 1.01 load
[runlim] sample:		2665.78 time, 2650.01 real, 1854 MB, 1.01 load
[runlim] sample:		2675.79 time, 2660.01 real, 1857 MB, 1.01 load
[runlim] sample:		2685.84 time, 2670.01 real, 1857 MB, 1.00 load
[runlim] sample:		2695.97 time, 2680.01 real, 1857 MB, 1.00 load

NN₁: mnist_relu_3_100_gemm.onnx
NN₂: mnist_relu_3_100_0.79_adam_1_stepsize.onnx
Prop: mnist_6_global_4.vnnlib

NN₁: mnist_relu_3_100_gemm.onnx
NN₂: mnist_relu_3_100_0.79_adam_1_stepsize.onnx
Prop: mnist_6_global_5.vnnlib
[runlim] sample:		2705.90 time, 2690.01 real, 1810 MB, 1.00 load
[runlim] sample:		2715.90 time, 2700.01 real, 1810 MB, 1.00 load
[runlim] sample:		2725.90 time, 2710.01 real, 1810 MB, 1.00 load
[runlim] sample:		2735.90 time, 2720.01 real, 1810 MB, 1.00 load
[runlim] sample:		2745.90 time, 2730.01 real, 1810 MB, 1.00 load
[runlim] sample:		2755.90 time, 2740.01 real, 1810 MB, 1.00 load
[runlim] sample:		2765.89 time, 2750.01 real, 1810 MB, 1.00 load
[runlim] sample:		2775.89 time, 2760.01 real, 1810 MB, 1.00 load
[runlim] sample:		2785.89 time, 2770.01 real, 1810 MB, 1.00 load
[runlim] sample:		2795.89 time, 2780.01 real, 1810 MB, 1.00 load
[runlim] sample:		2805.89 time, 2790.01 real, 1810 MB, 1.00 load
[runlim] sample:		2815.89 time, 2800.01 real, 1810 MB, 1.00 load
[runlim] sample:		2825.89 time, 2810.01 real, 1810 MB, 1.00 load
[runlim] sample:		2835.88 time, 2820.01 real, 1810 MB, 1.00 load
[runlim] sample:		2845.89 time, 2830.01 real, 1813 MB, 1.00 load
[runlim] sample:		2855.88 time, 2840.01 real, 1818 MB, 1.00 load
[runlim] sample:		2865.88 time, 2850.01 real, 1818 MB, 1.00 load
[runlim] sample:		2875.88 time, 2860.01 real, 1823 MB, 1.00 load
[runlim] sample:		2885.88 time, 2870.01 real, 1828 MB, 1.00 load
[runlim] sample:		2895.88 time, 2880.01 real, 1828 MB, 1.00 load
[runlim] sample:		2905.87 time, 2890.01 real, 1834 MB, 1.00 load
[runlim] sample:		2915.89 time, 2900.01 real, 1838 MB, 1.00 load
[runlim] sample:		2925.95 time, 2910.01 real, 1838 MB, 1.00 load
[runlim] sample:		2936.06 time, 2920.01 real, 1841 MB, 1.15 load
[runlim] sample:		2946.18 time, 2930.01 real, 1841 MB, 1.20 load
[runlim] sample:		2956.21 time, 2940.01 real, 1845 MB, 1.17 load
[runlim] sample:		2966.29 time, 2950.01 real, 1852 MB, 1.15 load
[runlim] sample:		2976.33 time, 2960.01 real, 1852 MB, 1.12 load
[runlim] sample:		2986.35 time, 2970.01 real, 1856 MB, 1.10 load
[runlim] sample:		2996.35 time, 2980.01 real, 1856 MB, 1.09 load
[runlim] sample:		3006.37 time, 2990.01 real, 1860 MB, 1.07 load
[runlim] sample:		3016.41 time, 3000.01 real, 1881 MB, 1.06 load
[runlim] sample:		3026.45 time, 3010.01 real, 1881 MB, 1.05 load
[runlim] sample:		3036.45 time, 3020.01 real, 1884 MB, 1.04 load
[runlim] sample:		3046.45 time, 3030.01 real, 1884 MB, 1.04 load
[runlim] sample:		3056.49 time, 3040.01 real, 1886 MB, 1.03 load
[runlim] sample:		3066.52 time, 3050.01 real, 1886 MB, 1.02 load
[runlim] sample:		3076.55 time, 3060.01 real, 1889 MB, 1.02 load
[runlim] sample:		3086.57 time, 3070.01 real, 1889 MB, 1.02 load
[runlim] sample:		3096.57 time, 3080.01 real, 1892 MB, 1.01 load
[runlim] sample:		3106.56 time, 3090.01 real, 1895 MB, 1.01 load
[runlim] sample:		3116.60 time, 3100.01 real, 1895 MB, 1.01 load
[runlim] sample:		3126.63 time, 3110.01 real, 1899 MB, 1.01 load
[runlim] sample:		3136.65 time, 3120.01 real, 1899 MB, 1.01 load
[runlim] sample:		3146.66 time, 3130.01 real, 1905 MB, 1.00 load
[runlim] sample:		3156.65 time, 3140.01 real, 1905 MB, 1.00 load
[runlim] sample:		3166.65 time, 3150.01 real, 1908 MB, 1.00 load
[runlim] sample:		3176.67 time, 3160.01 real, 1908 MB, 1.00 load
[runlim] sample:		3186.72 time, 3170.01 real, 1911 MB, 1.00 load
[runlim] sample:		3196.82 time, 3180.01 real, 1911 MB, 1.00 load
[runlim] sample:		3206.86 time, 3190.01 real, 1922 MB, 1.00 load
[runlim] sample:		3216.90 time, 3200.01 real, 1922 MB, 1.00 load
[runlim] sample:		3227.02 time, 3210.01 real, 1941 MB, 1.00 load
[runlim] sample:		3237.02 time, 3220.01 real, 1944 MB, 1.00 load
[runlim] sample:		3247.01 time, 3230.01 real, 1959 MB, 1.00 load
[runlim] sample:		3257.01 time, 3240.01 real, 1959 MB, 1.00 load
[runlim] sample:		3267.01 time, 3250.01 real, 1971 MB, 1.00 load
[runlim] sample:		3277.00 time, 3260.01 real, 1971 MB, 1.00 load
[runlim] sample:		3287.01 time, 3270.01 real, 1977 MB, 1.00 load
[runlim] sample:		3297.01 time, 3280.02 real, 1977 MB, 1.00 load

NN₁: mnist_relu_3_100_gemm.onnx
NN₂: mnist_relu_3_100_0.79_adam_1_stepsize.onnx
Prop: mnist_7_global_4.vnnlib
[runlim] sample:		3306.96 time, 3290.01 real, 1866 MB, 1.00 load
[runlim] sample:		3316.96 time, 3300.01 real, 1866 MB, 1.00 load
[runlim] sample:		3326.96 time, 3310.01 real, 1866 MB, 1.00 load
[runlim] sample:		3336.96 time, 3320.01 real, 1866 MB, 1.00 load
[runlim] sample:		3346.95 time, 3330.01 real, 1866 MB, 1.00 load
[runlim] sample:		3356.96 time, 3340.01 real, 1866 MB, 1.00 load
[runlim] sample:		3366.96 time, 3350.01 real, 1866 MB, 1.00 load
[runlim] sample:		3376.95 time, 3360.01 real, 1866 MB, 1.00 load
[runlim] sample:		3386.95 time, 3370.01 real, 1866 MB, 1.00 load
[runlim] sample:		3396.95 time, 3380.01 real, 1866 MB, 1.00 load
[runlim] sample:		3406.94 time, 3390.01 real, 1840 MB, 1.00 load
[runlim] sample:		3416.95 time, 3400.01 real, 1843 MB, 1.00 load
[runlim] sample:		3426.95 time, 3410.01 real, 1843 MB, 1.00 load
[runlim] sample:		3436.94 time, 3420.01 real, 1846 MB, 1.15 load
[runlim] sample:		3446.94 time, 3430.01 real, 1846 MB, 1.20 load
[runlim] sample:		3456.94 time, 3440.01 real, 1848 MB, 1.25 load
[runlim] sample:		3466.95 time, 3450.01 real, 1848 MB, 1.21 load
[runlim] sample:		3476.94 time, 3460.01 real, 1848 MB, 1.17 load
[runlim] sample:		3486.94 time, 3470.01 real, 1848 MB, 1.15 load
[runlim] sample:		3496.94 time, 3480.01 real, 1853 MB, 1.12 load
[runlim] sample:		3506.93 time, 3490.01 real, 1853 MB, 1.10 load
[runlim] sample:		3516.93 time, 3500.01 real, 1857 MB, 1.09 load
[runlim] sample:		3526.94 time, 3510.01 real, 1857 MB, 1.07 load
[runlim] sample:		3536.93 time, 3520.01 real, 1858 MB, 1.06 load
[runlim] sample:		3546.92 time, 3530.01 real, 1858 MB, 1.05 load
[runlim] sample:		3556.93 time, 3540.01 real, 1860 MB, 1.04 load
[runlim] sample:		3566.93 time, 3550.01 real, 1860 MB, 1.04 load
[runlim] sample:		3576.93 time, 3560.01 real, 1868 MB, 1.03 load
[runlim] sample:		3586.92 time, 3570.01 real, 1868 MB, 1.02 load
[runlim] sample:		3596.92 time, 3580.01 real, 1869 MB, 1.02 load
[runlim] sample:		3606.92 time, 3590.01 real, 1869 MB, 1.02 load
[runlim] sample:		3616.91 time, 3600.01 real, 1869 MB, 1.01 load
[runlim] sample:		3626.91 time, 3610.01 real, 1869 MB, 1.01 load
[runlim] sample:		3636.92 time, 3620.01 real, 1872 MB, 1.01 load
[runlim] sample:		3646.91 time, 3630.01 real, 1872 MB, 1.01 load
[runlim] sample:		3656.91 time, 3640.01 real, 1877 MB, 1.01 load
[runlim] sample:		3666.91 time, 3650.01 real, 1877 MB, 1.00 load
[runlim] sample:		3676.91 time, 3660.01 real, 1881 MB, 1.00 load
[runlim] sample:		3686.91 time, 3670.01 real, 1881 MB, 1.00 load
[runlim] sample:		3696.90 time, 3680.02 real, 1888 MB, 1.00 load
[runlim] sample:		3706.91 time, 3690.01 real, 1888 MB, 1.00 load
[runlim] sample:		3716.90 time, 3700.01 real, 1888 MB, 1.00 load
[runlim] sample:		3726.90 time, 3710.01 real, 1891 MB, 1.00 load
[runlim] sample:		3736.90 time, 3720.01 real, 1891 MB, 1.00 load
[runlim] sample:		3746.90 time, 3730.01 real, 1899 MB, 1.08 load
[runlim] sample:		3756.90 time, 3740.01 real, 1899 MB, 1.07 load
[runlim] sample:		3766.90 time, 3750.01 real, 1899 MB, 1.06 load
[runlim] sample:		3776.89 time, 3760.01 real, 1899 MB, 1.05 load
[runlim] sample:		3786.90 time, 3770.01 real, 1899 MB, 1.04 load
[runlim] sample:		3796.89 time, 3780.01 real, 1904 MB, 1.03 load
[runlim] sample:		3806.89 time, 3790.01 real, 1904 MB, 1.03 load
[runlim] sample:		3816.88 time, 3800.01 real, 1907 MB, 1.02 load
[runlim] sample:		3826.89 time, 3810.01 real, 1907 MB, 1.02 load
[runlim] sample:		3836.89 time, 3820.01 real, 1907 MB, 1.02 load
[runlim] sample:		3846.88 time, 3830.01 real, 1912 MB, 1.01 load
[runlim] sample:		3856.88 time, 3840.01 real, 1912 MB, 1.01 load
[runlim] sample:		3866.88 time, 3850.01 real, 1918 MB, 1.01 load
[runlim] sample:		3876.87 time, 3860.01 real, 1918 MB, 1.01 load
[runlim] sample:		3886.88 time, 3870.01 real, 1918 MB, 1.00 load
[runlim] sample:		3896.88 time, 3880.01 real, 1921 MB, 1.00 load

NN₁: mnist_relu_3_100_gemm.onnx
NN₂: mnist_relu_3_100_0.79_adam_1_stepsize.onnx
Prop: mnist_7_global_5.vnnlib
[runlim] sample:		3906.82 time, 3890.01 real, 1839 MB, 1.16 load
[runlim] sample:		3916.81 time, 3900.01 real, 1839 MB, 1.14 load
[runlim] sample:		3926.81 time, 3910.01 real, 1839 MB, 1.12 load
[runlim] sample:		3936.81 time, 3920.01 real, 1839 MB, 1.25 load
[runlim] sample:		3946.82 time, 3930.01 real, 1839 MB, 1.37 load
[runlim] sample:		3956.81 time, 3940.01 real, 1839 MB, 1.31 load
[runlim] sample:		3966.81 time, 3950.01 real, 1839 MB, 1.26 load
[runlim] sample:		3976.81 time, 3960.01 real, 1839 MB, 1.22 load
[runlim] sample:		3986.81 time, 3970.01 real, 1839 MB, 1.19 load
[runlim] sample:		3996.81 time, 3980.02 real, 1839 MB, 1.16 load
[runlim] sample:		4006.80 time, 3990.01 real, 1839 MB, 1.13 load
[runlim] sample:		4016.80 time, 4000.01 real, 1840 MB, 1.11 load
[runlim] sample:		4026.80 time, 4010.01 real, 1840 MB, 1.09 load
[runlim] sample:		4036.80 time, 4020.01 real, 1843 MB, 1.08 load
[runlim] sample:		4046.80 time, 4030.01 real, 1843 MB, 1.07 load
[runlim] sample:		4056.79 time, 4040.01 real, 1845 MB, 1.06 load
[runlim] sample:		4066.80 time, 4050.01 real, 1845 MB, 1.05 load
[runlim] sample:		4076.80 time, 4060.01 real, 1845 MB, 1.04 load
[runlim] sample:		4086.79 time, 4070.01 real, 1845 MB, 1.03 load
[runlim] sample:		4096.79 time, 4080.01 real, 1850 MB, 1.03 load
[runlim] sample:		4106.79 time, 4090.01 real, 1850 MB, 1.02 load
[runlim] sample:		4116.79 time, 4100.01 real, 1855 MB, 1.02 load
[runlim] sample:		4126.79 time, 4110.01 real, 1855 MB, 1.02 load
[runlim] sample:		4136.78 time, 4120.01 real, 1855 MB, 1.01 load
[runlim] sample:		4146.78 time, 4130.01 real, 1856 MB, 1.01 load
[runlim] sample:		4156.78 time, 4140.01 real, 1856 MB, 1.01 load
[runlim] sample:		4166.78 time, 4150.01 real, 1864 MB, 1.01 load
[runlim] sample:		4176.77 time, 4160.01 real, 1864 MB, 1.00 load
[runlim] sample:		4186.77 time, 4170.01 real, 1864 MB, 1.00 load
[runlim] sample:		4196.77 time, 4180.01 real, 1864 MB, 1.00 load
[runlim] sample:		4206.78 time, 4190.01 real, 1869 MB, 1.00 load
[runlim] sample:		4216.77 time, 4200.01 real, 1869 MB, 1.00 load
[runlim] sample:		4226.77 time, 4210.01 real, 1869 MB, 1.00 load
[runlim] sample:		4236.77 time, 4220.01 real, 1869 MB, 1.00 load
[runlim] sample:		4246.76 time, 4230.01 real, 1869 MB, 1.00 load
[runlim] sample:		4256.77 time, 4240.01 real, 1876 MB, 1.00 load
[runlim] sample:		4266.76 time, 4250.01 real, 1876 MB, 1.00 load
[runlim] sample:		4276.76 time, 4260.01 real, 1876 MB, 1.00 load
[runlim] sample:		4286.76 time, 4270.01 real, 1876 MB, 1.00 load
[runlim] sample:		4296.76 time, 4280.01 real, 1877 MB, 1.00 load
[runlim] sample:		4306.76 time, 4290.01 real, 1877 MB, 1.00 load
[runlim] sample:		4316.75 time, 4300.01 real, 1882 MB, 1.00 load
[runlim] sample:		4326.75 time, 4310.01 real, 1882 MB, 1.00 load
[runlim] sample:		4336.75 time, 4320.01 real, 1882 MB, 1.00 load
[runlim] sample:		4346.75 time, 4330.01 real, 1889 MB, 1.00 load
[runlim] sample:		4356.75 time, 4340.01 real, 1889 MB, 1.00 load
[runlim] sample:		4366.75 time, 4350.01 real, 1891 MB, 1.00 load
[runlim] sample:		4376.75 time, 4360.01 real, 1891 MB, 1.00 load
[runlim] sample:		4386.75 time, 4370.01 real, 1898 MB, 1.00 load
[runlim] sample:		4396.74 time, 4380.01 real, 1898 MB, 1.00 load
[runlim] sample:		4406.74 time, 4390.01 real, 1898 MB, 1.00 load
[runlim] sample:		4416.73 time, 4400.01 real, 1901 MB, 1.00 load
[runlim] sample:		4426.74 time, 4410.01 real, 1901 MB, 1.00 load
[runlim] sample:		4436.74 time, 4420.01 real, 1903 MB, 1.15 load
[runlim] sample:		4446.73 time, 4430.01 real, 1903 MB, 1.20 load
[runlim] sample:		4456.74 time, 4440.01 real, 1909 MB, 1.17 load
[runlim] sample:		4466.73 time, 4450.01 real, 1909 MB, 1.15 load
[runlim] sample:		4476.73 time, 4460.01 real, 1909 MB, 1.12 load
[runlim] sample:		4486.72 time, 4470.01 real, 1914 MB, 1.10 load
[runlim] sample:		4496.73 time, 4480.01 real, 1914 MB, 1.09 load

NN₁: mnist_relu_3_100_gemm.onnx
NN₂: mnist_relu_3_100_0.79_adam_1_stepsize.onnx
Prop: mnist_8_global_4.vnnlib

NN₁: mnist_relu_3_100_gemm.onnx
NN₂: mnist_relu_3_100_0.79_adam_1_stepsize.onnx
Prop: mnist_8_global_5.vnnlib
[runlim] sample:		4506.66 time, 4490.01 real, 1839 MB, 1.07 load
[runlim] sample:		4516.66 time, 4500.01 real, 1839 MB, 1.06 load
[runlim] sample:		4526.65 time, 4510.01 real, 1839 MB, 1.05 load
[runlim] sample:		4536.65 time, 4520.01 real, 1839 MB, 1.04 load
[runlim] sample:		4546.64 time, 4530.01 real, 1839 MB, 1.04 load
[runlim] sample:		4556.65 time, 4540.01 real, 1839 MB, 1.03 load
[runlim] sample:		4566.65 time, 4550.01 real, 1839 MB, 1.02 load
[runlim] sample:		4576.64 time, 4560.01 real, 1839 MB, 1.02 load
[runlim] sample:		4586.64 time, 4570.01 real, 1839 MB, 1.02 load
[runlim] sample:		4596.64 time, 4580.01 real, 1839 MB, 1.01 load
[runlim] sample:		4606.63 time, 4590.01 real, 1839 MB, 1.01 load
[runlim] sample:		4616.63 time, 4600.01 real, 1839 MB, 1.01 load
[runlim] sample:		4626.64 time, 4610.01 real, 1839 MB, 1.01 load
[runlim] sample:		4636.63 time, 4620.01 real, 1839 MB, 1.01 load
[runlim] sample:		4646.63 time, 4630.01 real, 1839 MB, 1.00 load
[runlim] sample:		4656.63 time, 4640.01 real, 1839 MB, 1.00 load
[runlim] sample:		4666.63 time, 4650.01 real, 1839 MB, 1.00 load
[runlim] sample:		4676.63 time, 4660.01 real, 1839 MB, 1.00 load
[runlim] sample:		4686.63 time, 4670.01 real, 1841 MB, 1.00 load
[runlim] sample:		4696.62 time, 4680.01 real, 1841 MB, 1.00 load
[runlim] sample:		4706.63 time, 4690.01 real, 1841 MB, 1.00 load
[runlim] sample:		4716.62 time, 4700.01 real, 1844 MB, 1.00 load
[runlim] sample:		4726.62 time, 4710.01 real, 1850 MB, 1.00 load
[runlim] sample:		4736.62 time, 4720.01 real, 1852 MB, 1.00 load
[runlim] sample:		4746.62 time, 4730.01 real, 1852 MB, 1.08 load
[runlim] sample:		4756.61 time, 4740.01 real, 1852 MB, 1.07 load
[runlim] sample:		4766.62 time, 4750.01 real, 1853 MB, 1.06 load
[runlim] sample:		4776.62 time, 4760.02 real, 1853 MB, 1.05 load
[runlim] sample:		4786.62 time, 4770.01 real, 1853 MB, 1.04 load
[runlim] sample:		4796.61 time, 4780.01 real, 1856 MB, 1.03 load
[runlim] sample:		4806.61 time, 4790.01 real, 1856 MB, 1.11 load
[runlim] sample:		4816.61 time, 4800.01 real, 1861 MB, 1.09 load
[runlim] sample:		4826.60 time, 4810.01 real, 1861 MB, 1.08 load
[runlim] sample:		4836.60 time, 4820.01 real, 1861 MB, 1.06 load
[runlim] sample:		4846.60 time, 4830.01 real, 1861 MB, 1.05 load
[runlim] sample:		4856.60 time, 4840.01 real, 1863 MB, 1.05 load
[runlim] sample:		4866.60 time, 4850.01 real, 1863 MB, 1.04 load
[runlim] sample:		4876.59 time, 4860.01 real, 1865 MB, 1.03 load
[runlim] sample:		4886.59 time, 4870.01 real, 1865 MB, 1.03 load
[runlim] sample:		4896.59 time, 4880.01 real, 1873 MB, 1.02 load
[runlim] sample:		4906.59 time, 4890.01 real, 1873 MB, 1.02 load
[runlim] sample:		4916.59 time, 4900.01 real, 1874 MB, 1.02 load
[runlim] sample:		4926.59 time, 4910.01 real, 1874 MB, 1.01 load
[runlim] sample:		4936.58 time, 4920.01 real, 1880 MB, 1.16 load
[runlim] sample:		4946.58 time, 4930.01 real, 1880 MB, 1.21 load
[runlim] sample:		4956.58 time, 4940.01 real, 1882 MB, 1.18 load
[runlim] sample:		4966.58 time, 4950.01 real, 1882 MB, 1.15 load
[runlim] sample:		4976.58 time, 4960.01 real, 1884 MB, 1.13 load
[runlim] sample:		4986.57 time, 4970.01 real, 1884 MB, 1.11 load
[runlim] sample:		4996.58 time, 4980.01 real, 1891 MB, 1.09 load
[runlim] sample:		5006.58 time, 4990.01 real, 1891 MB, 1.08 load
[runlim] sample:		5016.58 time, 5000.01 real, 1892 MB, 1.06 load
[runlim] sample:		5026.57 time, 5010.01 real, 1892 MB, 1.05 load
[runlim] sample:		5036.57 time, 5020.01 real, 1892 MB, 1.05 load
[runlim] sample:		5046.57 time, 5030.01 real, 1892 MB, 1.04 load
[runlim] sample:		5056.56 time, 5040.01 real, 1899 MB, 1.03 load
[runlim] sample:		5066.57 time, 5050.01 real, 1899 MB, 1.03 load
[runlim] sample:		5076.56 time, 5060.01 real, 1904 MB, 1.02 load
[runlim] sample:		5086.56 time, 5070.01 real, 1904 MB, 1.02 load
[runlim] sample:		5096.56 time, 5080.01 real, 1904 MB, 1.02 load

NN₁: mnist_relu_3_100_gemm.onnx
NN₂: mnist_relu_3_100_0.79_adam_1_stepsize.onnx
Prop: mnist_9_global_4.vnnlib

NN₁: mnist_relu_3_100_gemm.onnx
NN₂: mnist_relu_3_100_0.79_adam_1_stepsize.onnx
Prop: mnist_9_global_5.vnnlib
[runlim] sample:		5106.48 time, 5090.01 real, 1839 MB, 1.01 load
[runlim] sample:		5116.48 time, 5100.01 real, 1839 MB, 1.01 load
[runlim] sample:		5126.48 time, 5110.01 real, 1839 MB, 1.01 load
[runlim] sample:		5136.48 time, 5120.01 real, 1839 MB, 1.01 load
[runlim] sample:		5146.47 time, 5130.01 real, 1839 MB, 1.00 load
[runlim] sample:		5156.47 time, 5140.01 real, 1839 MB, 1.00 load
[runlim] sample:		5166.47 time, 5150.01 real, 1839 MB, 1.00 load
[runlim] sample:		5176.47 time, 5160.01 real, 1839 MB, 1.00 load
[runlim] sample:		5186.47 time, 5170.01 real, 1839 MB, 1.00 load
[runlim] sample:		5196.46 time, 5180.01 real, 1839 MB, 1.00 load
[runlim] sample:		5206.47 time, 5190.01 real, 1839 MB, 1.00 load
[runlim] sample:		5216.46 time, 5200.01 real, 1839 MB, 1.00 load
[runlim] sample:		5226.46 time, 5210.01 real, 1839 MB, 1.00 load
[runlim] sample:		5236.46 time, 5220.01 real, 1839 MB, 1.00 load
[runlim] sample:		5246.46 time, 5230.01 real, 1843 MB, 1.00 load
[runlim] sample:		5256.46 time, 5240.01 real, 1843 MB, 1.00 load
[runlim] sample:		5266.46 time, 5250.01 real, 1847 MB, 1.00 load
[runlim] sample:		5276.46 time, 5260.01 real, 1852 MB, 1.00 load
[runlim] sample:		5286.45 time, 5270.01 real, 1852 MB, 1.00 load
[runlim] sample:		5296.46 time, 5280.01 real, 1855 MB, 1.00 load
[runlim] sample:		5306.45 time, 5290.01 real, 1855 MB, 1.00 load
[runlim] sample:		5316.45 time, 5300.01 real, 1860 MB, 1.00 load
[runlim] sample:		5326.45 time, 5310.01 real, 1866 MB, 1.00 load
[runlim] sample:		5336.45 time, 5320.01 real, 1866 MB, 1.00 load
[runlim] sample:		5346.45 time, 5330.01 real, 1872 MB, 1.00 load
[runlim] sample:		5356.44 time, 5340.01 real, 1872 MB, 1.00 load
[runlim] sample:		5366.44 time, 5350.01 real, 1878 MB, 1.00 load
[runlim] sample:		5376.43 time, 5360.01 real, 1885 MB, 1.00 load
[runlim] sample:		5386.44 time, 5370.01 real, 1885 MB, 1.00 load
[runlim] sample:		5396.44 time, 5380.01 real, 1890 MB, 1.00 load
[runlim] sample:		5406.44 time, 5390.01 real, 1890 MB, 1.00 load
[runlim] sample:		5416.43 time, 5400.01 real, 1897 MB, 1.00 load
[runlim] sample:		5426.43 time, 5410.01 real, 1897 MB, 1.00 load
[runlim] sample:		5436.43 time, 5420.01 real, 1907 MB, 1.15 load
[runlim] sample:		5446.43 time, 5430.01 real, 1907 MB, 1.28 load
[runlim] sample:		5456.43 time, 5440.01 real, 1923 MB, 1.24 load
[runlim] sample:		5466.42 time, 5450.01 real, 1923 MB, 1.20 load
[runlim] sample:		5476.42 time, 5460.01 real, 1942 MB, 1.25 load
[runlim] sample:		5486.42 time, 5470.01 real, 1942 MB, 1.21 load
[runlim] sample:		5496.42 time, 5480.01 real, 1965 MB, 1.18 load
[runlim] sample:		5506.42 time, 5490.01 real, 1965 MB, 1.15 load
[runlim] sample:		5516.42 time, 5500.01 real, 1980 MB, 1.13 load
[runlim] sample:		5526.41 time, 5510.01 real, 1980 MB, 1.11 load
[runlim] sample:		5536.42 time, 5520.01 real, 1980 MB, 1.09 load
[runlim] sample:		5546.41 time, 5530.01 real, 2001 MB, 1.08 load
[runlim] sample:		5556.41 time, 5540.01 real, 2001 MB, 1.06 load
[runlim] sample:		5566.41 time, 5550.01 real, 2024 MB, 1.05 load
[runlim] sample:		5576.41 time, 5560.01 real, 2024 MB, 1.05 load
[runlim] sample:		5586.40 time, 5570.01 real, 2043 MB, 1.04 load
[runlim] sample:		5596.41 time, 5580.01 real, 2043 MB, 1.03 load
[runlim] sample:		5606.41 time, 5590.01 real, 2043 MB, 1.03 load
[runlim] sample:		5616.40 time, 5600.01 real, 2065 MB, 1.02 load
[runlim] sample:		5626.40 time, 5610.01 real, 2065 MB, 1.02 load
[runlim] sample:		5636.40 time, 5620.01 real, 2085 MB, 1.02 load
[runlim] sample:		5646.40 time, 5630.01 real, 2085 MB, 1.09 load
[runlim] sample:		5656.40 time, 5640.01 real, 2370 MB, 1.08 load
[runlim] sample:		5666.39 time, 5650.01 real, 2370 MB, 1.07 load
[runlim] sample:		5676.39 time, 5660.01 real, 2370 MB, 1.06 load
[runlim] sample:		5686.39 time, 5670.01 real, 2394 MB, 1.05 load
[runlim] sample:		5696.39 time, 5680.01 real, 2394 MB, 1.04 load

NN₁: mnist_relu_3_100_gemm.onnx
NN₂: mnist_relu_3_100_0.79_adam_1_stepsize.onnx
Prop: mnist_10_global_4.vnnlib

NN₁: mnist_relu_3_100_gemm.onnx
NN₂: mnist_relu_3_100_0.79_adam_1_stepsize.onnx
Prop: mnist_10_global_5.vnnlib
[runlim] sample:		5706.31 time, 5690.01 real, 1873 MB, 1.03 load

NN₁: mnist_relu_3_100_gemm.onnx
NN₂: mnist_relu_3_100_0.79_adam_1_stepsize.onnx
Prop: mnist_11_global_4.vnnlib

NN₁: mnist_relu_3_100_gemm.onnx
NN₂: mnist_relu_3_100_0.79_adam_1_stepsize.onnx
Prop: mnist_11_global_5.vnnlib
[runlim] sample:		5716.26 time, 5700.01 real, 1839 MB, 1.03 load
[runlim] sample:		5726.26 time, 5710.01 real, 1839 MB, 1.02 load
[runlim] sample:		5736.27 time, 5720.01 real, 1839 MB, 1.02 load
[runlim] sample:		5746.27 time, 5730.01 real, 1839 MB, 1.02 load
[runlim] sample:		5756.26 time, 5740.01 real, 1839 MB, 1.01 load
[runlim] sample:		5766.26 time, 5750.01 real, 1839 MB, 1.01 load
[runlim] sample:		5776.26 time, 5760.01 real, 1839 MB, 1.01 load
[runlim] sample:		5786.26 time, 5770.01 real, 1839 MB, 1.01 load
[runlim] sample:		5796.25 time, 5780.01 real, 1839 MB, 1.00 load
[runlim] sample:		5806.25 time, 5790.01 real, 1839 MB, 1.00 load
[runlim] sample:		5816.25 time, 5800.01 real, 1839 MB, 1.00 load
[runlim] sample:		5826.25 time, 5810.01 real, 1839 MB, 1.00 load
[runlim] sample:		5836.24 time, 5820.01 real, 1839 MB, 1.08 load
[runlim] sample:		5846.25 time, 5830.01 real, 1839 MB, 1.06 load
[runlim] sample:		5856.25 time, 5840.01 real, 1839 MB, 1.05 load
[runlim] sample:		5866.24 time, 5850.01 real, 1839 MB, 1.04 load
[runlim] sample:		5876.24 time, 5860.01 real, 1839 MB, 1.04 load
[runlim] sample:		5886.24 time, 5870.01 real, 1841 MB, 1.11 load
[runlim] sample:		5896.24 time, 5880.01 real, 1843 MB, 1.09 load
[runlim] sample:		5906.23 time, 5890.01 real, 1843 MB, 1.08 load
[runlim] sample:		5916.24 time, 5900.01 real, 1850 MB, 1.07 load
[runlim] sample:		5926.23 time, 5910.01 real, 1850 MB, 1.06 load
[runlim] sample:		5936.23 time, 5920.01 real, 1850 MB, 1.20 load
[runlim] sample:		5946.23 time, 5930.01 real, 1851 MB, 1.40 load
[runlim] sample:		5956.23 time, 5940.01 real, 1851 MB, 1.34 load
[runlim] sample:		5966.23 time, 5950.01 real, 1858 MB, 1.29 load
[runlim] sample:		5976.23 time, 5960.01 real, 1858 MB, 1.24 load
[runlim] sample:		5986.22 time, 5970.01 real, 1861 MB, 1.21 load
[runlim] sample:		5996.22 time, 5980.01 real, 1861 MB, 1.17 load
[runlim] sample:		6006.22 time, 5990.01 real, 1864 MB, 1.15 load
[runlim] sample:		6016.22 time, 6000.01 real, 1864 MB, 1.12 load
[runlim] sample:		6026.22 time, 6010.01 real, 1869 MB, 1.10 load
[runlim] sample:		6036.22 time, 6020.01 real, 1870 MB, 1.09 load
[runlim] sample:		6046.21 time, 6030.01 real, 1870 MB, 1.07 load
[runlim] sample:		6056.21 time, 6040.01 real, 1875 MB, 1.06 load
[runlim] sample:		6066.21 time, 6050.01 real, 1875 MB, 1.05 load
[runlim] sample:		6076.21 time, 6060.01 real, 1879 MB, 1.04 load
[runlim] sample:		6086.21 time, 6070.01 real, 1879 MB, 1.04 load
[runlim] sample:		6096.21 time, 6080.01 real, 1884 MB, 1.03 load
[runlim] sample:		6106.21 time, 6090.01 real, 1884 MB, 1.02 load
[runlim] sample:		6116.20 time, 6100.01 real, 1887 MB, 1.02 load
[runlim] sample:		6126.20 time, 6110.01 real, 1887 MB, 1.02 load
[runlim] sample:		6136.19 time, 6120.01 real, 1895 MB, 1.01 load
[runlim] sample:		6146.19 time, 6130.01 real, 1895 MB, 1.01 load
[runlim] sample:		6156.20 time, 6140.01 real, 1897 MB, 1.01 load
[runlim] sample:		6166.20 time, 6150.01 real, 1897 MB, 1.01 load
[runlim] sample:		6176.19 time, 6160.01 real, 1897 MB, 1.01 load
[runlim] sample:		6186.19 time, 6170.01 real, 1905 MB, 1.00 load
[runlim] sample:		6196.19 time, 6180.01 real, 1905 MB, 1.00 load
[runlim] sample:		6206.19 time, 6190.01 real, 1907 MB, 1.00 load
[runlim] sample:		6216.19 time, 6200.01 real, 1907 MB, 1.00 load
[runlim] sample:		6226.18 time, 6210.01 real, 1912 MB, 1.00 load
[runlim] sample:		6236.18 time, 6220.01 real, 1912 MB, 1.00 load
[runlim] sample:		6246.18 time, 6230.01 real, 1918 MB, 1.00 load
[runlim] sample:		6256.18 time, 6240.01 real, 1918 MB, 1.00 load
[runlim] sample:		6266.17 time, 6250.01 real, 1931 MB, 1.08 load
[runlim] sample:		6276.17 time, 6260.01 real, 1931 MB, 1.07 load
[runlim] sample:		6286.18 time, 6270.02 real, 1931 MB, 1.06 load
[runlim] sample:		6296.17 time, 6280.01 real, 1944 MB, 1.05 load
[runlim] sample:		6306.18 time, 6290.01 real, 1944 MB, 1.04 load

NN₁: mnist_relu_3_100_gemm.onnx
NN₂: mnist_relu_3_100_0.79_adam_1_stepsize.onnx
Prop: mnist_12_global_4.vnnlib
[runlim] sample:		6316.10 time, 6300.01 real, 1839 MB, 1.03 load
[runlim] sample:		6326.10 time, 6310.01 real, 1839 MB, 1.03 load
[runlim] sample:		6336.09 time, 6320.01 real, 1839 MB, 1.02 load
[runlim] sample:		6346.09 time, 6330.01 real, 1839 MB, 1.02 load

NN₁: mnist_relu_3_100_gemm.onnx
NN₂: mnist_relu_3_100_0.79_adam_1_stepsize.onnx
Prop: mnist_12_global_5.vnnlib
[runlim] sample:		6356.06 time, 6340.01 real, 1839 MB, 1.02 load
[runlim] sample:		6366.06 time, 6350.01 real, 1839 MB, 1.16 load
[runlim] sample:		6376.06 time, 6360.01 real, 1839 MB, 1.13 load
[runlim] sample:		6386.06 time, 6370.01 real, 1839 MB, 1.11 load
[runlim] sample:		6396.05 time, 6380.01 real, 1839 MB, 1.10 load
[runlim] sample:		6406.05 time, 6390.01 real, 1839 MB, 1.08 load
[runlim] sample:		6416.05 time, 6400.01 real, 1839 MB, 1.22 load
[runlim] sample:		6426.04 time, 6410.01 real, 1839 MB, 1.19 load
[runlim] sample:		6436.04 time, 6420.01 real, 1839 MB, 1.31 load
[runlim] sample:		6446.05 time, 6430.01 real, 1839 MB, 1.42 load
[runlim] sample:		6456.04 time, 6440.01 real, 1840 MB, 1.35 load
[runlim] sample:		6466.05 time, 6450.01 real, 1840 MB, 1.30 load
[runlim] sample:		6476.04 time, 6460.01 real, 1844 MB, 1.33 load
[runlim] sample:		6486.04 time, 6470.01 real, 1846 MB, 1.35 load
[runlim] sample:		6496.04 time, 6480.01 real, 1846 MB, 1.30 load
[runlim] sample:		6506.03 time, 6490.01 real, 1849 MB, 1.25 load
[runlim] sample:		6516.03 time, 6500.01 real, 1849 MB, 1.21 load
[runlim] sample:		6526.03 time, 6510.01 real, 1853 MB, 1.18 load
[runlim] sample:		6536.03 time, 6520.01 real, 1853 MB, 1.15 load
[runlim] sample:		6546.03 time, 6530.01 real, 1854 MB, 1.13 load
[runlim] sample:		6556.03 time, 6540.01 real, 1854 MB, 1.11 load
[runlim] sample:		6566.03 time, 6550.01 real, 1857 MB, 1.09 load
[runlim] sample:		6576.02 time, 6560.01 real, 1857 MB, 1.08 load
[runlim] sample:		6586.02 time, 6570.01 real, 1861 MB, 1.06 load
[runlim] sample:		6596.02 time, 6580.01 real, 1861 MB, 1.05 load
[runlim] sample:		6606.02 time, 6590.01 real, 1863 MB, 1.04 load
[runlim] sample:		6616.02 time, 6600.01 real, 1863 MB, 1.04 load
[runlim] sample:		6626.01 time, 6610.01 real, 1867 MB, 1.03 load
[runlim] sample:		6636.01 time, 6620.01 real, 1867 MB, 1.03 load
[runlim] sample:		6646.02 time, 6630.01 real, 1871 MB, 1.02 load
[runlim] sample:		6656.01 time, 6640.01 real, 1871 MB, 1.02 load
[runlim] sample:		6666.01 time, 6650.01 real, 1874 MB, 1.01 load
[runlim] sample:		6676.01 time, 6660.01 real, 1874 MB, 1.01 load
[runlim] sample:		6686.00 time, 6670.01 real, 1877 MB, 1.01 load
[runlim] sample:		6696.00 time, 6680.01 real, 1877 MB, 1.01 load
[runlim] sample:		6706.01 time, 6690.01 real, 1879 MB, 1.01 load
[runlim] sample:		6716.00 time, 6700.01 real, 1879 MB, 1.00 load
[runlim] sample:		6726.00 time, 6710.01 real, 1879 MB, 1.00 load
[runlim] sample:		6736.00 time, 6720.01 real, 1883 MB, 1.00 load
[runlim] sample:		6746.00 time, 6730.01 real, 1883 MB, 1.00 load
[runlim] sample:		6756.00 time, 6740.01 real, 1887 MB, 1.00 load
[runlim] sample:		6765.99 time, 6750.01 real, 1887 MB, 1.00 load
[runlim] sample:		6775.99 time, 6760.01 real, 1896 MB, 1.00 load
[runlim] sample:		6785.99 time, 6770.01 real, 1896 MB, 1.08 load
[runlim] sample:		6795.99 time, 6780.01 real, 1896 MB, 1.07 load
[runlim] sample:		6805.99 time, 6790.01 real, 1900 MB, 1.06 load
[runlim] sample:		6815.98 time, 6800.01 real, 1900 MB, 1.05 load
[runlim] sample:		6825.98 time, 6810.01 real, 1905 MB, 1.04 load
[runlim] sample:		6835.98 time, 6820.01 real, 1905 MB, 1.03 load
[runlim] sample:		6845.99 time, 6830.01 real, 1905 MB, 1.03 load
[runlim] sample:		6855.98 time, 6840.01 real, 1909 MB, 1.02 load
[runlim] sample:		6865.98 time, 6850.01 real, 1909 MB, 1.02 load
[runlim] sample:		6875.98 time, 6860.01 real, 1909 MB, 1.02 load
[runlim] sample:		6885.97 time, 6870.01 real, 1916 MB, 1.01 load
[runlim] sample:		6895.97 time, 6880.01 real, 1916 MB, 1.01 load
[runlim] sample:		6905.97 time, 6890.01 real, 1920 MB, 1.01 load
[runlim] sample:		6915.97 time, 6900.01 real, 1920 MB, 1.01 load
[runlim] sample:		6925.97 time, 6910.01 real, 1920 MB, 1.00 load
[runlim] sample:		6935.96 time, 6920.01 real, 1925 MB, 1.16 load
[runlim] sample:		6945.96 time, 6930.01 real, 1925 MB, 1.21 load

NN₁: mnist_relu_3_100_gemm.onnx
NN₂: mnist_relu_3_100_0.79_adam_1_stepsize.onnx
Prop: mnist_13_global_4.vnnlib

NN₁: mnist_relu_3_100_gemm.onnx
NN₂: mnist_relu_3_100_0.79_adam_1_stepsize.onnx
Prop: mnist_13_global_5.vnnlib
[runlim] sample:		6955.91 time, 6940.01 real, 1839 MB, 1.17 load

NN₁: mnist_relu_3_100_gemm.onnx
NN₂: mnist_relu_3_100_0.79_adam_1_stepsize.onnx
Prop: mnist_14_global_4.vnnlib

NN₁: mnist_relu_3_100_gemm.onnx
NN₂: mnist_relu_3_100_0.79_adam_1_stepsize.onnx
Prop: mnist_14_global_5.vnnlib

NN₁: mnist_relu_3_100_gemm.onnx
NN₂: mnist_relu_3_100_0.79_adam_1_stepsize.onnx
Prop: mnist_15_global_4.vnnlib

NN₁: mnist_relu_3_100_gemm.onnx
NN₂: mnist_relu_3_100_0.79_adam_1_stepsize.onnx
Prop: mnist_15_global_5.vnnlib
[runlim] sample:		6965.78 time, 6950.01 real, 1839 MB, 1.15 load
[runlim] sample:		6975.77 time, 6960.01 real, 1839 MB, 1.12 load
[runlim] sample:		6985.77 time, 6970.01 real, 1839 MB, 1.10 load
[runlim] sample:		6995.78 time, 6980.01 real, 1839 MB, 1.09 load
[runlim] sample:		7005.78 time, 6990.01 real, 1839 MB, 1.07 load
[runlim] sample:		7015.77 time, 7000.01 real, 1839 MB, 1.06 load
[runlim] sample:		7025.77 time, 7010.01 real, 1839 MB, 1.21 load
[runlim] sample:		7035.77 time, 7020.01 real, 1839 MB, 1.18 load
[runlim] sample:		7045.77 time, 7030.01 real, 1839 MB, 1.15 load
[runlim] sample:		7055.76 time, 7040.01 real, 1839 MB, 1.13 load
[runlim] sample:		7065.76 time, 7050.01 real, 1839 MB, 1.11 load
[runlim] sample:		7075.76 time, 7060.01 real, 1840 MB, 1.09 load
[runlim] sample:		7085.76 time, 7070.01 real, 1842 MB, 1.08 load
[runlim] sample:		7095.76 time, 7080.01 real, 1842 MB, 1.06 load
[runlim] sample:		7105.76 time, 7090.01 real, 1847 MB, 1.05 load
[runlim] sample:		7115.75 time, 7100.01 real, 1847 MB, 1.05 load
[runlim] sample:		7125.76 time, 7110.01 real, 1850 MB, 1.04 load
[runlim] sample:		7135.76 time, 7120.01 real, 1852 MB, 1.03 load
[runlim] sample:		7145.75 time, 7130.01 real, 1852 MB, 1.03 load
[runlim] sample:		7155.75 time, 7140.01 real, 1859 MB, 1.02 load
[runlim] sample:		7165.75 time, 7150.01 real, 1859 MB, 1.02 load
[runlim] sample:		7175.75 time, 7160.01 real, 1860 MB, 1.02 load
[runlim] sample:		7185.74 time, 7170.01 real, 1860 MB, 1.01 load
[runlim] sample:		7195.74 time, 7180.01 real, 1865 MB, 1.01 load
[runlim] sample:		7205.74 time, 7190.01 real, 1865 MB, 1.01 load
[runlim] sample:		7215.74 time, 7200.01 real, 1869 MB, 1.01 load
[runlim] sample:		7225.74 time, 7210.01 real, 1869 MB, 1.00 load
[runlim] sample:		7235.74 time, 7220.01 real, 1872 MB, 1.00 load
[runlim] sample:		7245.74 time, 7230.01 real, 1872 MB, 1.00 load
[runlim] sample:		7255.74 time, 7240.01 real, 1877 MB, 1.00 load
[runlim] sample:		7265.73 time, 7250.01 real, 1877 MB, 1.00 load
[runlim] sample:		7275.74 time, 7260.01 real, 1882 MB, 1.00 load
[runlim] sample:		7285.73 time, 7270.01 real, 1882 MB, 1.00 load
[runlim] sample:		7295.73 time, 7280.01 real, 1889 MB, 1.00 load
[runlim] sample:		7305.73 time, 7290.01 real, 1889 MB, 1.00 load
[runlim] sample:		7315.73 time, 7300.01 real, 1896 MB, 1.00 load
[runlim] sample:		7325.73 time, 7310.01 real, 1896 MB, 1.00 load
[runlim] sample:		7335.72 time, 7320.01 real, 1896 MB, 1.00 load
[runlim] sample:		7345.72 time, 7330.01 real, 1902 MB, 1.00 load
[runlim] sample:		7355.72 time, 7340.01 real, 1902 MB, 1.00 load
[runlim] sample:		7365.71 time, 7350.01 real, 1907 MB, 1.00 load
[runlim] sample:		7375.72 time, 7360.01 real, 1907 MB, 1.00 load
[runlim] sample:		7385.72 time, 7370.01 real, 1907 MB, 1.00 load
[runlim] sample:		7395.71 time, 7380.01 real, 1907 MB, 1.00 load
[runlim] sample:		7405.71 time, 7390.01 real, 1907 MB, 1.00 load
[runlim] sample:		7415.71 time, 7400.01 real, 1907 MB, 1.00 load
[runlim] sample:		7425.71 time, 7410.01 real, 1907 MB, 1.00 load
[runlim] sample:		7435.71 time, 7420.01 real, 1907 MB, 1.15 load
[runlim] sample:		7445.71 time, 7430.01 real, 1910 MB, 1.20 load
[runlim] sample:		7455.71 time, 7440.01 real, 1910 MB, 1.17 load
[runlim] sample:		7465.70 time, 7450.01 real, 1916 MB, 1.15 load
[runlim] sample:		7475.70 time, 7460.01 real, 1916 MB, 1.12 load
[runlim] sample:		7485.70 time, 7470.01 real, 1916 MB, 1.10 load
[runlim] sample:		7495.70 time, 7480.01 real, 1923 MB, 1.09 load
[runlim] sample:		7505.70 time, 7490.01 real, 1923 MB, 1.07 load
[runlim] sample:		7515.70 time, 7500.01 real, 1929 MB, 1.06 load
[runlim] sample:		7525.70 time, 7510.01 real, 1929 MB, 1.05 load
[runlim] sample:		7535.70 time, 7520.01 real, 1929 MB, 1.04 load
[runlim] sample:		7545.69 time, 7530.01 real, 1941 MB, 1.04 load
[runlim] sample:		7555.69 time, 7540.01 real, 1941 MB, 1.03 load

NN₁: mnist_relu_3_100_gemm.onnx
NN₂: mnist_relu_3_100_0.79_adam_1_stepsize.onnx
Prop: mnist_16_global_4.vnnlib

NN₁: mnist_relu_3_100_gemm.onnx
NN₂: mnist_relu_3_100_0.79_adam_1_stepsize.onnx
Prop: mnist_16_global_5.vnnlib
[runlim] sample:		7565.60 time, 7550.01 real, 1841 MB, 1.02 load
[runlim] sample:		7575.60 time, 7560.01 real, 1841 MB, 1.02 load
[runlim] sample:		7585.60 time, 7570.01 real, 1841 MB, 1.02 load
[runlim] sample:		7595.60 time, 7580.01 real, 1841 MB, 1.01 load
[runlim] sample:		7605.60 time, 7590.01 real, 1841 MB, 1.01 load
[runlim] sample:		7615.61 time, 7600.01 real, 1841 MB, 1.01 load
[runlim] sample:		7625.64 time, 7610.01 real, 1841 MB, 1.01 load
[runlim] sample:		7635.76 time, 7620.01 real, 1841 MB, 1.01 load
[runlim] sample:		7645.94 time, 7630.01 real, 1841 MB, 1.00 load
[runlim] sample:		7656.44 time, 7640.01 real, 1841 MB, 1.00 load
[runlim] sample:		7666.46 time, 7650.01 real, 1841 MB, 1.00 load
[runlim] sample:		7676.55 time, 7660.01 real, 1841 MB, 1.00 load
[runlim] sample:		7686.55 time, 7670.01 real, 1841 MB, 1.00 load
[runlim] sample:		7696.65 time, 7680.01 real, 1841 MB, 1.00 load
[runlim] sample:		7706.77 time, 7690.01 real, 1841 MB, 1.00 load
[runlim] sample:		7716.81 time, 7700.01 real, 1841 MB, 1.00 load
[runlim] sample:		7726.83 time, 7710.01 real, 1841 MB, 1.00 load
[runlim] sample:		7736.97 time, 7720.01 real, 1841 MB, 1.00 load
[runlim] sample:		7747.57 time, 7730.01 real, 1841 MB, 1.00 load
[runlim] sample:		7757.89 time, 7740.01 real, 1841 MB, 1.00 load
[runlim] sample:		7768.31 time, 7750.01 real, 1841 MB, 1.00 load
[runlim] sample:		7779.07 time, 7760.01 real, 1841 MB, 1.00 load
[runlim] sample:		7789.13 time, 7770.01 real, 1841 MB, 1.00 load
[runlim] sample:		7799.26 time, 7780.01 real, 1841 MB, 1.00 load
[runlim] sample:		7809.34 time, 7790.01 real, 1841 MB, 1.00 load
[runlim] sample:		7819.43 time, 7800.01 real, 1841 MB, 1.00 load
[runlim] sample:		7829.43 time, 7810.01 real, 1841 MB, 1.00 load
[runlim] sample:		7839.50 time, 7820.01 real, 1841 MB, 1.00 load
[runlim] sample:		7849.52 time, 7830.01 real, 1841 MB, 1.00 load
[runlim] sample:		7859.57 time, 7840.01 real, 1842 MB, 1.00 load
[runlim] sample:		7869.79 time, 7850.01 real, 1846 MB, 1.00 load
[runlim] sample:		7879.92 time, 7860.01 real, 1849 MB, 1.00 load
[runlim] sample:		7890.22 time, 7870.01 real, 1849 MB, 1.00 load
[runlim] sample:		7900.71 time, 7880.01 real, 1851 MB, 1.00 load
[runlim] sample:		7910.70 time, 7890.01 real, 1855 MB, 1.07 load
[runlim] sample:		7920.70 time, 7900.01 real, 1855 MB, 1.06 load
[runlim] sample:		7930.69 time, 7910.01 real, 1858 MB, 1.13 load
[runlim] sample:		7940.69 time, 7920.01 real, 1862 MB, 1.27 load
[runlim] sample:		7950.69 time, 7930.01 real, 1865 MB, 1.30 load
[runlim] sample:		7961.00 time, 7940.01 real, 1865 MB, 1.25 load
[runlim] sample:		7971.12 time, 7950.01 real, 1869 MB, 1.21 load
[runlim] sample:		7981.29 time, 7960.01 real, 1872 MB, 1.18 load
[runlim] sample:		7991.34 time, 7970.01 real, 1872 MB, 1.15 load
[runlim] sample:		8001.63 time, 7980.01 real, 1875 MB, 1.13 load
[runlim] sample:		8011.69 time, 7990.01 real, 1878 MB, 1.11 load
[runlim] sample:		8021.85 time, 8000.01 real, 1878 MB, 1.09 load
[runlim] sample:		8032.09 time, 8010.01 real, 1880 MB, 1.08 load
[runlim] sample:		8042.39 time, 8020.01 real, 1880 MB, 1.06 load
[runlim] sample:		8052.38 time, 8030.01 real, 1882 MB, 1.05 load
[runlim] sample:		8062.38 time, 8040.01 real, 1884 MB, 1.05 load
[runlim] sample:		8072.38 time, 8050.01 real, 1884 MB, 1.04 load
[runlim] sample:		8082.37 time, 8060.01 real, 1886 MB, 1.03 load
[runlim] sample:		8092.37 time, 8070.01 real, 1888 MB, 1.03 load
[runlim] sample:		8102.37 time, 8080.01 real, 1888 MB, 1.02 load
[runlim] sample:		8112.37 time, 8090.01 real, 1890 MB, 1.02 load
[runlim] sample:		8122.36 time, 8100.01 real, 1890 MB, 1.02 load
[runlim] sample:		8132.36 time, 8110.01 real, 1893 MB, 1.01 load
[runlim] sample:		8142.45 time, 8120.01 real, 1895 MB, 1.01 load
[runlim] sample:		8153.23 time, 8130.01 real, 1896 MB, 1.01 load
[runlim] sample:		8163.50 time, 8140.01 real, 1899 MB, 1.01 load

NN₁: mnist_relu_3_100_gemm.onnx
NN₂: mnist_relu_3_100_0.79_adam_1_stepsize.onnx
Prop: mnist_17_global_4.vnnlib

NN₁: mnist_relu_3_100_gemm.onnx
NN₂: mnist_relu_3_100_0.79_adam_1_stepsize.onnx
Prop: mnist_17_global_5.vnnlib

NN₁: mnist_relu_3_100_gemm.onnx
NN₂: mnist_relu_3_100_0.79_adam_1_stepsize.onnx
Prop: mnist_18_global_4.vnnlib

NN₁: mnist_relu_3_100_gemm.onnx
NN₂: mnist_relu_3_100_0.79_adam_1_stepsize.onnx
Prop: mnist_18_global_5.vnnlib
[runlim] sample:		8173.33 time, 8150.01 real, 1841 MB, 1.17 load
[runlim] sample:		8183.32 time, 8160.01 real, 1841 MB, 1.14 load
[runlim] sample:		8193.32 time, 8170.01 real, 1841 MB, 1.12 load
[runlim] sample:		8203.33 time, 8180.01 real, 1841 MB, 1.10 load
[runlim] sample:		8213.33 time, 8190.01 real, 1841 MB, 1.08 load
[runlim] sample:		8223.32 time, 8200.01 real, 1841 MB, 1.07 load
[runlim] sample:		8233.32 time, 8210.01 real, 1841 MB, 1.14 load
[runlim] sample:		8243.32 time, 8220.01 real, 1841 MB, 1.12 load
[runlim] sample:		8253.31 time, 8230.01 real, 1841 MB, 1.10 load
[runlim] sample:		8263.32 time, 8240.01 real, 1841 MB, 1.08 load
[runlim] sample:		8273.32 time, 8250.01 real, 1841 MB, 1.07 load
[runlim] sample:		8283.31 time, 8260.01 real, 1841 MB, 1.06 load
[runlim] sample:		8293.31 time, 8270.01 real, 1841 MB, 1.05 load
[runlim] sample:		8303.31 time, 8280.01 real, 1841 MB, 1.04 load
[runlim] sample:		8313.30 time, 8290.01 real, 1841 MB, 1.03 load
[runlim] sample:		8323.30 time, 8300.01 real, 1844 MB, 1.03 load
[runlim] sample:		8333.31 time, 8310.01 real, 1844 MB, 1.02 load
[runlim] sample:		8343.31 time, 8320.01 real, 1846 MB, 1.02 load
[runlim] sample:		8353.30 time, 8330.01 real, 1847 MB, 1.02 load
[runlim] sample:		8363.30 time, 8340.01 real, 1847 MB, 1.01 load
[runlim] sample:		8373.30 time, 8350.01 real, 1855 MB, 1.01 load
[runlim] sample:		8383.29 time, 8360.01 real, 1856 MB, 1.01 load
[runlim] sample:		8393.30 time, 8370.01 real, 1856 MB, 1.01 load
[runlim] sample:		8403.29 time, 8380.01 real, 1858 MB, 1.01 load
[runlim] sample:		8413.29 time, 8390.01 real, 1858 MB, 1.00 load
[runlim] sample:		8423.29 time, 8400.01 real, 1862 MB, 1.00 load
[runlim] sample:		8433.29 time, 8410.01 real, 1864 MB, 1.00 load
[runlim] sample:		8443.28 time, 8420.01 real, 1864 MB, 1.16 load
[runlim] sample:		8453.28 time, 8430.01 real, 1868 MB, 1.21 load
[runlim] sample:		8463.28 time, 8440.01 real, 1868 MB, 1.17 load
[runlim] sample:		8473.28 time, 8450.01 real, 1872 MB, 1.15 load
[runlim] sample:		8483.28 time, 8460.01 real, 1872 MB, 1.12 load
[runlim] sample:		8493.27 time, 8470.01 real, 1876 MB, 1.10 load
[runlim] sample:		8503.28 time, 8480.01 real, 1876 MB, 1.09 load
[runlim] sample:		8513.27 time, 8490.01 real, 1879 MB, 1.07 load
[runlim] sample:		8523.27 time, 8500.01 real, 1885 MB, 1.06 load
[runlim] sample:		8533.27 time, 8510.01 real, 1885 MB, 1.05 load
[runlim] sample:		8543.27 time, 8520.01 real, 1888 MB, 1.12 load
[runlim] sample:		8553.26 time, 8530.01 real, 1888 MB, 1.10 load
[runlim] sample:		8563.27 time, 8540.01 real, 1892 MB, 1.08 load
[runlim] sample:		8573.26 time, 8550.01 real, 1892 MB, 1.07 load
[runlim] sample:		8583.26 time, 8560.01 real, 1896 MB, 1.06 load
[runlim] sample:		8593.26 time, 8570.01 real, 1896 MB, 1.05 load
[runlim] sample:		8603.26 time, 8580.01 real, 1900 MB, 1.04 load
[runlim] sample:		8613.26 time, 8590.01 real, 1900 MB, 1.03 load
[runlim] sample:		8623.25 time, 8600.01 real, 1912 MB, 1.03 load
[runlim] sample:		8633.25 time, 8610.01 real, 1912 MB, 1.02 load
[runlim] sample:		8643.25 time, 8620.01 real, 1921 MB, 1.02 load
[runlim] sample:		8653.25 time, 8630.01 real, 1921 MB, 1.02 load
[runlim] sample:		8663.25 time, 8640.01 real, 1933 MB, 1.01 load
[runlim] sample:		8673.24 time, 8650.01 real, 1933 MB, 1.01 load
[runlim] sample:		8683.25 time, 8660.01 real, 1943 MB, 1.01 load
[runlim] sample:		8693.24 time, 8670.01 real, 1943 MB, 1.01 load
[runlim] sample:		8703.24 time, 8680.01 real, 1943 MB, 1.01 load
[runlim] sample:		8713.24 time, 8690.01 real, 1954 MB, 1.00 load
[runlim] sample:		8723.23 time, 8700.01 real, 1954 MB, 1.00 load
[runlim] sample:		8733.24 time, 8710.01 real, 1961 MB, 1.00 load
[runlim] sample:		8743.24 time, 8720.01 real, 1961 MB, 1.00 load
[runlim] sample:		8753.24 time, 8730.01 real, 1969 MB, 1.00 load
[runlim] sample:		8763.23 time, 8740.01 real, 1969 MB, 1.00 load

NN₁: mnist_relu_3_100_gemm.onnx
NN₂: mnist_relu_3_100_0.79_adam_1_stepsize.onnx
Prop: mnist_19_global_4.vnnlib

NN₁: mnist_relu_3_100_gemm.onnx
NN₂: mnist_relu_3_100_0.79_adam_1_stepsize.onnx
Prop: mnist_19_global_5.vnnlib
[runlim] sample:		8773.16 time, 8750.01 real, 1846 MB, 1.00 load
[runlim] sample:		8783.16 time, 8760.01 real, 1846 MB, 1.00 load
[runlim] sample:		8793.16 time, 8770.01 real, 1846 MB, 1.00 load
[runlim] sample:		8803.16 time, 8780.01 real, 1846 MB, 1.00 load
[runlim] sample:		8813.16 time, 8790.01 real, 1846 MB, 1.00 load
[runlim] sample:		8823.16 time, 8800.02 real, 1846 MB, 1.00 load
[runlim] sample:		8833.15 time, 8810.01 real, 1846 MB, 1.00 load
[runlim] sample:		8843.15 time, 8820.01 real, 1846 MB, 1.00 load
[runlim] sample:		8853.15 time, 8830.01 real, 1846 MB, 1.00 load
[runlim] sample:		8863.15 time, 8840.01 real, 1848 MB, 1.00 load
[runlim] sample:		8873.16 time, 8850.01 real, 1848 MB, 1.00 load
[runlim] sample:		8883.15 time, 8860.01 real, 1849 MB, 1.00 load
[runlim] sample:		8893.15 time, 8870.01 real, 1852 MB, 1.00 load
[runlim] sample:		8903.14 time, 8880.01 real, 1852 MB, 1.00 load
[runlim] sample:		8913.15 time, 8890.01 real, 1855 MB, 1.00 load
[runlim] sample:		8923.14 time, 8900.01 real, 1855 MB, 1.00 load
[runlim] sample:		8933.14 time, 8910.01 real, 1858 MB, 1.00 load
[runlim] sample:		8943.15 time, 8920.01 real, 1858 MB, 1.15 load
[runlim] sample:		8953.14 time, 8930.01 real, 1863 MB, 1.20 load
[runlim] sample:		8963.14 time, 8940.01 real, 1863 MB, 1.17 load
[runlim] sample:		8973.13 time, 8950.01 real, 1865 MB, 1.15 load
[runlim] sample:		8983.13 time, 8960.01 real, 1865 MB, 1.12 load
[runlim] sample:		8993.14 time, 8970.01 real, 1868 MB, 1.10 load
[runlim] sample:		9003.14 time, 8980.01 real, 1868 MB, 1.09 load
[runlim] sample:		9013.13 time, 8990.01 real, 1873 MB, 1.07 load
[runlim] sample:		9023.13 time, 9000.01 real, 1873 MB, 1.06 load
[runlim] sample:		9033.13 time, 9010.01 real, 1876 MB, 1.05 load
[runlim] sample:		9043.13 time, 9020.01 real, 1876 MB, 1.04 load
[runlim] sample:		9053.12 time, 9030.01 real, 1878 MB, 1.04 load
[runlim] sample:		9063.13 time, 9040.01 real, 1878 MB, 1.03 load
[runlim] sample:		9073.13 time, 9050.01 real, 1878 MB, 1.11 load
[runlim] sample:		9083.17 time, 9060.01 real, 1878 MB, 1.09 load
[runlim] sample:		9093.17 time, 9070.01 real, 1878 MB, 1.07 load
[runlim] sample:		9103.17 time, 9080.01 real, 1878 MB, 1.06 load
[runlim] sample:		9113.40 time, 9090.01 real, 1878 MB, 1.05 load
[runlim] sample:		9123.89 time, 9100.01 real, 1878 MB, 1.04 load
[runlim] sample:		9134.59 time, 9110.01 real, 1878 MB, 1.04 load
[runlim] sample:		9145.21 time, 9120.01 real, 1878 MB, 1.03 load
[runlim] sample:		9155.75 time, 9130.01 real, 1878 MB, 1.03 load
[runlim] sample:		9165.85 time, 9140.01 real, 1878 MB, 1.02 load
[runlim] sample:		9176.33 time, 9150.01 real, 1878 MB, 1.02 load
[runlim] sample:		9186.76 time, 9160.01 real, 1878 MB, 1.01 load
[runlim] sample:		9197.09 time, 9170.01 real, 1878 MB, 1.01 load
[runlim] sample:		9207.48 time, 9180.01 real, 1878 MB, 1.01 load
[runlim] sample:		9217.88 time, 9190.01 real, 1881 MB, 1.01 load
[runlim] sample:		9228.44 time, 9200.01 real, 1884 MB, 1.01 load
[runlim] sample:		9238.71 time, 9210.01 real, 1884 MB, 1.00 load
[runlim] sample:		9248.81 time, 9220.01 real, 1888 MB, 1.00 load
[runlim] sample:		9259.08 time, 9230.01 real, 1888 MB, 1.00 load
[runlim] sample:		9269.29 time, 9240.01 real, 1892 MB, 1.00 load
[runlim] sample:		9279.61 time, 9250.01 real, 1892 MB, 1.00 load
[runlim] sample:		9290.11 time, 9260.01 real, 1895 MB, 1.00 load
[runlim] sample:		9300.64 time, 9270.02 real, 1895 MB, 1.00 load
[runlim] sample:		9310.91 time, 9280.01 real, 1899 MB, 1.00 load
[runlim] sample:		9321.31 time, 9290.01 real, 1903 MB, 1.00 load
[runlim] sample:		9331.77 time, 9300.01 real, 1903 MB, 1.00 load
[runlim] sample:		9342.43 time, 9310.01 real, 1907 MB, 1.07 load
[runlim] sample:		9353.13 time, 9320.01 real, 1907 MB, 1.06 load
[runlim] sample:		9363.43 time, 9330.01 real, 1915 MB, 1.05 load
[runlim] sample:		9374.00 time, 9340.01 real, 1915 MB, 1.04 load
[runlim] sample:		9384.11 time, 9350.01 real, 1915 MB, 1.04 load

NN₁: mnist_relu_3_100_gemm.onnx
NN₂: mnist_relu_3_100_0.79_adam_1_stepsize.onnx
Prop: mnist_20_global_4.vnnlib

NN₁: mnist_relu_3_100_gemm.onnx
NN₂: mnist_relu_3_100_0.79_adam_1_stepsize.onnx
Prop: mnist_20_global_5.vnnlib
[runlim] sample:		9394.02 time, 9360.01 real, 1846 MB, 1.03 load
[runlim] sample:		9404.03 time, 9370.01 real, 1846 MB, 1.02 load
[runlim] sample:		9414.02 time, 9380.01 real, 1846 MB, 1.02 load
[runlim] sample:		9424.02 time, 9390.01 real, 1846 MB, 1.02 load
[runlim] sample:		9434.01 time, 9400.01 real, 1846 MB, 1.01 load
[runlim] sample:		9444.01 time, 9410.01 real, 1846 MB, 1.01 load
[runlim] sample:		9454.02 time, 9420.01 real, 1846 MB, 1.16 load
[runlim] sample:		9464.01 time, 9430.01 real, 1846 MB, 1.21 load
[runlim] sample:		9474.01 time, 9440.01 real, 1846 MB, 1.18 load
[runlim] sample:		9484.01 time, 9450.01 real, 1846 MB, 1.15 load
[runlim] sample:		9494.01 time, 9460.01 real, 1846 MB, 1.13 load
[runlim] sample:		9504.01 time, 9470.01 real, 1846 MB, 1.11 load
[runlim] sample:		9514.01 time, 9480.01 real, 1846 MB, 1.09 load
[runlim] sample:		9524.00 time, 9490.01 real, 1846 MB, 1.08 load
[runlim] sample:		9534.00 time, 9500.01 real, 1846 MB, 1.06 load
[runlim] sample:		9544.00 time, 9510.01 real, 1846 MB, 1.05 load
[runlim] sample:		9554.00 time, 9520.01 real, 1846 MB, 1.05 load
[runlim] sample:		9564.00 time, 9530.01 real, 1846 MB, 1.04 load
[runlim] sample:		9573.99 time, 9540.01 real, 1846 MB, 1.03 load
[runlim] sample:		9584.00 time, 9550.01 real, 1846 MB, 1.03 load
[runlim] sample:		9594.00 time, 9560.01 real, 1846 MB, 1.02 load
[runlim] sample:		9603.99 time, 9570.01 real, 1846 MB, 1.02 load
[runlim] sample:		9613.99 time, 9580.01 real, 1846 MB, 1.02 load
[runlim] sample:		9623.99 time, 9590.01 real, 1846 MB, 1.01 load
[runlim] sample:		9633.99 time, 9600.01 real, 1846 MB, 1.01 load
[runlim] sample:		9643.99 time, 9610.01 real, 1846 MB, 1.01 load
[runlim] sample:		9653.98 time, 9620.01 real, 1846 MB, 1.01 load
[runlim] sample:		9663.98 time, 9630.01 real, 1846 MB, 1.00 load
[runlim] sample:		9673.98 time, 9640.01 real, 1846 MB, 1.00 load
[runlim] sample:		9683.98 time, 9650.01 real, 1846 MB, 1.00 load
[runlim] sample:		9693.97 time, 9660.01 real, 1846 MB, 1.00 load
[runlim] sample:		9703.98 time, 9670.01 real, 1846 MB, 1.00 load
[runlim] sample:		9713.97 time, 9680.01 real, 1846 MB, 1.00 load
[runlim] sample:		9723.97 time, 9690.01 real, 1846 MB, 1.00 load
[runlim] sample:		9733.97 time, 9700.01 real, 1846 MB, 1.00 load
[runlim] sample:		9743.97 time, 9710.01 real, 1846 MB, 1.00 load
[runlim] sample:		9753.97 time, 9720.01 real, 1846 MB, 1.00 load
[runlim] sample:		9763.97 time, 9730.01 real, 1846 MB, 1.00 load
[runlim] sample:		9773.96 time, 9740.02 real, 1846 MB, 1.00 load
[runlim] sample:		9783.96 time, 9750.01 real, 1846 MB, 1.00 load
[runlim] sample:		9793.96 time, 9760.01 real, 1846 MB, 1.00 load
[runlim] sample:		9803.96 time, 9770.01 real, 1846 MB, 1.00 load
[runlim] sample:		9813.96 time, 9780.01 real, 1846 MB, 1.00 load
[runlim] sample:		9823.95 time, 9790.01 real, 1846 MB, 1.00 load
[runlim] sample:		9833.96 time, 9800.01 real, 1846 MB, 1.00 load
[runlim] sample:		9843.95 time, 9810.01 real, 1847 MB, 1.00 load
[runlim] sample:		9853.95 time, 9820.01 real, 1847 MB, 1.00 load
[runlim] sample:		9863.95 time, 9830.01 real, 1848 MB, 1.00 load
[runlim] sample:		9873.95 time, 9840.01 real, 1850 MB, 1.00 load
[runlim] sample:		9883.94 time, 9850.01 real, 1852 MB, 1.00 load
[runlim] sample:		9893.95 time, 9860.02 real, 1852 MB, 1.00 load
[runlim] sample:		9903.94 time, 9870.01 real, 1854 MB, 1.00 load
[runlim] sample:		9913.94 time, 9880.01 real, 1855 MB, 1.00 load
[runlim] sample:		9923.94 time, 9890.01 real, 1857 MB, 1.00 load
[runlim] sample:		9933.93 time, 9900.01 real, 1857 MB, 1.00 load
[runlim] sample:		9943.94 time, 9910.01 real, 1859 MB, 1.00 load
[runlim] sample:		9953.93 time, 9920.01 real, 1861 MB, 1.15 load
[runlim] sample:		9963.94 time, 9930.01 real, 1861 MB, 1.20 load
[runlim] sample:		9973.93 time, 9940.01 real, 1862 MB, 1.17 load
[runlim] sample:		9983.93 time, 9950.01 real, 1864 MB, 1.15 load

NN₁: mnist_relu_3_100_gemm.onnx
NN₂: mnist_relu_3_100_0.79_adam_1_stepsize.onnx
Prop: mnist_21_global_4.vnnlib
[runlim] sample:		9993.86 time, 9960.01 real, 1846 MB, 1.12 load
[runlim] sample:		10003.86 time, 9970.01 real, 1846 MB, 1.10 load
[runlim] sample:		10013.85 time, 9980.01 real, 1846 MB, 1.09 load
[runlim] sample:		10023.86 time, 9990.01 real, 1846 MB, 1.07 load
[runlim] sample:		10033.85 time, 10000.01 real, 1846 MB, 1.06 load
[runlim] sample:		10043.85 time, 10010.01 real, 1846 MB, 1.05 load
[runlim] sample:		10053.85 time, 10020.01 real, 1846 MB, 1.04 load
[runlim] sample:		10063.84 time, 10030.01 real, 1846 MB, 1.04 load
[runlim] sample:		10073.84 time, 10040.01 real, 1846 MB, 1.03 load
[runlim] sample:		10083.85 time, 10050.01 real, 1846 MB, 1.10 load
[runlim] sample:		10093.84 time, 10060.01 real, 1846 MB, 1.08 load
[runlim] sample:		10103.84 time, 10070.01 real, 1846 MB, 1.07 load
[runlim] sample:		10113.84 time, 10080.01 real, 1846 MB, 1.06 load
[runlim] sample:		10123.84 time, 10090.01 real, 1849 MB, 1.05 load
[runlim] sample:		10133.84 time, 10100.01 real, 1849 MB, 1.04 load
[runlim] sample:		10143.83 time, 10110.01 real, 1853 MB, 1.03 load
[runlim] sample:		10153.84 time, 10120.01 real, 1858 MB, 1.03 load
[runlim] sample:		10163.84 time, 10130.01 real, 1858 MB, 1.02 load
[runlim] sample:		10173.83 time, 10140.01 real, 1863 MB, 1.02 load
[runlim] sample:		10183.83 time, 10150.01 real, 1868 MB, 1.02 load
[runlim] sample:		10193.83 time, 10160.01 real, 1868 MB, 1.01 load
[runlim] sample:		10203.83 time, 10170.01 real, 1873 MB, 1.01 load
[runlim] sample:		10213.82 time, 10180.01 real, 1873 MB, 1.01 load
[runlim] sample:		10223.82 time, 10190.01 real, 1879 MB, 1.01 load
[runlim] sample:		10233.82 time, 10200.01 real, 1879 MB, 1.01 load
[runlim] sample:		10243.82 time, 10210.01 real, 1885 MB, 1.00 load
[runlim] sample:		10253.82 time, 10220.01 real, 1892 MB, 1.00 load
[runlim] sample:		10263.82 time, 10230.01 real, 1892 MB, 1.00 load
[runlim] sample:		10273.82 time, 10240.01 real, 1901 MB, 1.00 load
[runlim] sample:		10283.81 time, 10250.01 real, 1901 MB, 1.00 load
[runlim] sample:		10293.81 time, 10260.01 real, 1906 MB, 1.00 load
[runlim] sample:		10303.81 time, 10270.01 real, 1906 MB, 1.00 load
[runlim] sample:		10313.81 time, 10280.01 real, 1915 MB, 1.00 load
[runlim] sample:		10323.81 time, 10290.01 real, 1915 MB, 1.00 load
[runlim] sample:		10333.81 time, 10300.01 real, 1936 MB, 1.00 load
[runlim] sample:		10343.80 time, 10310.01 real, 1936 MB, 1.00 load
[runlim] sample:		10353.80 time, 10320.01 real, 1954 MB, 1.00 load
[runlim] sample:		10363.80 time, 10330.01 real, 1954 MB, 1.00 load
[runlim] sample:		10373.80 time, 10340.01 real, 1978 MB, 1.00 load
[runlim] sample:		10383.79 time, 10350.01 real, 1978 MB, 1.00 load
[runlim] sample:		10393.79 time, 10360.01 real, 1999 MB, 1.08 load
[runlim] sample:		10403.79 time, 10370.01 real, 1999 MB, 1.07 load
[runlim] sample:		10413.79 time, 10380.01 real, 2002 MB, 1.06 load
[runlim] sample:		10423.78 time, 10390.01 real, 2021 MB, 1.05 load
[runlim] sample:		10433.79 time, 10400.01 real, 2021 MB, 1.04 load
[runlim] sample:		10443.78 time, 10410.01 real, 2043 MB, 1.04 load
[runlim] sample:		10453.78 time, 10420.01 real, 2043 MB, 1.11 load
[runlim] sample:		10463.78 time, 10430.01 real, 2068 MB, 1.25 load
[runlim] sample:		10473.78 time, 10440.01 real, 2068 MB, 1.21 load
[runlim] sample:		10483.77 time, 10450.01 real, 2072 MB, 1.18 load
[runlim] sample:		10493.78 time, 10460.01 real, 2090 MB, 1.15 load
[runlim] sample:		10503.77 time, 10470.01 real, 2090 MB, 1.13 load
[runlim] sample:		10513.77 time, 10480.01 real, 2375 MB, 1.11 load
[runlim] sample:		10523.77 time, 10490.01 real, 2375 MB, 1.09 load
[runlim] sample:		10533.78 time, 10500.01 real, 2375 MB, 1.08 load
[runlim] sample:		10543.77 time, 10510.01 real, 2402 MB, 1.06 load
[runlim] sample:		10553.76 time, 10520.01 real, 2402 MB, 1.05 load
[runlim] sample:		10563.76 time, 10530.01 real, 2426 MB, 1.04 load
[runlim] sample:		10573.76 time, 10540.01 real, 2426 MB, 1.04 load
[runlim] sample:		10583.76 time, 10550.01 real, 2426 MB, 1.03 load

NN₁: mnist_relu_3_100_gemm.onnx
NN₂: mnist_relu_3_100_0.79_adam_1_stepsize.onnx
Prop: mnist_21_global_5.vnnlib
[runlim] sample:		10593.71 time, 10560.01 real, 2156 MB, 1.03 load
[runlim] sample:		10603.72 time, 10570.01 real, 1892 MB, 1.02 load
[runlim] sample:		10613.71 time, 10580.01 real, 1892 MB, 1.02 load
[runlim] sample:		10623.71 time, 10590.01 real, 1892 MB, 1.01 load
[runlim] sample:		10633.71 time, 10600.01 real, 1892 MB, 1.01 load
[runlim] sample:		10643.70 time, 10610.01 real, 1892 MB, 1.01 load
[runlim] sample:		10653.71 time, 10620.01 real, 1892 MB, 1.01 load
[runlim] sample:		10663.70 time, 10630.01 real, 1892 MB, 1.01 load
[runlim] sample:		10673.70 time, 10640.01 real, 1892 MB, 1.00 load
[runlim] sample:		10683.70 time, 10650.01 real, 1892 MB, 1.00 load
[runlim] sample:		10693.70 time, 10660.01 real, 1893 MB, 1.00 load
[runlim] sample:		10703.70 time, 10670.01 real, 1893 MB, 1.00 load
[runlim] sample:		10713.70 time, 10680.01 real, 1896 MB, 1.00 load
[runlim] sample:		10723.70 time, 10690.01 real, 1896 MB, 1.00 load
[runlim] sample:		10733.69 time, 10700.01 real, 1900 MB, 1.00 load
[runlim] sample:		10743.69 time, 10710.01 real, 1901 MB, 1.00 load
[runlim] sample:		10753.69 time, 10720.01 real, 1902 MB, 1.00 load
[runlim] sample:		10763.69 time, 10730.01 real, 1906 MB, 1.00 load
[runlim] sample:		10773.68 time, 10740.01 real, 1906 MB, 1.00 load
[runlim] sample:		10783.68 time, 10750.01 real, 1906 MB, 1.00 load
[runlim] sample:		10793.68 time, 10760.01 real, 1906 MB, 1.00 load
[runlim] sample:		10803.68 time, 10770.01 real, 1910 MB, 1.00 load
[runlim] sample:		10813.68 time, 10780.01 real, 1910 MB, 1.00 load
[runlim] sample:		10823.68 time, 10790.01 real, 1916 MB, 1.00 load
[runlim] sample:		10833.67 time, 10800.01 real, 1916 MB, 1.00 load
[runlim] sample:		10843.67 time, 10810.01 real, 1918 MB, 1.00 load
[runlim] sample:		10853.67 time, 10820.01 real, 1918 MB, 1.00 load
[runlim] sample:		10863.67 time, 10830.01 real, 1920 MB, 1.00 load
[runlim] sample:		10873.67 time, 10840.01 real, 1920 MB, 1.00 load
[runlim] sample:		10883.67 time, 10850.01 real, 1925 MB, 1.00 load
[runlim] sample:		10893.66 time, 10860.01 real, 1925 MB, 1.00 load
[runlim] sample:		10903.66 time, 10870.01 real, 1925 MB, 1.00 load
[runlim] sample:		10913.66 time, 10880.01 real, 1927 MB, 1.00 load
[runlim] sample:		10923.66 time, 10890.01 real, 1927 MB, 1.00 load
[runlim] sample:		10933.66 time, 10900.01 real, 1931 MB, 1.00 load
[runlim] sample:		10943.66 time, 10910.01 real, 1931 MB, 1.00 load
[runlim] sample:		10953.65 time, 10920.01 real, 1934 MB, 1.08 load
[runlim] sample:		10963.65 time, 10930.01 real, 1934 MB, 1.22 load
[runlim] sample:		10973.65 time, 10940.01 real, 1940 MB, 1.19 load
[runlim] sample:		10983.65 time, 10950.01 real, 1940 MB, 1.16 load
[runlim] sample:		10993.65 time, 10960.01 real, 1942 MB, 1.13 load
[runlim] sample:		11003.65 time, 10970.01 real, 1942 MB, 1.11 load
[runlim] sample:		11013.65 time, 10980.01 real, 1942 MB, 1.09 load
[runlim] sample:		11023.65 time, 10990.01 real, 1948 MB, 1.08 load
[runlim] sample:		11033.64 time, 11000.01 real, 1948 MB, 1.07 load
[runlim] sample:		11043.64 time, 11010.01 real, 1952 MB, 1.06 load
[runlim] sample:		11053.64 time, 11020.01 real, 1952 MB, 1.05 load
[runlim] sample:		11063.64 time, 11030.01 real, 1956 MB, 1.04 load
[runlim] sample:		11073.64 time, 11040.01 real, 1956 MB, 1.03 load
[runlim] sample:		11083.64 time, 11050.01 real, 1956 MB, 1.03 load
[runlim] sample:		11093.63 time, 11060.01 real, 1962 MB, 1.18 load
[runlim] sample:		11103.64 time, 11070.01 real, 1962 MB, 1.15 load
[runlim] sample:		11113.63 time, 11080.01 real, 1962 MB, 1.13 load
[runlim] sample:		11123.63 time, 11090.01 real, 1967 MB, 1.11 load
[runlim] sample:		11133.63 time, 11100.01 real, 1967 MB, 1.09 load
[runlim] sample:		11143.62 time, 11110.01 real, 1973 MB, 1.08 load
[runlim] sample:		11153.62 time, 11120.01 real, 1973 MB, 1.07 load
[runlim] sample:		11163.63 time, 11130.01 real, 1973 MB, 1.06 load
[runlim] sample:		11173.62 time, 11140.01 real, 1977 MB, 1.05 load
[runlim] sample:		11183.62 time, 11150.01 real, 1977 MB, 1.04 load

NN₁: mnist_relu_3_100_gemm.onnx
NN₂: mnist_relu_3_100_0.79_adam_1_stepsize.onnx
Prop: mnist_22_global_4.vnnlib

NN₁: mnist_relu_3_100_gemm.onnx
NN₂: mnist_relu_3_100_0.79_adam_1_stepsize.onnx
Prop: mnist_22_global_5.vnnlib
[runlim] sample:		11193.53 time, 11160.01 real, 1839 MB, 1.03 load

NN₁: mnist_relu_3_100_gemm.onnx
NN₂: mnist_relu_3_100_0.79_adam_1_stepsize.onnx
Prop: mnist_23_global_4.vnnlib
[runlim] sample:		11203.50 time, 11170.01 real, 1839 MB, 1.03 load

NN₁: mnist_relu_3_100_gemm.onnx
NN₂: mnist_relu_3_100_0.79_adam_1_stepsize.onnx
Prop: mnist_23_global_5.vnnlib
[runlim] sample:		11213.46 time, 11180.01 real, 1839 MB, 1.02 load
[runlim] sample:		11223.46 time, 11190.01 real, 1839 MB, 1.02 load
[runlim] sample:		11233.46 time, 11200.01 real, 1839 MB, 1.02 load
[runlim] sample:		11243.46 time, 11210.01 real, 1839 MB, 1.01 load
[runlim] sample:		11253.46 time, 11220.01 real, 1839 MB, 1.01 load
[runlim] sample:		11263.46 time, 11230.01 real, 1839 MB, 1.01 load
[runlim] sample:		11273.45 time, 11240.01 real, 1839 MB, 1.01 load
[runlim] sample:		11283.45 time, 11250.01 real, 1839 MB, 1.00 load
[runlim] sample:		11293.45 time, 11260.01 real, 1839 MB, 1.00 load
[runlim] sample:		11303.45 time, 11270.01 real, 1839 MB, 1.00 load
[runlim] sample:		11313.45 time, 11280.01 real, 1841 MB, 1.00 load
[runlim] sample:		11323.45 time, 11290.01 real, 1841 MB, 1.00 load
[runlim] sample:		11333.45 time, 11300.01 real, 1843 MB, 1.00 load
[runlim] sample:		11343.45 time, 11310.01 real, 1846 MB, 1.00 load
[runlim] sample:		11353.44 time, 11320.01 real, 1846 MB, 1.07 load
[runlim] sample:		11363.45 time, 11330.01 real, 1848 MB, 1.14 load
[runlim] sample:		11373.45 time, 11340.01 real, 1848 MB, 1.11 load
[runlim] sample:		11383.44 time, 11350.01 real, 1852 MB, 1.10 load
[runlim] sample:		11393.44 time, 11360.01 real, 1852 MB, 1.08 load
[runlim] sample:		11403.44 time, 11370.01 real, 1854 MB, 1.07 load
[runlim] sample:		11413.44 time, 11380.01 real, 1854 MB, 1.22 load
[runlim] sample:		11423.44 time, 11390.01 real, 1859 MB, 1.18 load
[runlim] sample:		11433.44 time, 11400.01 real, 1859 MB, 1.15 load
[runlim] sample:		11443.44 time, 11410.01 real, 1862 MB, 1.13 load
[runlim] sample:		11453.44 time, 11420.02 real, 1862 MB, 1.19 load
[runlim] sample:		11463.43 time, 11430.01 real, 1865 MB, 1.31 load
[runlim] sample:		11473.44 time, 11440.01 real, 1865 MB, 1.27 load
[runlim] sample:		11483.43 time, 11450.01 real, 1869 MB, 1.22 load
[runlim] sample:		11493.43 time, 11460.01 real, 1869 MB, 1.19 load
[runlim] sample:		11503.43 time, 11470.01 real, 1872 MB, 1.16 load
[runlim] sample:		11513.43 time, 11480.01 real, 1872 MB, 1.13 load
[runlim] sample:		11523.43 time, 11490.01 real, 1878 MB, 1.11 load
[runlim] sample:		11533.43 time, 11500.01 real, 1878 MB, 1.10 load
[runlim] sample:		11543.43 time, 11510.01 real, 1882 MB, 1.15 load
[runlim] sample:		11553.43 time, 11520.01 real, 1882 MB, 1.13 load
[runlim] sample:		11563.43 time, 11530.01 real, 1886 MB, 1.11 load
[runlim] sample:		11573.42 time, 11540.01 real, 1886 MB, 1.09 load
[runlim] sample:		11583.43 time, 11550.01 real, 1891 MB, 1.08 load
[runlim] sample:		11593.42 time, 11560.01 real, 1891 MB, 1.07 load
[runlim] sample:		11603.42 time, 11570.01 real, 1891 MB, 1.06 load
[runlim] sample:		11613.42 time, 11580.01 real, 1896 MB, 1.05 load
[runlim] sample:		11623.43 time, 11590.01 real, 1896 MB, 1.04 load
[runlim] sample:		11633.42 time, 11600.01 real, 1903 MB, 1.03 load
[runlim] sample:		11643.42 time, 11610.01 real, 1903 MB, 1.03 load
[runlim] sample:		11653.41 time, 11620.01 real, 1903 MB, 1.02 load
[runlim] sample:		11664.05 time, 11630.01 real, 1903 MB, 1.02 load
[runlim] sample:		11675.50 time, 11640.01 real, 1903 MB, 1.02 load
[runlim] sample:		11686.97 time, 11650.01 real, 1903 MB, 1.01 load
[runlim] sample:		11698.27 time, 11660.01 real, 1903 MB, 1.01 load
[runlim] sample:		11709.76 time, 11670.01 real, 1903 MB, 1.01 load
[runlim] sample:		11721.14 time, 11680.01 real, 1903 MB, 1.01 load
[runlim] sample:		11732.56 time, 11690.01 real, 1903 MB, 1.00 load
[runlim] sample:		11743.75 time, 11700.01 real, 1903 MB, 1.00 load
[runlim] sample:		11755.20 time, 11710.01 real, 1903 MB, 1.08 load
[runlim] sample:		11766.40 time, 11720.01 real, 1904 MB, 1.06 load
[runlim] sample:		11777.86 time, 11730.01 real, 1904 MB, 1.05 load
[runlim] sample:		11789.21 time, 11740.01 real, 1913 MB, 1.12 load
[runlim] sample:		11800.31 time, 11750.01 real, 1913 MB, 1.10 load
[runlim] sample:		11811.66 time, 11760.01 real, 1924 MB, 1.08 load
[runlim] sample:		11823.05 time, 11770.01 real, 1924 MB, 1.07 load

NN₁: mnist_relu_3_100_gemm.onnx
NN₂: mnist_relu_3_100_0.79_adam_1_stepsize.onnx
Prop: mnist_24_global_4.vnnlib
[runlim] sample:		11833.61 time, 11780.01 real, 1851 MB, 1.06 load
[runlim] sample:		11843.62 time, 11790.01 real, 1851 MB, 1.05 load
[runlim] sample:		11853.61 time, 11800.01 real, 1851 MB, 1.04 load
[runlim] sample:		11863.60 time, 11810.01 real, 1851 MB, 1.04 load
[runlim] sample:		11873.61 time, 11820.01 real, 1851 MB, 1.03 load
[runlim] sample:		11883.60 time, 11830.01 real, 1851 MB, 1.02 load
[runlim] sample:		11893.60 time, 11840.01 real, 1851 MB, 1.02 load
[runlim] sample:		11903.59 time, 11850.01 real, 1851 MB, 1.02 load
[runlim] sample:		11913.59 time, 11860.01 real, 1851 MB, 1.01 load
[runlim] sample:		11923.59 time, 11870.01 real, 1851 MB, 1.01 load
[runlim] sample:		11933.59 time, 11880.01 real, 1851 MB, 1.01 load
[runlim] sample:		11943.58 time, 11890.01 real, 1851 MB, 1.01 load
[runlim] sample:		11953.58 time, 11900.01 real, 1851 MB, 1.01 load
[runlim] sample:		11963.58 time, 11910.01 real, 1851 MB, 1.00 load
[runlim] sample:		11973.57 time, 11920.01 real, 1851 MB, 1.08 load
[runlim] sample:		11983.57 time, 11930.01 real, 1851 MB, 1.23 load
[runlim] sample:		11993.57 time, 11940.01 real, 1851 MB, 1.19 load
[runlim] sample:		12003.56 time, 11950.01 real, 1851 MB, 1.16 load
[runlim] sample:		12013.56 time, 11960.01 real, 1851 MB, 1.14 load
[runlim] sample:		12023.56 time, 11970.01 real, 1851 MB, 1.11 load
[runlim] sample:		12033.56 time, 11980.01 real, 1851 MB, 1.10 load
[runlim] sample:		12043.56 time, 11990.01 real, 1851 MB, 1.08 load
[runlim] sample:		12053.55 time, 12000.01 real, 1851 MB, 1.07 load
[runlim] sample:		12063.55 time, 12010.01 real, 1853 MB, 1.06 load
[runlim] sample:		12073.55 time, 12020.01 real, 1853 MB, 1.05 load
[runlim] sample:		12083.54 time, 12030.01 real, 1853 MB, 1.04 load
[runlim] sample:		12093.54 time, 12040.01 real, 1858 MB, 1.03 load
[runlim] sample:		12103.54 time, 12050.01 real, 1858 MB, 1.03 load
[runlim] sample:		12113.54 time, 12060.01 real, 1860 MB, 1.02 load
[runlim] sample:		12123.53 time, 12070.01 real, 1860 MB, 1.02 load
[runlim] sample:		12133.52 time, 12080.01 real, 1860 MB, 1.02 load
[runlim] sample:		12143.52 time, 12090.01 real, 1860 MB, 1.01 load
[runlim] sample:		12153.52 time, 12100.01 real, 1860 MB, 1.01 load
[runlim] sample:		12163.51 time, 12110.01 real, 1866 MB, 1.01 load
[runlim] sample:		12173.52 time, 12120.01 real, 1866 MB, 1.01 load
[runlim] sample:		12183.52 time, 12130.01 real, 1866 MB, 1.00 load
[runlim] sample:		12193.52 time, 12140.01 real, 1869 MB, 1.00 load
[runlim] sample:		12203.51 time, 12150.01 real, 1869 MB, 1.00 load
[runlim] sample:		12213.50 time, 12160.01 real, 1874 MB, 1.00 load
[runlim] sample:		12223.50 time, 12170.01 real, 1874 MB, 1.00 load
[runlim] sample:		12233.50 time, 12180.01 real, 1874 MB, 1.00 load
[runlim] sample:		12243.50 time, 12190.01 real, 1874 MB, 1.00 load
[runlim] sample:		12253.50 time, 12200.01 real, 1879 MB, 1.00 load
[runlim] sample:		12263.79 time, 12210.01 real, 1879 MB, 1.00 load
[runlim] sample:		12274.92 time, 12220.01 real, 1879 MB, 1.00 load
[runlim] sample:		12284.92 time, 12230.01 real, 1880 MB, 1.00 load
[runlim] sample:		12294.94 time, 12240.01 real, 1880 MB, 1.00 load
[runlim] sample:		12304.94 time, 12250.01 real, 1885 MB, 1.00 load
[runlim] sample:		12314.94 time, 12260.01 real, 1885 MB, 1.00 load
[runlim] sample:		12324.93 time, 12270.01 real, 1888 MB, 1.00 load
[runlim] sample:		12334.93 time, 12280.01 real, 1888 MB, 1.00 load
[runlim] sample:		12344.93 time, 12290.01 real, 1889 MB, 1.00 load
[runlim] sample:		12355.30 time, 12300.01 real, 1889 MB, 1.00 load
[runlim] sample:		12366.60 time, 12310.01 real, 1889 MB, 1.07 load
[runlim] sample:		12377.74 time, 12320.01 real, 1889 MB, 1.06 load
[runlim] sample:		12388.45 time, 12330.01 real, 1889 MB, 1.05 load
[runlim] sample:		12398.45 time, 12340.01 real, 1898 MB, 1.04 load
[runlim] sample:		12408.44 time, 12350.01 real, 1898 MB, 1.04 load
[runlim] sample:		12419.23 time, 12360.01 real, 1898 MB, 1.03 load
[runlim] sample:		12430.16 time, 12370.02 real, 1898 MB, 1.10 load

NN₁: mnist_relu_3_100_gemm.onnx
NN₂: mnist_relu_3_100_0.79_adam_1_stepsize.onnx
Prop: mnist_24_global_5.vnnlib
[runlim] sample:		12440.68 time, 12380.01 real, 1840 MB, 1.08 load
[runlim] sample:		12450.68 time, 12390.01 real, 1840 MB, 1.07 load
[runlim] sample:		12460.68 time, 12400.01 real, 1840 MB, 1.06 load
[runlim] sample:		12470.68 time, 12410.01 real, 1840 MB, 1.05 load
[runlim] sample:		12480.67 time, 12420.01 real, 1840 MB, 1.12 load
[runlim] sample:		12490.68 time, 12430.01 real, 1840 MB, 1.26 load
[runlim] sample:		12500.68 time, 12440.01 real, 1840 MB, 1.22 load
[runlim] sample:		12510.67 time, 12450.01 real, 1840 MB, 1.18 load
[runlim] sample:		12520.67 time, 12460.01 real, 1840 MB, 1.15 load
[runlim] sample:		12530.67 time, 12470.01 real, 1840 MB, 1.21 load
[runlim] sample:		12540.67 time, 12480.01 real, 1840 MB, 1.18 load
[runlim] sample:		12550.66 time, 12490.01 real, 1844 MB, 1.15 load
[runlim] sample:		12560.67 time, 12500.01 real, 1845 MB, 1.13 load
[runlim] sample:		12570.67 time, 12510.01 real, 1845 MB, 1.11 load
[runlim] sample:		12580.66 time, 12520.01 real, 1848 MB, 1.09 load
[runlim] sample:		12590.66 time, 12530.01 real, 1848 MB, 1.08 load
[runlim] sample:		12600.66 time, 12540.01 real, 1850 MB, 1.06 load
[runlim] sample:		12610.65 time, 12550.01 real, 1850 MB, 1.05 load
[runlim] sample:		12620.65 time, 12560.01 real, 1853 MB, 1.04 load
[runlim] sample:		12630.66 time, 12570.01 real, 1853 MB, 1.04 load
[runlim] sample:		12640.65 time, 12580.01 real, 1854 MB, 1.03 load
[runlim] sample:		12650.65 time, 12590.01 real, 1854 MB, 1.03 load
[runlim] sample:		12660.65 time, 12600.01 real, 1858 MB, 1.02 load
[runlim] sample:		12670.65 time, 12610.01 real, 1858 MB, 1.02 load
[runlim] sample:		12680.65 time, 12620.01 real, 1861 MB, 1.01 load
[runlim] sample:		12690.64 time, 12630.01 real, 1861 MB, 1.01 load
[runlim] sample:		12700.64 time, 12640.01 real, 1864 MB, 1.01 load
[runlim] sample:		12710.64 time, 12650.01 real, 1864 MB, 1.01 load
[runlim] sample:		12720.64 time, 12660.01 real, 1869 MB, 1.01 load
[runlim] sample:		12730.64 time, 12670.01 real, 1869 MB, 1.00 load
[runlim] sample:		12740.64 time, 12680.01 real, 1869 MB, 1.00 load
[runlim] sample:		12750.64 time, 12690.01 real, 1869 MB, 1.00 load
[runlim] sample:		12760.63 time, 12700.01 real, 1872 MB, 1.00 load
[runlim] sample:		12770.64 time, 12710.01 real, 1872 MB, 1.00 load
[runlim] sample:		12780.63 time, 12720.01 real, 1875 MB, 1.00 load
[runlim] sample:		12790.63 time, 12730.01 real, 1875 MB, 1.00 load
[runlim] sample:		12800.63 time, 12740.01 real, 1877 MB, 1.00 load
[runlim] sample:		12810.62 time, 12750.01 real, 1880 MB, 1.00 load
[runlim] sample:		12820.62 time, 12760.01 real, 1880 MB, 1.00 load
[runlim] sample:		12830.63 time, 12770.01 real, 1882 MB, 1.00 load
[runlim] sample:		12840.62 time, 12780.01 real, 1882 MB, 1.00 load
[runlim] sample:		12850.62 time, 12790.01 real, 1887 MB, 1.00 load
[runlim] sample:		12860.62 time, 12800.01 real, 1887 MB, 1.00 load
[runlim] sample:		12870.61 time, 12810.01 real, 1890 MB, 1.00 load
[runlim] sample:		12880.61 time, 12820.01 real, 1890 MB, 1.00 load
[runlim] sample:		12890.61 time, 12830.01 real, 1890 MB, 1.00 load
[runlim] sample:		12900.61 time, 12840.01 real, 1896 MB, 1.00 load
[runlim] sample:		12910.61 time, 12850.01 real, 1896 MB, 1.00 load
[runlim] sample:		12920.61 time, 12860.01 real, 1899 MB, 1.00 load
[runlim] sample:		12930.61 time, 12870.01 real, 1899 MB, 1.00 load
[runlim] sample:		12940.60 time, 12880.01 real, 1904 MB, 1.00 load
[runlim] sample:		12950.61 time, 12890.01 real, 1904 MB, 1.00 load
[runlim] sample:		12960.60 time, 12900.01 real, 1904 MB, 1.00 load
[runlim] sample:		12970.60 time, 12910.01 real, 1906 MB, 1.00 load
[runlim] sample:		12980.60 time, 12920.01 real, 1906 MB, 1.08 load
[runlim] sample:		12990.60 time, 12930.01 real, 1911 MB, 1.22 load
[runlim] sample:		13000.60 time, 12940.01 real, 1911 MB, 1.26 load
[runlim] sample:		13010.59 time, 12950.01 real, 1911 MB, 1.22 load
[runlim] sample:		13020.59 time, 12960.01 real, 1919 MB, 1.19 load
[runlim] sample:		13030.59 time, 12970.01 real, 1919 MB, 1.16 load

NN₁: mnist_relu_3_100_gemm.onnx
NN₂: mnist_relu_3_100_0.79_adam_1_stepsize.onnx
Prop: mnist_25_global_4.vnnlib

NN₁: mnist_relu_3_100_gemm.onnx
NN₂: mnist_relu_3_100_0.79_adam_1_stepsize.onnx
Prop: mnist_25_global_5.vnnlib

NN₁: mnist_relu_3_100_gemm.onnx
NN₂: mnist_relu_3_100_0.79_adam_1_stepsize.onnx
Prop: mnist_26_global_4.vnnlib
[runlim] sample:		13040.44 time, 12980.01 real, 1840 MB, 1.13 load
[runlim] sample:		13050.45 time, 12990.01 real, 1840 MB, 1.11 load
[runlim] sample:		13060.44 time, 13000.01 real, 1840 MB, 1.09 load
[runlim] sample:		13070.44 time, 13010.01 real, 1840 MB, 1.08 load
[runlim] sample:		13080.44 time, 13020.01 real, 1840 MB, 1.07 load
[runlim] sample:		13090.44 time, 13030.01 real, 1840 MB, 1.06 load
[runlim] sample:		13100.44 time, 13040.01 real, 1840 MB, 1.05 load
[runlim] sample:		13110.44 time, 13050.01 real, 1840 MB, 1.04 load
[runlim] sample:		13120.43 time, 13060.01 real, 1840 MB, 1.03 load
[runlim] sample:		13130.43 time, 13070.01 real, 1840 MB, 1.03 load
[runlim] sample:		13140.43 time, 13080.01 real, 1840 MB, 1.02 load
[runlim] sample:		13150.43 time, 13090.01 real, 1840 MB, 1.02 load
[runlim] sample:		13160.43 time, 13100.01 real, 1840 MB, 1.02 load
[runlim] sample:		13170.43 time, 13110.01 real, 1840 MB, 1.01 load
[runlim] sample:		13180.42 time, 13120.02 real, 1840 MB, 1.01 load
[runlim] sample:		13190.43 time, 13130.01 real, 1840 MB, 1.01 load
[runlim] sample:		13200.42 time, 13140.01 real, 1840 MB, 1.01 load
[runlim] sample:		13210.42 time, 13150.01 real, 1840 MB, 1.00 load
[runlim] sample:		13220.42 time, 13160.01 real, 1840 MB, 1.00 load
[runlim] sample:		13230.42 time, 13170.01 real, 1840 MB, 1.00 load
[runlim] sample:		13240.42 time, 13180.02 real, 1840 MB, 1.00 load
[runlim] sample:		13250.42 time, 13190.01 real, 1840 MB, 1.00 load
[runlim] sample:		13260.41 time, 13200.01 real, 1840 MB, 1.00 load
[runlim] sample:		13270.41 time, 13210.01 real, 1840 MB, 1.00 load
[runlim] sample:		13280.41 time, 13220.01 real, 1840 MB, 1.00 load
[runlim] sample:		13290.41 time, 13230.01 real, 1840 MB, 1.00 load
[runlim] sample:		13300.41 time, 13240.01 real, 1840 MB, 1.00 load
[runlim] sample:		13310.40 time, 13250.01 real, 1840 MB, 1.00 load
[runlim] sample:		13320.41 time, 13260.01 real, 1840 MB, 1.00 load
[runlim] sample:		13330.41 time, 13270.01 real, 1840 MB, 1.00 load
[runlim] sample:		13340.40 time, 13280.01 real, 1840 MB, 1.00 load
[runlim] sample:		13350.41 time, 13290.01 real, 1840 MB, 1.00 load
[runlim] sample:		13360.40 time, 13300.01 real, 1840 MB, 1.00 load
[runlim] sample:		13370.40 time, 13310.01 real, 1840 MB, 1.00 load
[runlim] sample:		13380.40 time, 13320.01 real, 1840 MB, 1.00 load
[runlim] sample:		13390.39 time, 13330.01 real, 1840 MB, 1.00 load
[runlim] sample:		13400.40 time, 13340.01 real, 1840 MB, 1.00 load
[runlim] sample:		13410.39 time, 13350.01 real, 1840 MB, 1.00 load
[runlim] sample:		13420.39 time, 13360.01 real, 1840 MB, 1.00 load
[runlim] sample:		13430.39 time, 13370.01 real, 1840 MB, 1.00 load
[runlim] sample:		13440.38 time, 13380.01 real, 1840 MB, 1.00 load
[runlim] sample:		13450.39 time, 13390.01 real, 1840 MB, 1.00 load
[runlim] sample:		13460.38 time, 13400.01 real, 1840 MB, 1.00 load
[runlim] sample:		13470.38 time, 13410.01 real, 1840 MB, 1.00 load
[runlim] sample:		13480.38 time, 13420.01 real, 1840 MB, 1.08 load
[runlim] sample:		13490.38 time, 13430.01 real, 1840 MB, 1.22 load
[runlim] sample:		13500.37 time, 13440.01 real, 1840 MB, 1.19 load
[runlim] sample:		13510.38 time, 13450.01 real, 1840 MB, 1.24 load
[runlim] sample:		13520.38 time, 13460.01 real, 1840 MB, 1.20 load
[runlim] sample:		13530.37 time, 13470.01 real, 1840 MB, 1.17 load
[runlim] sample:		13540.37 time, 13480.01 real, 1841 MB, 1.14 load
[runlim] sample:		13550.37 time, 13490.01 real, 1841 MB, 1.12 load
[runlim] sample:		13560.37 time, 13500.01 real, 1841 MB, 1.10 load
[runlim] sample:		13570.37 time, 13510.01 real, 1841 MB, 1.09 load
[runlim] sample:		13580.36 time, 13520.01 real, 1841 MB, 1.07 load
[runlim] sample:		13590.36 time, 13530.01 real, 1842 MB, 1.06 load
[runlim] sample:		13600.36 time, 13540.01 real, 1842 MB, 1.05 load
[runlim] sample:		13610.36 time, 13550.01 real, 1843 MB, 1.04 load
[runlim] sample:		13620.36 time, 13560.01 real, 1843 MB, 1.04 load
[runlim] sample:		13630.36 time, 13570.01 real, 1843 MB, 1.03 load
[runlim] sample:		13640.34 time, 13580.02 real, 1840 MB, 1.02 load

NN₁: mnist_relu_3_100_gemm.onnx
NN₂: mnist_relu_3_100_0.79_adam_1_stepsize.onnx
Prop: mnist_26_global_5.vnnlib
[runlim] sample:		13650.31 time, 13590.01 real, 1840 MB, 1.02 load
[runlim] sample:		13660.30 time, 13600.01 real, 1840 MB, 1.02 load
[runlim] sample:		13670.30 time, 13610.01 real, 1840 MB, 1.01 load
[runlim] sample:		13680.30 time, 13620.01 real, 1840 MB, 1.01 load
[runlim] sample:		13690.30 time, 13630.01 real, 1840 MB, 1.01 load
[runlim] sample:		13700.29 time, 13640.01 real, 1840 MB, 1.01 load
[runlim] sample:		13710.29 time, 13650.01 real, 1840 MB, 1.01 load
[runlim] sample:		13720.29 time, 13660.01 real, 1840 MB, 1.00 load
[runlim] sample:		13730.29 time, 13670.01 real, 1840 MB, 1.00 load
[runlim] sample:		13740.29 time, 13680.01 real, 1840 MB, 1.00 load
[runlim] sample:		13750.29 time, 13690.01 real, 1840 MB, 1.00 load
[runlim] sample:		13760.29 time, 13700.01 real, 1840 MB, 1.00 load
[runlim] sample:		13770.28 time, 13710.01 real, 1840 MB, 1.00 load
[runlim] sample:		13780.28 time, 13720.01 real, 1840 MB, 1.00 load
[runlim] sample:		13790.28 time, 13730.01 real, 1840 MB, 1.08 load
[runlim] sample:		13800.28 time, 13740.01 real, 1840 MB, 1.07 load
[runlim] sample:		13810.28 time, 13750.01 real, 1840 MB, 1.06 load
[runlim] sample:		13820.28 time, 13760.01 real, 1840 MB, 1.05 load
[runlim] sample:		13830.27 time, 13770.01 real, 1840 MB, 1.04 load
[runlim] sample:		13840.27 time, 13780.01 real, 1840 MB, 1.03 load
[runlim] sample:		13850.27 time, 13790.01 real, 1840 MB, 1.03 load
[runlim] sample:		13860.27 time, 13800.01 real, 1840 MB, 1.02 load
[runlim] sample:		13870.27 time, 13810.01 real, 1840 MB, 1.02 load
[runlim] sample:		13880.27 time, 13820.01 real, 1842 MB, 1.02 load
[runlim] sample:		13890.26 time, 13830.01 real, 1846 MB, 1.01 load
[runlim] sample:		13900.26 time, 13840.01 real, 1846 MB, 1.01 load
[runlim] sample:		13910.26 time, 13850.01 real, 1849 MB, 1.01 load
[runlim] sample:		13920.26 time, 13860.01 real, 1853 MB, 1.01 load
[runlim] sample:		13930.26 time, 13870.01 real, 1856 MB, 1.00 load
[runlim] sample:		13940.25 time, 13880.01 real, 1856 MB, 1.00 load
[runlim] sample:		13950.25 time, 13890.01 real, 1860 MB, 1.00 load
[runlim] sample:		13960.25 time, 13900.01 real, 1863 MB, 1.00 load
[runlim] sample:		13970.25 time, 13910.01 real, 1863 MB, 1.00 load
[runlim] sample:		13980.25 time, 13920.01 real, 1867 MB, 1.08 load
[runlim] sample:		13990.25 time, 13930.01 real, 1870 MB, 1.22 load
[runlim] sample:		14000.25 time, 13940.01 real, 1870 MB, 1.34 load
[runlim] sample:		14010.25 time, 13950.01 real, 1873 MB, 1.28 load
[runlim] sample:		14020.24 time, 13960.01 real, 1876 MB, 1.24 load
[runlim] sample:		14030.25 time, 13970.01 real, 1876 MB, 1.20 load
[runlim] sample:		14040.24 time, 13980.01 real, 1880 MB, 1.17 load
[runlim] sample:		14050.24 time, 13990.01 real, 1885 MB, 1.14 load
[runlim] sample:		14060.23 time, 14000.01 real, 1885 MB, 1.12 load
[runlim] sample:		14070.24 time, 14010.01 real, 1890 MB, 1.10 load
[runlim] sample:		14080.23 time, 14020.01 real, 1890 MB, 1.09 load
[runlim] sample:		14090.24 time, 14030.01 real, 1894 MB, 1.07 load
[runlim] sample:		14100.23 time, 14040.01 real, 1900 MB, 1.06 load
[runlim] sample:		14110.22 time, 14050.01 real, 1900 MB, 1.05 load
[runlim] sample:		14120.23 time, 14060.01 real, 1904 MB, 1.04 load
[runlim] sample:		14130.23 time, 14070.01 real, 1904 MB, 1.04 load
[runlim] sample:		14140.22 time, 14080.01 real, 1908 MB, 1.03 load
[runlim] sample:		14150.23 time, 14090.01 real, 1912 MB, 1.02 load
[runlim] sample:		14160.22 time, 14100.01 real, 1912 MB, 1.02 load
[runlim] sample:		14170.22 time, 14110.01 real, 1916 MB, 1.02 load
[runlim] sample:		14180.22 time, 14120.01 real, 1916 MB, 1.01 load
[runlim] sample:		14190.21 time, 14130.01 real, 1920 MB, 1.01 load
[runlim] sample:		14200.21 time, 14140.01 real, 1920 MB, 1.01 load
[runlim] sample:		14210.21 time, 14150.01 real, 1924 MB, 1.09 load
[runlim] sample:		14220.21 time, 14160.01 real, 1924 MB, 1.07 load
[runlim] sample:		14230.20 time, 14170.01 real, 1928 MB, 1.06 load
[runlim] sample:		14240.21 time, 14180.01 real, 1928 MB, 1.05 load

NN₁: mnist_relu_3_100_gemm.onnx
NN₂: mnist_relu_3_100_0.79_adam_1_stepsize.onnx
Prop: mnist_27_global_4.vnnlib

NN₁: mnist_relu_3_100_gemm.onnx
NN₂: mnist_relu_3_100_0.79_adam_1_stepsize.onnx
Prop: mnist_27_global_5.vnnlib
[runlim] sample:		14250.12 time, 14190.01 real, 1840 MB, 1.04 load
[runlim] sample:		14260.12 time, 14200.01 real, 1840 MB, 1.04 load
[runlim] sample:		14270.12 time, 14210.01 real, 1840 MB, 1.03 load
[runlim] sample:		14280.12 time, 14220.01 real, 1840 MB, 1.02 load
[runlim] sample:		14290.12 time, 14230.01 real, 1840 MB, 1.02 load
[runlim] sample:		14300.12 time, 14240.01 real, 1840 MB, 1.02 load
[runlim] sample:		14310.11 time, 14250.01 real, 1840 MB, 1.01 load
[runlim] sample:		14320.11 time, 14260.01 real, 1840 MB, 1.01 load
[runlim] sample:		14330.11 time, 14270.01 real, 1840 MB, 1.01 load
[runlim] sample:		14340.12 time, 14280.01 real, 1840 MB, 1.01 load
[runlim] sample:		14350.11 time, 14290.01 real, 1840 MB, 1.01 load
[runlim] sample:		14360.11 time, 14300.01 real, 1840 MB, 1.00 load
[runlim] sample:		14370.11 time, 14310.01 real, 1840 MB, 1.00 load
[runlim] sample:		14380.11 time, 14320.01 real, 1840 MB, 1.00 load
[runlim] sample:		14390.10 time, 14330.01 real, 1844 MB, 1.00 load
[runlim] sample:		14400.10 time, 14340.01 real, 1849 MB, 1.00 load
[runlim] sample:		14410.10 time, 14350.01 real, 1849 MB, 1.00 load
[runlim] sample:		14420.10 time, 14360.01 real, 1852 MB, 1.00 load
[runlim] sample:		14430.09 time, 14370.01 real, 1852 MB, 1.00 load
[runlim] sample:		14440.10 time, 14380.01 real, 1858 MB, 1.00 load
[runlim] sample:		14450.09 time, 14390.01 real, 1863 MB, 1.07 load
[runlim] sample:		14460.09 time, 14400.01 real, 1864 MB, 1.06 load
[runlim] sample:		14470.09 time, 14410.01 real, 1868 MB, 1.05 load
[runlim] sample:		14480.09 time, 14420.01 real, 1868 MB, 1.12 load
[runlim] sample:		14490.08 time, 14430.01 real, 1874 MB, 1.26 load
[runlim] sample:		14500.09 time, 14440.01 real, 1874 MB, 1.22 load
[runlim] sample:		14510.09 time, 14450.01 real, 1881 MB, 1.19 load
[runlim] sample:		14520.08 time, 14460.01 real, 1881 MB, 1.16 load
[runlim] sample:		14530.08 time, 14470.01 real, 1888 MB, 1.13 load
[runlim] sample:		14540.08 time, 14480.01 real, 1895 MB, 1.11 load
[runlim] sample:		14550.08 time, 14490.01 real, 1895 MB, 1.09 load
[runlim] sample:		14560.08 time, 14500.01 real, 1903 MB, 1.08 load
[runlim] sample:		14570.07 time, 14510.01 real, 1903 MB, 1.07 load
[runlim] sample:		14580.07 time, 14520.01 real, 1903 MB, 1.06 load
[runlim] sample:		14590.07 time, 14530.01 real, 1911 MB, 1.05 load
[runlim] sample:		14600.07 time, 14540.01 real, 1911 MB, 1.04 load
[runlim] sample:		14610.07 time, 14550.01 real, 1931 MB, 1.03 load
[runlim] sample:		14620.06 time, 14560.01 real, 1931 MB, 1.03 load
[runlim] sample:		14630.06 time, 14570.01 real, 1957 MB, 1.02 load
[runlim] sample:		14640.06 time, 14580.01 real, 1957 MB, 1.02 load
[runlim] sample:		14650.06 time, 14590.01 real, 1966 MB, 1.02 load
[runlim] sample:		14660.06 time, 14600.01 real, 1966 MB, 1.01 load
[runlim] sample:		14670.05 time, 14610.01 real, 1979 MB, 1.01 load
[runlim] sample:		14680.08 time, 14620.01 real, 1979 MB, 1.01 load
[runlim] sample:		14690.07 time, 14630.01 real, 1979 MB, 1.01 load
[runlim] sample:		14700.07 time, 14640.01 real, 1999 MB, 1.00 load
[runlim] sample:		14710.67 time, 14650.01 real, 1999 MB, 1.00 load
[runlim] sample:		14720.86 time, 14660.01 real, 1991 MB, 1.00 load
[runlim] sample:		14730.91 time, 14670.01 real, 1991 MB, 1.00 load
[runlim] sample:		14741.12 time, 14680.01 real, 2024 MB, 1.00 load
[runlim] sample:		14751.39 time, 14690.01 real, 2024 MB, 1.00 load
[runlim] sample:		14761.44 time, 14700.01 real, 2032 MB, 1.00 load
[runlim] sample:		14771.44 time, 14710.01 real, 2032 MB, 1.00 load
[runlim] sample:		14781.44 time, 14720.01 real, 2041 MB, 1.00 load
[runlim] sample:		14791.44 time, 14730.01 real, 2041 MB, 1.00 load
[runlim] sample:		14801.44 time, 14740.01 real, 2041 MB, 1.00 load
[runlim] sample:		14811.45 time, 14750.01 real, 2063 MB, 1.00 load
[runlim] sample:		14821.48 time, 14760.01 real, 2063 MB, 1.00 load
[runlim] sample:		14831.48 time, 14770.01 real, 2088 MB, 1.00 load
[runlim] sample:		14841.47 time, 14780.01 real, 2088 MB, 1.00 load

NN₁: mnist_relu_3_100_gemm.onnx
NN₂: mnist_relu_3_100_0.79_adam_1_stepsize.onnx
Prop: mnist_28_global_4.vnnlib

NN₁: mnist_relu_3_100_gemm.onnx
NN₂: mnist_relu_3_100_0.79_adam_1_stepsize.onnx
Prop: mnist_28_global_5.vnnlib

NN₁: mnist_relu_3_100_gemm.onnx
NN₂: mnist_relu_3_100_0.79_adam_1_stepsize.onnx
Prop: mnist_29_global_4.vnnlib
[runlim] sample:		14851.36 time, 14790.01 real, 1846 MB, 1.00 load

NN₁: mnist_relu_3_100_gemm.onnx
NN₂: mnist_relu_3_100_0.79_adam_1_stepsize.onnx
Prop: mnist_29_global_5.vnnlib
[runlim] sample:		14861.35 time, 14800.01 real, 1846 MB, 1.00 load
[runlim] sample:		14871.35 time, 14810.01 real, 1846 MB, 1.00 load
[runlim] sample:		14881.35 time, 14820.01 real, 1846 MB, 1.00 load
[runlim] sample:		14891.35 time, 14830.01 real, 1846 MB, 1.00 load
[runlim] sample:		14901.35 time, 14840.01 real, 1846 MB, 1.00 load
[runlim] sample:		14911.34 time, 14850.01 real, 1846 MB, 1.00 load
[runlim] sample:		14921.34 time, 14860.01 real, 1846 MB, 1.00 load
[runlim] sample:		14931.34 time, 14870.01 real, 1846 MB, 1.00 load
[runlim] sample:		14941.34 time, 14880.01 real, 1846 MB, 1.00 load
[runlim] sample:		14951.33 time, 14890.01 real, 1846 MB, 1.00 load
[runlim] sample:		14961.33 time, 14900.01 real, 1846 MB, 1.00 load
[runlim] sample:		14971.34 time, 14910.01 real, 1849 MB, 1.00 load
[runlim] sample:		14981.33 time, 14920.01 real, 1851 MB, 1.08 load
[runlim] sample:		14991.33 time, 14930.01 real, 1851 MB, 1.22 load
[runlim] sample:		15001.33 time, 14940.01 real, 1856 MB, 1.19 load
[runlim] sample:		15011.32 time, 14950.01 real, 1856 MB, 1.16 load
[runlim] sample:		15021.33 time, 14960.01 real, 1857 MB, 1.13 load
[runlim] sample:		15031.33 time, 14970.01 real, 1857 MB, 1.11 load
[runlim] sample:		15041.32 time, 14980.01 real, 1861 MB, 1.09 load
[runlim] sample:		15051.32 time, 14990.01 real, 1861 MB, 1.08 load
[runlim] sample:		15061.32 time, 15000.01 real, 1864 MB, 1.07 load
[runlim] sample:		15071.32 time, 15010.01 real, 1864 MB, 1.06 load
[runlim] sample:		15081.31 time, 15020.01 real, 1868 MB, 1.05 load
[runlim] sample:		15091.32 time, 15030.01 real, 1868 MB, 1.04 load
[runlim] sample:		15101.31 time, 15040.01 real, 1871 MB, 1.03 load
[runlim] sample:		15111.31 time, 15050.01 real, 1871 MB, 1.03 load
[runlim] sample:		15121.31 time, 15060.01 real, 1874 MB, 1.02 load
[runlim] sample:		15131.31 time, 15070.01 real, 1874 MB, 1.02 load
[runlim] sample:		15141.31 time, 15080.01 real, 1877 MB, 1.02 load
[runlim] sample:		15151.30 time, 15090.01 real, 1877 MB, 1.01 load
[runlim] sample:		15161.30 time, 15100.01 real, 1877 MB, 1.01 load
[runlim] sample:		15171.30 time, 15110.01 real, 1881 MB, 1.01 load
[runlim] sample:		15181.30 time, 15120.01 real, 1881 MB, 1.01 load
[runlim] sample:		15191.30 time, 15130.01 real, 1886 MB, 1.00 load
[runlim] sample:		15201.30 time, 15140.01 real, 1886 MB, 1.00 load
[runlim] sample:		15211.30 time, 15150.01 real, 1890 MB, 1.00 load
[runlim] sample:		15221.29 time, 15160.01 real, 1890 MB, 1.00 load
[runlim] sample:		15231.30 time, 15170.01 real, 1891 MB, 1.00 load
[runlim] sample:		15241.29 time, 15180.01 real, 1891 MB, 1.00 load
[runlim] sample:		15251.29 time, 15190.01 real, 1891 MB, 1.00 load
[runlim] sample:		15261.29 time, 15200.01 real, 1900 MB, 1.00 load
[runlim] sample:		15271.28 time, 15210.01 real, 1900 MB, 1.00 load
[runlim] sample:		15281.29 time, 15220.01 real, 1904 MB, 1.00 load
[runlim] sample:		15291.29 time, 15230.01 real, 1904 MB, 1.00 load
[runlim] sample:		15301.28 time, 15240.01 real, 1911 MB, 1.00 load
[runlim] sample:		15311.28 time, 15250.01 real, 1911 MB, 1.00 load
[runlim] sample:		15321.28 time, 15260.01 real, 1911 MB, 1.00 load
[runlim] sample:		15331.28 time, 15270.01 real, 1915 MB, 1.00 load
[runlim] sample:		15341.28 time, 15280.01 real, 1915 MB, 1.00 load
[runlim] sample:		15351.28 time, 15290.01 real, 1920 MB, 1.00 load
[runlim] sample:		15361.28 time, 15300.01 real, 1920 MB, 1.00 load
[runlim] sample:		15371.27 time, 15310.01 real, 1920 MB, 1.00 load
[runlim] sample:		15381.27 time, 15320.01 real, 1925 MB, 1.00 load
[runlim] sample:		15391.28 time, 15330.01 real, 1925 MB, 1.00 load
[runlim] sample:		15401.27 time, 15340.01 real, 1925 MB, 1.00 load
[runlim] sample:		15411.27 time, 15350.01 real, 1930 MB, 1.00 load
[runlim] sample:		15421.26 time, 15360.01 real, 1930 MB, 1.00 load
[runlim] sample:		15431.26 time, 15370.01 real, 1930 MB, 1.00 load
[runlim] sample:		15441.26 time, 15380.01 real, 1936 MB, 1.00 load
[runlim] sample:		15451.26 time, 15390.01 real, 1936 MB, 1.00 load

NN₁: mnist_relu_3_100_gemm.onnx
NN₂: mnist_relu_3_100_0.79_adam_1_stepsize.onnx
Prop: mnist_30_global_4.vnnlib

NN₁: mnist_relu_3_100_gemm.onnx
NN₂: mnist_relu_3_100_0.79_adam_1_stepsize.onnx
Prop: mnist_30_global_5.vnnlib
[runlim] sample:		15461.13 time, 15400.01 real, 1846 MB, 1.24 load
[runlim] sample:		15471.13 time, 15410.01 real, 1846 MB, 1.20 load
[runlim] sample:		15481.13 time, 15420.01 real, 1846 MB, 1.25 load

NN₁: mnist_relu_3_100_gemm.onnx
NN₂: mnist_relu_3_100_0.79_adam_1_stepsize.onnx
Prop: mnist_31_global_4.vnnlib

NN₁: mnist_relu_3_100_gemm.onnx
NN₂: mnist_relu_3_100_0.79_adam_1_stepsize.onnx
Prop: mnist_31_global_5.vnnlib
[runlim] sample:		15491.05 time, 15430.01 real, 1846 MB, 1.37 load
[runlim] sample:		15501.05 time, 15440.01 real, 1846 MB, 1.31 load
[runlim] sample:		15511.05 time, 15450.01 real, 1846 MB, 1.34 load
[runlim] sample:		15521.05 time, 15460.01 real, 1846 MB, 1.29 load
[runlim] sample:		15531.05 time, 15470.01 real, 1846 MB, 1.24 load
[runlim] sample:		15541.05 time, 15480.01 real, 1846 MB, 1.21 load
[runlim] sample:		15551.05 time, 15490.01 real, 1846 MB, 1.17 load
[runlim] sample:		15561.04 time, 15500.01 real, 1846 MB, 1.15 load
[runlim] sample:		15571.04 time, 15510.01 real, 1846 MB, 1.12 load
[runlim] sample:		15581.04 time, 15520.01 real, 1846 MB, 1.10 load
[runlim] sample:		15591.04 time, 15530.01 real, 1847 MB, 1.09 load
[runlim] sample:		15601.04 time, 15540.01 real, 1847 MB, 1.07 load
[runlim] sample:		15611.03 time, 15550.01 real, 1850 MB, 1.06 load
[runlim] sample:		15621.04 time, 15560.01 real, 1850 MB, 1.05 load
[runlim] sample:		15631.04 time, 15570.01 real, 1852 MB, 1.04 load
[runlim] sample:		15641.03 time, 15580.01 real, 1852 MB, 1.04 load
[runlim] sample:		15651.03 time, 15590.01 real, 1856 MB, 1.03 load
[runlim] sample:		15661.03 time, 15600.01 real, 1856 MB, 1.02 load
[runlim] sample:		15671.02 time, 15610.01 real, 1859 MB, 1.02 load
[runlim] sample:		15681.02 time, 15620.01 real, 1859 MB, 1.02 load
[runlim] sample:		15691.03 time, 15630.01 real, 1861 MB, 1.09 load
[runlim] sample:		15701.02 time, 15640.01 real, 1861 MB, 1.08 load
[runlim] sample:		15711.02 time, 15650.01 real, 1865 MB, 1.07 load
[runlim] sample:		15721.02 time, 15660.01 real, 1865 MB, 1.06 load
[runlim] sample:		15731.01 time, 15670.01 real, 1868 MB, 1.05 load
[runlim] sample:		15741.01 time, 15680.01 real, 1868 MB, 1.04 load
[runlim] sample:		15751.02 time, 15690.01 real, 1875 MB, 1.03 load
[runlim] sample:		15761.01 time, 15700.01 real, 1875 MB, 1.03 load
[runlim] sample:		15771.01 time, 15710.01 real, 1877 MB, 1.02 load
[runlim] sample:		15781.01 time, 15720.01 real, 1877 MB, 1.02 load
[runlim] sample:		15791.01 time, 15730.01 real, 1881 MB, 1.02 load
[runlim] sample:		15801.01 time, 15740.01 real, 1881 MB, 1.01 load
[runlim] sample:		15811.01 time, 15750.01 real, 1884 MB, 1.01 load
[runlim] sample:		15821.01 time, 15760.01 real, 1884 MB, 1.01 load
[runlim] sample:		15831.00 time, 15770.01 real, 1888 MB, 1.01 load
[runlim] sample:		15841.00 time, 15780.01 real, 1888 MB, 1.00 load
[runlim] sample:		15851.00 time, 15790.01 real, 1888 MB, 1.00 load
[runlim] sample:		15860.99 time, 15800.01 real, 1892 MB, 1.00 load
[runlim] sample:		15870.99 time, 15810.01 real, 1892 MB, 1.00 load
[runlim] sample:		15880.99 time, 15820.01 real, 1900 MB, 1.00 load
[runlim] sample:		15890.99 time, 15830.01 real, 1900 MB, 1.00 load
[runlim] sample:		15900.99 time, 15840.01 real, 1900 MB, 1.00 load
[runlim] sample:		15910.99 time, 15850.01 real, 1903 MB, 1.00 load
[runlim] sample:		15920.99 time, 15860.01 real, 1903 MB, 1.00 load
[runlim] sample:		15930.99 time, 15870.01 real, 1910 MB, 1.00 load
[runlim] sample:		15940.98 time, 15880.01 real, 1910 MB, 1.00 load
[runlim] sample:		15950.98 time, 15890.01 real, 1910 MB, 1.00 load
[runlim] sample:		15960.98 time, 15900.01 real, 1915 MB, 1.00 load
[runlim] sample:		15970.97 time, 15910.01 real, 1915 MB, 1.00 load
[runlim] sample:		15980.98 time, 15920.01 real, 1920 MB, 1.08 load
[runlim] sample:		15990.98 time, 15930.01 real, 1920 MB, 1.22 load
[runlim] sample:		16000.98 time, 15940.01 real, 1920 MB, 1.19 load
[runlim] sample:		16010.97 time, 15950.01 real, 1928 MB, 1.16 load
[runlim] sample:		16020.97 time, 15960.01 real, 1928 MB, 1.13 load
[runlim] sample:		16030.97 time, 15970.01 real, 1928 MB, 1.11 load
[runlim] sample:		16040.97 time, 15980.01 real, 1934 MB, 1.09 load
[runlim] sample:		16050.96 time, 15990.01 real, 1934 MB, 1.08 load
[runlim] sample:		16060.97 time, 16000.01 real, 1938 MB, 1.07 load
[runlim] sample:		16070.97 time, 16010.01 real, 1938 MB, 1.06 load
[runlim] sample:		16080.96 time, 16020.01 real, 1938 MB, 1.05 load

NN₁: mnist_relu_3_100_gemm.onnx
NN₂: mnist_relu_3_100_0.79_adam_1_stepsize.onnx
Prop: mnist_32_global_4.vnnlib

NN₁: mnist_relu_3_100_gemm.onnx
NN₂: mnist_relu_3_100_0.79_adam_1_stepsize.onnx
Prop: mnist_32_global_5.vnnlib

NN₁: mnist_relu_3_100_gemm.onnx
NN₂: mnist_relu_3_100_0.79_adam_1_stepsize.onnx
Prop: mnist_33_global_4.vnnlib

NN₁: mnist_relu_3_100_gemm.onnx
NN₂: mnist_relu_3_100_0.79_adam_1_stepsize.onnx
Prop: mnist_33_global_5.vnnlib
[runlim] sample:		16090.82 time, 16030.01 real, 1840 MB, 1.04 load
[runlim] sample:		16100.82 time, 16040.01 real, 1840 MB, 1.03 load
[runlim] sample:		16110.82 time, 16050.01 real, 1840 MB, 1.03 load
[runlim] sample:		16120.81 time, 16060.01 real, 1840 MB, 1.02 load
[runlim] sample:		16130.82 time, 16070.01 real, 1840 MB, 1.02 load
[runlim] sample:		16140.81 time, 16080.01 real, 1840 MB, 1.02 load
[runlim] sample:		16150.81 time, 16090.01 real, 1840 MB, 1.01 load
[runlim] sample:		16160.81 time, 16100.01 real, 1840 MB, 1.01 load
[runlim] sample:		16170.81 time, 16110.01 real, 1840 MB, 1.01 load
[runlim] sample:		16180.81 time, 16120.01 real, 1840 MB, 1.01 load
[runlim] sample:		16190.80 time, 16130.01 real, 1840 MB, 1.00 load
[runlim] sample:		16200.81 time, 16140.01 real, 1840 MB, 1.00 load
[runlim] sample:		16210.80 time, 16150.01 real, 1840 MB, 1.00 load
[runlim] sample:		16220.80 time, 16160.01 real, 1840 MB, 1.00 load
[runlim] sample:		16230.79 time, 16170.01 real, 1840 MB, 1.00 load
[runlim] sample:		16240.80 time, 16180.01 real, 1840 MB, 1.00 load
[runlim] sample:		16250.80 time, 16190.01 real, 1840 MB, 1.00 load
[runlim] sample:		16260.80 time, 16200.01 real, 1840 MB, 1.00 load
[runlim] sample:		16270.79 time, 16210.01 real, 1840 MB, 1.00 load
[runlim] sample:		16280.79 time, 16220.01 real, 1840 MB, 1.00 load
[runlim] sample:		16290.79 time, 16230.01 real, 1840 MB, 1.00 load
[runlim] sample:		16300.79 time, 16240.01 real, 1840 MB, 1.00 load
[runlim] sample:		16310.79 time, 16250.01 real, 1840 MB, 1.00 load
[runlim] sample:		16320.78 time, 16260.01 real, 1840 MB, 1.00 load
[runlim] sample:		16330.79 time, 16270.01 real, 1840 MB, 1.00 load
[runlim] sample:		16340.78 time, 16280.01 real, 1840 MB, 1.00 load
[runlim] sample:		16350.78 time, 16290.01 real, 1840 MB, 1.00 load
[runlim] sample:		16360.78 time, 16300.01 real, 1840 MB, 1.00 load
[runlim] sample:		16370.78 time, 16310.01 real, 1840 MB, 1.00 load
[runlim] sample:		16380.78 time, 16320.01 real, 1840 MB, 1.00 load
[runlim] sample:		16390.77 time, 16330.01 real, 1840 MB, 1.00 load
[runlim] sample:		16400.77 time, 16340.01 real, 1840 MB, 1.00 load
[runlim] sample:		16410.77 time, 16350.01 real, 1840 MB, 1.00 load
[runlim] sample:		16420.77 time, 16360.01 real, 1840 MB, 1.00 load
[runlim] sample:		16430.77 time, 16370.01 real, 1840 MB, 1.00 load
[runlim] sample:		16440.77 time, 16380.01 real, 1840 MB, 1.00 load
[runlim] sample:		16450.76 time, 16390.01 real, 1840 MB, 1.00 load
[runlim] sample:		16460.76 time, 16400.01 real, 1840 MB, 1.00 load
[runlim] sample:		16470.77 time, 16410.01 real, 1840 MB, 1.00 load
[runlim] sample:		16480.76 time, 16420.01 real, 1840 MB, 1.47 load
[runlim] sample:		16490.76 time, 16430.01 real, 1840 MB, 1.63 load
[runlim] sample:		16500.75 time, 16440.01 real, 1840 MB, 1.68 load
[runlim] sample:		16510.75 time, 16450.01 real, 1840 MB, 1.65 load
[runlim] sample:		16520.75 time, 16460.01 real, 1840 MB, 1.55 load
[runlim] sample:		16530.75 time, 16470.01 real, 1840 MB, 1.46 load
[runlim] sample:		16540.75 time, 16480.01 real, 1840 MB, 1.47 load
[runlim] sample:		16550.74 time, 16490.01 real, 1840 MB, 1.40 load
[runlim] sample:		16560.74 time, 16500.01 real, 1840 MB, 1.34 load
[runlim] sample:		16570.75 time, 16510.01 real, 1840 MB, 1.29 load
[runlim] sample:		16580.75 time, 16520.01 real, 1840 MB, 1.24 load
[runlim] sample:		16590.74 time, 16530.01 real, 1840 MB, 1.20 load
[runlim] sample:		16600.75 time, 16540.01 real, 1840 MB, 1.25 load
[runlim] sample:		16610.74 time, 16550.01 real, 1840 MB, 1.29 load
[runlim] sample:		16620.74 time, 16560.01 real, 1840 MB, 1.25 load
[runlim] sample:		16630.73 time, 16570.01 real, 1840 MB, 1.21 load
[runlim] sample:		16640.74 time, 16580.01 real, 1840 MB, 1.18 load
[runlim] sample:		16650.74 time, 16590.01 real, 1840 MB, 1.15 load
[runlim] sample:		16660.73 time, 16600.01 real, 1840 MB, 1.13 load
[runlim] sample:		16670.73 time, 16610.01 real, 1840 MB, 1.11 load
[runlim] sample:		16680.73 time, 16620.01 real, 1840 MB, 1.09 load

NN₁: mnist_relu_3_100_gemm.onnx
NN₂: mnist_relu_3_100_0.79_adam_1_stepsize.onnx
Prop: mnist_34_global_4.vnnlib
[runlim] sample:		16690.66 time, 16630.02 real, 1840 MB, 1.08 load

NN₁: mnist_relu_3_100_gemm.onnx
NN₂: mnist_relu_3_100_0.79_adam_1_stepsize.onnx
Prop: mnist_34_global_5.vnnlib
[runlim] sample:		16700.64 time, 16640.01 real, 1840 MB, 1.06 load
[runlim] sample:		16710.64 time, 16650.01 real, 1840 MB, 1.05 load
[runlim] sample:		16720.63 time, 16660.01 real, 1840 MB, 1.12 load
[runlim] sample:		16730.63 time, 16670.01 real, 1840 MB, 1.11 load
[runlim] sample:		16740.63 time, 16680.01 real, 1840 MB, 1.09 load
[runlim] sample:		16750.62 time, 16690.01 real, 1840 MB, 1.07 load

NN₁: mnist_relu_3_100_gemm.onnx
NN₂: mnist_relu_3_100_0.79_adam_1_stepsize.onnx
Prop: mnist_35_global_4.vnnlib

NN₁: mnist_relu_3_100_gemm.onnx
NN₂: mnist_relu_3_100_0.79_adam_1_stepsize.onnx
Prop: mnist_35_global_5.vnnlib
[runlim] sample:		16760.56 time, 16700.01 real, 1840 MB, 1.21 load
[runlim] sample:		16770.55 time, 16710.01 real, 1840 MB, 1.26 load
[runlim] sample:		16780.55 time, 16720.01 real, 1840 MB, 1.22 load
[runlim] sample:		16790.56 time, 16730.01 real, 1840 MB, 1.18 load
[runlim] sample:		16800.55 time, 16740.01 real, 1840 MB, 1.16 load
[runlim] sample:		16810.55 time, 16750.01 real, 1840 MB, 1.13 load
[runlim] sample:		16820.55 time, 16760.01 real, 1840 MB, 1.11 load
[runlim] sample:		16830.54 time, 16770.01 real, 1840 MB, 1.09 load
[runlim] sample:		16840.55 time, 16780.01 real, 1840 MB, 1.08 load
[runlim] sample:		16850.54 time, 16790.01 real, 1840 MB, 1.07 load
[runlim] sample:		16860.54 time, 16800.01 real, 1840 MB, 1.06 load
[runlim] sample:		16870.54 time, 16810.01 real, 1840 MB, 1.05 load
[runlim] sample:		16880.53 time, 16820.01 real, 1840 MB, 1.04 load
[runlim] sample:		16890.54 time, 16830.01 real, 1840 MB, 1.03 load
[runlim] sample:		16900.54 time, 16840.01 real, 1840 MB, 1.03 load
[runlim] sample:		16910.53 time, 16850.01 real, 1840 MB, 1.02 load
[runlim] sample:		16920.53 time, 16860.01 real, 1840 MB, 1.02 load
[runlim] sample:		16930.53 time, 16870.01 real, 1840 MB, 1.09 load
[runlim] sample:		16940.53 time, 16880.01 real, 1840 MB, 1.08 load
[runlim] sample:		16950.53 time, 16890.01 real, 1840 MB, 1.06 load
[runlim] sample:		16960.52 time, 16900.01 real, 1840 MB, 1.05 load
[runlim] sample:		16970.53 time, 16910.01 real, 1840 MB, 1.04 load
[runlim] sample:		16980.52 time, 16920.01 real, 1843 MB, 1.12 load
[runlim] sample:		16990.52 time, 16930.01 real, 1846 MB, 1.25 load
[runlim] sample:		17000.51 time, 16940.01 real, 1846 MB, 1.21 load
[runlim] sample:		17010.52 time, 16950.01 real, 1851 MB, 1.18 load
[runlim] sample:		17020.51 time, 16960.01 real, 1853 MB, 1.15 load
[runlim] sample:		17030.51 time, 16970.01 real, 1853 MB, 1.13 load
[runlim] sample:		17040.51 time, 16980.01 real, 1857 MB, 1.11 load
[runlim] sample:		17050.51 time, 16990.01 real, 1861 MB, 1.09 load
[runlim] sample:		17060.51 time, 17000.01 real, 1861 MB, 1.08 load
[runlim] sample:		17070.51 time, 17010.01 real, 1865 MB, 1.06 load
[runlim] sample:		17080.50 time, 17020.01 real, 1867 MB, 1.05 load
[runlim] sample:		17090.51 time, 17030.01 real, 1867 MB, 1.05 load
[runlim] sample:		17100.50 time, 17040.01 real, 1870 MB, 1.04 load
[runlim] sample:		17110.50 time, 17050.01 real, 1870 MB, 1.03 load
[runlim] sample:		17120.50 time, 17060.01 real, 1872 MB, 1.03 load
[runlim] sample:		17130.50 time, 17070.01 real, 1875 MB, 1.02 load
[runlim] sample:		17140.50 time, 17080.01 real, 1875 MB, 1.02 load
[runlim] sample:		17150.49 time, 17090.01 real, 1879 MB, 1.02 load
[runlim] sample:		17160.49 time, 17100.01 real, 1879 MB, 1.01 load
[runlim] sample:		17170.49 time, 17110.01 real, 1882 MB, 1.01 load
[runlim] sample:		17180.49 time, 17120.01 real, 1885 MB, 1.01 load
[runlim] sample:		17190.49 time, 17130.01 real, 1885 MB, 1.01 load
[runlim] sample:		17200.48 time, 17140.01 real, 1887 MB, 1.00 load
[runlim] sample:		17210.49 time, 17150.01 real, 1887 MB, 1.00 load
[runlim] sample:		17220.48 time, 17160.01 real, 1890 MB, 1.00 load
[runlim] sample:		17230.49 time, 17170.01 real, 1890 MB, 1.00 load
[runlim] sample:		17240.48 time, 17180.01 real, 1893 MB, 1.00 load
[runlim] sample:		17250.48 time, 17190.01 real, 1896 MB, 1.00 load
[runlim] sample:		17260.47 time, 17200.01 real, 1896 MB, 1.00 load
[runlim] sample:		17270.47 time, 17210.01 real, 1899 MB, 1.00 load
[runlim] sample:		17280.48 time, 17220.01 real, 1899 MB, 1.00 load
[runlim] sample:		17290.47 time, 17230.01 real, 1902 MB, 1.00 load
[runlim] sample:		17300.47 time, 17240.01 real, 1902 MB, 1.00 load
[runlim] sample:		17310.47 time, 17250.01 real, 1905 MB, 1.00 load
[runlim] sample:		17320.47 time, 17260.01 real, 1905 MB, 1.00 load
[runlim] sample:		17330.46 time, 17270.01 real, 1909 MB, 1.00 load
[runlim] sample:		17340.46 time, 17280.01 real, 1909 MB, 1.00 load
[runlim] sample:		17350.47 time, 17290.01 real, 1913 MB, 1.00 load

NN₁: mnist_relu_3_100_gemm.onnx
NN₂: mnist_relu_3_100_0.79_adam_1_stepsize.onnx
Prop: mnist_36_global_4.vnnlib

NN₁: mnist_relu_3_100_gemm.onnx
NN₂: mnist_relu_3_100_0.79_adam_1_stepsize.onnx
Prop: mnist_36_global_5.vnnlib

NN₁: mnist_relu_3_100_gemm.onnx
NN₂: mnist_relu_3_100_0.79_adam_1_stepsize.onnx
Prop: mnist_37_global_4.vnnlib

NN₁: mnist_relu_3_100_gemm.onnx
NN₂: mnist_relu_3_100_0.79_adam_1_stepsize.onnx
Prop: mnist_37_global_5.vnnlib
[runlim] sample:		17360.33 time, 17300.01 real, 1840 MB, 1.00 load
[runlim] sample:		17370.33 time, 17310.01 real, 1840 MB, 1.00 load
[runlim] sample:		17380.33 time, 17320.01 real, 1840 MB, 1.00 load
[runlim] sample:		17390.32 time, 17330.01 real, 1840 MB, 1.00 load
[runlim] sample:		17400.32 time, 17340.01 real, 1840 MB, 1.00 load
[runlim] sample:		17410.32 time, 17350.01 real, 1840 MB, 1.00 load
[runlim] sample:		17420.32 time, 17360.01 real, 1840 MB, 1.00 load
[runlim] sample:		17430.32 time, 17370.01 real, 1840 MB, 1.00 load
[runlim] sample:		17440.32 time, 17380.01 real, 1840 MB, 1.00 load
[runlim] sample:		17450.31 time, 17390.01 real, 1840 MB, 1.00 load
[runlim] sample:		17460.31 time, 17400.01 real, 1840 MB, 1.07 load
[runlim] sample:		17470.31 time, 17410.01 real, 1840 MB, 1.06 load
[runlim] sample:		17480.32 time, 17420.01 real, 1840 MB, 1.13 load
[runlim] sample:		17490.31 time, 17430.01 real, 1840 MB, 1.27 load
[runlim] sample:		17500.31 time, 17440.01 real, 1840 MB, 1.22 load
[runlim] sample:		17510.30 time, 17450.01 real, 1840 MB, 1.19 load
[runlim] sample:		17520.31 time, 17460.01 real, 1844 MB, 1.24 load
[runlim] sample:		17530.30 time, 17470.01 real, 1844 MB, 1.20 load
[runlim] sample:		17540.30 time, 17480.01 real, 1847 MB, 1.17 load
[runlim] sample:		17550.30 time, 17490.01 real, 1847 MB, 1.14 load
[runlim] sample:		17560.30 time, 17500.01 real, 1851 MB, 1.12 load
[runlim] sample:		17570.30 time, 17510.01 real, 1857 MB, 1.10 load
[runlim] sample:		17580.29 time, 17520.01 real, 1857 MB, 1.09 load
[runlim] sample:		17590.30 time, 17530.01 real, 1860 MB, 1.07 load
[runlim] sample:		17600.29 time, 17540.01 real, 1860 MB, 1.14 load
[runlim] sample:		17610.29 time, 17550.01 real, 1865 MB, 1.11 load
[runlim] sample:		17620.28 time, 17560.01 real, 1870 MB, 1.10 load
[runlim] sample:		17630.29 time, 17570.01 real, 1872 MB, 1.08 load
[runlim] sample:		17640.28 time, 17580.01 real, 1878 MB, 1.07 load
[runlim] sample:		17650.28 time, 17590.01 real, 1878 MB, 1.06 load
[runlim] sample:		17660.29 time, 17600.01 real, 1883 MB, 1.05 load
[runlim] sample:		17670.28 time, 17610.01 real, 1883 MB, 1.04 load
[runlim] sample:		17680.27 time, 17620.01 real, 1890 MB, 1.03 load
[runlim] sample:		17690.27 time, 17630.01 real, 1890 MB, 1.03 load
[runlim] sample:		17700.27 time, 17640.01 real, 1893 MB, 1.02 load
[runlim] sample:		17710.28 time, 17650.01 real, 1893 MB, 1.02 load
[runlim] sample:		17720.27 time, 17660.01 real, 1900 MB, 1.02 load
[runlim] sample:		17730.27 time, 17670.01 real, 1900 MB, 1.01 load
[runlim] sample:		17740.27 time, 17680.01 real, 1906 MB, 1.01 load
[runlim] sample:		17750.27 time, 17690.01 real, 1906 MB, 1.01 load
[runlim] sample:		17760.27 time, 17700.01 real, 1915 MB, 1.01 load
[runlim] sample:		17770.27 time, 17710.01 real, 1915 MB, 1.00 load
[runlim] sample:		17780.26 time, 17720.01 real, 1929 MB, 1.00 load
[runlim] sample:		17790.26 time, 17730.01 real, 1929 MB, 1.00 load
[runlim] sample:		17800.26 time, 17740.01 real, 1948 MB, 1.00 load
[runlim] sample:		17810.26 time, 17750.01 real, 1948 MB, 1.00 load
[runlim] sample:		17820.26 time, 17760.01 real, 1948 MB, 1.00 load
[runlim] sample:		17830.25 time, 17770.01 real, 1960 MB, 1.00 load
[runlim] sample:		17840.25 time, 17780.01 real, 1960 MB, 1.00 load
[runlim] sample:		17850.25 time, 17790.01 real, 1978 MB, 1.00 load
[runlim] sample:		17860.25 time, 17800.01 real, 1978 MB, 1.00 load
[runlim] sample:		17870.25 time, 17810.01 real, 1994 MB, 1.00 load
[runlim] sample:		17880.25 time, 17820.01 real, 1994 MB, 1.00 load
[runlim] sample:		17890.25 time, 17830.01 real, 1994 MB, 1.00 load
[runlim] sample:		17900.24 time, 17840.01 real, 2010 MB, 1.00 load
[runlim] sample:		17910.24 time, 17850.01 real, 2010 MB, 1.08 load
[runlim] sample:		17920.24 time, 17860.01 real, 2025 MB, 1.07 load
[runlim] sample:		17930.24 time, 17870.01 real, 2025 MB, 1.06 load
[runlim] sample:		17940.24 time, 17880.01 real, 2041 MB, 1.05 load
[runlim] sample:		17950.24 time, 17890.01 real, 2041 MB, 1.04 load

NN₁: mnist_relu_3_100_gemm.onnx
NN₂: mnist_relu_3_100_0.79_adam_1_stepsize.onnx
Prop: mnist_38_global_4.vnnlib
[runlim] sample:		17960.18 time, 17900.01 real, 1851 MB, 1.03 load

NN₁: mnist_relu_3_100_gemm.onnx
NN₂: mnist_relu_3_100_0.79_adam_1_stepsize.onnx
Prop: mnist_38_global_5.vnnlib
[runlim] sample:		17970.15 time, 17910.01 real, 1851 MB, 1.03 load
[runlim] sample:		17980.16 time, 17920.01 real, 1851 MB, 1.10 load
[runlim] sample:		17990.16 time, 17930.01 real, 1851 MB, 1.24 load
[runlim] sample:		18000.16 time, 17940.01 real, 1851 MB, 1.20 load
[runlim] sample:		18010.15 time, 17950.01 real, 1851 MB, 1.17 load
[runlim] sample:		18020.15 time, 17960.01 real, 1851 MB, 1.15 load
[runlim] sample:		18030.15 time, 17970.01 real, 1851 MB, 1.12 load
[runlim] sample:		18040.14 time, 17980.01 real, 1851 MB, 1.10 load
[runlim] sample:		18050.14 time, 17990.01 real, 1851 MB, 1.09 load
[runlim] sample:		18060.15 time, 18000.01 real, 1851 MB, 1.07 load
[runlim] sample:		18070.15 time, 18010.01 real, 1852 MB, 1.06 load
[runlim] sample:		18080.14 time, 18020.01 real, 1856 MB, 1.05 load
[runlim] sample:		18090.14 time, 18030.01 real, 1856 MB, 1.04 load
[runlim] sample:		18100.14 time, 18040.01 real, 1859 MB, 1.04 load
[runlim] sample:		18110.14 time, 18050.01 real, 1859 MB, 1.03 load
[runlim] sample:		18120.14 time, 18060.01 real, 1863 MB, 1.02 load
[runlim] sample:		18130.13 time, 18070.01 real, 1863 MB, 1.02 load
[runlim] sample:		18140.13 time, 18080.01 real, 1865 MB, 1.02 load
[runlim] sample:		18150.14 time, 18090.01 real, 1865 MB, 1.01 load
[runlim] sample:		18160.13 time, 18100.01 real, 1869 MB, 1.01 load
[runlim] sample:		18170.13 time, 18110.01 real, 1869 MB, 1.01 load
[runlim] sample:		18180.13 time, 18120.01 real, 1874 MB, 1.01 load
[runlim] sample:		18190.12 time, 18130.01 real, 1874 MB, 1.01 load
[runlim] sample:		18200.13 time, 18140.01 real, 1875 MB, 1.00 load
[runlim] sample:		18210.13 time, 18150.01 real, 1875 MB, 1.00 load
[runlim] sample:		18220.12 time, 18160.01 real, 1879 MB, 1.00 load
[runlim] sample:		18230.12 time, 18170.01 real, 1879 MB, 1.00 load
[runlim] sample:		18240.12 time, 18180.01 real, 1882 MB, 1.00 load
[runlim] sample:		18250.12 time, 18190.01 real, 1882 MB, 1.00 load
[runlim] sample:		18260.12 time, 18200.01 real, 1886 MB, 1.00 load
[runlim] sample:		18270.12 time, 18210.01 real, 1886 MB, 1.00 load
[runlim] sample:		18280.11 time, 18220.01 real, 1891 MB, 1.00 load
[runlim] sample:		18290.11 time, 18230.01 real, 1891 MB, 1.00 load
[runlim] sample:		18300.12 time, 18240.01 real, 1891 MB, 1.00 load
[runlim] sample:		18310.11 time, 18250.01 real, 1895 MB, 1.00 load
[runlim] sample:		18320.11 time, 18260.01 real, 1895 MB, 1.00 load
[runlim] sample:		18330.11 time, 18270.01 real, 1901 MB, 1.00 load
[runlim] sample:		18340.11 time, 18280.01 real, 1901 MB, 1.00 load
[runlim] sample:		18350.10 time, 18290.01 real, 1906 MB, 1.00 load
[runlim] sample:		18360.10 time, 18300.01 real, 1906 MB, 1.00 load
[runlim] sample:		18370.10 time, 18310.01 real, 1906 MB, 1.00 load
[runlim] sample:		18380.10 time, 18320.01 real, 1913 MB, 1.00 load
[runlim] sample:		18390.10 time, 18330.01 real, 1913 MB, 1.00 load
[runlim] sample:		18400.09 time, 18340.01 real, 1917 MB, 1.00 load
[runlim] sample:		18410.09 time, 18350.01 real, 1917 MB, 1.00 load
[runlim] sample:		18420.09 time, 18360.01 real, 1917 MB, 1.00 load
[runlim] sample:		18430.09 time, 18370.01 real, 1923 MB, 1.07 load
[runlim] sample:		18440.09 time, 18380.01 real, 1923 MB, 1.06 load
[runlim] sample:		18450.09 time, 18390.01 real, 1929 MB, 1.05 load
[runlim] sample:		18460.09 time, 18400.01 real, 1929 MB, 1.04 load
[runlim] sample:		18470.08 time, 18410.01 real, 1929 MB, 1.04 load
[runlim] sample:		18480.08 time, 18420.01 real, 1935 MB, 1.11 load
[runlim] sample:		18490.09 time, 18430.01 real, 1935 MB, 1.25 load
[runlim] sample:		18500.08 time, 18440.01 real, 1941 MB, 1.28 load
[runlim] sample:		18510.08 time, 18450.01 real, 1941 MB, 1.24 load
[runlim] sample:		18520.07 time, 18460.01 real, 1941 MB, 1.20 load
[runlim] sample:		18530.07 time, 18470.01 real, 1948 MB, 1.17 load
[runlim] sample:		18540.07 time, 18480.01 real, 1948 MB, 1.14 load
[runlim] sample:		18550.07 time, 18490.01 real, 1948 MB, 1.12 load
[runlim] sample:		18560.07 time, 18500.01 real, 1954 MB, 1.10 load

NN₁: mnist_relu_3_100_gemm.onnx
NN₂: mnist_relu_3_100_0.79_adam_1_stepsize.onnx
Prop: mnist_39_global_4.vnnlib

NN₁: mnist_relu_3_100_gemm.onnx
NN₂: mnist_relu_3_100_0.79_adam_1_stepsize.onnx
Prop: mnist_39_global_5.vnnlib
[runlim] sample:		18570.00 time, 18510.01 real, 1851 MB, 1.09 load
[runlim] sample:		18580.00 time, 18520.01 real, 1851 MB, 1.07 load
[runlim] sample:		18590.00 time, 18530.01 real, 1851 MB, 1.06 load
[runlim] sample:		18599.99 time, 18540.01 real, 1851 MB, 1.05 load
[runlim] sample:		18610.00 time, 18550.01 real, 1851 MB, 1.20 load
[runlim] sample:		18619.99 time, 18560.01 real, 1851 MB, 1.17 load
[runlim] sample:		18629.99 time, 18570.01 real, 1851 MB, 1.14 load
[runlim] sample:		18639.99 time, 18580.01 real, 1851 MB, 1.12 load
[runlim] sample:		18649.99 time, 18590.01 real, 1851 MB, 1.10 load
[runlim] sample:		18659.99 time, 18600.01 real, 1851 MB, 1.09 load
[runlim] sample:		18669.99 time, 18610.02 real, 1851 MB, 1.07 load
[runlim] sample:		18679.98 time, 18620.01 real, 1851 MB, 1.06 load
[runlim] sample:		18689.98 time, 18630.01 real, 1851 MB, 1.05 load
[runlim] sample:		18699.98 time, 18640.01 real, 1851 MB, 1.04 load
[runlim] sample:		18709.98 time, 18650.01 real, 1851 MB, 1.04 load
[runlim] sample:		18719.98 time, 18660.01 real, 1851 MB, 1.03 load
[runlim] sample:		18729.97 time, 18670.01 real, 1851 MB, 1.02 load
[runlim] sample:		18739.97 time, 18680.01 real, 1851 MB, 1.09 load
[runlim] sample:		18749.98 time, 18690.01 real, 1851 MB, 1.08 load
[runlim] sample:		18759.97 time, 18700.01 real, 1851 MB, 1.15 load
[runlim] sample:		18769.97 time, 18710.01 real, 1851 MB, 1.12 load
[runlim] sample:		18779.98 time, 18720.01 real, 1851 MB, 1.10 load
[runlim] sample:		18789.97 time, 18730.01 real, 1851 MB, 1.09 load
[runlim] sample:		18799.97 time, 18740.01 real, 1851 MB, 1.15 load
[runlim] sample:		18809.97 time, 18750.01 real, 1851 MB, 1.13 load
[runlim] sample:		18819.97 time, 18760.01 real, 1851 MB, 1.11 load
[runlim] sample:		18829.96 time, 18770.01 real, 1851 MB, 1.09 load
[runlim] sample:		18839.97 time, 18780.01 real, 1851 MB, 1.08 load
[runlim] sample:		18849.96 time, 18790.01 real, 1851 MB, 1.07 load
[runlim] sample:		18859.96 time, 18800.01 real, 1851 MB, 1.06 load
[runlim] sample:		18869.96 time, 18810.01 real, 1851 MB, 1.05 load

NN₁: mnist_relu_3_100_gemm.onnx
NN₂: mnist_relu_3_100_0.79_adam_1_stepsize.onnx
Prop: mnist_40_global_4.vnnlib
[runlim] sample:		18879.91 time, 18820.01 real, 1851 MB, 1.04 load
[runlim] sample:		18889.90 time, 18830.01 real, 1851 MB, 1.03 load
[runlim] sample:		18899.90 time, 18840.01 real, 1851 MB, 1.03 load
[runlim] sample:		18909.91 time, 18850.01 real, 1851 MB, 1.02 load
[runlim] sample:		18919.91 time, 18860.01 real, 1851 MB, 1.02 load
[runlim] sample:		18929.90 time, 18870.01 real, 1851 MB, 1.02 load
[runlim] sample:		18939.90 time, 18880.01 real, 1851 MB, 1.01 load
[runlim] sample:		18949.90 time, 18890.01 real, 1851 MB, 1.01 load
[runlim] sample:		18959.89 time, 18900.01 real, 1851 MB, 1.01 load
[runlim] sample:		18969.90 time, 18910.01 real, 1852 MB, 1.01 load
[runlim] sample:		18979.90 time, 18920.01 real, 1852 MB, 1.09 load
[runlim] sample:		18989.89 time, 18930.01 real, 1853 MB, 1.31 load
[runlim] sample:		18999.89 time, 18940.01 real, 1853 MB, 1.26 load
[runlim] sample:		19009.89 time, 18950.01 real, 1856 MB, 1.22 load
[runlim] sample:		19019.88 time, 18960.01 real, 1859 MB, 1.18 load
[runlim] sample:		19029.89 time, 18970.01 real, 1859 MB, 1.16 load
[runlim] sample:		19039.88 time, 18980.01 real, 1862 MB, 1.13 load
[runlim] sample:		19049.88 time, 18990.01 real, 1862 MB, 1.11 load
[runlim] sample:		19059.88 time, 19000.01 real, 1865 MB, 1.09 load
[runlim] sample:		19069.88 time, 19010.01 real, 1865 MB, 1.08 load
[runlim] sample:		19079.88 time, 19020.01 real, 1868 MB, 1.07 load
[runlim] sample:		19089.87 time, 19030.01 real, 1868 MB, 1.06 load
[runlim] sample:		19099.88 time, 19040.01 real, 1871 MB, 1.05 load
[runlim] sample:		19109.87 time, 19050.01 real, 1871 MB, 1.04 load
[runlim] sample:		19119.87 time, 19060.01 real, 1875 MB, 1.03 load
[runlim] sample:		19129.86 time, 19070.01 real, 1875 MB, 1.03 load
[runlim] sample:		19139.87 time, 19080.01 real, 1875 MB, 1.02 load
[runlim] sample:		19149.87 time, 19090.01 real, 1876 MB, 1.02 load
[runlim] sample:		19159.87 time, 19100.01 real, 1876 MB, 1.02 load
[runlim] sample:		19169.86 time, 19110.01 real, 1881 MB, 1.01 load
[runlim] sample:		19179.86 time, 19120.01 real, 1881 MB, 1.01 load
[runlim] sample:		19189.85 time, 19130.01 real, 1883 MB, 1.01 load
[runlim] sample:		19199.86 time, 19140.01 real, 1883 MB, 1.01 load
[runlim] sample:		19209.85 time, 19150.01 real, 1888 MB, 1.00 load
[runlim] sample:		19219.85 time, 19160.01 real, 1888 MB, 1.00 load
[runlim] sample:		19229.86 time, 19170.01 real, 1891 MB, 1.00 load
[runlim] sample:		19239.85 time, 19180.01 real, 1891 MB, 1.00 load
[runlim] sample:		19249.85 time, 19190.01 real, 1891 MB, 1.00 load
[runlim] sample:		19259.84 time, 19200.01 real, 1896 MB, 1.00 load
[runlim] sample:		19269.84 time, 19210.01 real, 1896 MB, 1.00 load
[runlim] sample:		19279.85 time, 19220.01 real, 1900 MB, 1.00 load
[runlim] sample:		19289.84 time, 19230.01 real, 1900 MB, 1.00 load
[runlim] sample:		19299.84 time, 19240.01 real, 1905 MB, 1.00 load
[runlim] sample:		19309.83 time, 19250.01 real, 1905 MB, 1.00 load
[runlim] sample:		19319.84 time, 19260.01 real, 1905 MB, 1.00 load
[runlim] sample:		19329.83 time, 19270.01 real, 1910 MB, 1.00 load
[runlim] sample:		19339.83 time, 19280.01 real, 1910 MB, 1.00 load
[runlim] sample:		19349.84 time, 19290.01 real, 1915 MB, 1.00 load
[runlim] sample:		19359.83 time, 19300.01 real, 1915 MB, 1.00 load
[runlim] sample:		19369.82 time, 19310.01 real, 1915 MB, 1.00 load
[runlim] sample:		19379.82 time, 19320.01 real, 1919 MB, 1.00 load
[runlim] sample:		19389.81 time, 19330.01 real, 1919 MB, 1.00 load
[runlim] sample:		19399.82 time, 19340.01 real, 1924 MB, 1.00 load
[runlim] sample:		19409.81 time, 19350.01 real, 1924 MB, 1.00 load
[runlim] sample:		19419.81 time, 19360.01 real, 1924 MB, 1.00 load
[runlim] sample:		19429.80 time, 19370.01 real, 1928 MB, 1.00 load
[runlim] sample:		19439.80 time, 19380.01 real, 1928 MB, 1.00 load
[runlim] sample:		19449.80 time, 19390.01 real, 1928 MB, 1.00 load
[runlim] sample:		19459.80 time, 19400.01 real, 1936 MB, 1.00 load
[runlim] sample:		19469.79 time, 19410.01 real, 1936 MB, 1.00 load

NN₁: mnist_relu_3_100_gemm.onnx
NN₂: mnist_relu_3_100_0.79_adam_1_stepsize.onnx
Prop: mnist_40_global_5.vnnlib
[runlim] sample:		19479.75 time, 19420.01 real, 1851 MB, 1.08 load
[runlim] sample:		19489.74 time, 19430.01 real, 1851 MB, 1.22 load
[runlim] sample:		19499.74 time, 19440.01 real, 1851 MB, 1.26 load
[runlim] sample:		19509.74 time, 19450.01 real, 1851 MB, 1.22 load
[runlim] sample:		19519.74 time, 19460.01 real, 1851 MB, 1.19 load
[runlim] sample:		19529.74 time, 19470.01 real, 1851 MB, 1.16 load
[runlim] sample:		19539.73 time, 19480.01 real, 1851 MB, 1.13 load
[runlim] sample:		19549.73 time, 19490.01 real, 1851 MB, 1.11 load
[runlim] sample:		19559.73 time, 19500.01 real, 1851 MB, 1.09 load
[runlim] sample:		19569.72 time, 19510.01 real, 1851 MB, 1.15 load
[runlim] sample:		19579.72 time, 19520.01 real, 1851 MB, 1.13 load
[runlim] sample:		19589.72 time, 19530.01 real, 1851 MB, 1.11 load
[runlim] sample:		19599.72 time, 19540.01 real, 1854 MB, 1.09 load
[runlim] sample:		19609.71 time, 19550.01 real, 1854 MB, 1.08 load
[runlim] sample:		19619.72 time, 19560.01 real, 1855 MB, 1.06 load
[runlim] sample:		19629.72 time, 19570.01 real, 1855 MB, 1.05 load
[runlim] sample:		19639.71 time, 19580.01 real, 1860 MB, 1.12 load
[runlim] sample:		19649.71 time, 19590.01 real, 1860 MB, 1.10 load
[runlim] sample:		19659.71 time, 19600.01 real, 1860 MB, 1.08 load
[runlim] sample:		19669.71 time, 19610.01 real, 1860 MB, 1.07 load
[runlim] sample:		19679.70 time, 19620.01 real, 1865 MB, 1.06 load
[runlim] sample:		19689.70 time, 19630.01 real, 1865 MB, 1.05 load
[runlim] sample:		19699.70 time, 19640.01 real, 1869 MB, 1.04 load
[runlim] sample:		19709.70 time, 19650.01 real, 1869 MB, 1.04 load
[runlim] sample:		19719.70 time, 19660.01 real, 1872 MB, 1.03 load
[runlim] sample:		19729.70 time, 19670.01 real, 1872 MB, 1.02 load
[runlim] sample:		19739.70 time, 19680.01 real, 1872 MB, 1.02 load
[runlim] sample:		19749.70 time, 19690.01 real, 1874 MB, 1.02 load
[runlim] sample:		19759.69 time, 19700.01 real, 1874 MB, 1.01 load
[runlim] sample:		19769.69 time, 19710.01 real, 1876 MB, 1.01 load
[runlim] sample:		19779.69 time, 19720.01 real, 1876 MB, 1.01 load
[runlim] sample:		19789.69 time, 19730.01 real, 1879 MB, 1.01 load
[runlim] sample:		19799.69 time, 19740.01 real, 1879 MB, 1.01 load
[runlim] sample:		19809.68 time, 19750.01 real, 1883 MB, 1.00 load
[runlim] sample:		19819.68 time, 19760.01 real, 1883 MB, 1.00 load
[runlim] sample:		19829.69 time, 19770.01 real, 1887 MB, 1.00 load
[runlim] sample:		19839.68 time, 19780.01 real, 1887 MB, 1.00 load
[runlim] sample:		19849.68 time, 19790.02 real, 1887 MB, 1.00 load
[runlim] sample:		19859.68 time, 19800.01 real, 1890 MB, 1.00 load
[runlim] sample:		19869.68 time, 19810.01 real, 1890 MB, 1.00 load
[runlim] sample:		19879.67 time, 19820.01 real, 1896 MB, 1.15 load
[runlim] sample:		19889.68 time, 19830.01 real, 1896 MB, 1.12 load
[runlim] sample:		19899.67 time, 19840.01 real, 1901 MB, 1.10 load
[runlim] sample:		19909.67 time, 19850.01 real, 1901 MB, 1.09 load
[runlim] sample:		19919.67 time, 19860.01 real, 1901 MB, 1.07 load
[runlim] sample:		19929.67 time, 19870.01 real, 1905 MB, 1.06 load
[runlim] sample:		19939.67 time, 19880.01 real, 1905 MB, 1.13 load
[runlim] sample:		19949.67 time, 19890.01 real, 1911 MB, 1.11 load
[runlim] sample:		19959.66 time, 19900.01 real, 1911 MB, 1.09 load
[runlim] sample:		19969.66 time, 19910.01 real, 1911 MB, 1.08 load
[runlim] sample:		19979.66 time, 19920.01 real, 1914 MB, 1.14 load
[runlim] sample:		19989.66 time, 19930.01 real, 1914 MB, 1.28 load
[runlim] sample:		19999.66 time, 19940.01 real, 1914 MB, 1.23 load
[runlim] sample:		20009.66 time, 19950.01 real, 1920 MB, 1.20 load
[runlim] sample:		20019.66 time, 19960.01 real, 1920 MB, 1.17 load
[runlim] sample:		20029.65 time, 19970.01 real, 1925 MB, 1.14 load
[runlim] sample:		20039.65 time, 19980.01 real, 1925 MB, 1.12 load
[runlim] sample:		20049.65 time, 19990.01 real, 1925 MB, 1.10 load
[runlim] sample:		20059.65 time, 20000.01 real, 1929 MB, 1.08 load
[runlim] sample:		20069.65 time, 20010.01 real, 1929 MB, 1.07 load

NN₁: mnist_relu_3_100_gemm.onnx
NN₂: mnist_relu_3_100_0.79_adam_1_stepsize.onnx
Prop: mnist_41_global_4.vnnlib
[runlim] sample:		20079.60 time, 20020.01 real, 1851 MB, 1.06 load

NN₁: mnist_relu_3_100_gemm.onnx
NN₂: mnist_relu_3_100_0.79_adam_1_stepsize.onnx
Prop: mnist_41_global_5.vnnlib
[runlim] sample:		20089.57 time, 20030.01 real, 1851 MB, 1.05 load
[runlim] sample:		20099.56 time, 20040.01 real, 1851 MB, 1.04 load
[runlim] sample:		20109.56 time, 20050.01 real, 1851 MB, 1.03 load
[runlim] sample:		20119.56 time, 20060.01 real, 1851 MB, 1.03 load
[runlim] sample:		20129.56 time, 20070.01 real, 1851 MB, 1.02 load
[runlim] sample:		20139.56 time, 20080.01 real, 1851 MB, 1.02 load
[runlim] sample:		20149.56 time, 20090.01 real, 1851 MB, 1.02 load
[runlim] sample:		20159.56 time, 20100.01 real, 1851 MB, 1.01 load
[runlim] sample:		20169.56 time, 20110.01 real, 1851 MB, 1.01 load
[runlim] sample:		20179.55 time, 20120.01 real, 1851 MB, 1.01 load
[runlim] sample:		20189.55 time, 20130.01 real, 1851 MB, 1.01 load
[runlim] sample:		20199.56 time, 20140.01 real, 1853 MB, 1.01 load
[runlim] sample:		20209.55 time, 20150.01 real, 1853 MB, 1.00 load
[runlim] sample:		20219.55 time, 20160.01 real, 1857 MB, 1.00 load
[runlim] sample:		20229.54 time, 20170.01 real, 1857 MB, 1.00 load
[runlim] sample:		20239.55 time, 20180.01 real, 1861 MB, 1.00 load
[runlim] sample:		20249.55 time, 20190.01 real, 1864 MB, 1.00 load
[runlim] sample:		20259.54 time, 20200.01 real, 1864 MB, 1.00 load
[runlim] sample:		20269.54 time, 20210.01 real, 1868 MB, 1.00 load
[runlim] sample:		20279.54 time, 20220.01 real, 1868 MB, 1.00 load
[runlim] sample:		20289.53 time, 20230.01 real, 1871 MB, 1.00 load
[runlim] sample:		20299.54 time, 20240.01 real, 1871 MB, 1.00 load
[runlim] sample:		20309.53 time, 20250.01 real, 1875 MB, 1.00 load
[runlim] sample:		20319.53 time, 20260.01 real, 1875 MB, 1.00 load
[runlim] sample:		20329.53 time, 20270.01 real, 1879 MB, 1.00 load
[runlim] sample:		20339.53 time, 20280.01 real, 1879 MB, 1.00 load
[runlim] sample:		20349.53 time, 20290.01 real, 1882 MB, 1.00 load
[runlim] sample:		20359.52 time, 20300.01 real, 1882 MB, 1.00 load
[runlim] sample:		20369.52 time, 20310.01 real, 1882 MB, 1.00 load
[runlim] sample:		20379.53 time, 20320.01 real, 1888 MB, 1.00 load
[runlim] sample:		20389.52 time, 20330.01 real, 1888 MB, 1.00 load
[runlim] sample:		20399.52 time, 20340.01 real, 1893 MB, 1.00 load
[runlim] sample:		20409.52 time, 20350.01 real, 1893 MB, 1.00 load
[runlim] sample:		20419.52 time, 20360.01 real, 1897 MB, 1.00 load
[runlim] sample:		20429.52 time, 20370.01 real, 1897 MB, 1.00 load
[runlim] sample:		20439.52 time, 20380.01 real, 1902 MB, 1.00 load
[runlim] sample:		20449.51 time, 20390.01 real, 1902 MB, 1.00 load
[runlim] sample:		20459.51 time, 20400.01 real, 1902 MB, 1.00 load
[runlim] sample:		20469.50 time, 20410.01 real, 1907 MB, 1.00 load
[runlim] sample:		20479.51 time, 20420.01 real, 1907 MB, 1.08 load
[runlim] sample:		20489.51 time, 20430.01 real, 1913 MB, 1.22 load
[runlim] sample:		20499.50 time, 20440.01 real, 1913 MB, 1.19 load
[runlim] sample:		20509.50 time, 20450.01 real, 1913 MB, 1.16 load
[runlim] sample:		20519.50 time, 20460.01 real, 1919 MB, 1.13 load
[runlim] sample:		20529.50 time, 20470.01 real, 1919 MB, 1.11 load
[runlim] sample:		20539.50 time, 20480.01 real, 1925 MB, 1.09 load
[runlim] sample:		20549.50 time, 20490.01 real, 1925 MB, 1.08 load
[runlim] sample:		20559.49 time, 20500.01 real, 1925 MB, 1.07 load
[runlim] sample:		20569.50 time, 20510.01 real, 1930 MB, 1.06 load
[runlim] sample:		20579.50 time, 20520.01 real, 1930 MB, 1.05 load
[runlim] sample:		20589.49 time, 20530.01 real, 1937 MB, 1.04 load
[runlim] sample:		20599.49 time, 20540.01 real, 1937 MB, 1.03 load
[runlim] sample:		20609.49 time, 20550.01 real, 1937 MB, 1.03 load
[runlim] sample:		20619.49 time, 20560.01 real, 1942 MB, 1.02 load
[runlim] sample:		20629.49 time, 20570.01 real, 1942 MB, 1.02 load
[runlim] sample:		20639.48 time, 20580.01 real, 1942 MB, 1.02 load
[runlim] sample:		20649.48 time, 20590.01 real, 1946 MB, 1.01 load
[runlim] sample:		20659.48 time, 20600.01 real, 1946 MB, 1.01 load
[runlim] sample:		20669.48 time, 20610.01 real, 1946 MB, 1.01 load
[runlim] sample:		20679.47 time, 20620.01 real, 1955 MB, 1.01 load

NN₁: mnist_relu_3_100_gemm.onnx
NN₂: mnist_relu_3_100_0.79_adam_1_stepsize.onnx
Prop: mnist_42_global_4.vnnlib

NN₁: mnist_relu_3_100_gemm.onnx
NN₂: mnist_relu_3_100_0.79_adam_1_stepsize.onnx
Prop: mnist_42_global_5.vnnlib
[runlim] sample:		20689.40 time, 20630.01 real, 1852 MB, 1.00 load
[runlim] sample:		20699.40 time, 20640.01 real, 1852 MB, 1.00 load
[runlim] sample:		20709.39 time, 20650.01 real, 1852 MB, 1.00 load
[runlim] sample:		20719.39 time, 20660.01 real, 1852 MB, 1.00 load
[runlim] sample:		20729.39 time, 20670.01 real, 1852 MB, 1.00 load
[runlim] sample:		20739.40 time, 20680.01 real, 1852 MB, 1.00 load
[runlim] sample:		20749.39 time, 20690.01 real, 1852 MB, 1.00 load
[runlim] sample:		20759.39 time, 20700.01 real, 1852 MB, 1.00 load
[runlim] sample:		20769.39 time, 20710.01 real, 1852 MB, 1.00 load
[runlim] sample:		20779.38 time, 20720.01 real, 1852 MB, 1.07 load
[runlim] sample:		20789.38 time, 20730.01 real, 1852 MB, 1.06 load
[runlim] sample:		20799.38 time, 20740.01 real, 1852 MB, 1.05 load
[runlim] sample:		20809.38 time, 20750.01 real, 1852 MB, 1.04 load
[runlim] sample:		20819.38 time, 20760.01 real, 1852 MB, 1.04 load
[runlim] sample:		20829.38 time, 20770.01 real, 1852 MB, 1.03 load
[runlim] sample:		20839.38 time, 20780.01 real, 1852 MB, 1.02 load
[runlim] sample:		20849.37 time, 20790.01 real, 1852 MB, 1.02 load
[runlim] sample:		20859.37 time, 20800.01 real, 1853 MB, 1.02 load
[runlim] sample:		20869.39 time, 20810.01 real, 1853 MB, 1.01 load
[runlim] sample:		20879.64 time, 20820.01 real, 1855 MB, 1.01 load
[runlim] sample:		20889.77 time, 20830.01 real, 1857 MB, 1.01 load
[runlim] sample:		20900.16 time, 20840.01 real, 1857 MB, 1.01 load
[runlim] sample:		20910.31 time, 20850.01 real, 1860 MB, 1.01 load
[runlim] sample:		20921.03 time, 20860.01 real, 1863 MB, 1.00 load
[runlim] sample:		20931.64 time, 20870.01 real, 1863 MB, 1.00 load
[runlim] sample:		20941.71 time, 20880.01 real, 1867 MB, 1.00 load
[runlim] sample:		20951.71 time, 20890.01 real, 1871 MB, 1.00 load
[runlim] sample:		20961.70 time, 20900.01 real, 1871 MB, 1.00 load
[runlim] sample:		20971.70 time, 20910.01 real, 1874 MB, 1.00 load
[runlim] sample:		20981.70 time, 20920.01 real, 1878 MB, 1.08 load
[runlim] sample:		20991.70 time, 20930.01 real, 1878 MB, 1.22 load
[runlim] sample:		21002.08 time, 20940.01 real, 1882 MB, 1.26 load
[runlim] sample:		21012.16 time, 20950.02 real, 1882 MB, 1.22 load
[runlim] sample:		21022.15 time, 20960.01 real, 1887 MB, 1.27 load
[runlim] sample:		21032.15 time, 20970.01 real, 1892 MB, 1.23 load
[runlim] sample:		21042.15 time, 20980.01 real, 1892 MB, 1.19 load
[runlim] sample:		21052.16 time, 20990.01 real, 1896 MB, 1.16 load
[runlim] sample:		21062.16 time, 21000.01 real, 1896 MB, 1.14 load
[runlim] sample:		21072.16 time, 21010.01 real, 1898 MB, 1.11 load
[runlim] sample:		21082.15 time, 21020.01 real, 1898 MB, 1.10 load
[runlim] sample:		21092.16 time, 21030.01 real, 1901 MB, 1.08 load
[runlim] sample:		21102.74 time, 21040.01 real, 1905 MB, 1.07 load
[runlim] sample:		21112.94 time, 21050.01 real, 1905 MB, 1.06 load
[runlim] sample:		21123.08 time, 21060.01 real, 1909 MB, 1.05 load
[runlim] sample:		21133.11 time, 21070.01 real, 1909 MB, 1.04 load
[runlim] sample:		21143.21 time, 21080.01 real, 1912 MB, 1.03 load
[runlim] sample:		21153.22 time, 21090.01 real, 1912 MB, 1.03 load
[runlim] sample:		21163.41 time, 21100.01 real, 1916 MB, 1.02 load
[runlim] sample:		21173.73 time, 21110.01 real, 1917 MB, 1.02 load
[runlim] sample:		21183.73 time, 21120.01 real, 1923 MB, 1.02 load
[runlim] sample:		21193.75 time, 21130.01 real, 1923 MB, 1.01 load
[runlim] sample:		21204.38 time, 21140.01 real, 1927 MB, 1.01 load
[runlim] sample:		21214.96 time, 21150.01 real, 1936 MB, 1.01 load
[runlim] sample:		21225.05 time, 21160.01 real, 1936 MB, 1.01 load
[runlim] sample:		21235.08 time, 21170.01 real, 1944 MB, 1.00 load
[runlim] sample:		21245.07 time, 21180.01 real, 1944 MB, 1.00 load
[runlim] sample:		21255.12 time, 21190.01 real, 1956 MB, 1.00 load
[runlim] sample:		21265.15 time, 21200.01 real, 1956 MB, 1.00 load
[runlim] sample:		21275.15 time, 21210.01 real, 1963 MB, 1.00 load
[runlim] sample:		21285.15 time, 21220.01 real, 1963 MB, 1.00 load

NN₁: mnist_relu_3_100_gemm.onnx
NN₂: mnist_relu_3_100_0.79_adam_1_stepsize.onnx
Prop: mnist_43_global_4.vnnlib
[runlim] sample:		21295.09 time, 21230.01 real, 1850 MB, 1.07 load
[runlim] sample:		21305.10 time, 21240.01 real, 1850 MB, 1.06 load
[runlim] sample:		21315.10 time, 21250.01 real, 1850 MB, 1.13 load
[runlim] sample:		21325.10 time, 21260.01 real, 1850 MB, 1.11 load
[runlim] sample:		21335.10 time, 21270.01 real, 1850 MB, 1.09 load
[runlim] sample:		21345.09 time, 21280.01 real, 1850 MB, 1.16 load
[runlim] sample:		21355.10 time, 21290.01 real, 1850 MB, 1.13 load
[runlim] sample:		21365.10 time, 21300.01 real, 1850 MB, 1.11 load
[runlim] sample:		21375.09 time, 21310.01 real, 1850 MB, 1.10 load
[runlim] sample:		21385.09 time, 21320.01 real, 1850 MB, 1.08 load
[runlim] sample:		21395.09 time, 21330.01 real, 1850 MB, 1.07 load
[runlim] sample:		21405.09 time, 21340.01 real, 1850 MB, 1.06 load
[runlim] sample:		21415.09 time, 21350.01 real, 1850 MB, 1.12 load
[runlim] sample:		21425.09 time, 21360.01 real, 1853 MB, 1.18 load
[runlim] sample:		21435.08 time, 21370.01 real, 1853 MB, 1.15 load
[runlim] sample:		21445.09 time, 21380.01 real, 1857 MB, 1.13 load
[runlim] sample:		21455.08 time, 21390.01 real, 1861 MB, 1.11 load
[runlim] sample:		21465.08 time, 21400.01 real, 1861 MB, 1.09 load
[runlim] sample:		21475.08 time, 21410.01 real, 1865 MB, 1.15 load
[runlim] sample:		21485.08 time, 21420.01 real, 1871 MB, 1.37 load
[runlim] sample:		21495.08 time, 21430.01 real, 1871 MB, 1.61 load
[runlim] sample:		21505.08 time, 21440.01 real, 1876 MB, 1.59 load
[runlim] sample:		21515.07 time, 21450.01 real, 1876 MB, 1.50 load
[runlim] sample:		21525.08 time, 21460.01 real, 1884 MB, 1.42 load
[runlim] sample:		21535.08 time, 21470.01 real, 1884 MB, 1.36 load
[runlim] sample:		21545.07 time, 21480.01 real, 1888 MB, 1.38 load
[runlim] sample:		21555.07 time, 21490.01 real, 1896 MB, 1.32 load
[runlim] sample:		21565.07 time, 21500.01 real, 1896 MB, 1.27 load
[runlim] sample:		21575.07 time, 21510.01 real, 1902 MB, 1.23 load
[runlim] sample:		21585.07 time, 21520.01 real, 1902 MB, 1.20 load
[runlim] sample:		21595.07 time, 21530.01 real, 1907 MB, 1.17 load
[runlim] sample:		21605.06 time, 21540.01 real, 1907 MB, 1.14 load
[runlim] sample:		21615.07 time, 21550.01 real, 1914 MB, 1.12 load
[runlim] sample:		21625.06 time, 21560.01 real, 1914 MB, 1.10 load
[runlim] sample:		21635.06 time, 21570.01 real, 1925 MB, 1.08 load
[runlim] sample:		21645.06 time, 21580.01 real, 1925 MB, 1.07 load
[runlim] sample:		21655.06 time, 21590.01 real, 1941 MB, 1.06 load
[runlim] sample:		21665.06 time, 21600.01 real, 1941 MB, 1.13 load
[runlim] sample:		21675.06 time, 21610.01 real, 1953 MB, 1.11 load
[runlim] sample:		21685.05 time, 21620.01 real, 1953 MB, 1.09 load
[runlim] sample:		21695.06 time, 21630.01 real, 1965 MB, 1.08 load
[runlim] sample:		21705.06 time, 21640.01 real, 1965 MB, 1.07 load
[runlim] sample:		21715.05 time, 21650.01 real, 1965 MB, 1.06 load
[runlim] sample:		21725.06 time, 21660.01 real, 1975 MB, 1.05 load
[runlim] sample:		21735.05 time, 21670.01 real, 1975 MB, 1.04 load
[runlim] sample:		21745.05 time, 21680.01 real, 1987 MB, 1.03 load
[runlim] sample:		21755.05 time, 21690.01 real, 1987 MB, 1.03 load
[runlim] sample:		21765.05 time, 21700.01 real, 1997 MB, 1.02 load
[runlim] sample:		21775.04 time, 21710.01 real, 1997 MB, 1.02 load
[runlim] sample:		21785.05 time, 21720.01 real, 2005 MB, 1.02 load
[runlim] sample:		21795.05 time, 21730.01 real, 2005 MB, 1.01 load
[runlim] sample:		21805.04 time, 21740.01 real, 2005 MB, 1.01 load
[runlim] sample:		21815.04 time, 21750.01 real, 2009 MB, 1.01 load
[runlim] sample:		21825.05 time, 21760.01 real, 2009 MB, 1.01 load
[runlim] sample:		21835.04 time, 21770.01 real, 2014 MB, 1.00 load
[runlim] sample:		21845.04 time, 21780.01 real, 2014 MB, 1.00 load
[runlim] sample:		21855.04 time, 21790.01 real, 2014 MB, 1.00 load
[runlim] sample:		21865.04 time, 21800.01 real, 2018 MB, 1.00 load
[runlim] sample:		21875.04 time, 21810.01 real, 2018 MB, 1.00 load
[runlim] sample:		21885.04 time, 21820.01 real, 2020 MB, 1.00 load

NN₁: mnist_relu_3_100_gemm.onnx
NN₂: mnist_relu_3_100_0.79_adam_1_stepsize.onnx
Prop: mnist_43_global_5.vnnlib
[runlim] sample:		21894.97 time, 21830.01 real, 1840 MB, 1.00 load
[runlim] sample:		21904.97 time, 21840.01 real, 1840 MB, 1.00 load
[runlim] sample:		21914.96 time, 21850.01 real, 1840 MB, 1.00 load
[runlim] sample:		21924.97 time, 21860.01 real, 1840 MB, 1.07 load
[runlim] sample:		21934.97 time, 21870.01 real, 1840 MB, 1.06 load
[runlim] sample:		21944.97 time, 21880.01 real, 1840 MB, 1.05 load
[runlim] sample:		21954.96 time, 21890.01 real, 1840 MB, 1.04 load
[runlim] sample:		21964.96 time, 21900.01 real, 1840 MB, 1.04 load
[runlim] sample:		21974.97 time, 21910.01 real, 1840 MB, 1.03 load
[runlim] sample:		21984.97 time, 21920.01 real, 1840 MB, 1.11 load
[runlim] sample:		21994.97 time, 21930.01 real, 1841 MB, 1.24 load
[runlim] sample:		22004.97 time, 21940.01 real, 1841 MB, 1.21 load
[runlim] sample:		22014.96 time, 21950.01 real, 1843 MB, 1.17 load
[runlim] sample:		22024.96 time, 21960.01 real, 1843 MB, 1.15 load
[runlim] sample:		22034.96 time, 21970.01 real, 1846 MB, 1.12 load
[runlim] sample:		22044.96 time, 21980.01 real, 1846 MB, 1.10 load
[runlim] sample:		22054.95 time, 21990.01 real, 1849 MB, 1.09 load
[runlim] sample:		22064.95 time, 22000.01 real, 1849 MB, 1.07 load
[runlim] sample:		22074.95 time, 22010.01 real, 1853 MB, 1.06 load
[runlim] sample:		22084.95 time, 22020.01 real, 1853 MB, 1.05 load
[runlim] sample:		22094.95 time, 22030.01 real, 1856 MB, 1.04 load
[runlim] sample:		22104.95 time, 22040.01 real, 1856 MB, 1.04 load
[runlim] sample:		22114.95 time, 22050.01 real, 1859 MB, 1.03 load
[runlim] sample:		22124.95 time, 22060.01 real, 1859 MB, 1.02 load
[runlim] sample:		22134.95 time, 22070.01 real, 1864 MB, 1.02 load
[runlim] sample:		22144.95 time, 22080.01 real, 1864 MB, 1.02 load
[runlim] sample:		22154.95 time, 22090.01 real, 1867 MB, 1.01 load
[runlim] sample:		22164.95 time, 22100.01 real, 1867 MB, 1.01 load
[runlim] sample:		22174.94 time, 22110.01 real, 1872 MB, 1.01 load
[runlim] sample:		22184.95 time, 22120.01 real, 1872 MB, 1.01 load
[runlim] sample:		22194.94 time, 22130.01 real, 1875 MB, 1.01 load
[runlim] sample:		22204.94 time, 22140.01 real, 1875 MB, 1.00 load
[runlim] sample:		22214.94 time, 22150.01 real, 1875 MB, 1.00 load
[runlim] sample:		22224.94 time, 22160.01 real, 1880 MB, 1.00 load
[runlim] sample:		22234.94 time, 22170.01 real, 1880 MB, 1.00 load
[runlim] sample:		22244.94 time, 22180.01 real, 1884 MB, 1.00 load
[runlim] sample:		22254.94 time, 22190.01 real, 1884 MB, 1.00 load
[runlim] sample:		22264.94 time, 22200.01 real, 1888 MB, 1.00 load
[runlim] sample:		22274.94 time, 22210.01 real, 1888 MB, 1.00 load
[runlim] sample:		22284.93 time, 22220.01 real, 1894 MB, 1.00 load
[runlim] sample:		22294.93 time, 22230.01 real, 1894 MB, 1.00 load
[runlim] sample:		22304.93 time, 22240.01 real, 1894 MB, 1.00 load
[runlim] sample:		22314.93 time, 22250.01 real, 1900 MB, 1.00 load
[runlim] sample:		22324.93 time, 22260.01 real, 1900 MB, 1.00 load
[runlim] sample:		22334.93 time, 22270.01 real, 1903 MB, 1.00 load
[runlim] sample:		22344.93 time, 22280.01 real, 1903 MB, 1.00 load
[runlim] sample:		22354.93 time, 22290.01 real, 1903 MB, 1.00 load
[runlim] sample:		22364.92 time, 22300.01 real, 1907 MB, 1.00 load
[runlim] sample:		22374.92 time, 22310.01 real, 1907 MB, 1.00 load
[runlim] sample:		22384.92 time, 22320.01 real, 1907 MB, 1.00 load
[runlim] sample:		22394.93 time, 22330.01 real, 1914 MB, 1.00 load
[runlim] sample:		22404.92 time, 22340.01 real, 1914 MB, 1.00 load
[runlim] sample:		22414.93 time, 22350.01 real, 1921 MB, 1.00 load
[runlim] sample:		22424.92 time, 22360.01 real, 1921 MB, 1.00 load
[runlim] sample:		22434.92 time, 22370.01 real, 1921 MB, 1.00 load
[runlim] sample:		22444.92 time, 22380.01 real, 1925 MB, 1.00 load
[runlim] sample:		22454.91 time, 22390.01 real, 1925 MB, 1.00 load
[runlim] sample:		22464.91 time, 22400.01 real, 1925 MB, 1.00 load
[runlim] sample:		22474.92 time, 22410.01 real, 1931 MB, 1.00 load
[runlim] sample:		22484.92 time, 22420.01 real, 1931 MB, 1.08 load

NN₁: mnist_relu_3_100_gemm.onnx
NN₂: mnist_relu_3_100_0.79_adam_1_stepsize.onnx
Prop: mnist_44_global_4.vnnlib
[runlim] sample:		22494.87 time, 22430.01 real, 1840 MB, 1.22 load
[runlim] sample:		22504.87 time, 22440.01 real, 1840 MB, 1.19 load
[runlim] sample:		22514.87 time, 22450.01 real, 1840 MB, 1.16 load
[runlim] sample:		22524.87 time, 22460.01 real, 1840 MB, 1.13 load
[runlim] sample:		22534.87 time, 22470.01 real, 1840 MB, 1.11 load
[runlim] sample:		22544.87 time, 22480.01 real, 1840 MB, 1.09 load
[runlim] sample:		22554.87 time, 22490.01 real, 1840 MB, 1.08 load
[runlim] sample:		22564.86 time, 22500.01 real, 1840 MB, 1.07 load
[runlim] sample:		22574.86 time, 22510.01 real, 1840 MB, 1.06 load
[runlim] sample:		22584.86 time, 22520.01 real, 1840 MB, 1.05 load
[runlim] sample:		22594.87 time, 22530.01 real, 1840 MB, 1.04 load
[runlim] sample:		22604.87 time, 22540.01 real, 1840 MB, 1.03 load
[runlim] sample:		22614.86 time, 22550.01 real, 1840 MB, 1.03 load
[runlim] sample:		22624.87 time, 22560.01 real, 1840 MB, 1.02 load
[runlim] sample:		22634.87 time, 22570.01 real, 1840 MB, 1.02 load
[runlim] sample:		22644.88 time, 22580.01 real, 1840 MB, 1.02 load
[runlim] sample:		22654.87 time, 22590.01 real, 1840 MB, 1.01 load
[runlim] sample:		22664.88 time, 22600.01 real, 1840 MB, 1.01 load
[runlim] sample:		22674.87 time, 22610.01 real, 1840 MB, 1.01 load
[runlim] sample:		22684.87 time, 22620.01 real, 1840 MB, 1.01 load
[runlim] sample:		22694.87 time, 22630.01 real, 1840 MB, 1.00 load
[runlim] sample:		22704.87 time, 22640.01 real, 1840 MB, 1.00 load
[runlim] sample:		22714.87 time, 22650.01 real, 1840 MB, 1.00 load
[runlim] sample:		22724.87 time, 22660.01 real, 1840 MB, 1.00 load
[runlim] sample:		22734.87 time, 22670.01 real, 1841 MB, 1.00 load
[runlim] sample:		22744.87 time, 22680.01 real, 1841 MB, 1.00 load
[runlim] sample:		22754.92 time, 22690.01 real, 1844 MB, 1.00 load
[runlim] sample:		22764.96 time, 22700.01 real, 1848 MB, 1.07 load
[runlim] sample:		22775.05 time, 22710.01 real, 1848 MB, 1.06 load
[runlim] sample:		22785.16 time, 22720.01 real, 1851 MB, 1.05 load
[runlim] sample:		22795.19 time, 22730.01 real, 1855 MB, 1.04 load
[runlim] sample:		22805.47 time, 22740.01 real, 1855 MB, 1.04 load
[runlim] sample:		22815.63 time, 22750.01 real, 1857 MB, 1.03 load
[runlim] sample:		22826.02 time, 22760.01 real, 1861 MB, 1.02 load
[runlim] sample:		22836.30 time, 22770.01 real, 1864 MB, 1.02 load
[runlim] sample:		22846.53 time, 22780.01 real, 1864 MB, 1.02 load
[runlim] sample:		22856.61 time, 22790.01 real, 1867 MB, 1.01 load
[runlim] sample:		22866.71 time, 22800.01 real, 1869 MB, 1.01 load
[runlim] sample:		22877.13 time, 22810.01 real, 1869 MB, 1.01 load
[runlim] sample:		22887.37 time, 22820.01 real, 1871 MB, 1.01 load
[runlim] sample:		22897.45 time, 22830.01 real, 1871 MB, 1.01 load
[runlim] sample:		22907.57 time, 22840.01 real, 1875 MB, 1.00 load
[runlim] sample:		22917.67 time, 22850.01 real, 1878 MB, 1.00 load
[runlim] sample:		22928.04 time, 22860.01 real, 1878 MB, 1.00 load
[runlim] sample:		22938.64 time, 22870.01 real, 1884 MB, 1.00 load
[runlim] sample:		22949.18 time, 22880.01 real, 1890 MB, 1.08 load
[runlim] sample:		22960.08 time, 22890.01 real, 1890 MB, 1.07 load
[runlim] sample:		22970.54 time, 22900.01 real, 1896 MB, 1.06 load
[runlim] sample:		22981.04 time, 22910.01 real, 1896 MB, 1.05 load
[runlim] sample:		22991.76 time, 22920.01 real, 1902 MB, 1.12 load
[runlim] sample:		23002.82 time, 22930.01 real, 1905 MB, 1.26 load
[runlim] sample:		23013.76 time, 22940.01 real, 1909 MB, 1.22 load
[runlim] sample:		23024.42 time, 22950.01 real, 1916 MB, 1.18 load
[runlim] sample:		23035.41 time, 22960.01 real, 1916 MB, 1.15 load
[runlim] sample:		23046.21 time, 22970.01 real, 1924 MB, 1.13 load
[runlim] sample:		23056.94 time, 22980.01 real, 1924 MB, 1.11 load
[runlim] sample:		23066.95 time, 22990.01 real, 1931 MB, 1.09 load
[runlim] sample:		23076.94 time, 23000.01 real, 1931 MB, 1.08 load
[runlim] sample:		23087.23 time, 23010.01 real, 1936 MB, 1.07 load
[runlim] sample:		23097.96 time, 23020.01 real, 1936 MB, 1.06 load

NN₁: mnist_relu_3_100_gemm.onnx
NN₂: mnist_relu_3_100_0.79_adam_1_stepsize.onnx
Prop: mnist_44_global_5.vnnlib
[runlim] sample:		23108.02 time, 23030.01 real, 1843 MB, 1.05 load
[runlim] sample:		23118.03 time, 23040.01 real, 1843 MB, 1.04 load
[runlim] sample:		23128.02 time, 23050.01 real, 1843 MB, 1.03 load
[runlim] sample:		23138.02 time, 23060.01 real, 1843 MB, 1.03 load
[runlim] sample:		23148.01 time, 23070.01 real, 1843 MB, 1.02 load
[runlim] sample:		23158.02 time, 23080.01 real, 1843 MB, 1.02 load
[runlim] sample:		23168.01 time, 23090.01 real, 1843 MB, 1.02 load
[runlim] sample:		23178.00 time, 23100.01 real, 1843 MB, 1.01 load
[runlim] sample:		23188.00 time, 23110.01 real, 1843 MB, 1.01 load
[runlim] sample:		23198.00 time, 23120.01 real, 1843 MB, 1.01 load
[runlim] sample:		23208.00 time, 23130.01 real, 1843 MB, 1.01 load
[runlim] sample:		23218.00 time, 23140.01 real, 1843 MB, 1.00 load
[runlim] sample:		23227.99 time, 23150.01 real, 1847 MB, 1.00 load
[runlim] sample:		23237.99 time, 23160.01 real, 1847 MB, 1.00 load
[runlim] sample:		23247.98 time, 23170.01 real, 1852 MB, 1.00 load
[runlim] sample:		23257.98 time, 23180.01 real, 1852 MB, 1.00 load
[runlim] sample:		23267.98 time, 23190.01 real, 1853 MB, 1.00 load
[runlim] sample:		23277.97 time, 23200.01 real, 1853 MB, 1.00 load
[runlim] sample:		23287.98 time, 23210.01 real, 1857 MB, 1.00 load
[runlim] sample:		23297.98 time, 23220.01 real, 1857 MB, 1.00 load
[runlim] sample:		23307.97 time, 23230.01 real, 1859 MB, 1.00 load
[runlim] sample:		23317.97 time, 23240.01 real, 1859 MB, 1.15 load
[runlim] sample:		23327.96 time, 23250.01 real, 1864 MB, 1.12 load
[runlim] sample:		23337.96 time, 23260.01 real, 1864 MB, 1.10 load
[runlim] sample:		23347.95 time, 23270.01 real, 1867 MB, 1.09 load
[runlim] sample:		23357.96 time, 23280.01 real, 1867 MB, 1.07 load
[runlim] sample:		23367.95 time, 23290.01 real, 1867 MB, 1.06 load
[runlim] sample:		23377.95 time, 23300.01 real, 1872 MB, 1.13 load
[runlim] sample:		23387.95 time, 23310.01 real, 1872 MB, 1.11 load
[runlim] sample:		23397.95 time, 23320.01 real, 1874 MB, 1.09 load
[runlim] sample:		23407.94 time, 23330.01 real, 1874 MB, 1.08 load
[runlim] sample:		23417.94 time, 23340.01 real, 1882 MB, 1.06 load
[runlim] sample:		23427.94 time, 23350.01 real, 1882 MB, 1.05 load
[runlim] sample:		23437.94 time, 23360.01 real, 1885 MB, 1.04 load
[runlim] sample:		23447.94 time, 23370.01 real, 1885 MB, 1.04 load
[runlim] sample:		23457.93 time, 23380.01 real, 1889 MB, 1.03 load
[runlim] sample:		23467.92 time, 23390.01 real, 1889 MB, 1.03 load
[runlim] sample:		23477.92 time, 23400.01 real, 1889 MB, 1.02 load
[runlim] sample:		23487.92 time, 23410.01 real, 1893 MB, 1.02 load
[runlim] sample:		23497.91 time, 23420.01 real, 1893 MB, 1.17 load
[runlim] sample:		23507.91 time, 23430.01 real, 1901 MB, 1.30 load
[runlim] sample:		23517.91 time, 23440.01 real, 1901 MB, 1.26 load
[runlim] sample:		23529.07 time, 23450.01 real, 1901 MB, 1.22 load
[runlim] sample:		23540.55 time, 23460.01 real, 1901 MB, 1.42 load
[runlim] sample:		23551.89 time, 23470.01 real, 1901 MB, 1.36 load
[runlim] sample:		23563.30 time, 23480.01 real, 1901 MB, 1.38 load
[runlim] sample:		23574.76 time, 23490.01 real, 1901 MB, 1.32 load
[runlim] sample:		23586.20 time, 23500.01 real, 1901 MB, 1.27 load
[runlim] sample:		23597.70 time, 23510.01 real, 1901 MB, 1.23 load
[runlim] sample:		23609.11 time, 23520.01 real, 1901 MB, 1.19 load
[runlim] sample:		23620.52 time, 23530.01 real, 1901 MB, 1.24 load
[runlim] sample:		23631.81 time, 23540.01 real, 1901 MB, 1.20 load
[runlim] sample:		23643.26 time, 23550.01 real, 1901 MB, 1.17 load
[runlim] sample:		23654.67 time, 23560.01 real, 1901 MB, 1.15 load
[runlim] sample:		23666.19 time, 23570.01 real, 1901 MB, 1.20 load
[runlim] sample:		23677.54 time, 23580.01 real, 1904 MB, 1.24 load
[runlim] sample:		23688.85 time, 23590.01 real, 1909 MB, 1.20 load
[runlim] sample:		23700.37 time, 23600.01 real, 1909 MB, 1.17 load
[runlim] sample:		23711.83 time, 23610.01 real, 1913 MB, 1.14 load
[runlim] sample:		23723.31 time, 23620.01 real, 1913 MB, 1.12 load

NN₁: mnist_relu_3_100_gemm.onnx
NN₂: mnist_relu_3_100_0.79_adam_1_stepsize.onnx
Prop: mnist_45_global_4.vnnlib
[runlim] sample:		23734.24 time, 23630.01 real, 1843 MB, 1.10 load
[runlim] sample:		23744.24 time, 23640.01 real, 1843 MB, 1.09 load
[runlim] sample:		23754.23 time, 23650.01 real, 1843 MB, 1.07 load
[runlim] sample:		23764.24 time, 23660.01 real, 1843 MB, 1.06 load

NN₁: mnist_relu_3_100_gemm.onnx
NN₂: mnist_relu_3_100_0.79_adam_1_stepsize.onnx
Prop: mnist_45_global_5.vnnlib
[runlim] sample:		23774.21 time, 23670.01 real, 1843 MB, 1.05 load
[runlim] sample:		23784.20 time, 23680.01 real, 1843 MB, 1.04 load
[runlim] sample:		23794.20 time, 23690.01 real, 1843 MB, 1.04 load
[runlim] sample:		23804.20 time, 23700.01 real, 1843 MB, 1.03 load
[runlim] sample:		23814.20 time, 23710.01 real, 1843 MB, 1.02 load
[runlim] sample:		23824.20 time, 23720.01 real, 1843 MB, 1.02 load
[runlim] sample:		23834.20 time, 23730.01 real, 1843 MB, 1.02 load
[runlim] sample:		23844.20 time, 23740.01 real, 1843 MB, 1.01 load
[runlim] sample:		23854.20 time, 23750.01 real, 1843 MB, 1.01 load
[runlim] sample:		23864.20 time, 23760.01 real, 1843 MB, 1.01 load
[runlim] sample:		23874.20 time, 23770.01 real, 1846 MB, 1.01 load
[runlim] sample:		23884.19 time, 23780.01 real, 1846 MB, 1.01 load
[runlim] sample:		23894.20 time, 23790.01 real, 1849 MB, 1.00 load
[runlim] sample:		23904.20 time, 23800.01 real, 1852 MB, 1.00 load
[runlim] sample:		23914.20 time, 23810.01 real, 1852 MB, 1.00 load
[runlim] sample:		23924.19 time, 23820.01 real, 1855 MB, 1.00 load
[runlim] sample:		23934.19 time, 23830.01 real, 1855 MB, 1.00 load
[runlim] sample:		23944.19 time, 23840.01 real, 1856 MB, 1.00 load
[runlim] sample:		23954.19 time, 23850.01 real, 1856 MB, 1.00 load
[runlim] sample:		23964.19 time, 23860.01 real, 1860 MB, 1.00 load
[runlim] sample:		23974.19 time, 23870.01 real, 1860 MB, 1.00 load
[runlim] sample:		23984.19 time, 23880.01 real, 1865 MB, 1.00 load
[runlim] sample:		23994.19 time, 23890.01 real, 1865 MB, 1.00 load
[runlim] sample:		24004.18 time, 23900.01 real, 1868 MB, 1.00 load
[runlim] sample:		24014.19 time, 23910.01 real, 1868 MB, 1.00 load
[runlim] sample:		24024.19 time, 23920.01 real, 1872 MB, 1.08 load
[runlim] sample:		24034.18 time, 23930.01 real, 1872 MB, 1.22 load
[runlim] sample:		24044.18 time, 23940.01 real, 1877 MB, 1.19 load
[runlim] sample:		24054.18 time, 23950.01 real, 1877 MB, 1.16 load
[runlim] sample:		24064.18 time, 23960.01 real, 1880 MB, 1.13 load
[runlim] sample:		24074.17 time, 23970.01 real, 1880 MB, 1.11 load
[runlim] sample:		24084.17 time, 23980.01 real, 1880 MB, 1.09 load
[runlim] sample:		24094.18 time, 23990.01 real, 1887 MB, 1.08 load
[runlim] sample:		24104.17 time, 24000.01 real, 1887 MB, 1.07 load
[runlim] sample:		24114.17 time, 24010.01 real, 1891 MB, 1.06 load
[runlim] sample:		24124.17 time, 24020.01 real, 1891 MB, 1.05 load
[runlim] sample:		24134.18 time, 24030.01 real, 1894 MB, 1.04 load
[runlim] sample:		24144.17 time, 24040.01 real, 1894 MB, 1.03 load
[runlim] sample:		24154.17 time, 24050.01 real, 1894 MB, 1.03 load
[runlim] sample:		24164.17 time, 24060.01 real, 1902 MB, 1.02 load
[runlim] sample:		24174.17 time, 24070.01 real, 1902 MB, 1.02 load
[runlim] sample:		24184.17 time, 24080.01 real, 1907 MB, 1.02 load
[runlim] sample:		24194.16 time, 24090.01 real, 1907 MB, 1.01 load
[runlim] sample:		24204.17 time, 24100.02 real, 1907 MB, 1.01 load
[runlim] sample:		24214.16 time, 24110.01 real, 1914 MB, 1.01 load
[runlim] sample:		24224.16 time, 24120.01 real, 1914 MB, 1.01 load
[runlim] sample:		24234.16 time, 24130.01 real, 1914 MB, 1.00 load
[runlim] sample:		24244.16 time, 24140.01 real, 1920 MB, 1.00 load
[runlim] sample:		24254.16 time, 24150.01 real, 1920 MB, 1.00 load
[runlim] sample:		24264.15 time, 24160.01 real, 1928 MB, 1.00 load
[runlim] sample:		24274.15 time, 24170.01 real, 1928 MB, 1.00 load
[runlim] sample:		24284.15 time, 24180.01 real, 1928 MB, 1.00 load
[runlim] sample:		24294.16 time, 24190.01 real, 1934 MB, 1.00 load
[runlim] sample:		24304.15 time, 24200.01 real, 1934 MB, 1.00 load
[runlim] sample:		24314.15 time, 24210.01 real, 1934 MB, 1.00 load
[runlim] sample:		24324.16 time, 24220.01 real, 1940 MB, 1.00 load
[runlim] sample:		24334.15 time, 24230.01 real, 1940 MB, 1.00 load
[runlim] sample:		24344.15 time, 24240.01 real, 1940 MB, 1.00 load
[runlim] sample:		24354.15 time, 24250.01 real, 1951 MB, 1.00 load
[runlim] sample:		24364.15 time, 24260.01 real, 1951 MB, 1.00 load

NN₁: mnist_relu_3_100_gemm.onnx
NN₂: mnist_relu_3_100_0.79_adam_1_stepsize.onnx
Prop: mnist_46_global_4.vnnlib

NN₁: mnist_relu_3_100_gemm.onnx
NN₂: mnist_relu_3_100_0.79_adam_1_stepsize.onnx
Prop: mnist_46_global_5.vnnlib
[runlim] sample:		24374.07 time, 24270.01 real, 1847 MB, 1.00 load
[runlim] sample:		24384.07 time, 24280.01 real, 1847 MB, 1.00 load
[runlim] sample:		24394.07 time, 24290.01 real, 1847 MB, 1.00 load
[runlim] sample:		24404.07 time, 24300.01 real, 1847 MB, 1.00 load
[runlim] sample:		24414.06 time, 24310.01 real, 1847 MB, 1.00 load
[runlim] sample:		24424.27 time, 24320.01 real, 1847 MB, 1.00 load
[runlim] sample:		24434.90 time, 24330.01 real, 1847 MB, 1.00 load
[runlim] sample:		24445.74 time, 24340.01 real, 1847 MB, 1.00 load
[runlim] sample:		24456.53 time, 24350.01 real, 1847 MB, 1.00 load
[runlim] sample:		24467.06 time, 24360.01 real, 1847 MB, 1.00 load
[runlim] sample:		24477.77 time, 24370.01 real, 1847 MB, 1.24 load
[runlim] sample:		24489.12 time, 24380.01 real, 1847 MB, 1.20 load
[runlim] sample:		24500.38 time, 24390.01 real, 1847 MB, 1.17 load
[runlim] sample:		24511.48 time, 24400.01 real, 1847 MB, 1.14 load
[runlim] sample:		24522.61 time, 24410.01 real, 1847 MB, 1.12 load
[runlim] sample:		24532.80 time, 24420.01 real, 1847 MB, 1.18 load
[runlim] sample:		24543.35 time, 24430.01 real, 1847 MB, 1.53 load
[runlim] sample:		24553.96 time, 24440.01 real, 1847 MB, 1.52 load
[runlim] sample:		24565.46 time, 24450.01 real, 1847 MB, 1.44 load
[runlim] sample:		24576.30 time, 24460.01 real, 1847 MB, 1.37 load
[runlim] sample:		24587.09 time, 24470.01 real, 1847 MB, 1.31 load
[runlim] sample:		24597.95 time, 24480.01 real, 1847 MB, 1.51 load
[runlim] sample:		24609.17 time, 24490.01 real, 1851 MB, 1.43 load
[runlim] sample:		24620.16 time, 24500.01 real, 1855 MB, 1.36 load
[runlim] sample:		24631.67 time, 24510.01 real, 1855 MB, 1.31 load
[runlim] sample:		24642.70 time, 24520.01 real, 1860 MB, 1.26 load
[runlim] sample:		24653.43 time, 24530.01 real, 1865 MB, 1.22 load
[runlim] sample:		24664.26 time, 24540.01 real, 1865 MB, 1.18 load
[runlim] sample:		24674.52 time, 24550.01 real, 1869 MB, 1.16 load
[runlim] sample:		24685.17 time, 24560.01 real, 1873 MB, 1.13 load
[runlim] sample:		24696.20 time, 24570.01 real, 1873 MB, 1.11 load
[runlim] sample:		24707.30 time, 24580.01 real, 1878 MB, 1.09 load
[runlim] sample:		24718.74 time, 24590.01 real, 1878 MB, 1.08 load
[runlim] sample:		24729.16 time, 24600.01 real, 1883 MB, 1.29 load
[runlim] sample:		24739.72 time, 24610.01 real, 1888 MB, 1.24 load
[runlim] sample:		24750.65 time, 24620.01 real, 1888 MB, 1.20 load
[runlim] sample:		24761.10 time, 24630.01 real, 1890 MB, 1.17 load
[runlim] sample:		24771.59 time, 24640.01 real, 1890 MB, 1.15 load
[runlim] sample:		24782.11 time, 24650.01 real, 1894 MB, 1.12 load
[runlim] sample:		24793.22 time, 24660.01 real, 1898 MB, 1.10 load
[runlim] sample:		24803.86 time, 24670.01 real, 1898 MB, 1.09 load
[runlim] sample:		24814.75 time, 24680.01 real, 1901 MB, 1.07 load
[runlim] sample:		24825.14 time, 24690.01 real, 1901 MB, 1.06 load
[runlim] sample:		24836.34 time, 24700.01 real, 1906 MB, 1.05 load
[runlim] sample:		24847.33 time, 24710.01 real, 1906 MB, 1.04 load
[runlim] sample:		24857.94 time, 24720.01 real, 1910 MB, 1.04 load
[runlim] sample:		24868.11 time, 24730.01 real, 1914 MB, 1.03 load
[runlim] sample:		24878.59 time, 24740.01 real, 1914 MB, 1.02 load
[runlim] sample:		24889.28 time, 24750.01 real, 1917 MB, 1.02 load
[runlim] sample:		24900.11 time, 24760.01 real, 1917 MB, 1.10 load
[runlim] sample:		24910.79 time, 24770.01 real, 1922 MB, 1.08 load
[runlim] sample:		24921.47 time, 24780.01 real, 1922 MB, 1.07 load
[runlim] sample:		24931.83 time, 24790.01 real, 1927 MB, 1.13 load
[runlim] sample:		24943.14 time, 24800.01 real, 1927 MB, 1.11 load
[runlim] sample:		24954.53 time, 24810.01 real, 1933 MB, 1.09 load
[runlim] sample:		24965.51 time, 24820.02 real, 1933 MB, 1.08 load
[runlim] sample:		24976.88 time, 24830.01 real, 1939 MB, 1.07 load
[runlim] sample:		24987.71 time, 24840.01 real, 1940 MB, 1.06 load
[runlim] sample:		24998.28 time, 24850.01 real, 1946 MB, 1.05 load
[runlim] sample:		25009.05 time, 24860.01 real, 1946 MB, 1.04 load

NN₁: mnist_relu_3_100_gemm.onnx
NN₂: mnist_relu_3_100_0.79_adam_1_stepsize.onnx
Prop: mnist_47_global_4.vnnlib

NN₁: mnist_relu_3_100_gemm.onnx
NN₂: mnist_relu_3_100_0.79_adam_1_stepsize.onnx
Prop: mnist_47_global_5.vnnlib
[runlim] sample:		25019.64 time, 24870.01 real, 1847 MB, 1.03 load
[runlim] sample:		25029.64 time, 24880.01 real, 1847 MB, 1.03 load
[runlim] sample:		25039.64 time, 24890.01 real, 1847 MB, 1.02 load
[runlim] sample:		25049.63 time, 24900.01 real, 1847 MB, 1.02 load
[runlim] sample:		25059.64 time, 24910.01 real, 1847 MB, 1.02 load
[runlim] sample:		25069.64 time, 24920.01 real, 1847 MB, 1.09 load
[runlim] sample:		25079.64 time, 24930.01 real, 1847 MB, 1.23 load
[runlim] sample:		25089.63 time, 24940.01 real, 1847 MB, 1.20 load
[runlim] sample:		25099.63 time, 24950.01 real, 1847 MB, 1.17 load
[runlim] sample:		25109.63 time, 24960.01 real, 1847 MB, 1.14 load
[runlim] sample:		25119.63 time, 24970.01 real, 1847 MB, 1.12 load
[runlim] sample:		25129.63 time, 24980.01 real, 1847 MB, 1.10 load
[runlim] sample:		25139.63 time, 24990.01 real, 1847 MB, 1.08 load
[runlim] sample:		25149.62 time, 25000.01 real, 1852 MB, 1.07 load
[runlim] sample:		25159.63 time, 25010.01 real, 1852 MB, 1.06 load
[runlim] sample:		25169.62 time, 25020.01 real, 1852 MB, 1.05 load
[runlim] sample:		25179.62 time, 25030.01 real, 1852 MB, 1.04 load
[runlim] sample:		25189.62 time, 25040.01 real, 1856 MB, 1.03 load
[runlim] sample:		25199.62 time, 25050.01 real, 1856 MB, 1.03 load
[runlim] sample:		25209.62 time, 25060.01 real, 1858 MB, 1.02 load
[runlim] sample:		25219.61 time, 25070.01 real, 1858 MB, 1.02 load
[runlim] sample:		25229.61 time, 25080.01 real, 1863 MB, 1.02 load
[runlim] sample:		25239.60 time, 25090.01 real, 1863 MB, 1.01 load
[runlim] sample:		25249.60 time, 25100.01 real, 1864 MB, 1.01 load
[runlim] sample:		25259.61 time, 25110.01 real, 1864 MB, 1.01 load
[runlim] sample:		25269.60 time, 25120.01 real, 1867 MB, 1.01 load
[runlim] sample:		25279.60 time, 25130.01 real, 1867 MB, 1.01 load
[runlim] sample:		25289.60 time, 25140.01 real, 1869 MB, 1.00 load
[runlim] sample:		25299.60 time, 25150.01 real, 1869 MB, 1.00 load
[runlim] sample:		25309.60 time, 25160.01 real, 1872 MB, 1.00 load
[runlim] sample:		25319.59 time, 25170.01 real, 1872 MB, 1.00 load
[runlim] sample:		25329.59 time, 25180.01 real, 1875 MB, 1.00 load
[runlim] sample:		25339.59 time, 25190.02 real, 1875 MB, 1.00 load
[runlim] sample:		25349.59 time, 25200.01 real, 1877 MB, 1.00 load
[runlim] sample:		25359.59 time, 25210.01 real, 1877 MB, 1.00 load
[runlim] sample:		25369.59 time, 25220.01 real, 1879 MB, 1.00 load
[runlim] sample:		25379.59 time, 25230.01 real, 1879 MB, 1.00 load
[runlim] sample:		25389.59 time, 25240.01 real, 1882 MB, 1.00 load
[runlim] sample:		25399.58 time, 25250.01 real, 1882 MB, 1.00 load
[runlim] sample:		25409.59 time, 25260.01 real, 1888 MB, 1.00 load
[runlim] sample:		25419.58 time, 25270.01 real, 1888 MB, 1.00 load
[runlim] sample:		25429.58 time, 25280.01 real, 1891 MB, 1.00 load
[runlim] sample:		25439.58 time, 25290.01 real, 1891 MB, 1.00 load
[runlim] sample:		25449.57 time, 25300.01 real, 1891 MB, 1.00 load
[runlim] sample:		25459.58 time, 25310.01 real, 1891 MB, 1.00 load
[runlim] sample:		25469.58 time, 25320.01 real, 1891 MB, 1.07 load
[runlim] sample:		25479.57 time, 25330.01 real, 1898 MB, 1.06 load
[runlim] sample:		25489.57 time, 25340.01 real, 1898 MB, 1.05 load
[runlim] sample:		25499.57 time, 25350.01 real, 1902 MB, 1.04 load
[runlim] sample:		25509.57 time, 25360.01 real, 1902 MB, 1.04 load
[runlim] sample:		25519.56 time, 25370.01 real, 1902 MB, 1.03 load
[runlim] sample:		25529.56 time, 25380.01 real, 1910 MB, 1.02 load
[runlim] sample:		25539.56 time, 25390.01 real, 1910 MB, 1.02 load
[runlim] sample:		25549.56 time, 25400.01 real, 1910 MB, 1.02 load
[runlim] sample:		25559.55 time, 25410.01 real, 1910 MB, 1.01 load
[runlim] sample:		25569.55 time, 25420.01 real, 1910 MB, 1.09 load
[runlim] sample:		25579.55 time, 25430.01 real, 1912 MB, 1.23 load
[runlim] sample:		25589.56 time, 25440.01 real, 1912 MB, 1.20 load
[runlim] sample:		25599.55 time, 25450.01 real, 1917 MB, 1.17 load
[runlim] sample:		25609.55 time, 25460.01 real, 1917 MB, 1.14 load

NN₁: mnist_relu_3_100_gemm.onnx
NN₂: mnist_relu_3_100_0.79_adam_1_stepsize.onnx
Prop: mnist_48_global_4.vnnlib

NN₁: mnist_relu_3_100_gemm.onnx
NN₂: mnist_relu_3_100_0.79_adam_1_stepsize.onnx
Prop: mnist_48_global_5.vnnlib
[runlim] sample:		25619.48 time, 25470.01 real, 1847 MB, 1.12 load

NN₁: mnist_relu_3_100_gemm.onnx
NN₂: mnist_relu_3_100_0.79_adam_1_stepsize.onnx
Prop: mnist_49_global_4.vnnlib

NN₁: mnist_relu_3_100_gemm.onnx
NN₂: mnist_relu_3_100_0.79_adam_1_stepsize.onnx
Prop: mnist_49_global_5.vnnlib
[runlim] sample:		25629.42 time, 25480.01 real, 1847 MB, 1.10 load
[runlim] sample:		25639.42 time, 25490.01 real, 1847 MB, 1.08 load
[runlim] sample:		25649.42 time, 25500.01 real, 1847 MB, 1.07 load
[runlim] sample:		25659.41 time, 25510.01 real, 1847 MB, 1.06 load
[runlim] sample:		25669.42 time, 25520.01 real, 1847 MB, 1.05 load
[runlim] sample:		25679.42 time, 25530.01 real, 1847 MB, 1.04 load
[runlim] sample:		25689.41 time, 25540.01 real, 1847 MB, 1.03 load
[runlim] sample:		25699.41 time, 25550.01 real, 1847 MB, 1.03 load
[runlim] sample:		25709.41 time, 25560.01 real, 1847 MB, 1.02 load
[runlim] sample:		25719.40 time, 25570.01 real, 1847 MB, 1.02 load
[runlim] sample:		25729.41 time, 25580.01 real, 1847 MB, 1.02 load
[runlim] sample:		25739.41 time, 25590.01 real, 1847 MB, 1.01 load
[runlim] sample:		25749.40 time, 25600.01 real, 1847 MB, 1.09 load
[runlim] sample:		25759.40 time, 25610.01 real, 1847 MB, 1.08 load
[runlim] sample:		25769.40 time, 25620.01 real, 1847 MB, 1.06 load
[runlim] sample:		25779.40 time, 25630.01 real, 1847 MB, 1.14 load
[runlim] sample:		25789.39 time, 25640.01 real, 1847 MB, 1.11 load
[runlim] sample:		25799.40 time, 25650.01 real, 1847 MB, 1.10 load
[runlim] sample:		25809.40 time, 25660.01 real, 1847 MB, 1.08 load
[runlim] sample:		25819.39 time, 25670.01 real, 1847 MB, 1.07 load
[runlim] sample:		25829.39 time, 25680.01 real, 1847 MB, 1.06 load
[runlim] sample:		25839.38 time, 25690.01 real, 1847 MB, 1.05 load
[runlim] sample:		25849.38 time, 25700.01 real, 1847 MB, 1.04 load
[runlim] sample:		25859.39 time, 25710.01 real, 1847 MB, 1.03 load
[runlim] sample:		25869.39 time, 25720.01 real, 1847 MB, 1.03 load
[runlim] sample:		25879.38 time, 25730.01 real, 1847 MB, 1.02 load
[runlim] sample:		25889.38 time, 25740.01 real, 1847 MB, 1.02 load
[runlim] sample:		25899.37 time, 25750.01 real, 1847 MB, 1.02 load
[runlim] sample:		25909.38 time, 25760.01 real, 1847 MB, 1.01 load

NN₁: mnist_relu_3_100_gemm.onnx
NN₂: mnist_relu_3_100_0.79_adam_1_stepsize.onnx
Prop: mnist_50_global_4.vnnlib

NN₁: mnist_relu_3_100_gemm.onnx
NN₂: mnist_relu_3_100_0.79_adam_1_stepsize.onnx
Prop: mnist_50_global_5.vnnlib
[runlim] sample:		25919.30 time, 25770.01 real, 1847 MB, 1.01 load
[runlim] sample:		25929.29 time, 25780.01 real, 1847 MB, 1.01 load
[runlim] sample:		25939.29 time, 25790.01 real, 1847 MB, 1.01 load
[runlim] sample:		25949.29 time, 25800.01 real, 1847 MB, 1.00 load
[runlim] sample:		25959.28 time, 25810.01 real, 1847 MB, 1.00 load
[runlim] sample:		25969.28 time, 25820.01 real, 1847 MB, 1.00 load
[runlim] sample:		25979.29 time, 25830.02 real, 1847 MB, 1.00 load
[runlim] sample:		25989.28 time, 25840.01 real, 1847 MB, 1.00 load
[runlim] sample:		25999.28 time, 25850.01 real, 1847 MB, 1.00 load
[runlim] sample:		26009.28 time, 25860.01 real, 1847 MB, 1.00 load
[runlim] sample:		26019.28 time, 25870.01 real, 1847 MB, 1.00 load
[runlim] sample:		26029.28 time, 25880.01 real, 1847 MB, 1.00 load
[runlim] sample:		26039.28 time, 25890.01 real, 1848 MB, 1.00 load
[runlim] sample:		26049.27 time, 25900.01 real, 1848 MB, 1.00 load
[runlim] sample:		26059.27 time, 25910.01 real, 1852 MB, 1.00 load
[runlim] sample:		26069.27 time, 25920.01 real, 1852 MB, 1.08 load
[runlim] sample:		26079.26 time, 25930.01 real, 1856 MB, 1.22 load
[runlim] sample:		26089.27 time, 25940.01 real, 1858 MB, 1.26 load
[runlim] sample:		26099.27 time, 25950.01 real, 1858 MB, 1.22 load
[runlim] sample:		26109.26 time, 25960.01 real, 1862 MB, 1.19 load
[runlim] sample:		26119.27 time, 25970.01 real, 1862 MB, 1.16 load
[runlim] sample:		26129.26 time, 25980.01 real, 1865 MB, 1.13 load
[runlim] sample:		26139.26 time, 25990.01 real, 1865 MB, 1.11 load
[runlim] sample:		26149.26 time, 26000.01 real, 1868 MB, 1.09 load
[runlim] sample:		26159.26 time, 26010.01 real, 1868 MB, 1.08 load
[runlim] sample:		26169.25 time, 26020.01 real, 1871 MB, 1.07 load
[runlim] sample:		26179.25 time, 26030.01 real, 1871 MB, 1.06 load
[runlim] sample:		26189.25 time, 26040.01 real, 1873 MB, 1.12 load
[runlim] sample:		26199.25 time, 26050.01 real, 1873 MB, 1.10 load
[runlim] sample:		26209.25 time, 26060.01 real, 1875 MB, 1.09 load
[runlim] sample:		26219.24 time, 26070.01 real, 1875 MB, 1.07 load
[runlim] sample:		26229.25 time, 26080.01 real, 1880 MB, 1.06 load
[runlim] sample:		26239.25 time, 26090.01 real, 1880 MB, 1.05 load
[runlim] sample:		26249.25 time, 26100.01 real, 1880 MB, 1.04 load
[runlim] sample:		26259.24 time, 26110.01 real, 1884 MB, 1.04 load
[runlim] sample:		26269.24 time, 26120.01 real, 1884 MB, 1.03 load
[runlim] sample:		26279.24 time, 26130.01 real, 1889 MB, 1.11 load
[runlim] sample:		26289.23 time, 26140.01 real, 1889 MB, 1.09 load
[runlim] sample:		26299.24 time, 26150.01 real, 1893 MB, 1.07 load
[runlim] sample:		26309.23 time, 26160.01 real, 1893 MB, 1.06 load
[runlim] sample:		26319.23 time, 26170.01 real, 1897 MB, 1.05 load
[runlim] sample:		26329.23 time, 26180.01 real, 1897 MB, 1.04 load
[runlim] sample:		26339.22 time, 26190.01 real, 1897 MB, 1.04 load
[runlim] sample:		26349.22 time, 26200.01 real, 1897 MB, 1.03 load
[runlim] sample:		26359.23 time, 26210.01 real, 1897 MB, 1.03 load
[runlim] sample:		26369.22 time, 26220.01 real, 1900 MB, 1.02 load
[runlim] sample:		26379.22 time, 26230.01 real, 1900 MB, 1.02 load
[runlim] sample:		26389.73 time, 26240.01 real, 1900 MB, 1.01 load
[runlim] sample:		26400.90 time, 26250.01 real, 1900 MB, 1.01 load
[runlim] sample:		26411.70 time, 26260.01 real, 1912 MB, 1.01 load
[runlim] sample:		26421.70 time, 26270.01 real, 1912 MB, 1.01 load
[runlim] sample:		26431.69 time, 26280.01 real, 1912 MB, 1.01 load
[runlim] sample:		26441.69 time, 26290.01 real, 1916 MB, 1.08 load
[runlim] sample:		26451.69 time, 26300.01 real, 1916 MB, 1.14 load
[runlim] sample:		26461.69 time, 26310.01 real, 1919 MB, 1.12 load
[runlim] sample:		26471.68 time, 26320.01 real, 1919 MB, 1.10 load
[runlim] sample:		26482.33 time, 26330.01 real, 1919 MB, 1.08 load
[runlim] sample:		26493.56 time, 26340.01 real, 1919 MB, 1.29 load
[runlim] sample:		26504.12 time, 26350.01 real, 1919 MB, 1.25 load
[runlim] sample:		26514.80 time, 26360.01 real, 1924 MB, 1.52 load

NN₁: mnist_relu_3_100_gemm.onnx
NN₂: mnist_relu_3_100_0.79_adam_1_stepsize.onnx
Prop: mnist_51_global_4.vnnlib

NN₁: mnist_relu_3_100_gemm.onnx
NN₂: mnist_relu_3_100_0.79_adam_1_stepsize.onnx
Prop: mnist_51_global_5.vnnlib
[runlim] sample:		26525.50 time, 26370.01 real, 1853 MB, 1.44 load
[runlim] sample:		26535.50 time, 26380.01 real, 1853 MB, 1.37 load
[runlim] sample:		26545.50 time, 26390.01 real, 1853 MB, 1.32 load
[runlim] sample:		26555.49 time, 26400.01 real, 1853 MB, 1.27 load
[runlim] sample:		26565.49 time, 26410.01 real, 1853 MB, 1.23 load
[runlim] sample:		26575.49 time, 26420.01 real, 1853 MB, 1.35 load
[runlim] sample:		26585.49 time, 26430.01 real, 1853 MB, 1.45 load
[runlim] sample:		26595.48 time, 26440.01 real, 1853 MB, 1.38 load
[runlim] sample:		26605.49 time, 26450.01 real, 1853 MB, 1.32 load
[runlim] sample:		26615.48 time, 26460.01 real, 1853 MB, 1.27 load
[runlim] sample:		26625.48 time, 26470.01 real, 1853 MB, 1.23 load
[runlim] sample:		26635.47 time, 26480.01 real, 1854 MB, 1.19 load
[runlim] sample:		26645.47 time, 26490.01 real, 1856 MB, 1.16 load
[runlim] sample:		26655.47 time, 26500.01 real, 1856 MB, 1.14 load
[runlim] sample:		26665.46 time, 26510.01 real, 1860 MB, 1.12 load
[runlim] sample:		26675.46 time, 26520.01 real, 1860 MB, 1.10 load
[runlim] sample:		26685.46 time, 26530.01 real, 1861 MB, 1.08 load
[runlim] sample:		26695.47 time, 26540.01 real, 1861 MB, 1.07 load
[runlim] sample:		26705.46 time, 26550.01 real, 1867 MB, 1.06 load
[runlim] sample:		26715.47 time, 26560.01 real, 1867 MB, 1.05 load
[runlim] sample:		26725.46 time, 26570.01 real, 1868 MB, 1.04 load
[runlim] sample:		26735.46 time, 26580.01 real, 1868 MB, 1.03 load
[runlim] sample:		26745.46 time, 26590.01 real, 1870 MB, 1.03 load
[runlim] sample:		26755.46 time, 26600.01 real, 1870 MB, 1.02 load
[runlim] sample:		26765.46 time, 26610.01 real, 1875 MB, 1.02 load
[runlim] sample:		26775.46 time, 26620.01 real, 1875 MB, 1.02 load
[runlim] sample:		26785.45 time, 26630.01 real, 1879 MB, 1.17 load
[runlim] sample:		26795.44 time, 26640.01 real, 1879 MB, 1.15 load
[runlim] sample:		26805.44 time, 26650.01 real, 1883 MB, 1.12 load
[runlim] sample:		26815.44 time, 26660.01 real, 1883 MB, 1.10 load
[runlim] sample:		26825.44 time, 26670.01 real, 1886 MB, 1.09 load
[runlim] sample:		26835.44 time, 26680.01 real, 1886 MB, 1.07 load
[runlim] sample:		26845.43 time, 26690.01 real, 1889 MB, 1.06 load
[runlim] sample:		26855.43 time, 26700.01 real, 1889 MB, 1.05 load
[runlim] sample:		26865.43 time, 26710.01 real, 1894 MB, 1.04 load
[runlim] sample:		26875.43 time, 26720.01 real, 1894 MB, 1.04 load
[runlim] sample:		26885.43 time, 26730.01 real, 1894 MB, 1.03 load
[runlim] sample:		26895.42 time, 26740.01 real, 1902 MB, 1.02 load
[runlim] sample:		26905.42 time, 26750.01 real, 1902 MB, 1.02 load
[runlim] sample:		26915.42 time, 26760.01 real, 1908 MB, 1.02 load
[runlim] sample:		26925.41 time, 26770.01 real, 1908 MB, 1.01 load
[runlim] sample:		26935.41 time, 26780.01 real, 1908 MB, 1.09 load
[runlim] sample:		26945.41 time, 26790.01 real, 1912 MB, 1.08 load
[runlim] sample:		26955.40 time, 26800.01 real, 1912 MB, 1.06 load
[runlim] sample:		26965.40 time, 26810.01 real, 1917 MB, 1.05 load
[runlim] sample:		26975.40 time, 26820.01 real, 1917 MB, 1.05 load
[runlim] sample:		26985.40 time, 26830.01 real, 1922 MB, 1.04 load
[runlim] sample:		26995.40 time, 26840.01 real, 1922 MB, 1.03 load
[runlim] sample:		27005.40 time, 26850.01 real, 1922 MB, 1.03 load
[runlim] sample:		27015.40 time, 26860.01 real, 1930 MB, 1.02 load
[runlim] sample:		27025.40 time, 26870.01 real, 1930 MB, 1.02 load
[runlim] sample:		27035.40 time, 26880.01 real, 1934 MB, 1.02 load
[runlim] sample:		27045.40 time, 26890.01 real, 1934 MB, 1.01 load
[runlim] sample:		27055.39 time, 26900.01 real, 1934 MB, 1.01 load
[runlim] sample:		27065.39 time, 26910.01 real, 1940 MB, 1.01 load
[runlim] sample:		27075.39 time, 26920.01 real, 1940 MB, 1.09 load
[runlim] sample:		27085.39 time, 26930.01 real, 1940 MB, 1.23 load
[runlim] sample:		27095.39 time, 26940.01 real, 1945 MB, 1.19 load
[runlim] sample:		27105.39 time, 26950.01 real, 1945 MB, 1.16 load
[runlim] sample:		27115.39 time, 26960.01 real, 1945 MB, 1.14 load

NN₁: mnist_relu_3_100_gemm.onnx
NN₂: mnist_relu_3_100_0.79_adam_1_stepsize.onnx
Prop: mnist_52_global_4.vnnlib
[runlim] sample:		27125.30 time, 26970.01 real, 1853 MB, 1.11 load

NN₁: mnist_relu_3_100_gemm.onnx
NN₂: mnist_relu_3_100_0.79_adam_1_stepsize.onnx
Prop: mnist_52_global_5.vnnlib
[runlim] sample:		27135.27 time, 26980.01 real, 1853 MB, 1.10 load
[runlim] sample:		27145.27 time, 26990.01 real, 1853 MB, 1.08 load
[runlim] sample:		27155.27 time, 27000.01 real, 1853 MB, 1.07 load
[runlim] sample:		27165.27 time, 27010.01 real, 1853 MB, 1.06 load
[runlim] sample:		27175.27 time, 27020.01 real, 1853 MB, 1.05 load
[runlim] sample:		27185.27 time, 27030.01 real, 1853 MB, 1.04 load
[runlim] sample:		27195.27 time, 27040.01 real, 1853 MB, 1.03 load
[runlim] sample:		27205.27 time, 27050.01 real, 1853 MB, 1.03 load
[runlim] sample:		27215.26 time, 27060.01 real, 1853 MB, 1.02 load
[runlim] sample:		27225.27 time, 27070.01 real, 1853 MB, 1.02 load
[runlim] sample:		27235.27 time, 27080.01 real, 1853 MB, 1.02 load
[runlim] sample:		27245.27 time, 27090.01 real, 1856 MB, 1.01 load
[runlim] sample:		27255.26 time, 27100.01 real, 1856 MB, 1.01 load
[runlim] sample:		27265.26 time, 27110.01 real, 1860 MB, 1.01 load
[runlim] sample:		27275.27 time, 27120.01 real, 1863 MB, 1.01 load
[runlim] sample:		27285.26 time, 27130.01 real, 1863 MB, 1.00 load
[runlim] sample:		27295.27 time, 27140.01 real, 1866 MB, 1.00 load
[runlim] sample:		27305.27 time, 27150.01 real, 1866 MB, 1.00 load
[runlim] sample:		27315.26 time, 27160.01 real, 1868 MB, 1.00 load
[runlim] sample:		27325.26 time, 27170.01 real, 1868 MB, 1.00 load
[runlim] sample:		27335.26 time, 27180.01 real, 1871 MB, 1.00 load
[runlim] sample:		27345.26 time, 27190.01 real, 1871 MB, 1.00 load
[runlim] sample:		27355.26 time, 27200.01 real, 1875 MB, 1.00 load
[runlim] sample:		27365.26 time, 27210.01 real, 1875 MB, 1.00 load
[runlim] sample:		27375.25 time, 27220.01 real, 1879 MB, 1.00 load
[runlim] sample:		27385.26 time, 27230.01 real, 1879 MB, 1.00 load
[runlim] sample:		27395.26 time, 27240.01 real, 1879 MB, 1.00 load
[runlim] sample:		27405.25 time, 27250.01 real, 1882 MB, 1.00 load
[runlim] sample:		27415.25 time, 27260.01 real, 1882 MB, 1.00 load
[runlim] sample:		27425.26 time, 27270.01 real, 1886 MB, 1.00 load
[runlim] sample:		27435.25 time, 27280.01 real, 1886 MB, 1.07 load
[runlim] sample:		27445.25 time, 27290.01 real, 1890 MB, 1.06 load
[runlim] sample:		27455.25 time, 27300.01 real, 1890 MB, 1.05 load
[runlim] sample:		27465.25 time, 27310.01 real, 1890 MB, 1.04 load
[runlim] sample:		27475.25 time, 27320.01 real, 1894 MB, 1.04 load
[runlim] sample:		27485.25 time, 27330.01 real, 1894 MB, 1.03 load
[runlim] sample:		27495.24 time, 27340.01 real, 1898 MB, 1.11 load
[runlim] sample:		27505.25 time, 27350.01 real, 1898 MB, 1.09 load
[runlim] sample:		27515.24 time, 27360.01 real, 1904 MB, 1.07 load
[runlim] sample:		27525.24 time, 27370.01 real, 1904 MB, 1.06 load
[runlim] sample:		27535.24 time, 27380.01 real, 1904 MB, 1.05 load
[runlim] sample:		27545.25 time, 27390.01 real, 1909 MB, 1.04 load
[runlim] sample:		27555.25 time, 27400.01 real, 1909 MB, 1.04 load
[runlim] sample:		27565.24 time, 27410.01 real, 1914 MB, 1.03 load
[runlim] sample:		27575.24 time, 27420.01 real, 1914 MB, 1.11 load
[runlim] sample:		27585.24 time, 27430.01 real, 1914 MB, 1.24 load
[runlim] sample:		27595.24 time, 27440.01 real, 1919 MB, 1.21 load
[runlim] sample:		27605.24 time, 27450.01 real, 1919 MB, 1.17 load
[runlim] sample:		27615.24 time, 27460.01 real, 1924 MB, 1.15 load
[runlim] sample:		27625.23 time, 27470.01 real, 1924 MB, 1.12 load
[runlim] sample:		27635.24 time, 27480.01 real, 1924 MB, 1.10 load
[runlim] sample:		27645.24 time, 27490.01 real, 1930 MB, 1.09 load
[runlim] sample:		27655.24 time, 27500.01 real, 1930 MB, 1.07 load
[runlim] sample:		27665.24 time, 27510.01 real, 1930 MB, 1.06 load
[runlim] sample:		27675.23 time, 27520.01 real, 1935 MB, 1.05 load
[runlim] sample:		27685.23 time, 27530.01 real, 1935 MB, 1.04 load
[runlim] sample:		27695.23 time, 27540.01 real, 1940 MB, 1.04 load
[runlim] sample:		27705.23 time, 27550.01 real, 1940 MB, 1.03 load
[runlim] sample:		27715.23 time, 27560.01 real, 1940 MB, 1.02 load
[runlim] sample:		27725.22 time, 27570.01 real, 1946 MB, 1.02 load

NN₁: mnist_relu_3_100_gemm.onnx
NN₂: mnist_relu_3_100_0.79_adam_1_stepsize.onnx
Prop: mnist_53_global_4.vnnlib
[runlim] sample:		27735.16 time, 27580.01 real, 1853 MB, 1.02 load

NN₁: mnist_relu_3_100_gemm.onnx
NN₂: mnist_relu_3_100_0.79_adam_1_stepsize.onnx
Prop: mnist_53_global_5.vnnlib
[runlim] sample:		27745.12 time, 27590.01 real, 1853 MB, 1.01 load
[runlim] sample:		27755.11 time, 27600.01 real, 1853 MB, 1.01 load
[runlim] sample:		27765.11 time, 27610.01 real, 1853 MB, 1.01 load
[runlim] sample:		27775.12 time, 27620.01 real, 1853 MB, 1.01 load
[runlim] sample:		27785.12 time, 27630.01 real, 1853 MB, 1.01 load
[runlim] sample:		27795.12 time, 27640.01 real, 1853 MB, 1.00 load
[runlim] sample:		27805.12 time, 27650.01 real, 1853 MB, 1.00 load
[runlim] sample:		27815.12 time, 27660.01 real, 1853 MB, 1.00 load
[runlim] sample:		27825.12 time, 27670.01 real, 1853 MB, 1.00 load
[runlim] sample:		27835.11 time, 27680.01 real, 1853 MB, 1.00 load
[runlim] sample:		27845.11 time, 27690.01 real, 1853 MB, 1.00 load
[runlim] sample:		27855.11 time, 27700.01 real, 1856 MB, 1.00 load
[runlim] sample:		27865.11 time, 27710.01 real, 1860 MB, 1.00 load
[runlim] sample:		27875.11 time, 27720.01 real, 1860 MB, 1.00 load
[runlim] sample:		27885.10 time, 27730.01 real, 1861 MB, 1.00 load
[runlim] sample:		27895.11 time, 27740.01 real, 1862 MB, 1.00 load
[runlim] sample:		27905.11 time, 27750.01 real, 1862 MB, 1.00 load
[runlim] sample:		27915.10 time, 27760.01 real, 1866 MB, 1.00 load
[runlim] sample:		27925.10 time, 27770.01 real, 1866 MB, 1.00 load
[runlim] sample:		27935.10 time, 27780.01 real, 1868 MB, 1.00 load
[runlim] sample:		27945.10 time, 27790.01 real, 1868 MB, 1.00 load
[runlim] sample:		27955.10 time, 27800.01 real, 1871 MB, 1.00 load
[runlim] sample:		27965.10 time, 27810.01 real, 1871 MB, 1.00 load
[runlim] sample:		27975.10 time, 27820.01 real, 1874 MB, 1.00 load
[runlim] sample:		27985.10 time, 27830.01 real, 1874 MB, 1.00 load
[runlim] sample:		27995.09 time, 27840.01 real, 1880 MB, 1.00 load
[runlim] sample:		28005.09 time, 27850.01 real, 1880 MB, 1.00 load
[runlim] sample:		28015.10 time, 27860.01 real, 1880 MB, 1.00 load
[runlim] sample:		28025.10 time, 27870.01 real, 1880 MB, 1.00 load
[runlim] sample:		28035.09 time, 27880.01 real, 1886 MB, 1.00 load
[runlim] sample:		28045.10 time, 27890.01 real, 1886 MB, 1.00 load
[runlim] sample:		28055.09 time, 27900.01 real, 1886 MB, 1.00 load
[runlim] sample:		28065.09 time, 27910.01 real, 1886 MB, 1.00 load
[runlim] sample:		28075.09 time, 27920.01 real, 1886 MB, 1.08 load
[runlim] sample:		28085.09 time, 27930.01 real, 1891 MB, 1.22 load
[runlim] sample:		28095.08 time, 27940.01 real, 1891 MB, 1.19 load
[runlim] sample:		28105.08 time, 27950.01 real, 1893 MB, 1.16 load
[runlim] sample:		28115.09 time, 27960.01 real, 1893 MB, 1.13 load
[runlim] sample:		28125.08 time, 27970.01 real, 1899 MB, 1.11 load
[runlim] sample:		28135.08 time, 27980.01 real, 1899 MB, 1.09 load
[runlim] sample:		28145.08 time, 27990.01 real, 1899 MB, 1.08 load
[runlim] sample:		28155.08 time, 28000.01 real, 1899 MB, 1.07 load
[runlim] sample:		28165.08 time, 28010.01 real, 1899 MB, 1.06 load
[runlim] sample:		28175.08 time, 28020.01 real, 1902 MB, 1.05 load
[runlim] sample:		28185.08 time, 28030.01 real, 1902 MB, 1.04 load
[runlim] sample:		28195.08 time, 28040.01 real, 1902 MB, 1.03 load
[runlim] sample:		28205.08 time, 28050.01 real, 1906 MB, 1.03 load
[runlim] sample:		28215.08 time, 28060.01 real, 1906 MB, 1.10 load
[runlim] sample:		28225.07 time, 28070.01 real, 1914 MB, 1.08 load
[runlim] sample:		28235.08 time, 28080.01 real, 1914 MB, 1.07 load
[runlim] sample:		28245.08 time, 28090.01 real, 1914 MB, 1.06 load
[runlim] sample:		28255.07 time, 28100.01 real, 1918 MB, 1.05 load
[runlim] sample:		28265.07 time, 28110.01 real, 1918 MB, 1.04 load
[runlim] sample:		28275.07 time, 28120.01 real, 1918 MB, 1.03 load
[runlim] sample:		28285.07 time, 28130.01 real, 1924 MB, 1.03 load
[runlim] sample:		28295.07 time, 28140.01 real, 1924 MB, 1.02 load
[runlim] sample:		28305.07 time, 28150.01 real, 1928 MB, 1.02 load
[runlim] sample:		28315.07 time, 28160.01 real, 1928 MB, 1.02 load
[runlim] sample:		28325.07 time, 28170.01 real, 1928 MB, 1.01 load
[runlim] sample:		28335.07 time, 28180.01 real, 1934 MB, 1.01 load

NN₁: mnist_relu_3_100_gemm.onnx
NN₂: mnist_relu_3_100_0.79_adam_1_stepsize.onnx
Prop: mnist_54_global_4.vnnlib

NN₁: mnist_relu_3_100_gemm.onnx
NN₂: mnist_relu_3_100_0.79_adam_1_stepsize.onnx
Prop: mnist_54_global_5.vnnlib

NN₁: mnist_relu_3_100_gemm.onnx
NN₂: mnist_relu_3_100_0.79_adam_1_stepsize.onnx
Prop: mnist_55_global_4.vnnlib

NN₁: mnist_relu_3_100_gemm.onnx
NN₂: mnist_relu_3_100_0.79_adam_1_stepsize.onnx
Prop: mnist_55_global_5.vnnlib
[runlim] sample:		28344.93 time, 28190.01 real, 1853 MB, 1.01 load
[runlim] sample:		28354.92 time, 28200.01 real, 1853 MB, 1.01 load
[runlim] sample:		28364.92 time, 28210.01 real, 1853 MB, 1.00 load
[runlim] sample:		28374.92 time, 28220.01 real, 1853 MB, 1.00 load
[runlim] sample:		28384.92 time, 28230.01 real, 1853 MB, 1.00 load
[runlim] sample:		28394.93 time, 28240.01 real, 1853 MB, 1.00 load
[runlim] sample:		28404.93 time, 28250.01 real, 1853 MB, 1.00 load
[runlim] sample:		28414.93 time, 28260.01 real, 1853 MB, 1.00 load
[runlim] sample:		28424.92 time, 28270.01 real, 1853 MB, 1.00 load
[runlim] sample:		28434.92 time, 28280.01 real, 1853 MB, 1.00 load
[runlim] sample:		28444.92 time, 28290.01 real, 1853 MB, 1.00 load
[runlim] sample:		28454.92 time, 28300.01 real, 1853 MB, 1.00 load
[runlim] sample:		28464.92 time, 28310.01 real, 1853 MB, 1.00 load

NN₁: mnist_relu_3_100_gemm.onnx
NN₂: mnist_relu_3_100_0.79_adam_1_stepsize.onnx
Prop: mnist_56_global_4.vnnlib

NN₁: mnist_relu_3_100_gemm.onnx
NN₂: mnist_relu_3_100_0.79_adam_1_stepsize.onnx
Prop: mnist_56_global_5.vnnlib
[runlim] sample:		28474.84 time, 28320.01 real, 1853 MB, 1.00 load
[runlim] sample:		28484.84 time, 28330.01 real, 1853 MB, 1.00 load
[runlim] sample:		28494.84 time, 28340.01 real, 1853 MB, 1.07 load

NN₁: mnist_relu_3_100_gemm.onnx
NN₂: mnist_relu_3_100_0.79_adam_1_stepsize.onnx
Prop: mnist_57_global_4.vnnlib
[runlim] sample:		28504.81 time, 28350.01 real, 1853 MB, 1.06 load
[runlim] sample:		28514.81 time, 28360.01 real, 1853 MB, 1.05 load
[runlim] sample:		28524.80 time, 28370.01 real, 1853 MB, 1.04 load
[runlim] sample:		28534.80 time, 28380.01 real, 1853 MB, 1.04 load
[runlim] sample:		28544.79 time, 28390.01 real, 1853 MB, 1.03 load
[runlim] sample:		28554.79 time, 28400.01 real, 1853 MB, 1.02 load
[runlim] sample:		28564.80 time, 28410.01 real, 1853 MB, 1.02 load
[runlim] sample:		28574.78 time, 28420.01 real, 1853 MB, 1.10 load
[runlim] sample:		28584.79 time, 28430.01 real, 1853 MB, 1.24 load
[runlim] sample:		28594.78 time, 28440.01 real, 1853 MB, 1.20 load
[runlim] sample:		28604.78 time, 28450.01 real, 1853 MB, 1.17 load
[runlim] sample:		28614.78 time, 28460.01 real, 1853 MB, 1.14 load
[runlim] sample:		28624.77 time, 28470.01 real, 1854 MB, 1.12 load
[runlim] sample:		28634.77 time, 28480.01 real, 1854 MB, 1.10 load
[runlim] sample:		28644.77 time, 28490.01 real, 1859 MB, 1.08 load
[runlim] sample:		28654.76 time, 28500.01 real, 1859 MB, 1.07 load
[runlim] sample:		28664.77 time, 28510.01 real, 1866 MB, 1.06 load
[runlim] sample:		28674.77 time, 28520.01 real, 1872 MB, 1.05 load
[runlim] sample:		28684.77 time, 28530.01 real, 1872 MB, 1.04 load
[runlim] sample:		28694.76 time, 28540.01 real, 1878 MB, 1.04 load
[runlim] sample:		28704.76 time, 28550.01 real, 1885 MB, 1.03 load
[runlim] sample:		28714.76 time, 28560.01 real, 1885 MB, 1.02 load
[runlim] sample:		28724.77 time, 28570.01 real, 1892 MB, 1.02 load
[runlim] sample:		28734.76 time, 28580.01 real, 1892 MB, 1.02 load
[runlim] sample:		28744.76 time, 28590.01 real, 1899 MB, 1.01 load
[runlim] sample:		28754.75 time, 28600.01 real, 1899 MB, 1.01 load
[runlim] sample:		28764.75 time, 28610.01 real, 1907 MB, 1.01 load
[runlim] sample:		28774.76 time, 28620.01 real, 1907 MB, 1.01 load
[runlim] sample:		28784.75 time, 28630.01 real, 1913 MB, 1.01 load
[runlim] sample:		28794.76 time, 28640.01 real, 1914 MB, 1.00 load
[runlim] sample:		28804.76 time, 28650.01 real, 1921 MB, 1.00 load
[runlim] sample:		28814.75 time, 28660.01 real, 1934 MB, 1.00 load
[runlim] sample:		28824.75 time, 28670.01 real, 1934 MB, 1.00 load
[runlim] sample:		28834.75 time, 28680.01 real, 1935 MB, 1.00 load
[runlim] sample:		28844.75 time, 28690.01 real, 1954 MB, 1.00 load
[runlim] sample:		28854.74 time, 28700.01 real, 1954 MB, 1.00 load
[runlim] sample:		28864.74 time, 28710.01 real, 1975 MB, 1.00 load
[runlim] sample:		28874.75 time, 28720.01 real, 1975 MB, 1.00 load
[runlim] sample:		28884.74 time, 28730.01 real, 1991 MB, 1.00 load
[runlim] sample:		28894.74 time, 28740.01 real, 1991 MB, 1.00 load
[runlim] sample:		28904.74 time, 28750.01 real, 1995 MB, 1.00 load
[runlim] sample:		28914.74 time, 28760.01 real, 1995 MB, 1.00 load
[runlim] sample:		28924.74 time, 28770.01 real, 2035 MB, 1.00 load
[runlim] sample:		28934.73 time, 28780.01 real, 2035 MB, 1.00 load
[runlim] sample:		28944.73 time, 28790.01 real, 2055 MB, 1.00 load
[runlim] sample:		28954.74 time, 28800.01 real, 2056 MB, 1.00 load
[runlim] sample:		28964.74 time, 28810.01 real, 2057 MB, 1.00 load
[runlim] sample:		28974.73 time, 28820.01 real, 2346 MB, 1.00 load
[runlim] sample:		28984.73 time, 28830.01 real, 2346 MB, 1.00 load
[runlim] sample:		28994.73 time, 28840.01 real, 2353 MB, 1.00 load
[runlim] sample:		29004.73 time, 28850.01 real, 2353 MB, 1.00 load
[runlim] sample:		29014.73 time, 28860.02 real, 2353 MB, 1.00 load
[runlim] sample:		29024.72 time, 28870.01 real, 2394 MB, 1.00 load
[runlim] sample:		29034.73 time, 28880.01 real, 2394 MB, 1.00 load
[runlim] sample:		29044.73 time, 28890.01 real, 2417 MB, 1.00 load
[runlim] sample:		29054.72 time, 28900.01 real, 2417 MB, 1.00 load
[runlim] sample:		29064.72 time, 28910.01 real, 2417 MB, 1.00 load
[runlim] sample:		29074.72 time, 28920.01 real, 2439 MB, 1.08 load
[runlim] sample:		29084.72 time, 28930.01 real, 2439 MB, 1.22 load
[runlim] sample:		29094.72 time, 28940.01 real, 2463 MB, 1.19 load

NN₁: mnist_relu_3_100_gemm.onnx
NN₂: mnist_relu_3_100_0.79_adam_1_stepsize.onnx
Prop: mnist_57_global_5.vnnlib
[runlim] sample:		29104.68 time, 28950.01 real, 2252 MB, 1.16 load
[runlim] sample:		29114.67 time, 28960.01 real, 2252 MB, 1.13 load
[runlim] sample:		29124.67 time, 28970.01 real, 2252 MB, 1.11 load
[runlim] sample:		29134.67 time, 28980.01 real, 2252 MB, 1.09 load
[runlim] sample:		29144.67 time, 28990.01 real, 2252 MB, 1.08 load
[runlim] sample:		29154.67 time, 29000.01 real, 2252 MB, 1.07 load
[runlim] sample:		29164.66 time, 29010.01 real, 2252 MB, 1.06 load
[runlim] sample:		29174.66 time, 29020.01 real, 2252 MB, 1.05 load
[runlim] sample:		29184.67 time, 29030.01 real, 2252 MB, 1.04 load
[runlim] sample:		29194.67 time, 29040.01 real, 2252 MB, 1.03 load
[runlim] sample:		29204.67 time, 29050.01 real, 2254 MB, 1.03 load
[runlim] sample:		29214.66 time, 29060.01 real, 2254 MB, 1.02 load
[runlim] sample:		29224.66 time, 29070.01 real, 2257 MB, 1.02 load
[runlim] sample:		29234.66 time, 29080.01 real, 2257 MB, 1.02 load
[runlim] sample:		29244.66 time, 29090.01 real, 2262 MB, 1.01 load
[runlim] sample:		29254.66 time, 29100.01 real, 2262 MB, 1.01 load
[runlim] sample:		29264.66 time, 29110.01 real, 2262 MB, 1.01 load
[runlim] sample:		29274.66 time, 29120.01 real, 2262 MB, 1.01 load
[runlim] sample:		29284.65 time, 29130.01 real, 2266 MB, 1.00 load
[runlim] sample:		29294.66 time, 29140.01 real, 2266 MB, 1.00 load
[runlim] sample:		29304.66 time, 29150.01 real, 2270 MB, 1.16 load
[runlim] sample:		29314.65 time, 29160.01 real, 2270 MB, 1.14 load
[runlim] sample:		29324.65 time, 29170.01 real, 2272 MB, 1.12 load
[runlim] sample:		29334.65 time, 29180.01 real, 2272 MB, 1.10 load
[runlim] sample:		29344.65 time, 29190.01 real, 2276 MB, 1.16 load
[runlim] sample:		29354.65 time, 29200.01 real, 2276 MB, 1.13 load
[runlim] sample:		29364.64 time, 29210.01 real, 2280 MB, 1.11 load
[runlim] sample:		29374.64 time, 29220.01 real, 2280 MB, 1.09 load
[runlim] sample:		29384.65 time, 29230.01 real, 2280 MB, 1.08 load
[runlim] sample:		29394.64 time, 29240.01 real, 2283 MB, 1.07 load
[runlim] sample:		29404.64 time, 29250.01 real, 2283 MB, 1.06 load
[runlim] sample:		29414.64 time, 29260.01 real, 2288 MB, 1.05 load
[runlim] sample:		29424.63 time, 29270.01 real, 2288 MB, 1.04 load
[runlim] sample:		29434.63 time, 29280.01 real, 2291 MB, 1.03 load
[runlim] sample:		29444.64 time, 29290.01 real, 2291 MB, 1.03 load
[runlim] sample:		29454.64 time, 29300.01 real, 2296 MB, 1.02 load
[runlim] sample:		29464.63 time, 29310.01 real, 2296 MB, 1.02 load
[runlim] sample:		29474.63 time, 29320.01 real, 2296 MB, 1.02 load
[runlim] sample:		29484.63 time, 29330.01 real, 2298 MB, 1.01 load
[runlim] sample:		29494.63 time, 29340.01 real, 2298 MB, 1.01 load
[runlim] sample:		29504.62 time, 29350.01 real, 2304 MB, 1.01 load
[runlim] sample:		29514.63 time, 29360.01 real, 2304 MB, 1.01 load
[runlim] sample:		29524.62 time, 29370.01 real, 2309 MB, 1.00 load
[runlim] sample:		29534.63 time, 29380.01 real, 2309 MB, 1.00 load
[runlim] sample:		29544.63 time, 29390.01 real, 2309 MB, 1.00 load
[runlim] sample:		29554.62 time, 29400.01 real, 2315 MB, 1.00 load
[runlim] sample:		29564.63 time, 29410.01 real, 2315 MB, 1.00 load
[runlim] sample:		29574.62 time, 29420.01 real, 2315 MB, 1.08 load
[runlim] sample:		29584.62 time, 29430.01 real, 2320 MB, 1.22 load
[runlim] sample:		29594.62 time, 29440.01 real, 2320 MB, 1.19 load
[runlim] sample:		29604.61 time, 29450.01 real, 2326 MB, 1.16 load
[runlim] sample:		29614.62 time, 29460.01 real, 2326 MB, 1.13 load
[runlim] sample:		29624.62 time, 29470.01 real, 2326 MB, 1.11 load
[runlim] sample:		29634.61 time, 29480.01 real, 2333 MB, 1.10 load
[runlim] sample:		29644.62 time, 29490.01 real, 2333 MB, 1.08 load
[runlim] sample:		29654.61 time, 29500.01 real, 2333 MB, 1.07 load
[runlim] sample:		29664.61 time, 29510.01 real, 2339 MB, 1.06 load
[runlim] sample:		29674.61 time, 29520.01 real, 2339 MB, 1.05 load
[runlim] sample:		29684.61 time, 29530.01 real, 2342 MB, 1.04 load
[runlim] sample:		29694.61 time, 29540.01 real, 2342 MB, 1.03 load

NN₁: mnist_relu_3_100_gemm.onnx
NN₂: mnist_relu_3_100_0.79_adam_1_stepsize.onnx
Prop: mnist_58_global_4.vnnlib

NN₁: mnist_relu_3_100_gemm.onnx
NN₂: mnist_relu_3_100_0.79_adam_1_stepsize.onnx
Prop: mnist_58_global_5.vnnlib
[runlim] sample:		29704.49 time, 29550.01 real, 2252 MB, 1.03 load
[runlim] sample:		29714.49 time, 29560.01 real, 2252 MB, 1.02 load
[runlim] sample:		29724.49 time, 29570.01 real, 2252 MB, 1.02 load
[runlim] sample:		29734.48 time, 29580.01 real, 2252 MB, 1.02 load
[runlim] sample:		29744.48 time, 29590.01 real, 2252 MB, 1.01 load
[runlim] sample:		29754.48 time, 29600.01 real, 2252 MB, 1.01 load
[runlim] sample:		29764.48 time, 29610.01 real, 2252 MB, 1.01 load
[runlim] sample:		29774.47 time, 29620.01 real, 2252 MB, 1.01 load
[runlim] sample:		29784.47 time, 29630.01 real, 2252 MB, 1.00 load
[runlim] sample:		29794.46 time, 29640.01 real, 2252 MB, 1.00 load
[runlim] sample:		29804.46 time, 29650.01 real, 2252 MB, 1.00 load
[runlim] sample:		29814.46 time, 29660.01 real, 2252 MB, 1.00 load
[runlim] sample:		29824.46 time, 29670.01 real, 2253 MB, 1.00 load
[runlim] sample:		29834.45 time, 29680.01 real, 2253 MB, 1.00 load
[runlim] sample:		29844.45 time, 29690.01 real, 2258 MB, 1.00 load
[runlim] sample:		29854.45 time, 29700.01 real, 2258 MB, 1.00 load
[runlim] sample:		29864.45 time, 29710.01 real, 2261 MB, 1.00 load
[runlim] sample:		29874.45 time, 29720.01 real, 2261 MB, 1.00 load
[runlim] sample:		29884.44 time, 29730.01 real, 2264 MB, 1.00 load
[runlim] sample:		29894.44 time, 29740.01 real, 2264 MB, 1.00 load
[runlim] sample:		29904.43 time, 29750.01 real, 2270 MB, 1.00 load
[runlim] sample:		29914.43 time, 29760.01 real, 2274 MB, 1.00 load
[runlim] sample:		29924.43 time, 29770.01 real, 2274 MB, 1.00 load
[runlim] sample:		29934.43 time, 29780.01 real, 2277 MB, 1.00 load
[runlim] sample:		29944.42 time, 29790.01 real, 2277 MB, 1.00 load
[runlim] sample:		29954.42 time, 29800.01 real, 2282 MB, 1.00 load
[runlim] sample:		29964.42 time, 29810.01 real, 2282 MB, 1.00 load
[runlim] sample:		29974.41 time, 29820.01 real, 2287 MB, 1.00 load
[runlim] sample:		29984.42 time, 29830.01 real, 2287 MB, 1.00 load
[runlim] sample:		29994.41 time, 29840.01 real, 2292 MB, 1.00 load
[runlim] sample:		30004.41 time, 29850.01 real, 2292 MB, 1.00 load
[runlim] sample:		30014.40 time, 29860.01 real, 2292 MB, 1.00 load
[runlim] sample:		30024.39 time, 29870.01 real, 2299 MB, 1.00 load
[runlim] sample:		30034.39 time, 29880.01 real, 2299 MB, 1.00 load
[runlim] sample:		30044.39 time, 29890.01 real, 2305 MB, 1.00 load
[runlim] sample:		30054.39 time, 29900.01 real, 2305 MB, 1.00 load
[runlim] sample:		30064.38 time, 29910.01 real, 2312 MB, 1.00 load
[runlim] sample:		30074.38 time, 29920.01 real, 2312 MB, 1.08 load
[runlim] sample:		30084.38 time, 29930.01 real, 2319 MB, 1.22 load
[runlim] sample:		30094.38 time, 29940.01 real, 2319 MB, 1.19 load
[runlim] sample:		30104.37 time, 29950.01 real, 2319 MB, 1.16 load
[runlim] sample:		30114.37 time, 29960.01 real, 2324 MB, 1.13 load
[runlim] sample:		30124.37 time, 29970.01 real, 2324 MB, 1.11 load
[runlim] sample:		30134.36 time, 29980.01 real, 2332 MB, 1.18 load
[runlim] sample:		30144.37 time, 29990.02 real, 2332 MB, 1.15 load
[runlim] sample:		30154.36 time, 30000.01 real, 2332 MB, 1.12 load
[runlim] sample:		30164.35 time, 30010.01 real, 2338 MB, 1.10 load
[runlim] sample:		30174.35 time, 30020.01 real, 2338 MB, 1.09 load
[runlim] sample:		30184.35 time, 30030.01 real, 2345 MB, 1.07 load
[runlim] sample:		30194.34 time, 30040.01 real, 2345 MB, 1.06 load
[runlim] sample:		30204.34 time, 30050.01 real, 2345 MB, 1.13 load
[runlim] sample:		30214.34 time, 30060.01 real, 2353 MB, 1.11 load
[runlim] sample:		30224.33 time, 30070.01 real, 2353 MB, 1.09 load
[runlim] sample:		30234.34 time, 30080.01 real, 2360 MB, 1.08 load
[runlim] sample:		30244.34 time, 30090.01 real, 2360 MB, 1.07 load
[runlim] sample:		30254.33 time, 30100.01 real, 2360 MB, 1.06 load
[runlim] sample:		30264.33 time, 30110.01 real, 2369 MB, 1.05 load
[runlim] sample:		30274.33 time, 30120.01 real, 2369 MB, 1.04 load
[runlim] sample:		30284.33 time, 30130.01 real, 2369 MB, 1.03 load
[runlim] sample:		30294.32 time, 30140.01 real, 2376 MB, 1.03 load

NN₁: mnist_relu_3_100_gemm.onnx
NN₂: mnist_relu_3_100_0.79_adam_1_stepsize.onnx
Prop: mnist_59_global_4.vnnlib
[runlim] sample:		30304.24 time, 30150.01 real, 2252 MB, 1.02 load
[runlim] sample:		30314.24 time, 30160.01 real, 2252 MB, 1.02 load
[runlim] sample:		30324.24 time, 30170.01 real, 2252 MB, 1.02 load
[runlim] sample:		30334.23 time, 30180.01 real, 2252 MB, 1.01 load
[runlim] sample:		30344.23 time, 30190.01 real, 2252 MB, 1.01 load
[runlim] sample:		30354.23 time, 30200.01 real, 2252 MB, 1.01 load
[runlim] sample:		30364.23 time, 30210.01 real, 2252 MB, 1.01 load
[runlim] sample:		30374.23 time, 30220.01 real, 2252 MB, 1.00 load
[runlim] sample:		30384.23 time, 30230.01 real, 2252 MB, 1.00 load
[runlim] sample:		30394.23 time, 30240.01 real, 2252 MB, 1.00 load
[runlim] sample:		30404.23 time, 30250.01 real, 2252 MB, 1.00 load
[runlim] sample:		30414.22 time, 30260.01 real, 2252 MB, 1.00 load
[runlim] sample:		30424.22 time, 30270.01 real, 2252 MB, 1.00 load
[runlim] sample:		30434.22 time, 30280.01 real, 2253 MB, 1.00 load
[runlim] sample:		30444.22 time, 30290.01 real, 2258 MB, 1.16 load
[runlim] sample:		30454.22 time, 30300.01 real, 2258 MB, 1.13 load
[runlim] sample:		30464.21 time, 30310.01 real, 2263 MB, 1.11 load
[runlim] sample:		30474.21 time, 30320.01 real, 2268 MB, 1.10 load
[runlim] sample:		30484.21 time, 30330.01 real, 2268 MB, 1.08 load
[runlim] sample:		30494.21 time, 30340.01 real, 2273 MB, 1.07 load
[runlim] sample:		30504.21 time, 30350.01 real, 2273 MB, 1.06 load
[runlim] sample:		30514.20 time, 30360.01 real, 2279 MB, 1.05 load
[runlim] sample:		30524.21 time, 30370.01 real, 2285 MB, 1.04 load
[runlim] sample:		30534.20 time, 30380.01 real, 2285 MB, 1.03 load
[runlim] sample:		30544.20 time, 30390.01 real, 2291 MB, 1.03 load
[runlim] sample:		30554.20 time, 30400.01 real, 2291 MB, 1.02 load
[runlim] sample:		30564.20 time, 30410.01 real, 2298 MB, 1.02 load
[runlim] sample:		30574.19 time, 30420.01 real, 2304 MB, 1.10 load
[runlim] sample:		30584.19 time, 30430.01 real, 2304 MB, 1.24 load
[runlim] sample:		30594.19 time, 30440.01 real, 2310 MB, 1.20 load
[runlim] sample:		30604.19 time, 30450.01 real, 2310 MB, 1.17 load
[runlim] sample:		30614.19 time, 30460.01 real, 2315 MB, 1.14 load
[runlim] sample:		30624.19 time, 30470.01 real, 2315 MB, 1.12 load
[runlim] sample:		30634.18 time, 30480.01 real, 2321 MB, 1.10 load
[runlim] sample:		30644.18 time, 30490.01 real, 2321 MB, 1.08 load
[runlim] sample:		30654.18 time, 30500.01 real, 2326 MB, 1.07 load
[runlim] sample:		30664.18 time, 30510.01 real, 2326 MB, 1.06 load
[runlim] sample:		30674.18 time, 30520.01 real, 2332 MB, 1.05 load
[runlim] sample:		30684.18 time, 30530.01 real, 2332 MB, 1.04 load
[runlim] sample:		30694.18 time, 30540.01 real, 2337 MB, 1.04 load
[runlim] sample:		30704.17 time, 30550.01 real, 2337 MB, 1.03 load
[runlim] sample:		30714.17 time, 30560.01 real, 2337 MB, 1.02 load
[runlim] sample:		30724.17 time, 30570.01 real, 2341 MB, 1.02 load
[runlim] sample:		30734.16 time, 30580.01 real, 2341 MB, 1.02 load
[runlim] sample:		30744.16 time, 30590.01 real, 2345 MB, 1.01 load
[runlim] sample:		30754.16 time, 30600.01 real, 2345 MB, 1.01 load
[runlim] sample:		30764.16 time, 30610.01 real, 2348 MB, 1.01 load
[runlim] sample:		30774.16 time, 30620.01 real, 2348 MB, 1.01 load
[runlim] sample:		30784.15 time, 30630.01 real, 2350 MB, 1.01 load
[runlim] sample:		30794.16 time, 30640.01 real, 2350 MB, 1.00 load
[runlim] sample:		30804.16 time, 30650.01 real, 2350 MB, 1.00 load
[runlim] sample:		30814.15 time, 30660.01 real, 2352 MB, 1.00 load
[runlim] sample:		30824.15 time, 30670.01 real, 2352 MB, 1.00 load
[runlim] sample:		30834.15 time, 30680.01 real, 2353 MB, 1.00 load
[runlim] sample:		30844.14 time, 30690.01 real, 2353 MB, 1.00 load
[runlim] sample:		30854.14 time, 30700.01 real, 2353 MB, 1.00 load
[runlim] sample:		30864.15 time, 30710.01 real, 2353 MB, 1.00 load
[runlim] sample:		30874.14 time, 30720.01 real, 2353 MB, 1.00 load
[runlim] sample:		30884.14 time, 30730.01 real, 2353 MB, 1.00 load
[runlim] sample:		30894.14 time, 30740.01 real, 2353 MB, 1.00 load

NN₁: mnist_relu_3_100_gemm.onnx
NN₂: mnist_relu_3_100_0.79_adam_1_stepsize.onnx
Prop: mnist_59_global_5.vnnlib
[runlim] sample:		30904.10 time, 30750.01 real, 2252 MB, 1.00 load
[runlim] sample:		30914.09 time, 30760.01 real, 2252 MB, 1.00 load
[runlim] sample:		30924.09 time, 30770.01 real, 2252 MB, 1.00 load
[runlim] sample:		30934.09 time, 30780.01 real, 2252 MB, 1.00 load
[runlim] sample:		30944.09 time, 30790.01 real, 2252 MB, 1.00 load
[runlim] sample:		30954.08 time, 30800.01 real, 2252 MB, 1.00 load
[runlim] sample:		30964.08 time, 30810.01 real, 2252 MB, 1.00 load
[runlim] sample:		30974.08 time, 30820.01 real, 2253 MB, 1.00 load
[runlim] sample:		30984.08 time, 30830.01 real, 2253 MB, 1.00 load
[runlim] sample:		30994.08 time, 30840.01 real, 2255 MB, 1.00 load
[runlim] sample:		31004.08 time, 30850.01 real, 2255 MB, 1.00 load
[runlim] sample:		31014.07 time, 30860.01 real, 2258 MB, 1.00 load
[runlim] sample:		31024.08 time, 30870.01 real, 2258 MB, 1.00 load
[runlim] sample:		31034.07 time, 30880.01 real, 2260 MB, 1.00 load
[runlim] sample:		31044.07 time, 30890.01 real, 2260 MB, 1.07 load
[runlim] sample:		31054.07 time, 30900.01 real, 2263 MB, 1.06 load
[runlim] sample:		31064.06 time, 30910.01 real, 2263 MB, 1.05 load
[runlim] sample:		31074.07 time, 30920.01 real, 2266 MB, 1.12 load
[runlim] sample:		31084.06 time, 30930.01 real, 2266 MB, 1.26 load
[runlim] sample:		31094.06 time, 30940.01 real, 2268 MB, 1.29 load
[runlim] sample:		31104.05 time, 30950.01 real, 2268 MB, 1.25 load
[runlim] sample:		31114.05 time, 30960.01 real, 2271 MB, 1.21 load
[runlim] sample:		31124.05 time, 30970.01 real, 2271 MB, 1.18 load
[runlim] sample:		31134.05 time, 30980.01 real, 2276 MB, 1.15 load
[runlim] sample:		31144.05 time, 30990.01 real, 2276 MB, 1.12 load
[runlim] sample:		31154.04 time, 31000.01 real, 2278 MB, 1.11 load
[runlim] sample:		31164.04 time, 31010.01 real, 2278 MB, 1.09 load
[runlim] sample:		31174.04 time, 31020.01 real, 2282 MB, 1.07 load
[runlim] sample:		31184.04 time, 31030.01 real, 2282 MB, 1.06 load
[runlim] sample:		31194.04 time, 31040.01 real, 2285 MB, 1.05 load
[runlim] sample:		31204.04 time, 31050.01 real, 2285 MB, 1.04 load
[runlim] sample:		31214.03 time, 31060.01 real, 2288 MB, 1.04 load
[runlim] sample:		31224.03 time, 31070.01 real, 2288 MB, 1.03 load
[runlim] sample:		31234.03 time, 31080.01 real, 2288 MB, 1.03 load
[runlim] sample:		31244.03 time, 31090.01 real, 2292 MB, 1.02 load
[runlim] sample:		31254.03 time, 31100.01 real, 2292 MB, 1.02 load
[runlim] sample:		31264.02 time, 31110.01 real, 2297 MB, 1.01 load
[runlim] sample:		31274.02 time, 31120.01 real, 2297 MB, 1.01 load
[runlim] sample:		31284.02 time, 31130.01 real, 2299 MB, 1.17 load
[runlim] sample:		31294.02 time, 31140.01 real, 2299 MB, 1.14 load
[runlim] sample:		31304.02 time, 31150.01 real, 2299 MB, 1.12 load
[runlim] sample:		31314.01 time, 31160.01 real, 2305 MB, 1.10 load
[runlim] sample:		31324.01 time, 31170.01 real, 2305 MB, 1.09 load
[runlim] sample:		31334.01 time, 31180.01 real, 2308 MB, 1.07 load
[runlim] sample:		31344.01 time, 31190.01 real, 2308 MB, 1.06 load
[runlim] sample:		31354.01 time, 31200.01 real, 2308 MB, 1.05 load
[runlim] sample:		31364.00 time, 31210.01 real, 2314 MB, 1.04 load
[runlim] sample:		31374.00 time, 31220.01 real, 2314 MB, 1.04 load
[runlim] sample:		31384.01 time, 31230.01 real, 2319 MB, 1.03 load
[runlim] sample:		31394.00 time, 31240.01 real, 2319 MB, 1.02 load
[runlim] sample:		31404.00 time, 31250.01 real, 2319 MB, 1.02 load
[runlim] sample:		31414.00 time, 31260.01 real, 2325 MB, 1.02 load
[runlim] sample:		31424.00 time, 31270.01 real, 2325 MB, 1.01 load
[runlim] sample:		31433.99 time, 31280.01 real, 2328 MB, 1.01 load
[runlim] sample:		31443.99 time, 31290.01 real, 2328 MB, 1.01 load
[runlim] sample:		31453.99 time, 31300.01 real, 2328 MB, 1.01 load
[runlim] sample:		31463.99 time, 31310.01 real, 2335 MB, 1.01 load
[runlim] sample:		31473.99 time, 31320.01 real, 2335 MB, 1.00 load
[runlim] sample:		31483.99 time, 31330.01 real, 2335 MB, 1.08 load
[runlim] sample:		31493.98 time, 31340.01 real, 2340 MB, 1.07 load

NN₁: mnist_relu_3_100_gemm.onnx
NN₂: mnist_relu_3_100_0.79_adam_1_stepsize.onnx
Prop: mnist_60_global_4.vnnlib

NN₁: mnist_relu_3_100_gemm.onnx
NN₂: mnist_relu_3_100_0.79_adam_1_stepsize.onnx
Prop: mnist_60_global_5.vnnlib
[runlim] sample:		31503.90 time, 31350.01 real, 2252 MB, 1.06 load

NN₁: mnist_relu_3_100_gemm.onnx
NN₂: mnist_relu_3_100_0.79_adam_1_stepsize.onnx
Prop: mnist_61_global_4.vnnlib

NN₁: mnist_relu_3_100_gemm.onnx
NN₂: mnist_relu_3_100_0.79_adam_1_stepsize.onnx
Prop: mnist_61_global_5.vnnlib
[runlim] sample:		31513.84 time, 31360.01 real, 2252 MB, 1.05 load
[runlim] sample:		31523.84 time, 31370.01 real, 2252 MB, 1.11 load
[runlim] sample:		31533.84 time, 31380.01 real, 2252 MB, 1.09 load
[runlim] sample:		31543.84 time, 31390.01 real, 2252 MB, 1.08 load
[runlim] sample:		31553.83 time, 31400.01 real, 2252 MB, 1.07 load
[runlim] sample:		31563.84 time, 31410.01 real, 2252 MB, 1.06 load
[runlim] sample:		31573.83 time, 31420.01 real, 2252 MB, 1.20 load
[runlim] sample:		31583.83 time, 31430.01 real, 2252 MB, 1.79 load
[runlim] sample:		31593.83 time, 31440.01 real, 2252 MB, 1.74 load
[runlim] sample:		31603.83 time, 31450.01 real, 2253 MB, 1.63 load
[runlim] sample:		31613.83 time, 31460.01 real, 2253 MB, 1.53 load
[runlim] sample:		31623.83 time, 31470.01 real, 2256 MB, 1.45 load
[runlim] sample:		31633.82 time, 31480.01 real, 2256 MB, 1.38 load
[runlim] sample:		31643.82 time, 31490.01 real, 2260 MB, 1.40 load
[runlim] sample:		31653.82 time, 31500.01 real, 2260 MB, 1.33 load
[runlim] sample:		31663.82 time, 31510.01 real, 2263 MB, 1.28 load
[runlim] sample:		31673.82 time, 31520.01 real, 2263 MB, 1.24 load
[runlim] sample:		31683.82 time, 31530.01 real, 2267 MB, 1.20 load
[runlim] sample:		31693.81 time, 31540.01 real, 2267 MB, 1.17 load
[runlim] sample:		31703.81 time, 31550.01 real, 2269 MB, 1.22 load
[runlim] sample:		31713.81 time, 31560.01 real, 2269 MB, 1.18 load
[runlim] sample:		31723.81 time, 31570.01 real, 2273 MB, 1.16 load
[runlim] sample:		31733.81 time, 31580.01 real, 2273 MB, 1.13 load
[runlim] sample:		31743.81 time, 31590.01 real, 2276 MB, 1.11 load
[runlim] sample:		31753.80 time, 31600.01 real, 2276 MB, 1.09 load
[runlim] sample:		31763.80 time, 31610.01 real, 2276 MB, 1.08 load
[runlim] sample:		31773.80 time, 31620.01 real, 2282 MB, 1.07 load
[runlim] sample:		31783.80 time, 31630.01 real, 2282 MB, 1.06 load
[runlim] sample:		31793.80 time, 31640.01 real, 2282 MB, 1.05 load
[runlim] sample:		31803.79 time, 31650.01 real, 2282 MB, 1.04 load
[runlim] sample:		31813.80 time, 31660.01 real, 2286 MB, 1.03 load
[runlim] sample:		31823.80 time, 31670.01 real, 2286 MB, 1.03 load
[runlim] sample:		31833.79 time, 31680.01 real, 2291 MB, 1.02 load
[runlim] sample:		31843.79 time, 31690.01 real, 2291 MB, 1.02 load
[runlim] sample:		31853.79 time, 31700.01 real, 2291 MB, 1.02 load
[runlim] sample:		31863.79 time, 31710.01 real, 2297 MB, 1.01 load
[runlim] sample:		31873.78 time, 31720.01 real, 2297 MB, 1.01 load
[runlim] sample:		31883.79 time, 31730.01 real, 2302 MB, 1.01 load
[runlim] sample:		31893.78 time, 31740.01 real, 2302 MB, 1.01 load
[runlim] sample:		31903.78 time, 31750.01 real, 2302 MB, 1.00 load
[runlim] sample:		31913.78 time, 31760.01 real, 2306 MB, 1.00 load
[runlim] sample:		31923.77 time, 31770.01 real, 2306 MB, 1.00 load
[runlim] sample:		31933.78 time, 31780.01 real, 2310 MB, 1.00 load
[runlim] sample:		31943.77 time, 31790.01 real, 2310 MB, 1.00 load
[runlim] sample:		31953.77 time, 31800.01 real, 2310 MB, 1.00 load
[runlim] sample:		31963.77 time, 31810.01 real, 2317 MB, 1.00 load
[runlim] sample:		31973.77 time, 31820.01 real, 2317 MB, 1.00 load
[runlim] sample:		31983.77 time, 31830.01 real, 2321 MB, 1.00 load
[runlim] sample:		31993.77 time, 31840.01 real, 2321 MB, 1.00 load
[runlim] sample:		32003.76 time, 31850.01 real, 2321 MB, 1.00 load
[runlim] sample:		32013.77 time, 31860.01 real, 2330 MB, 1.00 load
[runlim] sample:		32023.76 time, 31870.01 real, 2330 MB, 1.00 load
[runlim] sample:		32033.76 time, 31880.01 real, 2330 MB, 1.00 load
[runlim] sample:		32043.76 time, 31890.01 real, 2334 MB, 1.00 load
[runlim] sample:		32053.76 time, 31900.01 real, 2334 MB, 1.00 load
[runlim] sample:		32063.75 time, 31910.01 real, 2334 MB, 1.00 load
[runlim] sample:		32073.76 time, 31920.01 real, 2337 MB, 1.08 load
[runlim] sample:		32083.76 time, 31930.01 real, 2337 MB, 1.22 load
[runlim] sample:		32093.75 time, 31940.01 real, 2342 MB, 1.19 load
[runlim] sample:		32103.75 time, 31950.01 real, 2342 MB, 1.16 load

NN₁: mnist_relu_3_100_gemm.onnx
NN₂: mnist_relu_3_100_0.79_adam_1_stepsize.onnx
Prop: mnist_62_global_4.vnnlib
[runlim] sample:		32113.71 time, 31960.01 real, 2252 MB, 1.13 load
[runlim] sample:		32123.71 time, 31970.01 real, 2252 MB, 1.11 load
[runlim] sample:		32133.70 time, 31980.01 real, 2252 MB, 1.09 load
[runlim] sample:		32143.70 time, 31990.01 real, 2252 MB, 1.08 load
[runlim] sample:		32153.70 time, 32000.01 real, 2252 MB, 1.07 load
[runlim] sample:		32163.70 time, 32010.01 real, 2252 MB, 1.06 load
[runlim] sample:		32173.70 time, 32020.01 real, 2252 MB, 1.05 load
[runlim] sample:		32183.69 time, 32030.01 real, 2252 MB, 1.12 load
[runlim] sample:		32193.69 time, 32040.01 real, 2252 MB, 1.10 load
[runlim] sample:		32203.69 time, 32050.01 real, 2252 MB, 1.08 load
[runlim] sample:		32213.69 time, 32060.01 real, 2254 MB, 1.07 load
[runlim] sample:		32223.69 time, 32070.01 real, 2254 MB, 1.06 load
[runlim] sample:		32233.69 time, 32080.01 real, 2257 MB, 1.05 load
[runlim] sample:		32243.69 time, 32090.01 real, 2257 MB, 1.04 load
[runlim] sample:		32253.68 time, 32100.01 real, 2260 MB, 1.04 load
[runlim] sample:		32263.68 time, 32110.01 real, 2260 MB, 1.03 load
[runlim] sample:		32273.68 time, 32120.01 real, 2263 MB, 1.02 load
[runlim] sample:		32283.68 time, 32130.01 real, 2263 MB, 1.02 load
[runlim] sample:		32293.68 time, 32140.01 real, 2267 MB, 1.02 load
[runlim] sample:		32303.68 time, 32150.01 real, 2267 MB, 1.01 load
[runlim] sample:		32313.67 time, 32160.01 real, 2270 MB, 1.01 load
[runlim] sample:		32323.68 time, 32170.01 real, 2270 MB, 1.01 load
[runlim] sample:		32333.67 time, 32180.01 real, 2275 MB, 1.01 load
[runlim] sample:		32343.67 time, 32190.01 real, 2275 MB, 1.01 load
[runlim] sample:		32353.66 time, 32200.01 real, 2277 MB, 1.00 load
[runlim] sample:		32363.66 time, 32210.01 real, 2277 MB, 1.00 load
[runlim] sample:		32374.24 time, 32220.01 real, 2277 MB, 1.00 load
[runlim] sample:		32386.22 time, 32230.01 real, 2277 MB, 1.00 load
[runlim] sample:		32398.23 time, 32240.01 real, 2277 MB, 1.08 load
[runlim] sample:		32410.35 time, 32250.01 real, 2277 MB, 1.07 load
[runlim] sample:		32422.31 time, 32260.01 real, 2277 MB, 1.06 load
[runlim] sample:		32434.04 time, 32270.01 real, 2277 MB, 1.21 load
[runlim] sample:		32445.99 time, 32280.01 real, 2277 MB, 1.18 load
[runlim] sample:		32458.05 time, 32290.01 real, 2277 MB, 1.15 load
[runlim] sample:		32468.81 time, 32300.01 real, 2277 MB, 1.12 load
[runlim] sample:		32479.35 time, 32310.01 real, 2277 MB, 1.10 load
[runlim] sample:		32491.16 time, 32320.01 real, 2277 MB, 1.09 load
[runlim] sample:		32503.04 time, 32330.01 real, 2277 MB, 1.07 load
[runlim] sample:		32514.97 time, 32340.01 real, 2277 MB, 1.06 load
[runlim] sample:		32526.91 time, 32350.01 real, 2277 MB, 1.05 load
[runlim] sample:		32538.95 time, 32360.01 real, 2277 MB, 1.04 load
[runlim] sample:		32551.17 time, 32370.01 real, 2281 MB, 1.04 load
[runlim] sample:		32563.02 time, 32380.01 real, 2285 MB, 1.03 load
[runlim] sample:		32574.72 time, 32390.01 real, 2285 MB, 1.03 load
[runlim] sample:		32586.49 time, 32400.01 real, 2287 MB, 1.02 load
[runlim] sample:		32598.57 time, 32410.01 real, 2287 MB, 1.02 load
[runlim] sample:		32610.67 time, 32420.01 real, 2292 MB, 1.09 load
[runlim] sample:		32622.49 time, 32430.01 real, 2297 MB, 1.47 load
[runlim] sample:		32634.34 time, 32440.01 real, 2297 MB, 1.40 load
[runlim] sample:		32645.95 time, 32450.01 real, 2302 MB, 1.34 load
[runlim] sample:		32658.06 time, 32460.01 real, 2302 MB, 1.29 load
[runlim] sample:		32670.12 time, 32470.01 real, 2308 MB, 1.24 load
[runlim] sample:		32682.18 time, 32480.01 real, 2314 MB, 1.20 load
[runlim] sample:		32694.39 time, 32490.01 real, 2314 MB, 1.17 load
[runlim] sample:		32706.48 time, 32500.01 real, 2320 MB, 1.15 load
[runlim] sample:		32718.58 time, 32510.01 real, 2320 MB, 1.36 load
[runlim] sample:		32730.33 time, 32520.01 real, 2326 MB, 1.31 load
[runlim] sample:		32742.21 time, 32530.01 real, 2326 MB, 1.26 load
[runlim] sample:		32754.25 time, 32540.01 real, 2329 MB, 1.22 load
[runlim] sample:		32766.40 time, 32550.01 real, 2329 MB, 1.35 load

NN₁: mnist_relu_3_100_gemm.onnx
NN₂: mnist_relu_3_100_0.79_adam_1_stepsize.onnx
Prop: mnist_62_global_5.vnnlib
[runlim] sample:		32776.81 time, 32560.01 real, 2252 MB, 1.29 load
[runlim] sample:		32786.82 time, 32570.01 real, 2252 MB, 1.41 load
[runlim] sample:		32796.81 time, 32580.01 real, 2252 MB, 1.34 load
[runlim] sample:		32806.81 time, 32590.01 real, 2252 MB, 1.29 load
[runlim] sample:		32816.81 time, 32600.01 real, 2252 MB, 1.25 load
[runlim] sample:		32826.81 time, 32610.01 real, 2252 MB, 1.21 load
[runlim] sample:		32836.81 time, 32620.01 real, 2252 MB, 1.17 load
[runlim] sample:		32846.81 time, 32630.01 real, 2252 MB, 1.15 load
[runlim] sample:		32856.81 time, 32640.01 real, 2252 MB, 1.12 load
[runlim] sample:		32866.80 time, 32650.01 real, 2252 MB, 1.10 load
[runlim] sample:		32876.80 time, 32660.01 real, 2256 MB, 1.09 load
[runlim] sample:		32886.80 time, 32670.01 real, 2256 MB, 1.07 load
[runlim] sample:		32896.80 time, 32680.01 real, 2258 MB, 1.14 load
[runlim] sample:		32906.80 time, 32690.01 real, 2258 MB, 1.12 load
[runlim] sample:		32916.79 time, 32700.01 real, 2260 MB, 1.10 load
[runlim] sample:		32926.79 time, 32710.01 real, 2262 MB, 1.08 load
[runlim] sample:		32936.79 time, 32720.01 real, 2263 MB, 1.07 load
[runlim] sample:		32946.80 time, 32730.01 real, 2263 MB, 1.06 load
[runlim] sample:		32956.79 time, 32740.01 real, 2267 MB, 1.05 load
[runlim] sample:		32966.79 time, 32750.01 real, 2267 MB, 1.04 load
[runlim] sample:		32976.78 time, 32760.01 real, 2270 MB, 1.04 load
[runlim] sample:		32986.78 time, 32770.01 real, 2270 MB, 1.03 load
[runlim] sample:		32996.78 time, 32780.01 real, 2273 MB, 1.02 load
[runlim] sample:		33006.78 time, 32790.01 real, 2273 MB, 1.02 load
[runlim] sample:		33016.77 time, 32800.01 real, 2276 MB, 1.02 load
[runlim] sample:		33026.78 time, 32810.01 real, 2276 MB, 1.01 load
[runlim] sample:		33036.78 time, 32820.01 real, 2279 MB, 1.01 load
[runlim] sample:		33046.77 time, 32830.01 real, 2279 MB, 1.01 load
[runlim] sample:		33056.77 time, 32840.01 real, 2283 MB, 1.01 load
[runlim] sample:		33066.77 time, 32850.01 real, 2283 MB, 1.01 load
[runlim] sample:		33076.77 time, 32860.01 real, 2285 MB, 1.00 load
[runlim] sample:		33086.77 time, 32870.01 real, 2285 MB, 1.00 load
[runlim] sample:		33096.76 time, 32880.01 real, 2288 MB, 1.00 load
[runlim] sample:		33106.76 time, 32890.01 real, 2288 MB, 1.00 load
[runlim] sample:		33116.76 time, 32900.01 real, 2292 MB, 1.00 load
[runlim] sample:		33126.76 time, 32910.01 real, 2292 MB, 1.00 load
[runlim] sample:		33136.76 time, 32920.01 real, 2292 MB, 1.08 load
[runlim] sample:		33146.76 time, 32930.01 real, 2296 MB, 1.30 load
[runlim] sample:		33156.75 time, 32940.01 real, 2296 MB, 1.25 load
[runlim] sample:		33166.76 time, 32950.01 real, 2300 MB, 1.22 load
[runlim] sample:		33176.76 time, 32960.01 real, 2300 MB, 1.18 load
[runlim] sample:		33186.75 time, 32970.01 real, 2304 MB, 1.15 load
[runlim] sample:		33196.75 time, 32980.01 real, 2304 MB, 1.13 load
[runlim] sample:		33206.75 time, 32990.01 real, 2304 MB, 1.11 load
[runlim] sample:		33216.75 time, 33000.01 real, 2308 MB, 1.09 load
[runlim] sample:		33226.75 time, 33010.01 real, 2308 MB, 1.08 load
[runlim] sample:		33236.74 time, 33020.01 real, 2312 MB, 1.06 load
[runlim] sample:		33246.74 time, 33030.01 real, 2312 MB, 1.05 load
[runlim] sample:		33256.74 time, 33040.01 real, 2312 MB, 1.05 load
[runlim] sample:		33266.75 time, 33050.01 real, 2316 MB, 1.04 load
[runlim] sample:		33276.74 time, 33060.01 real, 2316 MB, 1.03 load
[runlim] sample:		33286.73 time, 33070.01 real, 2321 MB, 1.03 load
[runlim] sample:		33296.73 time, 33080.01 real, 2321 MB, 1.02 load
[runlim] sample:		33306.73 time, 33090.01 real, 2321 MB, 1.02 load
[runlim] sample:		33316.74 time, 33100.01 real, 2326 MB, 1.02 load
[runlim] sample:		33326.73 time, 33110.01 real, 2326 MB, 1.01 load
[runlim] sample:		33336.73 time, 33120.01 real, 2326 MB, 1.01 load
[runlim] sample:		33346.72 time, 33130.01 real, 2331 MB, 1.01 load
[runlim] sample:		33356.72 time, 33140.01 real, 2331 MB, 1.01 load
[runlim] sample:		33366.73 time, 33150.01 real, 2336 MB, 1.00 load

NN₁: mnist_relu_3_100_gemm.onnx
NN₂: mnist_relu_3_100_0.79_adam_1_stepsize.onnx
Prop: mnist_63_global_4.vnnlib

NN₁: mnist_relu_3_100_gemm.onnx
NN₂: mnist_relu_3_100_0.79_adam_1_stepsize.onnx
Prop: mnist_63_global_5.vnnlib
[runlim] sample:		33376.64 time, 33160.01 real, 2252 MB, 1.00 load
[runlim] sample:		33386.64 time, 33170.01 real, 2252 MB, 1.00 load
[runlim] sample:		33396.64 time, 33180.01 real, 2252 MB, 1.00 load
[runlim] sample:		33406.63 time, 33190.01 real, 2252 MB, 1.00 load
[runlim] sample:		33416.63 time, 33200.01 real, 2252 MB, 1.00 load
[runlim] sample:		33426.63 time, 33210.01 real, 2252 MB, 1.00 load
[runlim] sample:		33436.64 time, 33220.01 real, 2252 MB, 1.00 load
[runlim] sample:		33446.63 time, 33230.01 real, 2252 MB, 1.00 load
[runlim] sample:		33456.63 time, 33240.01 real, 2252 MB, 1.00 load
[runlim] sample:		33466.62 time, 33250.01 real, 2252 MB, 1.00 load
[runlim] sample:		33476.63 time, 33260.01 real, 2254 MB, 1.00 load
[runlim] sample:		33486.63 time, 33270.01 real, 2254 MB, 1.00 load
[runlim] sample:		33496.62 time, 33280.01 real, 2258 MB, 1.00 load
[runlim] sample:		33506.62 time, 33290.01 real, 2258 MB, 1.00 load
[runlim] sample:		33516.62 time, 33300.01 real, 2260 MB, 1.00 load
[runlim] sample:		33526.62 time, 33310.01 real, 2260 MB, 1.00 load
[runlim] sample:		33536.61 time, 33320.01 real, 2264 MB, 1.00 load
[runlim] sample:		33546.61 time, 33330.01 real, 2264 MB, 1.00 load
[runlim] sample:		33556.61 time, 33340.01 real, 2266 MB, 1.00 load
[runlim] sample:		33566.61 time, 33350.01 real, 2266 MB, 1.00 load
[runlim] sample:		33576.61 time, 33360.01 real, 2272 MB, 1.00 load
[runlim] sample:		33586.61 time, 33370.01 real, 2272 MB, 1.00 load
[runlim] sample:		33596.60 time, 33380.01 real, 2275 MB, 1.00 load
[runlim] sample:		33606.61 time, 33390.01 real, 2275 MB, 1.00 load
[runlim] sample:		33616.60 time, 33400.01 real, 2277 MB, 1.00 load
[runlim] sample:		33626.60 time, 33410.01 real, 2277 MB, 1.16 load
[runlim] sample:		33636.60 time, 33420.01 real, 2280 MB, 1.22 load
[runlim] sample:		33646.60 time, 33430.01 real, 2280 MB, 1.34 load
[runlim] sample:		33656.60 time, 33440.01 real, 2284 MB, 1.36 load
[runlim] sample:		33666.60 time, 33450.01 real, 2284 MB, 1.30 load
[runlim] sample:		33676.59 time, 33460.01 real, 2288 MB, 1.26 load
[runlim] sample:		33686.59 time, 33470.01 real, 2288 MB, 1.22 load
[runlim] sample:		33696.59 time, 33480.01 real, 2288 MB, 1.18 load
[runlim] sample:		33706.58 time, 33490.01 real, 2293 MB, 1.15 load
[runlim] sample:		33716.58 time, 33500.01 real, 2293 MB, 1.13 load
[runlim] sample:		33726.58 time, 33510.01 real, 2299 MB, 1.11 load
[runlim] sample:		33736.58 time, 33520.01 real, 2299 MB, 1.09 load
[runlim] sample:		33746.58 time, 33530.01 real, 2301 MB, 1.08 load
[runlim] sample:		33756.58 time, 33540.01 real, 2301 MB, 1.07 load
[runlim] sample:		33766.58 time, 33550.01 real, 2309 MB, 1.06 load
[runlim] sample:		33776.57 time, 33560.01 real, 2309 MB, 1.05 load
[runlim] sample:		33786.57 time, 33570.01 real, 2309 MB, 1.04 load
[runlim] sample:		33796.57 time, 33580.01 real, 2312 MB, 1.03 load
[runlim] sample:		33806.57 time, 33590.01 real, 2312 MB, 1.03 load
[runlim] sample:		33816.57 time, 33600.01 real, 2316 MB, 1.02 load
[runlim] sample:		33826.56 time, 33610.01 real, 2316 MB, 1.02 load
[runlim] sample:		33836.57 time, 33620.01 real, 2316 MB, 1.02 load
[runlim] sample:		33846.57 time, 33630.01 real, 2323 MB, 1.01 load
[runlim] sample:		33856.56 time, 33640.01 real, 2323 MB, 1.01 load
[runlim] sample:		33866.56 time, 33650.01 real, 2330 MB, 1.01 load
[runlim] sample:		33876.56 time, 33660.01 real, 2330 MB, 1.01 load
[runlim] sample:		33886.56 time, 33670.01 real, 2330 MB, 1.00 load
[runlim] sample:		33896.56 time, 33680.01 real, 2334 MB, 1.00 load
[runlim] sample:		33906.55 time, 33690.01 real, 2334 MB, 1.00 load
[runlim] sample:		33916.55 time, 33700.01 real, 2334 MB, 1.00 load
[runlim] sample:		33926.55 time, 33710.01 real, 2339 MB, 1.00 load
[runlim] sample:		33936.55 time, 33720.01 real, 2339 MB, 1.07 load
[runlim] sample:		33946.55 time, 33730.01 real, 2339 MB, 1.06 load
[runlim] sample:		33956.55 time, 33740.01 real, 2345 MB, 1.05 load
[runlim] sample:		33966.54 time, 33750.01 real, 2345 MB, 1.04 load

NN₁: mnist_relu_3_100_gemm.onnx
NN₂: mnist_relu_3_100_0.79_adam_1_stepsize.onnx
Prop: mnist_64_global_4.vnnlib

NN₁: mnist_relu_3_100_gemm.onnx
NN₂: mnist_relu_3_100_0.79_adam_1_stepsize.onnx
Prop: mnist_64_global_5.vnnlib
[runlim] sample:		33976.47 time, 33760.01 real, 2252 MB, 1.04 load
[runlim] sample:		33986.47 time, 33770.01 real, 2252 MB, 1.03 load
[runlim] sample:		33996.46 time, 33780.01 real, 2252 MB, 1.03 load
[runlim] sample:		34006.47 time, 33790.01 real, 2252 MB, 1.02 load
[runlim] sample:		34016.46 time, 33800.01 real, 2252 MB, 1.02 load
[runlim] sample:		34026.46 time, 33810.01 real, 2252 MB, 1.01 load
[runlim] sample:		34036.46 time, 33820.01 real, 2252 MB, 1.01 load
[runlim] sample:		34046.45 time, 33830.01 real, 2252 MB, 1.01 load
[runlim] sample:		34056.46 time, 33840.01 real, 2252 MB, 1.01 load
[runlim] sample:		34066.45 time, 33850.01 real, 2252 MB, 1.01 load
[runlim] sample:		34076.45 time, 33860.01 real, 2252 MB, 1.00 load
[runlim] sample:		34086.45 time, 33870.01 real, 2252 MB, 1.00 load
[runlim] sample:		34096.45 time, 33880.01 real, 2252 MB, 1.00 load
[runlim] sample:		34106.45 time, 33890.01 real, 2252 MB, 1.00 load
[runlim] sample:		34116.44 time, 33900.01 real, 2252 MB, 1.00 load
[runlim] sample:		34126.44 time, 33910.01 real, 2252 MB, 1.00 load
[runlim] sample:		34136.44 time, 33920.01 real, 2252 MB, 1.08 load
[runlim] sample:		34146.44 time, 33930.01 real, 2252 MB, 1.22 load
[runlim] sample:		34156.44 time, 33940.01 real, 2252 MB, 1.19 load
[runlim] sample:		34166.44 time, 33950.01 real, 2252 MB, 1.23 load
[runlim] sample:		34176.44 time, 33960.01 real, 2252 MB, 1.20 load
[runlim] sample:		34186.43 time, 33970.01 real, 2252 MB, 1.17 load
[runlim] sample:		34196.44 time, 33980.01 real, 2252 MB, 1.14 load
[runlim] sample:		34206.43 time, 33990.01 real, 2252 MB, 1.12 load
[runlim] sample:		34216.43 time, 34000.01 real, 2252 MB, 1.10 load
[runlim] sample:		34226.42 time, 34010.01 real, 2252 MB, 1.08 load
[runlim] sample:		34236.43 time, 34020.01 real, 2252 MB, 1.07 load
[runlim] sample:		34246.43 time, 34030.01 real, 2252 MB, 1.06 load
[runlim] sample:		34256.42 time, 34040.01 real, 2252 MB, 1.05 load
[runlim] sample:		34266.42 time, 34050.01 real, 2252 MB, 1.04 load
[runlim] sample:		34276.42 time, 34060.01 real, 2252 MB, 1.03 load
[runlim] sample:		34286.42 time, 34070.01 real, 2252 MB, 1.03 load
[runlim] sample:		34296.42 time, 34080.01 real, 2252 MB, 1.02 load
[runlim] sample:		34306.42 time, 34090.01 real, 2252 MB, 1.02 load
[runlim] sample:		34316.41 time, 34100.01 real, 2252 MB, 1.02 load
[runlim] sample:		34326.41 time, 34110.01 real, 2252 MB, 1.01 load
[runlim] sample:		34336.41 time, 34120.01 real, 2252 MB, 1.01 load
[runlim] sample:		34346.41 time, 34130.01 real, 2252 MB, 1.01 load
[runlim] sample:		34356.41 time, 34140.01 real, 2252 MB, 1.01 load
[runlim] sample:		34366.41 time, 34150.01 real, 2252 MB, 1.01 load
[runlim] sample:		34376.41 time, 34160.01 real, 2252 MB, 1.00 load
[runlim] sample:		34386.40 time, 34170.01 real, 2252 MB, 1.00 load
[runlim] sample:		34396.40 time, 34180.01 real, 2252 MB, 1.00 load
[runlim] sample:		34406.40 time, 34190.01 real, 2252 MB, 1.00 load
[runlim] sample:		34416.39 time, 34200.01 real, 2252 MB, 1.00 load
[runlim] sample:		34426.39 time, 34210.01 real, 2253 MB, 1.00 load
[runlim] sample:		34436.40 time, 34220.01 real, 2253 MB, 1.00 load
[runlim] sample:		34446.39 time, 34230.01 real, 2253 MB, 1.00 load
[runlim] sample:		34456.39 time, 34240.01 real, 2253 MB, 1.00 load
[runlim] sample:		34466.39 time, 34250.01 real, 2255 MB, 1.00 load
[runlim] sample:		34476.38 time, 34260.01 real, 2255 MB, 1.00 load
[runlim] sample:		34486.39 time, 34270.01 real, 2257 MB, 1.00 load
[runlim] sample:		34496.39 time, 34280.01 real, 2257 MB, 1.00 load
[runlim] sample:		34506.38 time, 34290.01 real, 2260 MB, 1.00 load
[runlim] sample:		34516.39 time, 34300.01 real, 2263 MB, 1.00 load
[runlim] sample:		34526.38 time, 34310.01 real, 2263 MB, 1.08 load
[runlim] sample:		34536.38 time, 34320.01 real, 2266 MB, 1.07 load
[runlim] sample:		34546.38 time, 34330.01 real, 2269 MB, 1.06 load
[runlim] sample:		34556.38 time, 34340.01 real, 2269 MB, 1.05 load
[runlim] sample:		34566.37 time, 34350.01 real, 2271 MB, 1.04 load

NN₁: mnist_relu_3_100_gemm.onnx
NN₂: mnist_relu_3_100_0.79_adam_1_stepsize.onnx
Prop: mnist_65_global_4.vnnlib
[runlim] sample:		34576.32 time, 34360.01 real, 2252 MB, 1.03 load
[runlim] sample:		34586.32 time, 34370.01 real, 2252 MB, 1.03 load
[runlim] sample:		34596.32 time, 34380.01 real, 2252 MB, 1.02 load
[runlim] sample:		34606.31 time, 34390.01 real, 2252 MB, 1.02 load
[runlim] sample:		34616.31 time, 34400.01 real, 2252 MB, 1.02 load
[runlim] sample:		34626.32 time, 34410.01 real, 2252 MB, 1.01 load
[runlim] sample:		34636.31 time, 34420.01 real, 2252 MB, 1.09 load
[runlim] sample:		34646.31 time, 34430.01 real, 2252 MB, 1.23 load
[runlim] sample:		34656.31 time, 34440.01 real, 2252 MB, 1.27 load
[runlim] sample:		34666.31 time, 34450.01 real, 2253 MB, 1.23 load
[runlim] sample:		34676.31 time, 34460.01 real, 2253 MB, 1.19 load
[runlim] sample:		34686.30 time, 34470.01 real, 2254 MB, 1.16 load
[runlim] sample:		34696.30 time, 34480.01 real, 2254 MB, 1.14 load
[runlim] sample:		34706.31 time, 34490.01 real, 2257 MB, 1.11 load
[runlim] sample:		34716.30 time, 34500.01 real, 2257 MB, 1.10 load
[runlim] sample:		34726.30 time, 34510.01 real, 2259 MB, 1.08 load
[runlim] sample:		34736.30 time, 34520.01 real, 2263 MB, 1.07 load
[runlim] sample:		34746.30 time, 34530.01 real, 2263 MB, 1.06 load
[runlim] sample:		34756.29 time, 34540.01 real, 2264 MB, 1.05 load
[runlim] sample:		34766.29 time, 34550.01 real, 2264 MB, 1.04 load
[runlim] sample:		34776.29 time, 34560.01 real, 2264 MB, 1.03 load
[runlim] sample:		34786.29 time, 34570.01 real, 2269 MB, 1.03 load
[runlim] sample:		34796.29 time, 34580.01 real, 2272 MB, 1.02 load
[runlim] sample:		34806.29 time, 34590.01 real, 2272 MB, 1.02 load
[runlim] sample:		34816.28 time, 34600.01 real, 2273 MB, 1.02 load
[runlim] sample:		34826.28 time, 34610.01 real, 2273 MB, 1.01 load
[runlim] sample:		34836.28 time, 34620.01 real, 2273 MB, 1.08 load
[runlim] sample:		34846.28 time, 34630.01 real, 2277 MB, 1.07 load
[runlim] sample:		34856.28 time, 34640.01 real, 2277 MB, 1.06 load
[runlim] sample:		34866.28 time, 34650.01 real, 2281 MB, 1.05 load
[runlim] sample:		34876.27 time, 34660.01 real, 2281 MB, 1.04 load
[runlim] sample:		34886.27 time, 34670.01 real, 2286 MB, 1.04 load
[runlim] sample:		34896.28 time, 34680.01 real, 2286 MB, 1.03 load
[runlim] sample:		34906.27 time, 34690.01 real, 2291 MB, 1.02 load
[runlim] sample:		34916.27 time, 34700.01 real, 2291 MB, 1.02 load
[runlim] sample:		34926.27 time, 34710.01 real, 2296 MB, 1.02 load
[runlim] sample:		34936.26 time, 34720.01 real, 2296 MB, 1.01 load
[runlim] sample:		34946.26 time, 34730.01 real, 2296 MB, 1.01 load
[runlim] sample:		34956.26 time, 34740.01 real, 2300 MB, 1.01 load
[runlim] sample:		34966.26 time, 34750.01 real, 2300 MB, 1.01 load
[runlim] sample:		34976.26 time, 34760.01 real, 2305 MB, 1.01 load
[runlim] sample:		34986.26 time, 34770.01 real, 2305 MB, 1.00 load
[runlim] sample:		34996.26 time, 34780.02 real, 2305 MB, 1.00 load
[runlim] sample:		35006.25 time, 34790.01 real, 2311 MB, 1.00 load
[runlim] sample:		35016.25 time, 34800.01 real, 2311 MB, 1.00 load
[runlim] sample:		35026.25 time, 34810.01 real, 2316 MB, 1.15 load
[runlim] sample:		35036.25 time, 34820.01 real, 2316 MB, 1.12 load
[runlim] sample:		35046.25 time, 34830.01 real, 2316 MB, 1.11 load
[runlim] sample:		35056.25 time, 34840.01 real, 2319 MB, 1.09 load
[runlim] sample:		35066.24 time, 34850.01 real, 2319 MB, 1.07 load
[runlim] sample:		35076.25 time, 34860.01 real, 2326 MB, 1.06 load
[runlim] sample:		35086.24 time, 34870.01 real, 2326 MB, 1.05 load
[runlim] sample:		35096.24 time, 34880.01 real, 2326 MB, 1.04 load
[runlim] sample:		35106.24 time, 34890.01 real, 2332 MB, 1.04 load
[runlim] sample:		35116.24 time, 34900.01 real, 2332 MB, 1.03 load
[runlim] sample:		35126.24 time, 34910.01 real, 2334 MB, 1.03 load
[runlim] sample:		35136.23 time, 34920.01 real, 2337 MB, 1.10 load
[runlim] sample:		35146.23 time, 34930.01 real, 2337 MB, 1.24 load
[runlim] sample:		35156.23 time, 34940.01 real, 2345 MB, 1.20 load
[runlim] sample:		35166.23 time, 34950.01 real, 2345 MB, 1.17 load
[runlim] sample:		35176.23 time, 34960.02 real, 2345 MB, 1.14 load

NN₁: mnist_relu_3_100_gemm.onnx
NN₂: mnist_relu_3_100_0.79_adam_1_stepsize.onnx
Prop: mnist_65_global_5.vnnlib
[runlim] sample:		35186.18 time, 34970.01 real, 2252 MB, 1.12 load
[runlim] sample:		35196.18 time, 34980.01 real, 2252 MB, 1.10 load
[runlim] sample:		35206.18 time, 34990.01 real, 2252 MB, 1.16 load
[runlim] sample:		35216.18 time, 35000.01 real, 2252 MB, 1.14 load
[runlim] sample:		35226.18 time, 35010.01 real, 2252 MB, 1.11 load
[runlim] sample:		35236.17 time, 35020.01 real, 2252 MB, 1.10 load
[runlim] sample:		35246.17 time, 35030.01 real, 2253 MB, 1.08 load
[runlim] sample:		35256.17 time, 35040.01 real, 2253 MB, 1.07 load
[runlim] sample:		35266.16 time, 35050.01 real, 2254 MB, 1.06 load
[runlim] sample:		35276.17 time, 35060.01 real, 2254 MB, 1.05 load
[runlim] sample:		35286.17 time, 35070.01 real, 2256 MB, 1.04 load
[runlim] sample:		35296.16 time, 35080.01 real, 2256 MB, 1.03 load
[runlim] sample:		35306.16 time, 35090.01 real, 2258 MB, 1.03 load
[runlim] sample:		35316.16 time, 35100.01 real, 2258 MB, 1.02 load
[runlim] sample:		35326.16 time, 35110.01 real, 2258 MB, 1.02 load
[runlim] sample:		35336.16 time, 35120.01 real, 2258 MB, 1.02 load
[runlim] sample:		35346.15 time, 35130.01 real, 2262 MB, 1.09 load
[runlim] sample:		35356.16 time, 35140.01 real, 2262 MB, 1.07 load
[runlim] sample:		35366.15 time, 35150.01 real, 2266 MB, 1.06 load
[runlim] sample:		35376.15 time, 35160.01 real, 2266 MB, 1.05 load
[runlim] sample:		35386.14 time, 35170.01 real, 2266 MB, 1.04 load
[runlim] sample:		35396.15 time, 35180.01 real, 2266 MB, 1.04 load
[runlim] sample:		35406.15 time, 35190.01 real, 2269 MB, 1.03 load
[runlim] sample:		35416.15 time, 35200.01 real, 2269 MB, 1.02 load
[runlim] sample:		35426.14 time, 35210.01 real, 2274 MB, 1.02 load
[runlim] sample:		35436.15 time, 35220.01 real, 2274 MB, 1.02 load
[runlim] sample:		35446.14 time, 35230.01 real, 2274 MB, 1.01 load
[runlim] sample:		35456.14 time, 35240.01 real, 2274 MB, 1.01 load
[runlim] sample:		35466.14 time, 35250.01 real, 2274 MB, 1.01 load
[runlim] sample:		35476.14 time, 35260.01 real, 2280 MB, 1.01 load
[runlim] sample:		35486.14 time, 35270.01 real, 2280 MB, 1.01 load
[runlim] sample:		35496.13 time, 35280.01 real, 2281 MB, 1.00 load
[runlim] sample:		35506.13 time, 35290.01 real, 2281 MB, 1.00 load
[runlim] sample:		35516.13 time, 35300.01 real, 2281 MB, 1.00 load
[runlim] sample:		35526.13 time, 35310.01 real, 2288 MB, 1.00 load
[runlim] sample:		35536.13 time, 35320.01 real, 2288 MB, 1.00 load
[runlim] sample:		35546.12 time, 35330.01 real, 2291 MB, 1.00 load
[runlim] sample:		35556.12 time, 35340.01 real, 2291 MB, 1.00 load
[runlim] sample:		35566.12 time, 35350.01 real, 2295 MB, 1.00 load
[runlim] sample:		35576.12 time, 35360.01 real, 2295 MB, 1.00 load
[runlim] sample:		35586.12 time, 35370.01 real, 2295 MB, 1.00 load
[runlim] sample:		35596.12 time, 35380.01 real, 2299 MB, 1.00 load
[runlim] sample:		35606.11 time, 35390.01 real, 2299 MB, 1.00 load
[runlim] sample:		35616.11 time, 35400.01 real, 2301 MB, 1.00 load
[runlim] sample:		35626.11 time, 35410.01 real, 2301 MB, 1.00 load
[runlim] sample:		35636.11 time, 35420.01 real, 2301 MB, 1.00 load
[runlim] sample:		35646.11 time, 35430.01 real, 2308 MB, 1.15 load
[runlim] sample:		35656.11 time, 35440.01 real, 2308 MB, 1.28 load
[runlim] sample:		35666.10 time, 35450.01 real, 2308 MB, 1.24 load
[runlim] sample:		35676.10 time, 35460.01 real, 2308 MB, 1.20 load
[runlim] sample:		35686.10 time, 35470.01 real, 2308 MB, 1.17 load
[runlim] sample:		35696.11 time, 35480.01 real, 2316 MB, 1.14 load
[runlim] sample:		35706.10 time, 35490.01 real, 2316 MB, 1.12 load
[runlim] sample:		35716.10 time, 35500.01 real, 2316 MB, 1.10 load
[runlim] sample:		35726.09 time, 35510.01 real, 2321 MB, 1.09 load
[runlim] sample:		35736.09 time, 35520.01 real, 2321 MB, 1.07 load
[runlim] sample:		35746.09 time, 35530.01 real, 2321 MB, 1.06 load
[runlim] sample:		35756.09 time, 35540.01 real, 2326 MB, 1.05 load
[runlim] sample:		35766.09 time, 35550.01 real, 2326 MB, 1.04 load
[runlim] sample:		35776.09 time, 35560.01 real, 2326 MB, 1.04 load

NN₁: mnist_relu_3_100_gemm.onnx
NN₂: mnist_relu_3_100_0.79_adam_1_stepsize.onnx
Prop: mnist_66_global_4.vnnlib
[runlim] sample:		35786.04 time, 35570.01 real, 2252 MB, 1.03 load
[runlim] sample:		35796.04 time, 35580.01 real, 2252 MB, 1.02 load
[runlim] sample:		35806.04 time, 35590.01 real, 2252 MB, 1.02 load
[runlim] sample:		35816.03 time, 35600.01 real, 2252 MB, 1.02 load
[runlim] sample:		35826.03 time, 35610.01 real, 2252 MB, 1.01 load
[runlim] sample:		35836.04 time, 35620.01 real, 2252 MB, 1.01 load
[runlim] sample:		35846.03 time, 35630.01 real, 2252 MB, 1.01 load
[runlim] sample:		35856.03 time, 35640.01 real, 2252 MB, 1.01 load
[runlim] sample:		35866.03 time, 35650.01 real, 2252 MB, 1.01 load
[runlim] sample:		35876.02 time, 35660.01 real, 2252 MB, 1.00 load
[runlim] sample:		35886.02 time, 35670.01 real, 2252 MB, 1.00 load
[runlim] sample:		35896.02 time, 35680.01 real, 2252 MB, 1.00 load
[runlim] sample:		35906.03 time, 35690.01 real, 2252 MB, 1.00 load
[runlim] sample:		35916.02 time, 35700.01 real, 2253 MB, 1.00 load
[runlim] sample:		35926.02 time, 35710.01 real, 2253 MB, 1.00 load
[runlim] sample:		35936.02 time, 35720.01 real, 2259 MB, 1.00 load
[runlim] sample:		35946.02 time, 35730.01 real, 2262 MB, 1.00 load
[runlim] sample:		35956.02 time, 35740.01 real, 2262 MB, 1.00 load
[runlim] sample:		35966.01 time, 35750.01 real, 2267 MB, 1.00 load
[runlim] sample:		35976.01 time, 35760.01 real, 2267 MB, 1.00 load
[runlim] sample:		35986.00 time, 35770.01 real, 2272 MB, 1.00 load
[runlim] sample:		35996.01 time, 35780.01 real, 2278 MB, 1.00 load
[runlim] sample:		36006.01 time, 35790.01 real, 2278 MB, 1.00 load
[runlim] sample:		36016.00 time, 35800.01 real, 2284 MB, 1.00 load
[runlim] sample:		36026.00 time, 35810.01 real, 2284 MB, 1.00 load
[runlim] sample:		36036.00 time, 35820.01 real, 2290 MB, 1.00 load
[runlim] sample:		36046.00 time, 35830.02 real, 2290 MB, 1.00 load
[runlim] sample:		36056.00 time, 35840.01 real, 2297 MB, 1.00 load
[runlim] sample:		36065.99 time, 35850.01 real, 2297 MB, 1.00 load
[runlim] sample:		36076.00 time, 35860.01 real, 2304 MB, 1.00 load
[runlim] sample:		36085.99 time, 35870.01 real, 2304 MB, 1.00 load
[runlim] sample:		36095.99 time, 35880.01 real, 2312 MB, 1.00 load
[runlim] sample:		36105.99 time, 35890.01 real, 2312 MB, 1.00 load
[runlim] sample:		36115.99 time, 35900.01 real, 2319 MB, 1.00 load
[runlim] sample:		36125.99 time, 35910.01 real, 2319 MB, 1.00 load
[runlim] sample:		36135.98 time, 35920.01 real, 2327 MB, 1.00 load
[runlim] sample:		36145.98 time, 35930.01 real, 2327 MB, 1.15 load
[runlim] sample:		36155.98 time, 35940.01 real, 2335 MB, 1.28 load
[runlim] sample:		36165.98 time, 35950.01 real, 2335 MB, 1.24 load
[runlim] sample:		36175.98 time, 35960.01 real, 2343 MB, 1.20 load
[runlim] sample:		36185.98 time, 35970.01 real, 2343 MB, 1.17 load
[runlim] sample:		36195.97 time, 35980.01 real, 2349 MB, 1.14 load
[runlim] sample:		36205.98 time, 35990.01 real, 2351 MB, 1.12 load
[runlim] sample:		36215.97 time, 36000.01 real, 2351 MB, 1.10 load
[runlim] sample:		36225.97 time, 36010.01 real, 2360 MB, 1.09 load
[runlim] sample:		36235.96 time, 36020.01 real, 2360 MB, 1.07 load
[runlim] sample:		36245.96 time, 36030.01 real, 2369 MB, 1.06 load
[runlim] sample:		36255.96 time, 36040.01 real, 2369 MB, 1.05 load
[runlim] sample:		36265.97 time, 36050.02 real, 2369 MB, 1.04 load
[runlim] sample:		36275.96 time, 36060.01 real, 2377 MB, 1.04 load
[runlim] sample:		36285.96 time, 36070.01 real, 2377 MB, 1.03 load
[runlim] sample:		36295.96 time, 36080.01 real, 2407 MB, 1.02 load
[runlim] sample:		36305.96 time, 36090.01 real, 2407 MB, 1.02 load
[runlim] sample:		36315.96 time, 36100.01 real, 2407 MB, 1.02 load
[runlim] sample:		36325.95 time, 36110.01 real, 2417 MB, 1.01 load
[runlim] sample:		36335.95 time, 36120.01 real, 2417 MB, 1.01 load
[runlim] sample:		36345.95 time, 36130.01 real, 2417 MB, 1.01 load
[runlim] sample:		36355.95 time, 36140.01 real, 2427 MB, 1.01 load
[runlim] sample:		36365.95 time, 36150.01 real, 2427 MB, 1.01 load
[runlim] sample:		36375.95 time, 36160.01 real, 2447 MB, 1.00 load

NN₁: mnist_relu_3_100_gemm.onnx
NN₂: mnist_relu_3_100_0.79_adam_1_stepsize.onnx
Prop: mnist_66_global_5.vnnlib
[runlim] sample:		36385.91 time, 36170.01 real, 2263 MB, 1.72 load
[runlim] sample:		36395.91 time, 36180.01 real, 2263 MB, 1.61 load
[runlim] sample:		36405.90 time, 36190.01 real, 2263 MB, 1.52 load
[runlim] sample:		36415.90 time, 36200.01 real, 2263 MB, 1.44 load
[runlim] sample:		36425.90 time, 36210.01 real, 2263 MB, 1.37 load
[runlim] sample:		36435.91 time, 36220.01 real, 2263 MB, 1.31 load
[runlim] sample:		36445.90 time, 36230.01 real, 2263 MB, 1.26 load
[runlim] sample:		36455.90 time, 36240.01 real, 2264 MB, 1.22 load
[runlim] sample:		36465.90 time, 36250.01 real, 2264 MB, 1.19 load
[runlim] sample:		36475.89 time, 36260.01 real, 2266 MB, 1.16 load
[runlim] sample:		36485.89 time, 36270.01 real, 2266 MB, 1.13 load
[runlim] sample:		36495.89 time, 36280.01 real, 2269 MB, 1.19 load
[runlim] sample:		36505.89 time, 36290.01 real, 2269 MB, 1.16 load
[runlim] sample:		36515.89 time, 36300.01 real, 2272 MB, 1.13 load
[runlim] sample:		36525.89 time, 36310.01 real, 2272 MB, 1.11 load
[runlim] sample:		36535.89 time, 36320.01 real, 2276 MB, 1.09 load
[runlim] sample:		36545.89 time, 36330.01 real, 2276 MB, 1.08 load
[runlim] sample:		36555.89 time, 36340.01 real, 2278 MB, 1.07 load
[runlim] sample:		36565.89 time, 36350.01 real, 2278 MB, 1.06 load
[runlim] sample:		36575.88 time, 36360.01 real, 2282 MB, 1.05 load
[runlim] sample:		36585.87 time, 36370.01 real, 2282 MB, 1.04 load
[runlim] sample:		36595.87 time, 36380.01 real, 2285 MB, 1.03 load
[runlim] sample:		36605.88 time, 36390.01 real, 2285 MB, 1.03 load
[runlim] sample:		36615.87 time, 36400.01 real, 2288 MB, 1.17 load
[runlim] sample:		36625.87 time, 36410.01 real, 2288 MB, 1.29 load
[runlim] sample:		36635.87 time, 36420.01 real, 2292 MB, 1.25 load
[runlim] sample:		36645.86 time, 36430.01 real, 2292 MB, 1.36 load
[runlim] sample:		36655.87 time, 36440.01 real, 2294 MB, 1.38 load
[runlim] sample:		36665.87 time, 36450.01 real, 2296 MB, 1.32 load
[runlim] sample:		36675.86 time, 36460.01 real, 2296 MB, 1.27 load
[runlim] sample:		36685.86 time, 36470.01 real, 2299 MB, 1.23 load
[runlim] sample:		36695.86 time, 36480.01 real, 2299 MB, 1.19 load
[runlim] sample:		36705.86 time, 36490.01 real, 2302 MB, 1.16 load
[runlim] sample:		36715.86 time, 36500.01 real, 2302 MB, 1.14 load
[runlim] sample:		36725.86 time, 36510.01 real, 2306 MB, 1.12 load
[runlim] sample:		36735.86 time, 36520.01 real, 2306 MB, 1.10 load
[runlim] sample:		36745.85 time, 36530.01 real, 2306 MB, 1.30 load
[runlim] sample:		36755.85 time, 36540.01 real, 2309 MB, 1.26 load
[runlim] sample:		36765.85 time, 36550.01 real, 2309 MB, 1.22 load
[runlim] sample:		36775.85 time, 36560.01 real, 2313 MB, 1.18 load
[runlim] sample:		36785.85 time, 36570.01 real, 2313 MB, 1.15 load
[runlim] sample:		36795.85 time, 36580.01 real, 2313 MB, 1.13 load
[runlim] sample:		36805.84 time, 36590.01 real, 2317 MB, 1.11 load
[runlim] sample:		36815.84 time, 36600.01 real, 2317 MB, 1.09 load
[runlim] sample:		36825.84 time, 36610.01 real, 2322 MB, 1.08 load
[runlim] sample:		36835.84 time, 36620.01 real, 2322 MB, 1.07 load
[runlim] sample:		36845.84 time, 36630.01 real, 2322 MB, 1.06 load
[runlim] sample:		36855.83 time, 36640.01 real, 2327 MB, 1.05 load
[runlim] sample:		36865.83 time, 36650.01 real, 2327 MB, 1.04 load
[runlim] sample:		36875.84 time, 36660.01 real, 2332 MB, 1.03 load
[runlim] sample:		36885.84 time, 36670.01 real, 2332 MB, 1.03 load
[runlim] sample:		36895.83 time, 36680.01 real, 2332 MB, 1.02 load
[runlim] sample:		36905.83 time, 36690.01 real, 2336 MB, 1.02 load
[runlim] sample:		36915.82 time, 36700.01 real, 2336 MB, 1.02 load
[runlim] sample:		36925.82 time, 36710.01 real, 2336 MB, 1.01 load
[runlim] sample:		36935.83 time, 36720.01 real, 2341 MB, 1.01 load
[runlim] sample:		36945.82 time, 36730.01 real, 2341 MB, 1.01 load
[runlim] sample:		36955.82 time, 36740.01 real, 2341 MB, 1.01 load
[runlim] sample:		36965.82 time, 36750.01 real, 2347 MB, 1.00 load
[runlim] sample:		36975.82 time, 36760.01 real, 2347 MB, 1.00 load

NN₁: mnist_relu_3_100_gemm.onnx
NN₂: mnist_relu_3_100_0.79_adam_1_stepsize.onnx
Prop: mnist_67_global_4.vnnlib

NN₁: mnist_relu_3_100_gemm.onnx
NN₂: mnist_relu_3_100_0.79_adam_1_stepsize.onnx
Prop: mnist_67_global_5.vnnlib
[runlim] sample:		36985.74 time, 36770.01 real, 2263 MB, 1.00 load
[runlim] sample:		36995.74 time, 36780.01 real, 2263 MB, 1.00 load
[runlim] sample:		37005.73 time, 36790.01 real, 2263 MB, 1.00 load
[runlim] sample:		37015.73 time, 36800.01 real, 2263 MB, 1.00 load
[runlim] sample:		37025.74 time, 36810.01 real, 2263 MB, 1.00 load
[runlim] sample:		37035.73 time, 36820.01 real, 2263 MB, 1.00 load
[runlim] sample:		37045.73 time, 36830.01 real, 2263 MB, 1.00 load
[runlim] sample:		37055.73 time, 36840.01 real, 2263 MB, 1.00 load
[runlim] sample:		37065.73 time, 36850.01 real, 2263 MB, 1.00 load
[runlim] sample:		37075.73 time, 36860.01 real, 2263 MB, 1.00 load
[runlim] sample:		37085.72 time, 36870.01 real, 2263 MB, 1.00 load
[runlim] sample:		37095.72 time, 36880.01 real, 2263 MB, 1.00 load
[runlim] sample:		37105.72 time, 36890.01 real, 2263 MB, 1.00 load
[runlim] sample:		37115.72 time, 36900.01 real, 2263 MB, 1.00 load
[runlim] sample:		37125.71 time, 36910.01 real, 2263 MB, 1.00 load
[runlim] sample:		37135.72 time, 36920.01 real, 2263 MB, 1.00 load
[runlim] sample:		37145.71 time, 36930.01 real, 2263 MB, 1.15 load
[runlim] sample:		37155.71 time, 36940.01 real, 2263 MB, 1.20 load
[runlim] sample:		37165.71 time, 36950.01 real, 2263 MB, 1.17 load
[runlim] sample:		37175.71 time, 36960.01 real, 2263 MB, 1.15 load
[runlim] sample:		37185.70 time, 36970.01 real, 2263 MB, 1.12 load
[runlim] sample:		37195.70 time, 36980.01 real, 2263 MB, 1.10 load
[runlim] sample:		37205.71 time, 36990.01 real, 2263 MB, 1.09 load
[runlim] sample:		37215.70 time, 37000.01 real, 2263 MB, 1.07 load
[runlim] sample:		37225.70 time, 37010.01 real, 2263 MB, 1.06 load
[runlim] sample:		37235.70 time, 37020.01 real, 2263 MB, 1.05 load
[runlim] sample:		37245.70 time, 37030.01 real, 2263 MB, 1.04 load
[runlim] sample:		37255.70 time, 37040.01 real, 2263 MB, 1.04 load
[runlim] sample:		37265.69 time, 37050.01 real, 2263 MB, 1.03 load
[runlim] sample:		37275.69 time, 37060.01 real, 2263 MB, 1.02 load
[runlim] sample:		37285.69 time, 37070.01 real, 2263 MB, 1.02 load
[runlim] sample:		37295.69 time, 37080.01 real, 2263 MB, 1.02 load
[runlim] sample:		37305.69 time, 37090.01 real, 2263 MB, 1.01 load
[runlim] sample:		37315.68 time, 37100.01 real, 2263 MB, 1.01 load
[runlim] sample:		37325.69 time, 37110.01 real, 2263 MB, 1.01 load
[runlim] sample:		37335.68 time, 37120.01 real, 2263 MB, 1.01 load
[runlim] sample:		37345.68 time, 37130.01 real, 2263 MB, 1.01 load
[runlim] sample:		37355.68 time, 37140.01 real, 2263 MB, 1.00 load
[runlim] sample:		37365.67 time, 37150.01 real, 2263 MB, 1.00 load
[runlim] sample:		37375.67 time, 37160.01 real, 2263 MB, 1.00 load
[runlim] sample:		37385.68 time, 37170.01 real, 2263 MB, 1.08 load
[runlim] sample:		37395.67 time, 37180.01 real, 2263 MB, 1.06 load
[runlim] sample:		37405.67 time, 37190.01 real, 2263 MB, 1.13 load
[runlim] sample:		37415.67 time, 37200.01 real, 2263 MB, 1.11 load
[runlim] sample:		37425.66 time, 37210.01 real, 2264 MB, 1.09 load
[runlim] sample:		37435.67 time, 37220.01 real, 2266 MB, 1.08 load
[runlim] sample:		37445.66 time, 37230.01 real, 2266 MB, 1.06 load
[runlim] sample:		37455.67 time, 37240.01 real, 2267 MB, 1.05 load
[runlim] sample:		37465.66 time, 37250.01 real, 2268 MB, 1.04 load
[runlim] sample:		37475.66 time, 37260.01 real, 2268 MB, 1.04 load
[runlim] sample:		37485.65 time, 37270.01 real, 2270 MB, 1.03 load
[runlim] sample:		37495.66 time, 37280.01 real, 2272 MB, 1.03 load
[runlim] sample:		37505.66 time, 37290.01 real, 2272 MB, 1.02 load
[runlim] sample:		37515.65 time, 37300.01 real, 2274 MB, 1.02 load
[runlim] sample:		37525.65 time, 37310.01 real, 2276 MB, 1.01 load
[runlim] sample:		37535.65 time, 37320.01 real, 2276 MB, 1.01 load
[runlim] sample:		37545.65 time, 37330.01 real, 2278 MB, 1.01 load
[runlim] sample:		37555.64 time, 37340.01 real, 2280 MB, 1.01 load
[runlim] sample:		37565.64 time, 37350.01 real, 2280 MB, 1.01 load
[runlim] sample:		37575.64 time, 37360.01 real, 2281 MB, 1.00 load

NN₁: mnist_relu_3_100_gemm.onnx
NN₂: mnist_relu_3_100_0.79_adam_1_stepsize.onnx
Prop: mnist_68_global_4.vnnlib

NN₁: mnist_relu_3_100_gemm.onnx
NN₂: mnist_relu_3_100_0.79_adam_1_stepsize.onnx
Prop: mnist_68_global_5.vnnlib

NN₁: mnist_relu_3_100_gemm.onnx
NN₂: mnist_relu_3_100_0.79_adam_1_stepsize.onnx
Prop: mnist_69_global_4.vnnlib

NN₁: mnist_relu_3_100_gemm.onnx
NN₂: mnist_relu_3_100_0.79_adam_1_stepsize.onnx
Prop: mnist_69_global_5.vnnlib
[runlim] sample:		37585.51 time, 37370.01 real, 2263 MB, 1.08 load
[runlim] sample:		37595.51 time, 37380.01 real, 2263 MB, 1.07 load
[runlim] sample:		37605.51 time, 37390.01 real, 2263 MB, 1.06 load
[runlim] sample:		37615.51 time, 37400.01 real, 2263 MB, 1.05 load

NN₁: mnist_relu_3_100_gemm.onnx
NN₂: mnist_relu_3_100_0.79_adam_1_stepsize.onnx
Prop: mnist_70_global_4.vnnlib

NN₁: mnist_relu_3_100_gemm.onnx
NN₂: mnist_relu_3_100_0.79_adam_1_stepsize.onnx
Prop: mnist_70_global_5.vnnlib
[runlim] sample:		37625.43 time, 37410.01 real, 2263 MB, 1.04 load

NN₁: mnist_relu_3_100_gemm.onnx
NN₂: mnist_relu_3_100_0.79_adam_1_stepsize.onnx
Prop: mnist_71_global_4.vnnlib

NN₁: mnist_relu_3_100_gemm.onnx
NN₂: mnist_relu_3_100_0.79_adam_1_stepsize.onnx
Prop: mnist_71_global_5.vnnlib

NN₁: mnist_relu_3_100_gemm.onnx
NN₂: mnist_relu_3_100_0.79_adam_1_stepsize.onnx
Prop: mnist_72_global_4.vnnlib

NN₁: mnist_relu_3_100_gemm.onnx
NN₂: mnist_relu_3_100_0.79_adam_1_stepsize.onnx
Prop: mnist_72_global_5.vnnlib

NN₁: mnist_relu_3_100_gemm.onnx
NN₂: mnist_relu_3_100_0.79_adam_1_stepsize.onnx
Prop: mnist_73_global_4.vnnlib

NN₁: mnist_relu_3_100_gemm.onnx
NN₂: mnist_relu_3_100_0.79_adam_1_stepsize.onnx
Prop: mnist_73_global_5.vnnlib
[runlim] sample:		37635.26 time, 37420.01 real, 2263 MB, 1.03 load
[runlim] sample:		37645.26 time, 37430.01 real, 2263 MB, 1.18 load
[runlim] sample:		37655.26 time, 37440.01 real, 2263 MB, 1.23 load
[runlim] sample:		37665.25 time, 37450.01 real, 2263 MB, 1.19 load
[runlim] sample:		37675.26 time, 37460.01 real, 2263 MB, 1.16 load
[runlim] sample:		37685.25 time, 37470.01 real, 2263 MB, 1.14 load
[runlim] sample:		37695.25 time, 37480.01 real, 2263 MB, 1.12 load
[runlim] sample:		37705.25 time, 37490.01 real, 2263 MB, 1.10 load
[runlim] sample:		37715.25 time, 37500.01 real, 2263 MB, 1.08 load
[runlim] sample:		37725.24 time, 37510.01 real, 2263 MB, 1.07 load
[runlim] sample:		37735.24 time, 37520.01 real, 2263 MB, 1.06 load
[runlim] sample:		37745.24 time, 37530.01 real, 2263 MB, 1.05 load
[runlim] sample:		37755.24 time, 37540.01 real, 2263 MB, 1.04 load
[runlim] sample:		37765.24 time, 37550.01 real, 2263 MB, 1.03 load
[runlim] sample:		37775.24 time, 37560.01 real, 2263 MB, 1.03 load
[runlim] sample:		37785.24 time, 37570.01 real, 2263 MB, 1.02 load
[runlim] sample:		37795.23 time, 37580.01 real, 2263 MB, 1.02 load
[runlim] sample:		37805.23 time, 37590.01 real, 2263 MB, 1.02 load
[runlim] sample:		37815.23 time, 37600.01 real, 2263 MB, 1.01 load
[runlim] sample:		37825.23 time, 37610.01 real, 2263 MB, 1.01 load
[runlim] sample:		37835.23 time, 37620.01 real, 2265 MB, 1.01 load
[runlim] sample:		37845.23 time, 37630.01 real, 2265 MB, 1.01 load
[runlim] sample:		37855.22 time, 37640.01 real, 2267 MB, 1.00 load
[runlim] sample:		37865.22 time, 37650.01 real, 2269 MB, 1.00 load
[runlim] sample:		37875.22 time, 37660.01 real, 2269 MB, 1.00 load
[runlim] sample:		37885.22 time, 37670.01 real, 2272 MB, 1.00 load
[runlim] sample:		37895.22 time, 37680.01 real, 2273 MB, 1.00 load
[runlim] sample:		37905.22 time, 37690.01 real, 2273 MB, 1.00 load
[runlim] sample:		37915.21 time, 37700.01 real, 2274 MB, 1.00 load
[runlim] sample:		37925.21 time, 37710.01 real, 2275 MB, 1.00 load
[runlim] sample:		37935.21 time, 37720.01 real, 2275 MB, 1.00 load
[runlim] sample:		37945.22 time, 37730.01 real, 2276 MB, 1.00 load
[runlim] sample:		37955.21 time, 37740.01 real, 2277 MB, 1.00 load
[runlim] sample:		37965.20 time, 37750.01 real, 2277 MB, 1.00 load
[runlim] sample:		37975.21 time, 37760.01 real, 2277 MB, 1.00 load
[runlim] sample:		37985.21 time, 37770.01 real, 2277 MB, 1.00 load
[runlim] sample:		37995.21 time, 37780.01 real, 2277 MB, 1.00 load
[runlim] sample:		38005.20 time, 37790.01 real, 2277 MB, 1.00 load
[runlim] sample:		38015.20 time, 37800.01 real, 2277 MB, 1.00 load
[runlim] sample:		38025.20 time, 37810.01 real, 2277 MB, 1.00 load
[runlim] sample:		38035.20 time, 37820.01 real, 2277 MB, 1.00 load
[runlim] sample:		38045.20 time, 37830.01 real, 2277 MB, 1.00 load
[runlim] sample:		38055.20 time, 37840.01 real, 2277 MB, 1.00 load
[runlim] sample:		38065.19 time, 37850.01 real, 2277 MB, 1.00 load
[runlim] sample:		38075.19 time, 37860.01 real, 2277 MB, 1.00 load
[runlim] sample:		38085.19 time, 37870.01 real, 2277 MB, 1.00 load
[runlim] sample:		38095.18 time, 37880.01 real, 2277 MB, 1.00 load
[runlim] sample:		38105.18 time, 37890.01 real, 2277 MB, 1.00 load
[runlim] sample:		38115.19 time, 37900.01 real, 2277 MB, 1.00 load
[runlim] sample:		38125.18 time, 37910.01 real, 2277 MB, 1.00 load
[runlim] sample:		38135.18 time, 37920.01 real, 2277 MB, 1.00 load
[runlim] sample:		38145.18 time, 37930.01 real, 2277 MB, 1.23 load
[runlim] sample:		38155.18 time, 37940.01 real, 2277 MB, 1.43 load
[runlim] sample:		38165.18 time, 37950.01 real, 2277 MB, 1.36 load
[runlim] sample:		38175.18 time, 37960.01 real, 2277 MB, 1.30 load
[runlim] sample:		38185.18 time, 37970.01 real, 2277 MB, 1.26 load
[runlim] sample:		38195.17 time, 37980.01 real, 2277 MB, 1.22 load
[runlim] sample:		38205.17 time, 37990.01 real, 2277 MB, 1.18 load
[runlim] sample:		38215.16 time, 38000.01 real, 2277 MB, 1.15 load
[runlim] sample:		38225.17 time, 38010.01 real, 2277 MB, 1.13 load

NN₁: mnist_relu_3_100_gemm.onnx
NN₂: mnist_relu_3_100_0.79_adam_1_stepsize.onnx
Prop: mnist_74_global_4.vnnlib

NN₁: mnist_relu_3_100_gemm.onnx
NN₂: mnist_relu_3_100_0.79_adam_1_stepsize.onnx
Prop: mnist_74_global_5.vnnlib
[runlim] sample:		38235.10 time, 38020.01 real, 2263 MB, 1.11 load
[runlim] sample:		38245.10 time, 38030.01 real, 2263 MB, 1.09 load
[runlim] sample:		38255.10 time, 38040.01 real, 2263 MB, 1.08 load
[runlim] sample:		38265.09 time, 38050.01 real, 2263 MB, 1.07 load
[runlim] sample:		38275.10 time, 38060.01 real, 2263 MB, 1.06 load
[runlim] sample:		38285.10 time, 38070.01 real, 2263 MB, 1.05 load
[runlim] sample:		38295.09 time, 38080.01 real, 2263 MB, 1.04 load
[runlim] sample:		38305.09 time, 38090.01 real, 2263 MB, 1.03 load
[runlim] sample:		38315.09 time, 38100.01 real, 2263 MB, 1.03 load
[runlim] sample:		38325.09 time, 38110.01 real, 2263 MB, 1.02 load
[runlim] sample:		38335.09 time, 38120.01 real, 2263 MB, 1.02 load
[runlim] sample:		38345.08 time, 38130.01 real, 2263 MB, 1.02 load
[runlim] sample:		38355.09 time, 38140.01 real, 2263 MB, 1.01 load
[runlim] sample:		38365.08 time, 38150.01 real, 2263 MB, 1.01 load
[runlim] sample:		38375.08 time, 38160.01 real, 2263 MB, 1.01 load
[runlim] sample:		38385.08 time, 38170.01 real, 2268 MB, 1.01 load
[runlim] sample:		38395.08 time, 38180.01 real, 2268 MB, 1.00 load
[runlim] sample:		38405.07 time, 38190.01 real, 2272 MB, 1.00 load
[runlim] sample:		38415.08 time, 38200.01 real, 2274 MB, 1.00 load
[runlim] sample:		38425.08 time, 38210.01 real, 2274 MB, 1.00 load
[runlim] sample:		38435.07 time, 38220.01 real, 2278 MB, 1.00 load
[runlim] sample:		38445.07 time, 38230.02 real, 2278 MB, 1.00 load
[runlim] sample:		38455.07 time, 38240.01 real, 2280 MB, 1.00 load
[runlim] sample:		38465.07 time, 38250.01 real, 2285 MB, 1.00 load
[runlim] sample:		38475.06 time, 38260.01 real, 2285 MB, 1.00 load
[runlim] sample:		38485.07 time, 38270.01 real, 2289 MB, 1.00 load
[runlim] sample:		38495.06 time, 38280.01 real, 2289 MB, 1.00 load
[runlim] sample:		38505.06 time, 38290.01 real, 2294 MB, 1.00 load
[runlim] sample:		38515.06 time, 38300.01 real, 2294 MB, 1.00 load
[runlim] sample:		38525.05 time, 38310.01 real, 2301 MB, 1.00 load
[runlim] sample:		38535.05 time, 38320.01 real, 2301 MB, 1.00 load
[runlim] sample:		38545.06 time, 38330.01 real, 2308 MB, 1.00 load
[runlim] sample:		38555.05 time, 38340.01 real, 2309 MB, 1.00 load
[runlim] sample:		38565.06 time, 38350.01 real, 2310 MB, 1.00 load
[runlim] sample:		38575.05 time, 38360.01 real, 2317 MB, 1.00 load
[runlim] sample:		38585.04 time, 38370.01 real, 2317 MB, 1.00 load
[runlim] sample:		38595.05 time, 38380.01 real, 2317 MB, 1.00 load
[runlim] sample:		38605.04 time, 38390.01 real, 2324 MB, 1.00 load
[runlim] sample:		38615.05 time, 38400.01 real, 2324 MB, 1.00 load
[runlim] sample:		38625.04 time, 38410.01 real, 2330 MB, 1.00 load
[runlim] sample:		38635.04 time, 38420.01 real, 2330 MB, 1.00 load
[runlim] sample:		38645.04 time, 38430.01 real, 2335 MB, 1.15 load
[runlim] sample:		38655.04 time, 38440.01 real, 2335 MB, 1.28 load
[runlim] sample:		38665.03 time, 38450.01 real, 2339 MB, 1.24 load
[runlim] sample:		38675.03 time, 38460.01 real, 2339 MB, 1.20 load
[runlim] sample:		38685.03 time, 38470.01 real, 2348 MB, 1.17 load
[runlim] sample:		38695.03 time, 38480.01 real, 2348 MB, 1.14 load
[runlim] sample:		38705.03 time, 38490.01 real, 2353 MB, 1.12 load
[runlim] sample:		38715.02 time, 38500.01 real, 2353 MB, 1.10 load
[runlim] sample:		38725.02 time, 38510.01 real, 2353 MB, 1.09 load
[runlim] sample:		38735.02 time, 38520.01 real, 2360 MB, 1.07 load
[runlim] sample:		38745.03 time, 38530.01 real, 2360 MB, 1.06 load
[runlim] sample:		38755.02 time, 38540.01 real, 2369 MB, 1.05 load
[runlim] sample:		38765.02 time, 38550.01 real, 2369 MB, 1.04 load
[runlim] sample:		38775.01 time, 38560.01 real, 2375 MB, 1.04 load
[runlim] sample:		38785.02 time, 38570.01 real, 2375 MB, 1.03 load
[runlim] sample:		38795.02 time, 38580.01 real, 2375 MB, 1.02 load
[runlim] sample:		38805.01 time, 38590.01 real, 2378 MB, 1.02 load
[runlim] sample:		38815.01 time, 38600.01 real, 2378 MB, 1.02 load
[runlim] sample:		38825.01 time, 38610.01 real, 2388 MB, 1.01 load

NN₁: mnist_relu_3_100_gemm.onnx
NN₂: mnist_relu_3_100_0.79_adam_1_stepsize.onnx
Prop: mnist_75_global_4.vnnlib

NN₁: mnist_relu_3_100_gemm.onnx
NN₂: mnist_relu_3_100_0.79_adam_1_stepsize.onnx
Prop: mnist_75_global_5.vnnlib
[runlim] sample:		38834.93 time, 38620.01 real, 2263 MB, 1.01 load
[runlim] sample:		38844.92 time, 38630.01 real, 2263 MB, 1.01 load
[runlim] sample:		38854.92 time, 38640.01 real, 2263 MB, 1.01 load
[runlim] sample:		38864.93 time, 38650.01 real, 2263 MB, 1.01 load
[runlim] sample:		38874.92 time, 38660.01 real, 2263 MB, 1.00 load
[runlim] sample:		38884.92 time, 38670.01 real, 2263 MB, 1.00 load
[runlim] sample:		38894.92 time, 38680.01 real, 2263 MB, 1.00 load
[runlim] sample:		38904.92 time, 38690.01 real, 2263 MB, 1.00 load
[runlim] sample:		38914.92 time, 38700.01 real, 2263 MB, 1.00 load
[runlim] sample:		38924.92 time, 38710.01 real, 2263 MB, 1.00 load
[runlim] sample:		38934.91 time, 38720.01 real, 2263 MB, 1.00 load
[runlim] sample:		38944.92 time, 38730.01 real, 2263 MB, 1.00 load
[runlim] sample:		38954.91 time, 38740.01 real, 2263 MB, 1.00 load
[runlim] sample:		38964.91 time, 38750.01 real, 2263 MB, 1.00 load
[runlim] sample:		38974.92 time, 38760.01 real, 2263 MB, 1.00 load
[runlim] sample:		38984.91 time, 38770.01 real, 2263 MB, 1.00 load
[runlim] sample:		38994.91 time, 38780.01 real, 2263 MB, 1.00 load
[runlim] sample:		39004.91 time, 38790.01 real, 2263 MB, 1.00 load
[runlim] sample:		39014.91 time, 38800.01 real, 2263 MB, 1.00 load
[runlim] sample:		39024.91 time, 38810.01 real, 2263 MB, 1.00 load
[runlim] sample:		39034.92 time, 38820.01 real, 2263 MB, 1.00 load
[runlim] sample:		39044.91 time, 38830.01 real, 2263 MB, 1.00 load
[runlim] sample:		39054.91 time, 38840.01 real, 2263 MB, 1.00 load
[runlim] sample:		39064.91 time, 38850.01 real, 2263 MB, 1.00 load
[runlim] sample:		39074.91 time, 38860.01 real, 2263 MB, 1.00 load
[runlim] sample:		39084.90 time, 38870.01 real, 2263 MB, 1.00 load
[runlim] sample:		39094.90 time, 38880.01 real, 2263 MB, 1.00 load
[runlim] sample:		39104.91 time, 38890.01 real, 2263 MB, 1.00 load
[runlim] sample:		39114.91 time, 38900.01 real, 2263 MB, 1.00 load
[runlim] sample:		39124.90 time, 38910.01 real, 2263 MB, 1.00 load
[runlim] sample:		39134.90 time, 38920.01 real, 2263 MB, 1.00 load
[runlim] sample:		39144.90 time, 38930.01 real, 2263 MB, 1.15 load
[runlim] sample:		39154.90 time, 38940.01 real, 2263 MB, 1.20 load
[runlim] sample:		39164.90 time, 38950.01 real, 2263 MB, 1.17 load
[runlim] sample:		39174.90 time, 38960.01 real, 2263 MB, 1.15 load
[runlim] sample:		39184.89 time, 38970.01 real, 2263 MB, 1.12 load
[runlim] sample:		39194.90 time, 38980.01 real, 2263 MB, 1.10 load
[runlim] sample:		39204.90 time, 38990.01 real, 2263 MB, 1.09 load
[runlim] sample:		39214.90 time, 39000.01 real, 2263 MB, 1.07 load
[runlim] sample:		39224.89 time, 39010.01 real, 2263 MB, 1.06 load
[runlim] sample:		39234.90 time, 39020.01 real, 2263 MB, 1.05 load
[runlim] sample:		39244.89 time, 39030.01 real, 2263 MB, 1.04 load
[runlim] sample:		39254.91 time, 39040.01 real, 2263 MB, 1.04 load
[runlim] sample:		39264.92 time, 39050.01 real, 2263 MB, 1.03 load
[runlim] sample:		39274.92 time, 39060.01 real, 2263 MB, 1.02 load
[runlim] sample:		39284.93 time, 39070.01 real, 2263 MB, 1.02 load
[runlim] sample:		39294.92 time, 39080.01 real, 2263 MB, 1.02 load
[runlim] sample:		39304.94 time, 39090.01 real, 2263 MB, 1.01 load
[runlim] sample:		39314.94 time, 39100.01 real, 2263 MB, 1.01 load
[runlim] sample:		39324.94 time, 39110.01 real, 2263 MB, 1.01 load
[runlim] sample:		39334.94 time, 39120.01 real, 2263 MB, 1.01 load
[runlim] sample:		39344.94 time, 39130.01 real, 2264 MB, 1.01 load
[runlim] sample:		39354.94 time, 39140.01 real, 2266 MB, 1.00 load
[runlim] sample:		39364.93 time, 39150.01 real, 2266 MB, 1.00 load
[runlim] sample:		39374.94 time, 39160.01 real, 2268 MB, 1.00 load
[runlim] sample:		39384.94 time, 39170.01 real, 2270 MB, 1.00 load
[runlim] sample:		39394.93 time, 39180.01 real, 2270 MB, 1.00 load
[runlim] sample:		39404.93 time, 39190.01 real, 2272 MB, 1.00 load
[runlim] sample:		39414.93 time, 39200.01 real, 2273 MB, 1.00 load
[runlim] sample:		39424.92 time, 39210.01 real, 2273 MB, 1.00 load

NN₁: mnist_relu_3_100_gemm.onnx
NN₂: mnist_relu_3_100_0.79_adam_1_stepsize.onnx
Prop: mnist_76_global_4.vnnlib

NN₁: mnist_relu_3_100_gemm.onnx
NN₂: mnist_relu_3_100_0.79_adam_1_stepsize.onnx
Prop: mnist_76_global_5.vnnlib
[runlim] sample:		39434.85 time, 39220.01 real, 2263 MB, 1.00 load
[runlim] sample:		39444.85 time, 39230.01 real, 2263 MB, 1.00 load
[runlim] sample:		39454.84 time, 39240.01 real, 2263 MB, 1.00 load
[runlim] sample:		39464.84 time, 39250.01 real, 2263 MB, 1.00 load
[runlim] sample:		39474.85 time, 39260.01 real, 2263 MB, 1.00 load
[runlim] sample:		39484.84 time, 39270.01 real, 2263 MB, 1.00 load
[runlim] sample:		39494.84 time, 39280.01 real, 2263 MB, 1.00 load
[runlim] sample:		39504.84 time, 39290.01 real, 2263 MB, 1.00 load
[runlim] sample:		39514.84 time, 39300.01 real, 2263 MB, 1.00 load
[runlim] sample:		39524.84 time, 39310.01 real, 2263 MB, 1.00 load
[runlim] sample:		39534.84 time, 39320.01 real, 2263 MB, 1.00 load
[runlim] sample:		39544.84 time, 39330.01 real, 2263 MB, 1.00 load
[runlim] sample:		39554.83 time, 39340.01 real, 2263 MB, 1.00 load
[runlim] sample:		39564.83 time, 39350.01 real, 2263 MB, 1.00 load
[runlim] sample:		39574.84 time, 39360.01 real, 2263 MB, 1.00 load
[runlim] sample:		39584.84 time, 39370.01 real, 2266 MB, 1.00 load
[runlim] sample:		39594.83 time, 39380.01 real, 2266 MB, 1.00 load
[runlim] sample:		39604.84 time, 39390.01 real, 2269 MB, 1.00 load
[runlim] sample:		39614.84 time, 39400.01 real, 2269 MB, 1.00 load
[runlim] sample:		39624.83 time, 39410.01 real, 2271 MB, 1.00 load
[runlim] sample:		39634.83 time, 39420.01 real, 2275 MB, 1.00 load
[runlim] sample:		39644.82 time, 39430.01 real, 2275 MB, 1.15 load
[runlim] sample:		39654.83 time, 39440.01 real, 2278 MB, 1.20 load
[runlim] sample:		39664.82 time, 39450.01 real, 2278 MB, 1.17 load
[runlim] sample:		39674.82 time, 39460.01 real, 2279 MB, 1.15 load
[runlim] sample:		39684.83 time, 39470.01 real, 2283 MB, 1.12 load
[runlim] sample:		39694.82 time, 39480.01 real, 2283 MB, 1.10 load
[runlim] sample:		39704.86 time, 39490.01 real, 2283 MB, 1.09 load
[runlim] sample:		39714.92 time, 39500.01 real, 2283 MB, 1.07 load
[runlim] sample:		39725.11 time, 39510.01 real, 2283 MB, 1.06 load
[runlim] sample:		39735.12 time, 39520.01 real, 2287 MB, 1.05 load
[runlim] sample:		39745.11 time, 39530.01 real, 2287 MB, 1.04 load
[runlim] sample:		39755.16 time, 39540.01 real, 2287 MB, 1.04 load
[runlim] sample:		39765.26 time, 39550.01 real, 2287 MB, 1.03 load
[runlim] sample:		39775.49 time, 39560.01 real, 2287 MB, 1.02 load
[runlim] sample:		39785.56 time, 39570.01 real, 2288 MB, 1.02 load
[runlim] sample:		39795.67 time, 39580.01 real, 2288 MB, 1.02 load
[runlim] sample:		39805.68 time, 39590.01 real, 2296 MB, 1.01 load
[runlim] sample:		39815.71 time, 39600.01 real, 2296 MB, 1.01 load
[runlim] sample:		39825.76 time, 39610.01 real, 2296 MB, 1.01 load
[runlim] sample:		39835.96 time, 39620.01 real, 2296 MB, 1.01 load
[runlim] sample:		39845.99 time, 39630.01 real, 2301 MB, 1.01 load
[runlim] sample:		39856.23 time, 39640.01 real, 2301 MB, 1.00 load
[runlim] sample:		39866.23 time, 39650.01 real, 2301 MB, 1.00 load
[runlim] sample:		39876.26 time, 39660.01 real, 2301 MB, 1.00 load
[runlim] sample:		39886.27 time, 39670.01 real, 2301 MB, 1.00 load
[runlim] sample:		39896.42 time, 39680.01 real, 2301 MB, 1.00 load
[runlim] sample:		39906.48 time, 39690.01 real, 2301 MB, 1.00 load
[runlim] sample:		39916.55 time, 39700.01 real, 2303 MB, 1.00 load
[runlim] sample:		39926.62 time, 39710.01 real, 2303 MB, 1.00 load
[runlim] sample:		39936.61 time, 39720.01 real, 2313 MB, 1.00 load
[runlim] sample:		39946.73 time, 39730.01 real, 2313 MB, 1.00 load
[runlim] sample:		39956.76 time, 39740.01 real, 2313 MB, 1.00 load
[runlim] sample:		39966.76 time, 39750.01 real, 2313 MB, 1.00 load
[runlim] sample:		39976.76 time, 39760.01 real, 2320 MB, 1.00 load
[runlim] sample:		39986.76 time, 39770.01 real, 2320 MB, 1.00 load
[runlim] sample:		39996.82 time, 39780.01 real, 2320 MB, 1.00 load
[runlim] sample:		40006.95 time, 39790.01 real, 2320 MB, 1.00 load
[runlim] sample:		40016.97 time, 39800.01 real, 2320 MB, 1.00 load
[runlim] sample:		40026.97 time, 39810.01 real, 2320 MB, 1.00 load

NN₁: mnist_relu_3_100_gemm.onnx
NN₂: mnist_relu_3_100_0.79_adam_1_stepsize.onnx
Prop: mnist_77_global_4.vnnlib
[runlim] sample:		40036.99 time, 39820.01 real, 2263 MB, 1.00 load

NN₁: mnist_relu_3_100_gemm.onnx
NN₂: mnist_relu_3_100_0.79_adam_1_stepsize.onnx
Prop: mnist_77_global_5.vnnlib
[runlim] sample:		40046.93 time, 39830.01 real, 2263 MB, 1.15 load
[runlim] sample:		40056.93 time, 39840.01 real, 2263 MB, 1.13 load
[runlim] sample:		40066.93 time, 39850.01 real, 2263 MB, 1.11 load
[runlim] sample:		40076.92 time, 39860.01 real, 2263 MB, 1.09 load
[runlim] sample:		40086.92 time, 39870.01 real, 2263 MB, 1.08 load
[runlim] sample:		40096.92 time, 39880.01 real, 2263 MB, 1.06 load
[runlim] sample:		40106.92 time, 39890.01 real, 2263 MB, 1.05 load
[runlim] sample:		40116.92 time, 39900.01 real, 2263 MB, 1.05 load
[runlim] sample:		40126.92 time, 39910.01 real, 2263 MB, 1.04 load
[runlim] sample:		40136.91 time, 39920.01 real, 2266 MB, 1.03 load
[runlim] sample:		40146.91 time, 39930.01 real, 2268 MB, 1.18 load
[runlim] sample:		40156.92 time, 39940.01 real, 2268 MB, 1.31 load
[runlim] sample:		40166.91 time, 39950.01 real, 2270 MB, 1.26 load
[runlim] sample:		40176.91 time, 39960.01 real, 2270 MB, 1.22 load
[runlim] sample:		40186.91 time, 39970.01 real, 2270 MB, 1.19 load
[runlim] sample:		40196.90 time, 39980.01 real, 2270 MB, 1.16 load
[runlim] sample:		40206.91 time, 39990.01 real, 2276 MB, 1.36 load
[runlim] sample:		40216.90 time, 40000.01 real, 2276 MB, 1.30 load
[runlim] sample:		40226.90 time, 40010.01 real, 2279 MB, 1.26 load
[runlim] sample:		40236.90 time, 40020.01 real, 2279 MB, 1.22 load
[runlim] sample:		40246.90 time, 40030.01 real, 2281 MB, 1.18 load
[runlim] sample:		40256.89 time, 40040.01 real, 2281 MB, 1.15 load
[runlim] sample:		40266.90 time, 40050.01 real, 2284 MB, 1.13 load
[runlim] sample:		40276.89 time, 40060.01 real, 2285 MB, 1.11 load
[runlim] sample:		40286.89 time, 40070.01 real, 2285 MB, 1.09 load
[runlim] sample:		40296.89 time, 40080.01 real, 2289 MB, 1.08 load
[runlim] sample:		40306.89 time, 40090.01 real, 2289 MB, 1.07 load
[runlim] sample:		40316.88 time, 40100.01 real, 2292 MB, 1.06 load
[runlim] sample:		40326.88 time, 40110.01 real, 2292 MB, 1.05 load
[runlim] sample:		40336.88 time, 40120.01 real, 2295 MB, 1.04 load
[runlim] sample:		40346.88 time, 40130.01 real, 2295 MB, 1.03 load
[runlim] sample:		40356.88 time, 40140.01 real, 2299 MB, 1.03 load
[runlim] sample:		40366.88 time, 40150.01 real, 2299 MB, 1.02 load
[runlim] sample:		40376.87 time, 40160.01 real, 2302 MB, 1.02 load
[runlim] sample:		40386.87 time, 40170.01 real, 2302 MB, 1.02 load
[runlim] sample:		40396.87 time, 40180.01 real, 2302 MB, 1.01 load
[runlim] sample:		40406.87 time, 40190.01 real, 2309 MB, 1.01 load
[runlim] sample:		40416.86 time, 40200.01 real, 2309 MB, 1.01 load
[runlim] sample:		40426.87 time, 40210.01 real, 2313 MB, 1.01 load
[runlim] sample:		40436.86 time, 40220.01 real, 2313 MB, 1.00 load
[runlim] sample:		40446.86 time, 40230.01 real, 2313 MB, 1.00 load
[runlim] sample:		40456.86 time, 40240.01 real, 2319 MB, 1.00 load
[runlim] sample:		40466.85 time, 40250.01 real, 2319 MB, 1.00 load
[runlim] sample:		40476.85 time, 40260.01 real, 2321 MB, 1.00 load
[runlim] sample:		40486.85 time, 40270.01 real, 2321 MB, 1.00 load
[runlim] sample:		40496.85 time, 40280.01 real, 2321 MB, 1.00 load
[runlim] sample:		40506.85 time, 40290.01 real, 2329 MB, 1.00 load
[runlim] sample:		40516.85 time, 40300.01 real, 2329 MB, 1.00 load
[runlim] sample:		40526.85 time, 40310.01 real, 2329 MB, 1.00 load
[runlim] sample:		40536.84 time, 40320.01 real, 2334 MB, 1.00 load
[runlim] sample:		40546.85 time, 40330.01 real, 2334 MB, 1.00 load
[runlim] sample:		40556.84 time, 40340.01 real, 2338 MB, 1.00 load
[runlim] sample:		40566.84 time, 40350.01 real, 2338 MB, 1.00 load
[runlim] sample:		40576.84 time, 40360.01 real, 2338 MB, 1.00 load
[runlim] sample:		40586.83 time, 40370.01 real, 2347 MB, 1.00 load
[runlim] sample:		40596.84 time, 40380.01 real, 2347 MB, 1.00 load
[runlim] sample:		40606.83 time, 40390.01 real, 2347 MB, 1.00 load
[runlim] sample:		40616.83 time, 40400.01 real, 2352 MB, 1.00 load
[runlim] sample:		40626.83 time, 40410.01 real, 2352 MB, 1.00 load
[runlim] sample:		40636.83 time, 40420.01 real, 2352 MB, 1.00 load

NN₁: mnist_relu_3_100_gemm.onnx
NN₂: mnist_relu_3_100_0.79_adam_1_stepsize.onnx
Prop: mnist_78_global_4.vnnlib
[runlim] sample:		40646.78 time, 40430.01 real, 2263 MB, 1.15 load
[runlim] sample:		40656.78 time, 40440.01 real, 2263 MB, 1.20 load
[runlim] sample:		40666.77 time, 40450.01 real, 2263 MB, 1.17 load
[runlim] sample:		40676.77 time, 40460.01 real, 2263 MB, 1.15 load
[runlim] sample:		40686.77 time, 40470.01 real, 2263 MB, 1.12 load
[runlim] sample:		40696.76 time, 40480.01 real, 2263 MB, 1.10 load
[runlim] sample:		40706.77 time, 40490.01 real, 2263 MB, 1.09 load
[runlim] sample:		40716.77 time, 40500.01 real, 2263 MB, 1.07 load
[runlim] sample:		40726.76 time, 40510.01 real, 2263 MB, 1.06 load
[runlim] sample:		40736.76 time, 40520.01 real, 2263 MB, 1.05 load
[runlim] sample:		40746.75 time, 40530.01 real, 2263 MB, 1.04 load
[runlim] sample:		40756.75 time, 40540.01 real, 2263 MB, 1.04 load
[runlim] sample:		40766.76 time, 40550.01 real, 2263 MB, 1.03 load
[runlim] sample:		40776.76 time, 40560.01 real, 2266 MB, 1.02 load
[runlim] sample:		40786.75 time, 40570.01 real, 2266 MB, 1.02 load
[runlim] sample:		40796.75 time, 40580.01 real, 2272 MB, 1.02 load
[runlim] sample:		40806.75 time, 40590.01 real, 2277 MB, 1.01 load
[runlim] sample:		40816.75 time, 40600.01 real, 2277 MB, 1.01 load
[runlim] sample:		40826.74 time, 40610.01 real, 2283 MB, 1.01 load
[runlim] sample:		40836.74 time, 40620.01 real, 2289 MB, 1.01 load
[runlim] sample:		40846.74 time, 40630.01 real, 2289 MB, 1.01 load
[runlim] sample:		40856.74 time, 40640.01 real, 2296 MB, 1.00 load
[runlim] sample:		40866.73 time, 40650.01 real, 2296 MB, 1.00 load
[runlim] sample:		40876.73 time, 40660.01 real, 2303 MB, 1.00 load
[runlim] sample:		40886.74 time, 40670.01 real, 2310 MB, 1.00 load
[runlim] sample:		40896.73 time, 40680.01 real, 2310 MB, 1.00 load
[runlim] sample:		40906.74 time, 40690.01 real, 2317 MB, 1.00 load
[runlim] sample:		40916.73 time, 40700.01 real, 2317 MB, 1.00 load
[runlim] sample:		40926.73 time, 40710.01 real, 2325 MB, 1.00 load
[runlim] sample:		40936.72 time, 40720.01 real, 2325 MB, 1.00 load
[runlim] sample:		40946.72 time, 40730.01 real, 2333 MB, 1.00 load
[runlim] sample:		40956.72 time, 40740.01 real, 2333 MB, 1.00 load
[runlim] sample:		40966.72 time, 40750.01 real, 2341 MB, 1.00 load
[runlim] sample:		40976.72 time, 40760.01 real, 2349 MB, 1.00 load
[runlim] sample:		40986.72 time, 40770.01 real, 2349 MB, 1.00 load
[runlim] sample:		40996.72 time, 40780.01 real, 2356 MB, 1.00 load
[runlim] sample:		41006.72 time, 40790.01 real, 2357 MB, 1.00 load
[runlim] sample:		41016.71 time, 40800.01 real, 2360 MB, 1.00 load
[runlim] sample:		41026.71 time, 40810.01 real, 2366 MB, 1.00 load
[runlim] sample:		41036.70 time, 40820.01 real, 2368 MB, 1.00 load
[runlim] sample:		41046.71 time, 40830.01 real, 2374 MB, 1.00 load
[runlim] sample:		41056.70 time, 40840.01 real, 2375 MB, 1.00 load
[runlim] sample:		41066.70 time, 40850.01 real, 2383 MB, 1.00 load
[runlim] sample:		41076.70 time, 40860.01 real, 2384 MB, 1.00 load
[runlim] sample:		41086.71 time, 40870.01 real, 2404 MB, 1.00 load
[runlim] sample:		41096.70 time, 40880.01 real, 2404 MB, 1.00 load
[runlim] sample:		41106.69 time, 40890.01 real, 2413 MB, 1.00 load
[runlim] sample:		41116.70 time, 40900.01 real, 2413 MB, 1.00 load
[runlim] sample:		41126.70 time, 40910.01 real, 2413 MB, 1.00 load
[runlim] sample:		41136.69 time, 40920.01 real, 2423 MB, 1.00 load
[runlim] sample:		41146.69 time, 40930.01 real, 2423 MB, 1.15 load
[runlim] sample:		41156.69 time, 40940.01 real, 2451 MB, 1.20 load
[runlim] sample:		41166.69 time, 40950.01 real, 2451 MB, 1.17 load
[runlim] sample:		41176.68 time, 40960.01 real, 2451 MB, 1.15 load
[runlim] sample:		41186.68 time, 40970.01 real, 2477 MB, 1.12 load
[runlim] sample:		41196.68 time, 40980.01 real, 2477 MB, 1.10 load
[runlim] sample:		41206.68 time, 40990.01 real, 2504 MB, 1.09 load
[runlim] sample:		41216.68 time, 41000.01 real, 2504 MB, 1.07 load
[runlim] sample:		41226.68 time, 41010.01 real, 2504 MB, 1.06 load
[runlim] sample:		41236.67 time, 41020.01 real, 2532 MB, 1.05 load

NN₁: mnist_relu_3_100_gemm.onnx
NN₂: mnist_relu_3_100_0.79_adam_1_stepsize.onnx
Prop: mnist_78_global_5.vnnlib
[runlim] sample:		41246.63 time, 41030.01 real, 2253 MB, 1.04 load
[runlim] sample:		41256.62 time, 41040.01 real, 2253 MB, 1.04 load
[runlim] sample:		41266.63 time, 41050.01 real, 2253 MB, 1.03 load
[runlim] sample:		41276.63 time, 41060.01 real, 2253 MB, 1.02 load
[runlim] sample:		41286.62 time, 41070.01 real, 2253 MB, 1.10 load
[runlim] sample:		41296.62 time, 41080.01 real, 2253 MB, 1.08 load
[runlim] sample:		41306.61 time, 41090.01 real, 2253 MB, 1.07 load
[runlim] sample:		41316.61 time, 41100.01 real, 2253 MB, 1.06 load
[runlim] sample:		41326.61 time, 41110.01 real, 2253 MB, 1.05 load
[runlim] sample:		41336.62 time, 41120.01 real, 2253 MB, 1.04 load
[runlim] sample:		41346.61 time, 41130.01 real, 2253 MB, 1.04 load
[runlim] sample:		41356.61 time, 41140.01 real, 2253 MB, 1.03 load
[runlim] sample:		41366.61 time, 41150.01 real, 2257 MB, 1.02 load
[runlim] sample:		41376.60 time, 41160.01 real, 2261 MB, 1.02 load
[runlim] sample:		41386.60 time, 41170.01 real, 2261 MB, 1.02 load
[runlim] sample:		41396.60 time, 41180.01 real, 2264 MB, 1.01 load
[runlim] sample:		41406.60 time, 41190.01 real, 2264 MB, 1.01 load
[runlim] sample:		41416.60 time, 41200.01 real, 2268 MB, 1.01 load
[runlim] sample:		41426.59 time, 41210.01 real, 2268 MB, 1.01 load
[runlim] sample:		41436.59 time, 41220.01 real, 2271 MB, 1.01 load
[runlim] sample:		41446.59 time, 41230.01 real, 2271 MB, 1.00 load
[runlim] sample:		41456.59 time, 41240.01 real, 2274 MB, 1.00 load
[runlim] sample:		41466.59 time, 41250.01 real, 2274 MB, 1.00 load
[runlim] sample:		41476.58 time, 41260.01 real, 2279 MB, 1.00 load
[runlim] sample:		41486.58 time, 41270.01 real, 2279 MB, 1.00 load
[runlim] sample:		41496.59 time, 41280.01 real, 2283 MB, 1.00 load
[runlim] sample:		41506.58 time, 41290.01 real, 2283 MB, 1.00 load
[runlim] sample:		41516.58 time, 41300.01 real, 2287 MB, 1.00 load
[runlim] sample:		41526.57 time, 41310.01 real, 2287 MB, 1.00 load
[runlim] sample:		41536.58 time, 41320.01 real, 2287 MB, 1.00 load
[runlim] sample:		41546.57 time, 41330.01 real, 2291 MB, 1.00 load
[runlim] sample:		41556.57 time, 41340.01 real, 2291 MB, 1.00 load
[runlim] sample:		41566.57 time, 41350.01 real, 2296 MB, 1.00 load
[runlim] sample:		41576.57 time, 41360.01 real, 2296 MB, 1.00 load
[runlim] sample:		41586.56 time, 41370.01 real, 2301 MB, 1.00 load
[runlim] sample:		41596.56 time, 41380.01 real, 2301 MB, 1.00 load
[runlim] sample:		41606.56 time, 41390.01 real, 2301 MB, 1.00 load
[runlim] sample:		41616.56 time, 41400.01 real, 2306 MB, 1.00 load
[runlim] sample:		41626.56 time, 41410.01 real, 2306 MB, 1.00 load
[runlim] sample:		41636.56 time, 41420.01 real, 2312 MB, 1.00 load
[runlim] sample:		41646.56 time, 41430.01 real, 2312 MB, 1.15 load
[runlim] sample:		41656.55 time, 41440.01 real, 2317 MB, 1.36 load
[runlim] sample:		41666.56 time, 41450.01 real, 2317 MB, 1.30 load
[runlim] sample:		41676.55 time, 41460.01 real, 2317 MB, 1.34 load
[runlim] sample:		41686.55 time, 41470.01 real, 2323 MB, 1.36 load
[runlim] sample:		41696.55 time, 41480.01 real, 2323 MB, 1.30 load
[runlim] sample:		41706.55 time, 41490.01 real, 2323 MB, 1.26 load
[runlim] sample:		41716.54 time, 41500.01 real, 2329 MB, 1.30 load
[runlim] sample:		41726.54 time, 41510.01 real, 2329 MB, 1.25 load
[runlim] sample:		41736.54 time, 41520.01 real, 2329 MB, 1.21 load
[runlim] sample:		41746.54 time, 41530.01 real, 2336 MB, 1.18 load
[runlim] sample:		41756.54 time, 41540.01 real, 2336 MB, 1.15 load
[runlim] sample:		41766.53 time, 41550.01 real, 2342 MB, 1.13 load
[runlim] sample:		41776.53 time, 41560.01 real, 2342 MB, 1.11 load
[runlim] sample:		41786.54 time, 41570.01 real, 2342 MB, 1.17 load
[runlim] sample:		41796.53 time, 41580.01 real, 2349 MB, 1.14 load
[runlim] sample:		41806.53 time, 41590.01 real, 2349 MB, 1.12 load
[runlim] sample:		41816.52 time, 41600.01 real, 2349 MB, 1.10 load
[runlim] sample:		41826.52 time, 41610.01 real, 2356 MB, 1.09 load
[runlim] sample:		41836.52 time, 41620.01 real, 2356 MB, 1.07 load

NN₁: mnist_relu_3_100_gemm.onnx
NN₂: mnist_relu_3_100_0.79_adam_1_stepsize.onnx
Prop: mnist_79_global_4.vnnlib

NN₁: mnist_relu_3_100_gemm.onnx
NN₂: mnist_relu_3_100_0.79_adam_1_stepsize.onnx
Prop: mnist_79_global_5.vnnlib

NN₁: mnist_relu_3_100_gemm.onnx
NN₂: mnist_relu_3_100_0.79_adam_1_stepsize.onnx
Prop: mnist_80_global_4.vnnlib

NN₁: mnist_relu_3_100_gemm.onnx
NN₂: mnist_relu_3_100_0.79_adam_1_stepsize.onnx
Prop: mnist_80_global_5.vnnlib
[runlim] sample:		41846.38 time, 41630.01 real, 2253 MB, 1.06 load
[runlim] sample:		41856.38 time, 41640.01 real, 2253 MB, 1.05 load
[runlim] sample:		41866.37 time, 41650.01 real, 2253 MB, 1.04 load
[runlim] sample:		41876.38 time, 41660.01 real, 2253 MB, 1.04 load
[runlim] sample:		41886.38 time, 41670.01 real, 2253 MB, 1.03 load
[runlim] sample:		41896.38 time, 41680.01 real, 2253 MB, 1.02 load
[runlim] sample:		41906.37 time, 41690.01 real, 2253 MB, 1.02 load
[runlim] sample:		41916.37 time, 41700.01 real, 2253 MB, 1.02 load
[runlim] sample:		41926.37 time, 41710.01 real, 2253 MB, 1.01 load
[runlim] sample:		41936.36 time, 41720.01 real, 2253 MB, 1.01 load
[runlim] sample:		41946.36 time, 41730.01 real, 2253 MB, 1.01 load
[runlim] sample:		41956.37 time, 41740.01 real, 2253 MB, 1.01 load
[runlim] sample:		41966.36 time, 41750.01 real, 2253 MB, 1.01 load
[runlim] sample:		41976.36 time, 41760.01 real, 2253 MB, 1.00 load
[runlim] sample:		41986.36 time, 41770.01 real, 2253 MB, 1.00 load
[runlim] sample:		41996.35 time, 41780.01 real, 2253 MB, 1.00 load
[runlim] sample:		42006.35 time, 41790.01 real, 2253 MB, 1.00 load

NN₁: mnist_relu_3_100_gemm.onnx
NN₂: mnist_relu_3_100_0.79_adam_1_stepsize.onnx
Prop: mnist_81_global_4.vnnlib

NN₁: mnist_relu_3_100_gemm.onnx
NN₂: mnist_relu_3_100_0.79_adam_1_stepsize.onnx
Prop: mnist_81_global_5.vnnlib
[runlim] sample:		42016.26 time, 41800.01 real, 2253 MB, 1.00 load
[runlim] sample:		42026.25 time, 41810.01 real, 2253 MB, 1.00 load
[runlim] sample:		42036.25 time, 41820.01 real, 2253 MB, 1.00 load
[runlim] sample:		42046.26 time, 41830.01 real, 2253 MB, 1.00 load
[runlim] sample:		42056.25 time, 41840.01 real, 2253 MB, 1.00 load
[runlim] sample:		42066.25 time, 41850.01 real, 2253 MB, 1.00 load
[runlim] sample:		42076.25 time, 41860.01 real, 2253 MB, 1.00 load
[runlim] sample:		42086.24 time, 41870.01 real, 2253 MB, 1.00 load
[runlim] sample:		42096.25 time, 41880.01 real, 2253 MB, 1.00 load
[runlim] sample:		42106.25 time, 41890.01 real, 2253 MB, 1.07 load
[runlim] sample:		42116.24 time, 41900.01 real, 2253 MB, 1.06 load
[runlim] sample:		42126.24 time, 41910.01 real, 2253 MB, 1.05 load
[runlim] sample:		42136.23 time, 41920.01 real, 2253 MB, 1.04 load
[runlim] sample:		42146.23 time, 41930.01 real, 2259 MB, 1.19 load
[runlim] sample:		42156.24 time, 41940.01 real, 2259 MB, 1.23 load
[runlim] sample:		42166.23 time, 41950.01 real, 2259 MB, 1.20 load
[runlim] sample:		42176.23 time, 41960.01 real, 2259 MB, 1.31 load
[runlim] sample:		42186.22 time, 41970.01 real, 2265 MB, 1.27 load
[runlim] sample:		42196.23 time, 41980.01 real, 2265 MB, 1.22 load
[runlim] sample:		42206.22 time, 41990.01 real, 2270 MB, 1.19 load
[runlim] sample:		42216.22 time, 42000.01 real, 2270 MB, 1.16 load
[runlim] sample:		42226.22 time, 42010.01 real, 2270 MB, 1.13 load
[runlim] sample:		42236.22 time, 42020.01 real, 2270 MB, 1.11 load
[runlim] sample:		42246.21 time, 42030.01 real, 2275 MB, 1.10 load
[runlim] sample:		42256.22 time, 42040.01 real, 2275 MB, 1.08 load
[runlim] sample:		42266.21 time, 42050.01 real, 2275 MB, 1.07 load
[runlim] sample:		42276.21 time, 42060.01 real, 2275 MB, 1.06 load
[runlim] sample:		42286.21 time, 42070.01 real, 2281 MB, 1.12 load
[runlim] sample:		42296.21 time, 42080.01 real, 2281 MB, 1.10 load
[runlim] sample:		42306.21 time, 42090.01 real, 2285 MB, 1.09 load
[runlim] sample:		42316.21 time, 42100.01 real, 2285 MB, 1.07 load
[runlim] sample:		42326.20 time, 42110.01 real, 2291 MB, 1.06 load
[runlim] sample:		42336.20 time, 42120.01 real, 2291 MB, 1.05 load
[runlim] sample:		42346.20 time, 42130.01 real, 2291 MB, 1.04 load
[runlim] sample:		42356.20 time, 42140.01 real, 2293 MB, 1.04 load
[runlim] sample:		42366.19 time, 42150.01 real, 2299 MB, 1.03 load
[runlim] sample:		42376.19 time, 42160.02 real, 2299 MB, 1.11 load
[runlim] sample:		42386.19 time, 42170.01 real, 2299 MB, 1.16 load
[runlim] sample:		42396.19 time, 42180.01 real, 2304 MB, 1.14 load
[runlim] sample:		42406.19 time, 42190.01 real, 2304 MB, 1.12 load
[runlim] sample:		42416.18 time, 42200.01 real, 2308 MB, 1.10 load
[runlim] sample:		42426.18 time, 42210.01 real, 2308 MB, 1.08 load
[runlim] sample:		42436.19 time, 42220.01 real, 2308 MB, 1.07 load
[runlim] sample:		42446.18 time, 42230.01 real, 2314 MB, 1.06 load
[runlim] sample:		42456.18 time, 42240.01 real, 2314 MB, 1.05 load
[runlim] sample:		42466.18 time, 42250.01 real, 2318 MB, 1.04 load
[runlim] sample:		42476.18 time, 42260.01 real, 2318 MB, 1.03 load
[runlim] sample:		42486.18 time, 42270.01 real, 2318 MB, 1.03 load
[runlim] sample:		42496.17 time, 42280.01 real, 2324 MB, 1.02 load
[runlim] sample:		42506.17 time, 42290.01 real, 2324 MB, 1.02 load
[runlim] sample:		42516.17 time, 42300.01 real, 2333 MB, 1.02 load
[runlim] sample:		42526.17 time, 42310.01 real, 2333 MB, 1.01 load
[runlim] sample:		42536.17 time, 42320.01 real, 2333 MB, 1.01 load
[runlim] sample:		42546.16 time, 42330.01 real, 2339 MB, 1.01 load
[runlim] sample:		42556.17 time, 42340.01 real, 2339 MB, 1.01 load
[runlim] sample:		42566.16 time, 42350.01 real, 2342 MB, 1.00 load
[runlim] sample:		42576.16 time, 42360.01 real, 2342 MB, 1.00 load
[runlim] sample:		42586.16 time, 42370.01 real, 2342 MB, 1.00 load
[runlim] sample:		42596.15 time, 42380.01 real, 2348 MB, 1.00 load
[runlim] sample:		42606.15 time, 42390.01 real, 2348 MB, 1.00 load

NN₁: mnist_relu_3_100_gemm.onnx
NN₂: mnist_relu_3_100_0.79_adam_1_stepsize.onnx
Prop: mnist_82_global_4.vnnlib

NN₁: mnist_relu_3_100_gemm.onnx
NN₂: mnist_relu_3_100_0.79_adam_1_stepsize.onnx
Prop: mnist_82_global_5.vnnlib

NN₁: mnist_relu_3_100_gemm.onnx
NN₂: mnist_relu_3_100_0.79_adam_1_stepsize.onnx
Prop: mnist_83_global_4.vnnlib

NN₁: mnist_relu_3_100_gemm.onnx
NN₂: mnist_relu_3_100_0.79_adam_1_stepsize.onnx
Prop: mnist_83_global_5.vnnlib
[runlim] sample:		42616.02 time, 42400.01 real, 2253 MB, 1.00 load
[runlim] sample:		42626.01 time, 42410.01 real, 2253 MB, 1.00 load
[runlim] sample:		42636.01 time, 42420.01 real, 2253 MB, 1.00 load
[runlim] sample:		42646.01 time, 42430.01 real, 2253 MB, 1.15 load
[runlim] sample:		42656.01 time, 42440.01 real, 2253 MB, 1.28 load
[runlim] sample:		42666.01 time, 42450.01 real, 2253 MB, 1.24 load
[runlim] sample:		42676.01 time, 42460.01 real, 2253 MB, 1.20 load
[runlim] sample:		42686.01 time, 42470.01 real, 2253 MB, 1.17 load
[runlim] sample:		42696.01 time, 42480.01 real, 2253 MB, 1.14 load
[runlim] sample:		42706.00 time, 42490.01 real, 2253 MB, 1.12 load
[runlim] sample:		42716.00 time, 42500.01 real, 2253 MB, 1.10 load
[runlim] sample:		42725.99 time, 42510.01 real, 2253 MB, 1.09 load
[runlim] sample:		42736.00 time, 42520.01 real, 2253 MB, 1.07 load
[runlim] sample:		42746.00 time, 42530.01 real, 2253 MB, 1.06 load
[runlim] sample:		42755.99 time, 42540.01 real, 2253 MB, 1.05 load
[runlim] sample:		42765.99 time, 42550.01 real, 2253 MB, 1.04 load
[runlim] sample:		42775.98 time, 42560.01 real, 2253 MB, 1.04 load
[runlim] sample:		42785.99 time, 42570.01 real, 2253 MB, 1.03 load
[runlim] sample:		42795.99 time, 42580.01 real, 2253 MB, 1.02 load
[runlim] sample:		42805.98 time, 42590.01 real, 2253 MB, 1.02 load
[runlim] sample:		42815.99 time, 42600.01 real, 2253 MB, 1.02 load
[runlim] sample:		42825.98 time, 42610.01 real, 2253 MB, 1.01 load
[runlim] sample:		42835.98 time, 42620.01 real, 2253 MB, 1.01 load
[runlim] sample:		42845.98 time, 42630.01 real, 2253 MB, 1.01 load
[runlim] sample:		42855.97 time, 42640.01 real, 2254 MB, 1.01 load
[runlim] sample:		42865.97 time, 42650.01 real, 2254 MB, 1.01 load
[runlim] sample:		42875.97 time, 42660.01 real, 2257 MB, 1.00 load
[runlim] sample:		42885.97 time, 42670.01 real, 2260 MB, 1.00 load
[runlim] sample:		42895.97 time, 42680.01 real, 2260 MB, 1.00 load
[runlim] sample:		42905.97 time, 42690.01 real, 2262 MB, 1.00 load
[runlim] sample:		42915.96 time, 42700.01 real, 2262 MB, 1.00 load
[runlim] sample:		42925.97 time, 42710.01 real, 2265 MB, 1.00 load
[runlim] sample:		42935.96 time, 42720.01 real, 2267 MB, 1.00 load
[runlim] sample:		42945.96 time, 42730.01 real, 2267 MB, 1.00 load
[runlim] sample:		42955.96 time, 42740.01 real, 2270 MB, 1.00 load
[runlim] sample:		42965.95 time, 42750.01 real, 2273 MB, 1.00 load
[runlim] sample:		42975.96 time, 42760.01 real, 2273 MB, 1.00 load
[runlim] sample:		42985.96 time, 42770.01 real, 2276 MB, 1.00 load
[runlim] sample:		42995.95 time, 42780.01 real, 2276 MB, 1.00 load
[runlim] sample:		43005.95 time, 42790.01 real, 2279 MB, 1.00 load
[runlim] sample:		43015.95 time, 42800.01 real, 2283 MB, 1.15 load
[runlim] sample:		43025.95 time, 42810.01 real, 2283 MB, 1.12 load
[runlim] sample:		43035.94 time, 42820.01 real, 2286 MB, 1.10 load
[runlim] sample:		43045.95 time, 42830.01 real, 2286 MB, 1.09 load
[runlim] sample:		43055.94 time, 42840.01 real, 2288 MB, 1.07 load
[runlim] sample:		43065.94 time, 42850.01 real, 2288 MB, 1.06 load
[runlim] sample:		43075.94 time, 42860.01 real, 2290 MB, 1.13 load
[runlim] sample:		43085.93 time, 42870.01 real, 2293 MB, 1.11 load
[runlim] sample:		43095.93 time, 42880.01 real, 2293 MB, 1.09 load
[runlim] sample:		43105.93 time, 42890.01 real, 2294 MB, 1.08 load
[runlim] sample:		43115.94 time, 42900.01 real, 2294 MB, 1.06 load
[runlim] sample:		43125.93 time, 42910.01 real, 2295 MB, 1.05 load
[runlim] sample:		43135.93 time, 42920.01 real, 2295 MB, 1.04 load
[runlim] sample:		43145.93 time, 42930.01 real, 2297 MB, 1.19 load
[runlim] sample:		43155.93 time, 42940.01 real, 2298 MB, 1.24 load
[runlim] sample:		43165.92 time, 42950.01 real, 2298 MB, 1.20 load
[runlim] sample:		43175.92 time, 42960.01 real, 2300 MB, 1.17 load
[runlim] sample:		43185.92 time, 42970.01 real, 2300 MB, 1.14 load
[runlim] sample:		43195.91 time, 42980.01 real, 2301 MB, 1.12 load
[runlim] sample:		43205.92 time, 42990.01 real, 2301 MB, 1.10 load

NN₁: mnist_relu_3_100_gemm.onnx
NN₂: mnist_relu_3_100_0.79_adam_1_stepsize.onnx
Prop: mnist_84_global_4.vnnlib
[runlim] sample:		43215.86 time, 43000.01 real, 2253 MB, 1.08 load
[runlim] sample:		43225.86 time, 43010.01 real, 2253 MB, 1.07 load
[runlim] sample:		43235.85 time, 43020.01 real, 2253 MB, 1.06 load
[runlim] sample:		43245.86 time, 43030.01 real, 2253 MB, 1.05 load
[runlim] sample:		43255.85 time, 43040.01 real, 2253 MB, 1.04 load
[runlim] sample:		43265.85 time, 43050.01 real, 2253 MB, 1.04 load
[runlim] sample:		43275.85 time, 43060.01 real, 2253 MB, 1.03 load
[runlim] sample:		43285.84 time, 43070.01 real, 2253 MB, 1.10 load
[runlim] sample:		43295.84 time, 43080.01 real, 2253 MB, 1.09 load
[runlim] sample:		43305.85 time, 43090.01 real, 2253 MB, 1.07 load
[runlim] sample:		43315.84 time, 43100.01 real, 2253 MB, 1.21 load
[runlim] sample:		43325.84 time, 43110.01 real, 2253 MB, 1.18 load
[runlim] sample:		43335.84 time, 43120.01 real, 2253 MB, 1.15 load
[runlim] sample:		43345.84 time, 43130.01 real, 2259 MB, 1.13 load
[runlim] sample:		43355.84 time, 43140.01 real, 2264 MB, 1.11 load
[runlim] sample:		43365.83 time, 43150.01 real, 2264 MB, 1.09 load
[runlim] sample:		43375.83 time, 43160.01 real, 2268 MB, 1.08 load
[runlim] sample:		43385.83 time, 43170.01 real, 2274 MB, 1.06 load
[runlim] sample:		43395.83 time, 43180.01 real, 2274 MB, 1.05 load
[runlim] sample:		43405.83 time, 43190.01 real, 2280 MB, 1.04 load
[runlim] sample:		43415.83 time, 43200.01 real, 2284 MB, 1.04 load
[runlim] sample:		43425.82 time, 43210.01 real, 2284 MB, 1.03 load
[runlim] sample:		43435.83 time, 43220.01 real, 2289 MB, 1.03 load
[runlim] sample:		43445.83 time, 43230.01 real, 2289 MB, 1.02 load
[runlim] sample:		43455.82 time, 43240.01 real, 2295 MB, 1.02 load
[runlim] sample:		43465.82 time, 43250.01 real, 2300 MB, 1.01 load
[runlim] sample:		43475.81 time, 43260.01 real, 2300 MB, 1.01 load
[runlim] sample:		43485.82 time, 43270.01 real, 2305 MB, 1.01 load
[runlim] sample:		43495.82 time, 43280.01 real, 2305 MB, 1.01 load
[runlim] sample:		43505.81 time, 43290.01 real, 2310 MB, 1.09 load
[runlim] sample:		43515.81 time, 43300.01 real, 2310 MB, 1.07 load
[runlim] sample:		43525.80 time, 43310.01 real, 2314 MB, 1.06 load
[runlim] sample:		43535.80 time, 43320.01 real, 2314 MB, 1.05 load
[runlim] sample:		43545.81 time, 43330.01 real, 2318 MB, 1.04 load
[runlim] sample:		43555.80 time, 43340.01 real, 2318 MB, 1.04 load
[runlim] sample:		43565.81 time, 43350.01 real, 2323 MB, 1.03 load
[runlim] sample:		43575.80 time, 43360.01 real, 2323 MB, 1.02 load
[runlim] sample:		43585.80 time, 43370.01 real, 2327 MB, 1.02 load
[runlim] sample:		43595.79 time, 43380.01 real, 2327 MB, 1.02 load
[runlim] sample:		43605.79 time, 43390.01 real, 2331 MB, 1.01 load
[runlim] sample:		43615.79 time, 43400.01 real, 2331 MB, 1.01 load
[runlim] sample:		43625.79 time, 43410.01 real, 2334 MB, 1.01 load
[runlim] sample:		43635.79 time, 43420.01 real, 2334 MB, 1.01 load
[runlim] sample:		43645.79 time, 43430.01 real, 2337 MB, 1.16 load
[runlim] sample:		43655.78 time, 43440.01 real, 2337 MB, 1.21 load
[runlim] sample:		43665.79 time, 43450.01 real, 2341 MB, 1.18 load
[runlim] sample:		43675.78 time, 43460.01 real, 2341 MB, 1.15 load
[runlim] sample:		43685.78 time, 43470.01 real, 2345 MB, 1.12 load
[runlim] sample:		43695.78 time, 43480.01 real, 2345 MB, 1.11 load
[runlim] sample:		43705.78 time, 43490.01 real, 2348 MB, 1.09 load
[runlim] sample:		43715.78 time, 43500.01 real, 2348 MB, 1.07 load
[runlim] sample:		43725.78 time, 43510.01 real, 2348 MB, 1.06 load
[runlim] sample:		43735.77 time, 43520.01 real, 2351 MB, 1.05 load
[runlim] sample:		43745.77 time, 43530.01 real, 2351 MB, 1.04 load
[runlim] sample:		43755.76 time, 43540.01 real, 2352 MB, 1.04 load
[runlim] sample:		43765.77 time, 43550.01 real, 2352 MB, 1.03 load
[runlim] sample:		43775.77 time, 43560.01 real, 2356 MB, 1.03 load
[runlim] sample:		43785.76 time, 43570.01 real, 2356 MB, 1.02 load
[runlim] sample:		43795.77 time, 43580.01 real, 2358 MB, 1.02 load
[runlim] sample:		43805.76 time, 43590.01 real, 2358 MB, 1.01 load

NN₁: mnist_relu_3_100_gemm.onnx
NN₂: mnist_relu_3_100_0.79_adam_1_stepsize.onnx
Prop: mnist_84_global_5.vnnlib
[runlim] sample:		43815.71 time, 43600.01 real, 2253 MB, 1.01 load
[runlim] sample:		43825.71 time, 43610.02 real, 2253 MB, 1.01 load
[runlim] sample:		43835.71 time, 43620.01 real, 2253 MB, 1.01 load
[runlim] sample:		43845.71 time, 43630.01 real, 2253 MB, 1.01 load
[runlim] sample:		43855.70 time, 43640.01 real, 2253 MB, 1.08 load
[runlim] sample:		43865.70 time, 43650.01 real, 2253 MB, 1.07 load
[runlim] sample:		43875.70 time, 43660.01 real, 2253 MB, 1.06 load
[runlim] sample:		43885.70 time, 43670.01 real, 2254 MB, 1.05 load
[runlim] sample:		43895.70 time, 43680.01 real, 2254 MB, 1.04 load
[runlim] sample:		43905.70 time, 43690.01 real, 2257 MB, 1.03 load
[runlim] sample:		43915.69 time, 43700.01 real, 2257 MB, 1.10 load
[runlim] sample:		43925.69 time, 43710.01 real, 2259 MB, 1.08 load
[runlim] sample:		43935.69 time, 43720.01 real, 2259 MB, 1.07 load
[runlim] sample:		43945.69 time, 43730.01 real, 2260 MB, 1.06 load
[runlim] sample:		43955.69 time, 43740.01 real, 2260 MB, 1.05 load
[runlim] sample:		43965.69 time, 43750.01 real, 2265 MB, 1.04 load
[runlim] sample:		43975.68 time, 43760.01 real, 2265 MB, 1.04 load
[runlim] sample:		43985.69 time, 43770.01 real, 2267 MB, 1.03 load
[runlim] sample:		43995.68 time, 43780.01 real, 2267 MB, 1.02 load
[runlim] sample:		44005.68 time, 43790.01 real, 2269 MB, 1.02 load
[runlim] sample:		44015.68 time, 43800.01 real, 2273 MB, 1.02 load
[runlim] sample:		44025.68 time, 43810.01 real, 2273 MB, 1.01 load
[runlim] sample:		44035.67 time, 43820.01 real, 2275 MB, 1.01 load
[runlim] sample:		44045.67 time, 43830.01 real, 2275 MB, 1.01 load
[runlim] sample:		44055.67 time, 43840.01 real, 2278 MB, 1.01 load
[runlim] sample:		44065.67 time, 43850.01 real, 2278 MB, 1.01 load
[runlim] sample:		44075.66 time, 43860.01 real, 2282 MB, 1.00 load
[runlim] sample:		44085.66 time, 43870.01 real, 2282 MB, 1.00 load
[runlim] sample:		44095.67 time, 43880.01 real, 2285 MB, 1.00 load
[runlim] sample:		44105.66 time, 43890.01 real, 2285 MB, 1.00 load
[runlim] sample:		44115.66 time, 43900.01 real, 2285 MB, 1.08 load
[runlim] sample:		44125.66 time, 43910.01 real, 2288 MB, 1.07 load
[runlim] sample:		44135.66 time, 43920.01 real, 2288 MB, 1.06 load
[runlim] sample:		44145.66 time, 43930.01 real, 2290 MB, 1.20 load
[runlim] sample:		44155.65 time, 43940.01 real, 2290 MB, 1.47 load
[runlim] sample:		44165.65 time, 43950.01 real, 2296 MB, 1.40 load
[runlim] sample:		44175.65 time, 43960.01 real, 2296 MB, 1.34 load
[runlim] sample:		44185.65 time, 43970.01 real, 2296 MB, 1.29 load
[runlim] sample:		44195.65 time, 43980.01 real, 2300 MB, 1.24 load
[runlim] sample:		44205.64 time, 43990.01 real, 2300 MB, 1.20 load
[runlim] sample:		44215.64 time, 44000.01 real, 2304 MB, 1.17 load
[runlim] sample:		44225.65 time, 44010.01 real, 2304 MB, 1.14 load
[runlim] sample:		44235.64 time, 44020.01 real, 2304 MB, 1.12 load
[runlim] sample:		44245.64 time, 44030.01 real, 2309 MB, 1.10 load
[runlim] sample:		44255.63 time, 44040.01 real, 2309 MB, 1.09 load
[runlim] sample:		44265.63 time, 44050.02 real, 2309 MB, 1.07 load
[runlim] sample:		44275.64 time, 44060.01 real, 2312 MB, 1.06 load
[runlim] sample:		44285.63 time, 44070.01 real, 2312 MB, 1.05 load
[runlim] sample:		44295.63 time, 44080.01 real, 2319 MB, 1.04 load
[runlim] sample:		44305.63 time, 44090.01 real, 2319 MB, 1.04 load
[runlim] sample:		44315.62 time, 44100.01 real, 2319 MB, 1.03 load
[runlim] sample:		44325.62 time, 44110.01 real, 2324 MB, 1.02 load
[runlim] sample:		44335.63 time, 44120.01 real, 2324 MB, 1.02 load
[runlim] sample:		44345.62 time, 44130.01 real, 2324 MB, 1.02 load
[runlim] sample:		44355.62 time, 44140.01 real, 2329 MB, 1.01 load
[runlim] sample:		44365.62 time, 44150.01 real, 2329 MB, 1.01 load
[runlim] sample:		44375.60 time, 44160.01 real, 2329 MB, 1.01 load
[runlim] sample:		44385.61 time, 44170.01 real, 2333 MB, 1.01 load
[runlim] sample:		44395.60 time, 44180.01 real, 2333 MB, 1.01 load
[runlim] sample:		44405.60 time, 44190.02 real, 2333 MB, 1.00 load

NN₁: mnist_relu_3_100_gemm.onnx
NN₂: mnist_relu_3_100_0.79_adam_1_stepsize.onnx
Prop: mnist_85_global_4.vnnlib

NN₁: mnist_relu_3_100_gemm.onnx
NN₂: mnist_relu_3_100_0.79_adam_1_stepsize.onnx
Prop: mnist_85_global_5.vnnlib

NN₁: mnist_relu_3_100_gemm.onnx
NN₂: mnist_relu_3_100_0.79_adam_1_stepsize.onnx
Prop: mnist_86_global_4.vnnlib

NN₁: mnist_relu_3_100_gemm.onnx
NN₂: mnist_relu_3_100_0.79_adam_1_stepsize.onnx
Prop: mnist_86_global_5.vnnlib
[runlim] sample:		44415.47 time, 44200.01 real, 2253 MB, 1.00 load

NN₁: mnist_relu_3_100_gemm.onnx
NN₂: mnist_relu_3_100_0.79_adam_1_stepsize.onnx
Prop: mnist_87_global_4.vnnlib

NN₁: mnist_relu_3_100_gemm.onnx
NN₂: mnist_relu_3_100_0.79_adam_1_stepsize.onnx
Prop: mnist_87_global_5.vnnlib
[runlim] sample:		44425.43 time, 44210.02 real, 2253 MB, 1.00 load
[runlim] sample:		44435.42 time, 44220.01 real, 2253 MB, 1.00 load
[runlim] sample:		44445.42 time, 44230.01 real, 2253 MB, 1.00 load
[runlim] sample:		44455.42 time, 44240.01 real, 2253 MB, 1.00 load
[runlim] sample:		44465.41 time, 44250.01 real, 2253 MB, 1.00 load
[runlim] sample:		44475.42 time, 44260.01 real, 2253 MB, 1.00 load
[runlim] sample:		44485.42 time, 44270.01 real, 2253 MB, 1.00 load
[runlim] sample:		44495.41 time, 44280.01 real, 2253 MB, 1.00 load
[runlim] sample:		44505.42 time, 44290.01 real, 2253 MB, 1.00 load
[runlim] sample:		44515.41 time, 44300.01 real, 2253 MB, 1.00 load
[runlim] sample:		44525.42 time, 44310.01 real, 2253 MB, 1.00 load
[runlim] sample:		44535.41 time, 44320.01 real, 2253 MB, 1.00 load
[runlim] sample:		44545.41 time, 44330.01 real, 2253 MB, 1.00 load

NN₁: mnist_relu_3_100_gemm.onnx
NN₂: mnist_relu_3_100_0.79_adam_1_stepsize.onnx
Prop: mnist_88_global_4.vnnlib

NN₁: mnist_relu_3_100_gemm.onnx
NN₂: mnist_relu_3_100_0.79_adam_1_stepsize.onnx
Prop: mnist_88_global_5.vnnlib
[runlim] sample:		44555.34 time, 44340.01 real, 2253 MB, 1.00 load
[runlim] sample:		44565.33 time, 44350.01 real, 2253 MB, 1.00 load
[runlim] sample:		44575.33 time, 44360.01 real, 2253 MB, 1.00 load
[runlim] sample:		44585.33 time, 44370.01 real, 2253 MB, 1.08 load
[runlim] sample:		44595.33 time, 44380.01 real, 2253 MB, 1.07 load
[runlim] sample:		44605.34 time, 44390.01 real, 2253 MB, 1.06 load
[runlim] sample:		44615.33 time, 44400.01 real, 2253 MB, 1.05 load
[runlim] sample:		44625.33 time, 44410.01 real, 2253 MB, 1.04 load
[runlim] sample:		44635.33 time, 44420.01 real, 2253 MB, 1.03 load
[runlim] sample:		44645.33 time, 44430.01 real, 2253 MB, 1.18 load
[runlim] sample:		44655.32 time, 44440.01 real, 2253 MB, 1.23 load
[runlim] sample:		44665.33 time, 44450.01 real, 2253 MB, 1.19 load
[runlim] sample:		44675.33 time, 44460.01 real, 2253 MB, 1.16 load
[runlim] sample:		44685.33 time, 44470.01 real, 2253 MB, 1.14 load
[runlim] sample:		44695.33 time, 44480.01 real, 2253 MB, 1.12 load
[runlim] sample:		44705.33 time, 44490.01 real, 2253 MB, 1.10 load
[runlim] sample:		44715.32 time, 44500.01 real, 2253 MB, 1.08 load
[runlim] sample:		44725.32 time, 44510.01 real, 2253 MB, 1.07 load
[runlim] sample:		44735.33 time, 44520.01 real, 2253 MB, 1.06 load
[runlim] sample:		44745.32 time, 44530.01 real, 2253 MB, 1.05 load
[runlim] sample:		44755.32 time, 44540.01 real, 2253 MB, 1.04 load
[runlim] sample:		44765.32 time, 44550.01 real, 2253 MB, 1.03 load
[runlim] sample:		44775.32 time, 44560.01 real, 2253 MB, 1.03 load
[runlim] sample:		44785.32 time, 44570.01 real, 2253 MB, 1.02 load
[runlim] sample:		44795.32 time, 44580.01 real, 2253 MB, 1.02 load
[runlim] sample:		44805.32 time, 44590.01 real, 2253 MB, 1.02 load
[runlim] sample:		44815.32 time, 44600.01 real, 2253 MB, 1.01 load
[runlim] sample:		44825.31 time, 44610.01 real, 2253 MB, 1.01 load
[runlim] sample:		44835.31 time, 44620.02 real, 2253 MB, 1.01 load
[runlim] sample:		44845.32 time, 44630.01 real, 2253 MB, 1.01 load
[runlim] sample:		44855.32 time, 44640.01 real, 2253 MB, 1.00 load
[runlim] sample:		44865.31 time, 44650.01 real, 2253 MB, 1.00 load
[runlim] sample:		44875.31 time, 44660.01 real, 2253 MB, 1.00 load
[runlim] sample:		44885.31 time, 44670.01 real, 2253 MB, 1.00 load
[runlim] sample:		44895.31 time, 44680.01 real, 2253 MB, 1.00 load
[runlim] sample:		44905.31 time, 44690.01 real, 2253 MB, 1.00 load
[runlim] sample:		44915.31 time, 44700.01 real, 2253 MB, 1.00 load
[runlim] sample:		44925.30 time, 44710.01 real, 2253 MB, 1.00 load
[runlim] sample:		44935.30 time, 44720.01 real, 2253 MB, 1.00 load
[runlim] sample:		44945.31 time, 44730.01 real, 2253 MB, 1.00 load
[runlim] sample:		44955.30 time, 44740.01 real, 2253 MB, 1.00 load
[runlim] sample:		44965.30 time, 44750.01 real, 2253 MB, 1.00 load
[runlim] sample:		44975.30 time, 44760.01 real, 2253 MB, 1.00 load
[runlim] sample:		44985.30 time, 44770.01 real, 2253 MB, 1.00 load
[runlim] sample:		44995.30 time, 44780.01 real, 2253 MB, 1.00 load
[runlim] sample:		45005.29 time, 44790.01 real, 2253 MB, 1.00 load
[runlim] sample:		45015.30 time, 44800.01 real, 2253 MB, 1.00 load
[runlim] sample:		45025.30 time, 44810.01 real, 2253 MB, 1.00 load
[runlim] sample:		45035.29 time, 44820.01 real, 2253 MB, 1.07 load
[runlim] sample:		45045.30 time, 44830.01 real, 2253 MB, 1.06 load
[runlim] sample:		45055.29 time, 44840.01 real, 2253 MB, 1.13 load
[runlim] sample:		45065.29 time, 44850.01 real, 2253 MB, 1.11 load
[runlim] sample:		45075.29 time, 44860.01 real, 2253 MB, 1.09 load
[runlim] sample:		45085.29 time, 44870.01 real, 2253 MB, 1.08 load
[runlim] sample:		45095.30 time, 44880.01 real, 2253 MB, 1.06 load
[runlim] sample:		45105.29 time, 44890.01 real, 2253 MB, 1.05 load
[runlim] sample:		45115.29 time, 44900.01 real, 2253 MB, 1.04 load
[runlim] sample:		45125.28 time, 44910.01 real, 2253 MB, 1.04 load
[runlim] sample:		45135.29 time, 44920.01 real, 2253 MB, 1.03 load
[runlim] sample:		45145.28 time, 44930.01 real, 2253 MB, 1.18 load
[runlim] sample:		45155.27 time, 44940.01 real, 2253 MB, 1.23 load

NN₁: mnist_relu_3_100_gemm.onnx
NN₂: mnist_relu_3_100_0.79_adam_1_stepsize.onnx
Prop: mnist_89_global_4.vnnlib

NN₁: mnist_relu_3_100_gemm.onnx
NN₂: mnist_relu_3_100_0.79_adam_1_stepsize.onnx
Prop: mnist_89_global_5.vnnlib
[runlim] sample:		45165.21 time, 44950.01 real, 2253 MB, 1.19 load
[runlim] sample:		45175.21 time, 44960.01 real, 2253 MB, 1.16 load
[runlim] sample:		45185.21 time, 44970.01 real, 2253 MB, 1.14 load
[runlim] sample:		45195.21 time, 44980.01 real, 2253 MB, 1.11 load
[runlim] sample:		45205.21 time, 44990.01 real, 2253 MB, 1.10 load
[runlim] sample:		45215.21 time, 45000.01 real, 2253 MB, 1.08 load
[runlim] sample:		45225.21 time, 45010.01 real, 2253 MB, 1.07 load
[runlim] sample:		45235.21 time, 45020.01 real, 2253 MB, 1.06 load
[runlim] sample:		45245.20 time, 45030.01 real, 2253 MB, 1.05 load
[runlim] sample:		45255.20 time, 45040.01 real, 2253 MB, 1.04 load
[runlim] sample:		45265.20 time, 45050.01 real, 2253 MB, 1.03 load
[runlim] sample:		45275.20 time, 45060.01 real, 2253 MB, 1.03 load
[runlim] sample:		45285.20 time, 45070.01 real, 2254 MB, 1.02 load
[runlim] sample:		45295.20 time, 45080.01 real, 2257 MB, 1.17 load
[runlim] sample:		45305.20 time, 45090.01 real, 2257 MB, 1.14 load
[runlim] sample:		45315.20 time, 45100.01 real, 2260 MB, 1.12 load
[runlim] sample:		45325.19 time, 45110.01 real, 2260 MB, 1.10 load
[runlim] sample:		45335.20 time, 45120.01 real, 2264 MB, 1.08 load
[runlim] sample:		45345.19 time, 45130.01 real, 2264 MB, 1.07 load
[runlim] sample:		45355.20 time, 45140.01 real, 2266 MB, 1.06 load
[runlim] sample:		45365.20 time, 45150.01 real, 2266 MB, 1.05 load
[runlim] sample:		45375.19 time, 45160.01 real, 2271 MB, 1.04 load
[runlim] sample:		45385.19 time, 45170.01 real, 2271 MB, 1.04 load
[runlim] sample:		45395.19 time, 45180.01 real, 2275 MB, 1.03 load
[runlim] sample:		45405.19 time, 45190.01 real, 2275 MB, 1.02 load
[runlim] sample:		45415.19 time, 45200.01 real, 2278 MB, 1.02 load
[runlim] sample:		45425.18 time, 45210.01 real, 2278 MB, 1.02 load
[runlim] sample:		45435.19 time, 45220.01 real, 2284 MB, 1.01 load
[runlim] sample:		45445.19 time, 45230.01 real, 2284 MB, 1.01 load
[runlim] sample:		45455.18 time, 45240.01 real, 2290 MB, 1.01 load
[runlim] sample:		45465.18 time, 45250.01 real, 2290 MB, 1.01 load
[runlim] sample:		45475.18 time, 45260.01 real, 2296 MB, 1.01 load
[runlim] sample:		45485.19 time, 45270.01 real, 2296 MB, 1.00 load
[runlim] sample:		45495.18 time, 45280.01 real, 2301 MB, 1.00 load
[runlim] sample:		45505.18 time, 45290.01 real, 2301 MB, 1.00 load
[runlim] sample:		45515.18 time, 45300.01 real, 2306 MB, 1.00 load
[runlim] sample:		45525.18 time, 45310.01 real, 2306 MB, 1.00 load
[runlim] sample:		45535.17 time, 45320.01 real, 2314 MB, 1.00 load
[runlim] sample:		45545.17 time, 45330.01 real, 2314 MB, 1.00 load
[runlim] sample:		45555.18 time, 45340.01 real, 2314 MB, 1.00 load
[runlim] sample:		45565.17 time, 45350.01 real, 2319 MB, 1.00 load
[runlim] sample:		45575.17 time, 45360.01 real, 2319 MB, 1.00 load
[runlim] sample:		45585.17 time, 45370.01 real, 2327 MB, 1.00 load
[runlim] sample:		45595.17 time, 45380.01 real, 2327 MB, 1.15 load
[runlim] sample:		45605.17 time, 45390.01 real, 2333 MB, 1.12 load
[runlim] sample:		45615.17 time, 45400.01 real, 2333 MB, 1.10 load
[runlim] sample:		45625.16 time, 45410.01 real, 2333 MB, 1.09 load
[runlim] sample:		45635.17 time, 45420.01 real, 2341 MB, 1.07 load
[runlim] sample:		45645.17 time, 45430.01 real, 2341 MB, 1.22 load
[runlim] sample:		45655.16 time, 45440.01 real, 2341 MB, 1.34 load
[runlim] sample:		45665.16 time, 45450.01 real, 2348 MB, 1.28 load
[runlim] sample:		45675.17 time, 45460.01 real, 2348 MB, 1.24 load
[runlim] sample:		45685.16 time, 45470.01 real, 2355 MB, 1.20 load
[runlim] sample:		45695.16 time, 45480.01 real, 2355 MB, 1.17 load
[runlim] sample:		45705.16 time, 45490.01 real, 2355 MB, 1.14 load
[runlim] sample:		45715.16 time, 45500.01 real, 2364 MB, 1.12 load
[runlim] sample:		45725.16 time, 45510.01 real, 2364 MB, 1.10 load
[runlim] sample:		45735.16 time, 45520.01 real, 2364 MB, 1.09 load
[runlim] sample:		45745.16 time, 45530.01 real, 2370 MB, 1.07 load
[runlim] sample:		45755.16 time, 45540.01 real, 2370 MB, 1.06 load

NN₁: mnist_relu_3_100_gemm.onnx
NN₂: mnist_relu_3_100_0.79_adam_1_stepsize.onnx
Prop: mnist_90_global_4.vnnlib

NN₁: mnist_relu_3_100_gemm.onnx
NN₂: mnist_relu_3_100_0.79_adam_1_stepsize.onnx
Prop: mnist_90_global_5.vnnlib
[runlim] sample:		45765.07 time, 45550.01 real, 2253 MB, 1.05 load
[runlim] sample:		45775.07 time, 45560.01 real, 2253 MB, 1.04 load
[runlim] sample:		45785.07 time, 45570.01 real, 2253 MB, 1.04 load
[runlim] sample:		45795.07 time, 45580.01 real, 2253 MB, 1.03 load
[runlim] sample:		45805.06 time, 45590.01 real, 2253 MB, 1.02 load
[runlim] sample:		45815.06 time, 45600.01 real, 2253 MB, 1.02 load
[runlim] sample:		45825.06 time, 45610.01 real, 2253 MB, 1.02 load
[runlim] sample:		45835.06 time, 45620.01 real, 2253 MB, 1.01 load
[runlim] sample:		45845.06 time, 45630.01 real, 2253 MB, 1.01 load
[runlim] sample:		45855.06 time, 45640.01 real, 2253 MB, 1.01 load
[runlim] sample:		45865.06 time, 45650.01 real, 2253 MB, 1.01 load
[runlim] sample:		45875.06 time, 45660.01 real, 2253 MB, 1.01 load
[runlim] sample:		45885.06 time, 45670.01 real, 2253 MB, 1.00 load
[runlim] sample:		45895.05 time, 45680.01 real, 2253 MB, 1.08 load
[runlim] sample:		45905.05 time, 45690.01 real, 2253 MB, 1.07 load
[runlim] sample:		45915.06 time, 45700.01 real, 2253 MB, 1.06 load
[runlim] sample:		45925.06 time, 45710.01 real, 2253 MB, 1.05 load
[runlim] sample:		45935.05 time, 45720.01 real, 2253 MB, 1.04 load
[runlim] sample:		45945.05 time, 45730.01 real, 2253 MB, 1.03 load
[runlim] sample:		45955.05 time, 45740.01 real, 2253 MB, 1.03 load
[runlim] sample:		45965.05 time, 45750.01 real, 2253 MB, 1.02 load
[runlim] sample:		45975.05 time, 45760.01 real, 2253 MB, 1.02 load
[runlim] sample:		45985.04 time, 45770.01 real, 2253 MB, 1.02 load
[runlim] sample:		45995.04 time, 45780.01 real, 2253 MB, 1.01 load
[runlim] sample:		46005.05 time, 45790.01 real, 2253 MB, 1.01 load
[runlim] sample:		46015.04 time, 45800.01 real, 2253 MB, 1.01 load
[runlim] sample:		46025.04 time, 45810.01 real, 2253 MB, 1.01 load
[runlim] sample:		46035.04 time, 45820.01 real, 2253 MB, 1.00 load
[runlim] sample:		46045.04 time, 45830.01 real, 2253 MB, 1.00 load
[runlim] sample:		46055.04 time, 45840.01 real, 2253 MB, 1.00 load
[runlim] sample:		46065.03 time, 45850.01 real, 2253 MB, 1.00 load
[runlim] sample:		46075.04 time, 45860.01 real, 2253 MB, 1.00 load
[runlim] sample:		46085.04 time, 45870.01 real, 2253 MB, 1.00 load
[runlim] sample:		46095.04 time, 45880.01 real, 2253 MB, 1.00 load
[runlim] sample:		46105.04 time, 45890.01 real, 2253 MB, 1.00 load
[runlim] sample:		46115.04 time, 45900.01 real, 2253 MB, 1.00 load
[runlim] sample:		46125.04 time, 45910.01 real, 2253 MB, 1.00 load
[runlim] sample:		46135.03 time, 45920.01 real, 2253 MB, 1.07 load
[runlim] sample:		46145.03 time, 45930.01 real, 2253 MB, 1.22 load
[runlim] sample:		46155.03 time, 45940.01 real, 2253 MB, 1.26 load
[runlim] sample:		46165.03 time, 45950.01 real, 2253 MB, 1.22 load
[runlim] sample:		46175.03 time, 45960.01 real, 2253 MB, 1.18 load
[runlim] sample:		46185.03 time, 45970.01 real, 2253 MB, 1.15 load
[runlim] sample:		46195.03 time, 45980.01 real, 2253 MB, 1.20 load
[runlim] sample:		46205.03 time, 45990.01 real, 2253 MB, 1.17 load
[runlim] sample:		46215.03 time, 46000.01 real, 2253 MB, 1.15 load
[runlim] sample:		46225.02 time, 46010.01 real, 2253 MB, 1.12 load
[runlim] sample:		46235.02 time, 46020.01 real, 2253 MB, 1.10 load
[runlim] sample:		46245.02 time, 46030.01 real, 2253 MB, 1.09 load
[runlim] sample:		46255.02 time, 46040.01 real, 2253 MB, 1.07 load
[runlim] sample:		46265.02 time, 46050.01 real, 2259 MB, 1.06 load
[runlim] sample:		46275.02 time, 46060.01 real, 2259 MB, 1.05 load
[runlim] sample:		46285.02 time, 46070.01 real, 2259 MB, 1.04 load
[runlim] sample:		46295.02 time, 46080.01 real, 2261 MB, 1.04 load
[runlim] sample:		46305.02 time, 46090.01 real, 2261 MB, 1.03 load
[runlim] sample:		46315.02 time, 46100.01 real, 2261 MB, 1.02 load
[runlim] sample:		46325.01 time, 46110.01 real, 2261 MB, 1.02 load
[runlim] sample:		46335.02 time, 46120.01 real, 2261 MB, 1.02 load
[runlim] sample:		46345.01 time, 46130.01 real, 2261 MB, 1.01 load
[runlim] sample:		46355.01 time, 46140.01 real, 2261 MB, 1.01 load

NN₁: mnist_relu_3_100_gemm.onnx
NN₂: mnist_relu_3_100_0.79_adam_1_stepsize.onnx
Prop: mnist_91_global_4.vnnlib

NN₁: mnist_relu_3_100_gemm.onnx
NN₂: mnist_relu_3_100_0.79_adam_1_stepsize.onnx
Prop: mnist_91_global_5.vnnlib
[runlim] sample:		46364.94 time, 46150.01 real, 2253 MB, 1.01 load
[runlim] sample:		46374.94 time, 46160.01 real, 2253 MB, 1.01 load
[runlim] sample:		46384.93 time, 46170.01 real, 2253 MB, 1.01 load
[runlim] sample:		46394.93 time, 46180.01 real, 2253 MB, 1.00 load
[runlim] sample:		46404.93 time, 46190.01 real, 2253 MB, 1.00 load
[runlim] sample:		46414.93 time, 46200.01 real, 2253 MB, 1.00 load
[runlim] sample:		46424.93 time, 46210.01 real, 2253 MB, 1.00 load
[runlim] sample:		46434.92 time, 46220.01 real, 2253 MB, 1.15 load
[runlim] sample:		46444.92 time, 46230.01 real, 2253 MB, 1.12 load
[runlim] sample:		46454.93 time, 46240.01 real, 2253 MB, 1.11 load
[runlim] sample:		46464.93 time, 46250.01 real, 2253 MB, 1.09 load
[runlim] sample:		46474.93 time, 46260.01 real, 2253 MB, 1.07 load
[runlim] sample:		46484.92 time, 46270.01 real, 2253 MB, 1.06 load
[runlim] sample:		46494.92 time, 46280.01 real, 2255 MB, 1.05 load
[runlim] sample:		46504.92 time, 46290.01 real, 2255 MB, 1.04 load
[runlim] sample:		46514.93 time, 46300.01 real, 2259 MB, 1.04 load
[runlim] sample:		46524.92 time, 46310.01 real, 2263 MB, 1.03 load
[runlim] sample:		46534.92 time, 46320.01 real, 2263 MB, 1.03 load
[runlim] sample:		46544.92 time, 46330.01 real, 2267 MB, 1.02 load
[runlim] sample:		46554.92 time, 46340.01 real, 2269 MB, 1.02 load
[runlim] sample:		46564.92 time, 46350.01 real, 2272 MB, 1.01 load
[runlim] sample:		46574.92 time, 46360.01 real, 2275 MB, 1.01 load
[runlim] sample:		46584.92 time, 46370.01 real, 2275 MB, 1.01 load
[runlim] sample:		46594.91 time, 46380.01 real, 2278 MB, 1.09 load
[runlim] sample:		46604.92 time, 46390.01 real, 2278 MB, 1.07 load
[runlim] sample:		46614.91 time, 46400.01 real, 2281 MB, 1.06 load
[runlim] sample:		46624.91 time, 46410.01 real, 2285 MB, 1.05 load
[runlim] sample:		46634.91 time, 46420.01 real, 2285 MB, 1.20 load
[runlim] sample:		46644.91 time, 46430.01 real, 2287 MB, 1.40 load
[runlim] sample:		46654.91 time, 46440.01 real, 2287 MB, 1.57 load
[runlim] sample:		46664.91 time, 46450.01 real, 2290 MB, 1.48 load
[runlim] sample:		46674.91 time, 46460.01 real, 2290 MB, 1.41 load
[runlim] sample:		46684.91 time, 46470.01 real, 2291 MB, 1.35 load
[runlim] sample:		46694.90 time, 46480.01 real, 2291 MB, 1.29 load
[runlim] sample:		46704.91 time, 46490.01 real, 2293 MB, 1.25 load
[runlim] sample:		46714.91 time, 46500.01 real, 2293 MB, 1.29 load
[runlim] sample:		46724.90 time, 46510.01 real, 2294 MB, 1.32 load
[runlim] sample:		46734.90 time, 46520.02 real, 2294 MB, 1.27 load
[runlim] sample:		46744.90 time, 46530.01 real, 2295 MB, 1.23 load
[runlim] sample:		46754.90 time, 46540.01 real, 2295 MB, 1.19 load
[runlim] sample:		46764.90 time, 46550.01 real, 2296 MB, 1.24 load
[runlim] sample:		46774.90 time, 46560.01 real, 2297 MB, 1.28 load
[runlim] sample:		46784.89 time, 46570.01 real, 2297 MB, 1.24 load
[runlim] sample:		46794.90 time, 46580.01 real, 2299 MB, 1.20 load
[runlim] sample:		46804.90 time, 46590.01 real, 2299 MB, 1.17 load
[runlim] sample:		46814.90 time, 46600.01 real, 2299 MB, 1.14 load
[runlim] sample:		46824.90 time, 46610.01 real, 2299 MB, 1.12 load
[runlim] sample:		46834.90 time, 46620.01 real, 2299 MB, 1.18 load
[runlim] sample:		46844.90 time, 46630.01 real, 2299 MB, 1.15 load
[runlim] sample:		46854.89 time, 46640.01 real, 2299 MB, 1.13 load
[runlim] sample:		46864.89 time, 46650.01 real, 2299 MB, 1.11 load
[runlim] sample:		46874.89 time, 46660.01 real, 2299 MB, 1.09 load
[runlim] sample:		46884.89 time, 46670.01 real, 2299 MB, 1.08 load
[runlim] sample:		46894.89 time, 46680.01 real, 2299 MB, 1.07 load
[runlim] sample:		46904.88 time, 46690.01 real, 2299 MB, 1.06 load
[runlim] sample:		46914.88 time, 46700.01 real, 2299 MB, 1.05 load
[runlim] sample:		46924.89 time, 46710.01 real, 2299 MB, 1.04 load
[runlim] sample:		46934.89 time, 46720.01 real, 2299 MB, 1.03 load
[runlim] sample:		46944.89 time, 46730.01 real, 2299 MB, 1.03 load
[runlim] sample:		46954.88 time, 46740.01 real, 2299 MB, 1.02 load

NN₁: mnist_relu_3_100_gemm.onnx
NN₂: mnist_relu_3_100_0.79_adam_1_stepsize.onnx
Prop: mnist_92_global_4.vnnlib
[runlim] sample:		46964.81 time, 46750.01 real, 2253 MB, 1.02 load
[runlim] sample:		46974.81 time, 46760.01 real, 2253 MB, 1.02 load
[runlim] sample:		46984.81 time, 46770.01 real, 2253 MB, 1.01 load
[runlim] sample:		46994.81 time, 46780.01 real, 2253 MB, 1.01 load
[runlim] sample:		47004.81 time, 46790.01 real, 2253 MB, 1.01 load
[runlim] sample:		47014.81 time, 46800.01 real, 2253 MB, 1.01 load
[runlim] sample:		47024.81 time, 46810.01 real, 2253 MB, 1.00 load
[runlim] sample:		47034.80 time, 46820.01 real, 2253 MB, 1.00 load
[runlim] sample:		47044.80 time, 46830.01 real, 2253 MB, 1.00 load
[runlim] sample:		47054.81 time, 46840.01 real, 2253 MB, 1.00 load
[runlim] sample:		47064.80 time, 46850.01 real, 2253 MB, 1.00 load
[runlim] sample:		47075.10 time, 46860.01 real, 2253 MB, 1.00 load
[runlim] sample:		47085.10 time, 46870.01 real, 2253 MB, 1.00 load
[runlim] sample:		47095.10 time, 46880.01 real, 2253 MB, 1.00 load
[runlim] sample:		47105.10 time, 46890.01 real, 2253 MB, 1.00 load
[runlim] sample:		47115.10 time, 46900.01 real, 2253 MB, 1.00 load
[runlim] sample:		47125.10 time, 46910.01 real, 2253 MB, 1.00 load
[runlim] sample:		47135.41 time, 46920.01 real, 2253 MB, 1.00 load
[runlim] sample:		47145.40 time, 46930.01 real, 2253 MB, 1.15 load
[runlim] sample:		47155.43 time, 46940.01 real, 2253 MB, 1.28 load
[runlim] sample:		47165.76 time, 46950.01 real, 2253 MB, 1.24 load
[runlim] sample:		47175.76 time, 46960.01 real, 2253 MB, 1.20 load
[runlim] sample:		47185.97 time, 46970.01 real, 2253 MB, 1.17 load
[runlim] sample:		47196.19 time, 46980.01 real, 2253 MB, 1.14 load
[runlim] sample:		47206.18 time, 46990.01 real, 2253 MB, 1.12 load
[runlim] sample:		47216.39 time, 47000.01 real, 2253 MB, 1.10 load
[runlim] sample:		47226.51 time, 47010.01 real, 2253 MB, 1.09 load
[runlim] sample:		47236.56 time, 47020.01 real, 2253 MB, 1.07 load
[runlim] sample:		47246.77 time, 47030.01 real, 2253 MB, 1.06 load
[runlim] sample:		47256.98 time, 47040.01 real, 2253 MB, 1.05 load
[runlim] sample:		47266.98 time, 47050.01 real, 2253 MB, 1.04 load
[runlim] sample:		47276.97 time, 47060.01 real, 2253 MB, 1.04 load
[runlim] sample:		47286.98 time, 47070.01 real, 2253 MB, 1.03 load
[runlim] sample:		47296.98 time, 47080.01 real, 2253 MB, 1.02 load
[runlim] sample:		47306.97 time, 47090.01 real, 2253 MB, 1.02 load
[runlim] sample:		47317.14 time, 47100.01 real, 2253 MB, 1.02 load
[runlim] sample:		47327.65 time, 47110.01 real, 2253 MB, 1.01 load
[runlim] sample:		47337.88 time, 47120.01 real, 2253 MB, 1.01 load
[runlim] sample:		47348.02 time, 47130.01 real, 2253 MB, 1.01 load
[runlim] sample:		47358.05 time, 47140.01 real, 2253 MB, 1.01 load
[runlim] sample:		47368.18 time, 47150.01 real, 2253 MB, 1.01 load
[runlim] sample:		47378.59 time, 47160.01 real, 2253 MB, 1.00 load
[runlim] sample:		47388.99 time, 47170.01 real, 2253 MB, 1.00 load
[runlim] sample:		47399.27 time, 47180.01 real, 2253 MB, 1.00 load
[runlim] sample:		47409.33 time, 47190.01 real, 2253 MB, 1.00 load
[runlim] sample:		47419.33 time, 47200.01 real, 2253 MB, 1.00 load
[runlim] sample:		47429.35 time, 47210.01 real, 2253 MB, 1.00 load
[runlim] sample:		47439.37 time, 47220.01 real, 2253 MB, 1.00 load
[runlim] sample:		47450.09 time, 47230.01 real, 2253 MB, 1.00 load
[runlim] sample:		47460.79 time, 47240.01 real, 2253 MB, 1.00 load
[runlim] sample:		47471.54 time, 47250.01 real, 2253 MB, 1.00 load
[runlim] sample:		47482.36 time, 47260.01 real, 2253 MB, 1.00 load
[runlim] sample:		47493.80 time, 47270.01 real, 2253 MB, 1.00 load
[runlim] sample:		47505.03 time, 47280.01 real, 2253 MB, 1.00 load
[runlim] sample:		47515.71 time, 47290.01 real, 2253 MB, 1.22 load
[runlim] sample:		47526.00 time, 47300.01 real, 2253 MB, 1.19 load
[runlim] sample:		47536.69 time, 47310.01 real, 2253 MB, 1.40 load
[runlim] sample:		47548.25 time, 47320.01 real, 2253 MB, 1.34 load
[runlim] sample:		47559.16 time, 47330.01 real, 2253 MB, 1.28 load
[runlim] sample:		47569.41 time, 47340.01 real, 2253 MB, 1.24 load

NN₁: mnist_relu_3_100_gemm.onnx
NN₂: mnist_relu_3_100_0.79_adam_1_stepsize.onnx
Prop: mnist_92_global_5.vnnlib
[runlim] sample:		47579.51 time, 47350.01 real, 2253 MB, 1.20 load
[runlim] sample:		47589.51 time, 47360.01 real, 2253 MB, 1.17 load
[runlim] sample:		47599.51 time, 47370.01 real, 2253 MB, 1.14 load
[runlim] sample:		47609.51 time, 47380.01 real, 2253 MB, 1.12 load
[runlim] sample:		47619.51 time, 47390.01 real, 2253 MB, 1.10 load
[runlim] sample:		47629.51 time, 47400.01 real, 2253 MB, 1.09 load
[runlim] sample:		47639.50 time, 47410.01 real, 2253 MB, 1.07 load
[runlim] sample:		47649.50 time, 47420.01 real, 2253 MB, 1.06 load
[runlim] sample:		47659.50 time, 47430.01 real, 2253 MB, 1.21 load
[runlim] sample:		47669.50 time, 47440.01 real, 2253 MB, 1.33 load
[runlim] sample:		47679.50 time, 47450.01 real, 2253 MB, 1.28 load
[runlim] sample:		47689.50 time, 47460.01 real, 2255 MB, 1.23 load
[runlim] sample:		47699.49 time, 47470.01 real, 2255 MB, 1.20 load
[runlim] sample:		47709.50 time, 47480.01 real, 2259 MB, 1.17 load
[runlim] sample:		47719.50 time, 47490.01 real, 2259 MB, 1.14 load
[runlim] sample:		47729.50 time, 47500.01 real, 2262 MB, 1.12 load
[runlim] sample:		47739.50 time, 47510.01 real, 2262 MB, 1.10 load
[runlim] sample:		47749.49 time, 47520.01 real, 2265 MB, 1.08 load
[runlim] sample:		47759.49 time, 47530.01 real, 2265 MB, 1.07 load
[runlim] sample:		47769.49 time, 47540.01 real, 2268 MB, 1.06 load
[runlim] sample:		47779.49 time, 47550.01 real, 2268 MB, 1.05 load
[runlim] sample:		47789.49 time, 47560.01 real, 2272 MB, 1.04 load
[runlim] sample:		47799.49 time, 47570.01 real, 2272 MB, 1.04 load
[runlim] sample:		47809.49 time, 47580.01 real, 2275 MB, 1.03 load
[runlim] sample:		47819.49 time, 47590.01 real, 2275 MB, 1.02 load
[runlim] sample:		47829.48 time, 47600.01 real, 2278 MB, 1.02 load
[runlim] sample:		47839.48 time, 47610.01 real, 2278 MB, 1.02 load
[runlim] sample:		47849.49 time, 47620.01 real, 2280 MB, 1.01 load
[runlim] sample:		47859.48 time, 47630.01 real, 2280 MB, 1.01 load
[runlim] sample:		47869.48 time, 47640.01 real, 2285 MB, 1.01 load
[runlim] sample:		47879.48 time, 47650.01 real, 2285 MB, 1.01 load
[runlim] sample:		47889.48 time, 47660.01 real, 2288 MB, 1.01 load
[runlim] sample:		47899.47 time, 47670.01 real, 2288 MB, 1.00 load
[runlim] sample:		47909.48 time, 47680.01 real, 2292 MB, 1.00 load
[runlim] sample:		47919.47 time, 47690.01 real, 2292 MB, 1.00 load
[runlim] sample:		47929.47 time, 47700.01 real, 2292 MB, 1.00 load
[runlim] sample:		47939.47 time, 47710.01 real, 2295 MB, 1.00 load
[runlim] sample:		47949.47 time, 47720.01 real, 2295 MB, 1.00 load
[runlim] sample:		47959.47 time, 47730.01 real, 2301 MB, 1.00 load
[runlim] sample:		47969.47 time, 47740.01 real, 2301 MB, 1.00 load
[runlim] sample:		47979.47 time, 47750.01 real, 2301 MB, 1.00 load
[runlim] sample:		47989.47 time, 47760.01 real, 2304 MB, 1.00 load
[runlim] sample:		47999.47 time, 47770.01 real, 2304 MB, 1.00 load
[runlim] sample:		48009.47 time, 47780.01 real, 2308 MB, 1.00 load
[runlim] sample:		48019.47 time, 47790.01 real, 2308 MB, 1.00 load
[runlim] sample:		48029.47 time, 47800.01 real, 2308 MB, 1.00 load
[runlim] sample:		48039.46 time, 47810.01 real, 2315 MB, 1.00 load
[runlim] sample:		48049.46 time, 47820.01 real, 2315 MB, 1.00 load
[runlim] sample:		48059.46 time, 47830.01 real, 2318 MB, 1.00 load
[runlim] sample:		48069.47 time, 47840.01 real, 2318 MB, 1.00 load
[runlim] sample:		48079.46 time, 47850.01 real, 2318 MB, 1.00 load
[runlim] sample:		48089.46 time, 47860.01 real, 2324 MB, 1.00 load
[runlim] sample:		48099.46 time, 47870.01 real, 2324 MB, 1.00 load
[runlim] sample:		48109.46 time, 47880.01 real, 2331 MB, 1.00 load
[runlim] sample:		48119.46 time, 47890.01 real, 2331 MB, 1.00 load
[runlim] sample:		48129.45 time, 47900.01 real, 2331 MB, 1.00 load
[runlim] sample:		48139.45 time, 47910.01 real, 2336 MB, 1.00 load
[runlim] sample:		48149.46 time, 47920.01 real, 2336 MB, 1.00 load
[runlim] sample:		48159.45 time, 47930.01 real, 2336 MB, 1.23 load
[runlim] sample:		48169.45 time, 47940.01 real, 2339 MB, 1.27 load

NN₁: mnist_relu_3_100_gemm.onnx
NN₂: mnist_relu_3_100_0.79_adam_1_stepsize.onnx
Prop: mnist_93_global_4.vnnlib

NN₁: mnist_relu_3_100_gemm.onnx
NN₂: mnist_relu_3_100_0.79_adam_1_stepsize.onnx
Prop: mnist_93_global_5.vnnlib
[runlim] sample:		48179.38 time, 47950.01 real, 2253 MB, 1.23 load

NN₁: mnist_relu_3_100_gemm.onnx
NN₂: mnist_relu_3_100_0.79_adam_1_stepsize.onnx
Prop: mnist_94_global_4.vnnlib

NN₁: mnist_relu_3_100_gemm.onnx
NN₂: mnist_relu_3_100_0.79_adam_1_stepsize.onnx
Prop: mnist_94_global_5.vnnlib
[runlim] sample:		48189.33 time, 47960.01 real, 2253 MB, 1.19 load
[runlim] sample:		48199.33 time, 47970.01 real, 2253 MB, 1.16 load
[runlim] sample:		48209.33 time, 47980.01 real, 2253 MB, 1.14 load
[runlim] sample:		48219.33 time, 47990.01 real, 2253 MB, 1.12 load
[runlim] sample:		48229.32 time, 48000.01 real, 2253 MB, 1.10 load
[runlim] sample:		48239.32 time, 48010.01 real, 2253 MB, 1.08 load
[runlim] sample:		48249.33 time, 48020.01 real, 2253 MB, 1.07 load
[runlim] sample:		48259.32 time, 48030.01 real, 2253 MB, 1.06 load
[runlim] sample:		48269.32 time, 48040.01 real, 2253 MB, 1.05 load
[runlim] sample:		48279.32 time, 48050.01 real, 2253 MB, 1.04 load
[runlim] sample:		48289.32 time, 48060.01 real, 2253 MB, 1.03 load
[runlim] sample:		48299.32 time, 48070.01 real, 2253 MB, 1.03 load
[runlim] sample:		48309.32 time, 48080.01 real, 2253 MB, 1.02 load
[runlim] sample:		48319.32 time, 48090.01 real, 2255 MB, 1.02 load
[runlim] sample:		48329.32 time, 48100.01 real, 2255 MB, 1.02 load
[runlim] sample:		48339.32 time, 48110.01 real, 2260 MB, 1.01 load
[runlim] sample:		48349.31 time, 48120.01 real, 2260 MB, 1.01 load
[runlim] sample:		48359.31 time, 48130.01 real, 2263 MB, 1.01 load
[runlim] sample:		48369.31 time, 48140.01 real, 2270 MB, 1.01 load
[runlim] sample:		48379.31 time, 48150.01 real, 2270 MB, 1.00 load
[runlim] sample:		48389.31 time, 48160.01 real, 2275 MB, 1.00 load
[runlim] sample:		48399.31 time, 48170.01 real, 2275 MB, 1.00 load
[runlim] sample:		48409.31 time, 48180.01 real, 2281 MB, 1.00 load
[runlim] sample:		48419.30 time, 48190.01 real, 2281 MB, 1.00 load
[runlim] sample:		48429.31 time, 48200.01 real, 2289 MB, 1.00 load
[runlim] sample:		48439.31 time, 48210.01 real, 2289 MB, 1.00 load
[runlim] sample:		48449.31 time, 48220.01 real, 2298 MB, 1.00 load
[runlim] sample:		48459.31 time, 48230.01 real, 2298 MB, 1.00 load
[runlim] sample:		48469.30 time, 48240.01 real, 2301 MB, 1.00 load
[runlim] sample:		48479.30 time, 48250.01 real, 2301 MB, 1.00 load
[runlim] sample:		48489.30 time, 48260.01 real, 2310 MB, 1.00 load
[runlim] sample:		48499.30 time, 48270.01 real, 2310 MB, 1.00 load
[runlim] sample:		48509.30 time, 48280.01 real, 2319 MB, 1.00 load
[runlim] sample:		48519.30 time, 48290.01 real, 2319 MB, 1.00 load
[runlim] sample:		48529.30 time, 48300.01 real, 2326 MB, 1.00 load
[runlim] sample:		48539.29 time, 48310.01 real, 2326 MB, 1.00 load
[runlim] sample:		48549.29 time, 48320.01 real, 2333 MB, 1.00 load
[runlim] sample:		48559.29 time, 48330.01 real, 2333 MB, 1.00 load
[runlim] sample:		48569.29 time, 48340.01 real, 2339 MB, 1.00 load
[runlim] sample:		48579.29 time, 48350.01 real, 2339 MB, 1.00 load
[runlim] sample:		48589.29 time, 48360.01 real, 2348 MB, 1.00 load
[runlim] sample:		48599.29 time, 48370.01 real, 2348 MB, 1.00 load
[runlim] sample:		48609.28 time, 48380.01 real, 2348 MB, 1.00 load
[runlim] sample:		48619.29 time, 48390.01 real, 2356 MB, 1.00 load
[runlim] sample:		48629.28 time, 48400.01 real, 2356 MB, 1.00 load
[runlim] sample:		48639.29 time, 48410.01 real, 2366 MB, 1.00 load
[runlim] sample:		48649.28 time, 48420.01 real, 2366 MB, 1.00 load
[runlim] sample:		48659.28 time, 48430.01 real, 2366 MB, 1.15 load
[runlim] sample:		48669.28 time, 48440.01 real, 2377 MB, 1.28 load
[runlim] sample:		48679.28 time, 48450.01 real, 2377 MB, 1.24 load
[runlim] sample:		48689.28 time, 48460.01 real, 2385 MB, 1.20 load
[runlim] sample:		48699.28 time, 48470.01 real, 2405 MB, 1.17 load
[runlim] sample:		48709.28 time, 48480.01 real, 2405 MB, 1.14 load
[runlim] sample:		48719.28 time, 48490.01 real, 2409 MB, 1.12 load
[runlim] sample:		48729.28 time, 48500.01 real, 2409 MB, 1.10 load
[runlim] sample:		48739.28 time, 48510.01 real, 2409 MB, 1.09 load
[runlim] sample:		48749.27 time, 48520.01 real, 2423 MB, 1.07 load
[runlim] sample:		48759.27 time, 48530.01 real, 2423 MB, 1.06 load
[runlim] sample:		48769.27 time, 48540.01 real, 2429 MB, 1.05 load
[runlim] sample:		48779.28 time, 48550.01 real, 2429 MB, 1.04 load

NN₁: mnist_relu_3_100_gemm.onnx
NN₂: mnist_relu_3_100_0.79_adam_1_stepsize.onnx
Prop: mnist_95_global_4.vnnlib

NN₁: mnist_relu_3_100_gemm.onnx
NN₂: mnist_relu_3_100_0.79_adam_1_stepsize.onnx
Prop: mnist_95_global_5.vnnlib

NN₁: mnist_relu_3_100_gemm.onnx
NN₂: mnist_relu_3_100_0.79_adam_1_stepsize.onnx
Prop: mnist_96_global_4.vnnlib
[runlim] sample:		48789.17 time, 48560.01 real, 2253 MB, 1.04 load
[runlim] sample:		48799.16 time, 48570.01 real, 2253 MB, 1.03 load
[runlim] sample:		48809.16 time, 48580.01 real, 2253 MB, 1.02 load
[runlim] sample:		48819.16 time, 48590.01 real, 2253 MB, 1.02 load
[runlim] sample:		48829.16 time, 48600.01 real, 2253 MB, 1.02 load
[runlim] sample:		48839.16 time, 48610.01 real, 2253 MB, 1.01 load
[runlim] sample:		48849.16 time, 48620.01 real, 2253 MB, 1.01 load
[runlim] sample:		48859.16 time, 48630.01 real, 2253 MB, 1.01 load
[runlim] sample:		48869.15 time, 48640.01 real, 2253 MB, 1.01 load
[runlim] sample:		48879.15 time, 48650.01 real, 2253 MB, 1.01 load
[runlim] sample:		48889.16 time, 48660.01 real, 2253 MB, 1.00 load
[runlim] sample:		48899.15 time, 48670.01 real, 2253 MB, 1.00 load
[runlim] sample:		48909.16 time, 48680.01 real, 2253 MB, 1.00 load
[runlim] sample:		48919.16 time, 48690.01 real, 2253 MB, 1.00 load
[runlim] sample:		48929.15 time, 48700.01 real, 2253 MB, 1.00 load
[runlim] sample:		48939.15 time, 48710.01 real, 2253 MB, 1.00 load
[runlim] sample:		48949.15 time, 48720.01 real, 2253 MB, 1.00 load
[runlim] sample:		48959.24 time, 48730.01 real, 2253 MB, 1.00 load
[runlim] sample:		48969.26 time, 48740.01 real, 2253 MB, 1.00 load
[runlim] sample:		48979.35 time, 48750.01 real, 2253 MB, 1.00 load
[runlim] sample:		48989.35 time, 48760.01 real, 2253 MB, 1.00 load
[runlim] sample:		48999.34 time, 48770.01 real, 2253 MB, 1.00 load
[runlim] sample:		49009.34 time, 48780.01 real, 2253 MB, 1.00 load
[runlim] sample:		49019.35 time, 48790.01 real, 2253 MB, 1.00 load
[runlim] sample:		49029.34 time, 48800.01 real, 2253 MB, 1.07 load
[runlim] sample:		49039.35 time, 48810.01 real, 2253 MB, 1.06 load
[runlim] sample:		49049.34 time, 48820.01 real, 2253 MB, 1.05 load
[runlim] sample:		49059.34 time, 48830.01 real, 2253 MB, 1.04 load
[runlim] sample:		49069.34 time, 48840.01 real, 2253 MB, 1.04 load
[runlim] sample:		49079.34 time, 48850.01 real, 2254 MB, 1.03 load
[runlim] sample:		49089.34 time, 48860.01 real, 2254 MB, 1.02 load
[runlim] sample:		49099.34 time, 48870.01 real, 2254 MB, 1.02 load
[runlim] sample:		49109.33 time, 48880.01 real, 2255 MB, 1.02 load
[runlim] sample:		49119.33 time, 48890.01 real, 2255 MB, 1.01 load
[runlim] sample:		49129.37 time, 48900.01 real, 2255 MB, 1.01 load
[runlim] sample:		49139.37 time, 48910.01 real, 2256 MB, 1.01 load
[runlim] sample:		49149.37 time, 48920.01 real, 2258 MB, 1.01 load
[runlim] sample:		49159.37 time, 48930.01 real, 2258 MB, 1.16 load
[runlim] sample:		49169.36 time, 48940.01 real, 2259 MB, 1.21 load
[runlim] sample:		49179.36 time, 48950.01 real, 2261 MB, 1.18 load
[runlim] sample:		49189.36 time, 48960.01 real, 2261 MB, 1.15 load
[runlim] sample:		49199.37 time, 48970.01 real, 2262 MB, 1.12 load
[runlim] sample:		49209.37 time, 48980.02 real, 2262 MB, 1.11 load
[runlim] sample:		49219.39 time, 48990.01 real, 2264 MB, 1.09 load
[runlim] sample:		49229.39 time, 49000.01 real, 2266 MB, 1.07 load
[runlim] sample:		49239.39 time, 49010.01 real, 2266 MB, 1.06 load
[runlim] sample:		49249.38 time, 49020.01 real, 2269 MB, 1.05 load
[runlim] sample:		49259.53 time, 49030.01 real, 2271 MB, 1.04 load
[runlim] sample:		49269.54 time, 49040.01 real, 2271 MB, 1.04 load
[runlim] sample:		49279.53 time, 49050.01 real, 2280 MB, 1.03 load
[runlim] sample:		49289.55 time, 49060.02 real, 2280 MB, 1.03 load
[runlim] sample:		49299.55 time, 49070.01 real, 2281 MB, 1.02 load
[runlim] sample:		49309.54 time, 49080.01 real, 2281 MB, 1.02 load
[runlim] sample:		49319.55 time, 49090.01 real, 2281 MB, 1.01 load
[runlim] sample:		49329.54 time, 49100.01 real, 2281 MB, 1.01 load
[runlim] sample:		49339.54 time, 49110.01 real, 2281 MB, 1.01 load
[runlim] sample:		49349.58 time, 49120.01 real, 2281 MB, 1.01 load
[runlim] sample:		49359.65 time, 49130.01 real, 2281 MB, 1.01 load
[runlim] sample:		49369.64 time, 49140.01 real, 2281 MB, 1.00 load
[runlim] sample:		49379.64 time, 49150.01 real, 2281 MB, 1.00 load
[runlim] sample:		49389.62 time, 49160.01 real, 2254 MB, 1.00 load

NN₁: mnist_relu_3_100_gemm.onnx
NN₂: mnist_relu_3_100_0.79_adam_1_stepsize.onnx
Prop: mnist_96_global_5.vnnlib
[runlim] sample:		49399.59 time, 49170.01 real, 2253 MB, 1.00 load
[runlim] sample:		49409.59 time, 49180.01 real, 2253 MB, 1.00 load
[runlim] sample:		49419.59 time, 49190.01 real, 2253 MB, 1.00 load
[runlim] sample:		49429.59 time, 49200.01 real, 2253 MB, 1.00 load
[runlim] sample:		49439.59 time, 49210.01 real, 2253 MB, 1.00 load
[runlim] sample:		49449.58 time, 49220.01 real, 2253 MB, 1.00 load
[runlim] sample:		49459.58 time, 49230.01 real, 2253 MB, 1.00 load
[runlim] sample:		49469.58 time, 49240.01 real, 2253 MB, 1.00 load
[runlim] sample:		49479.58 time, 49250.01 real, 2254 MB, 1.00 load
[runlim] sample:		49489.59 time, 49260.01 real, 2254 MB, 1.00 load
[runlim] sample:		49499.59 time, 49270.01 real, 2254 MB, 1.00 load
[runlim] sample:		49509.58 time, 49280.01 real, 2254 MB, 1.00 load
[runlim] sample:		49519.58 time, 49290.01 real, 2259 MB, 1.00 load
[runlim] sample:		49529.58 time, 49300.01 real, 2259 MB, 1.00 load
[runlim] sample:		49539.58 time, 49310.01 real, 2261 MB, 1.00 load
[runlim] sample:		49549.58 time, 49320.01 real, 2261 MB, 1.00 load
[runlim] sample:		49559.57 time, 49330.01 real, 2264 MB, 1.00 load
[runlim] sample:		49569.58 time, 49340.01 real, 2264 MB, 1.00 load
[runlim] sample:		49579.57 time, 49350.01 real, 2264 MB, 1.00 load
[runlim] sample:		49589.57 time, 49360.01 real, 2267 MB, 1.08 load
[runlim] sample:		49599.57 time, 49370.01 real, 2267 MB, 1.07 load
[runlim] sample:		49609.57 time, 49380.01 real, 2269 MB, 1.06 load
[runlim] sample:		49619.57 time, 49390.02 real, 2269 MB, 1.05 load
[runlim] sample:		49629.57 time, 49400.01 real, 2272 MB, 1.04 load
[runlim] sample:		49639.57 time, 49410.01 real, 2272 MB, 1.03 load
[runlim] sample:		49649.56 time, 49420.01 real, 2277 MB, 1.03 load
[runlim] sample:		49659.57 time, 49430.01 real, 2277 MB, 1.18 load
[runlim] sample:		49669.57 time, 49440.01 real, 2279 MB, 1.22 load
[runlim] sample:		49679.56 time, 49450.01 real, 2279 MB, 1.19 load
[runlim] sample:		49689.56 time, 49460.01 real, 2279 MB, 1.16 load
[runlim] sample:		49699.57 time, 49470.01 real, 2280 MB, 1.13 load
[runlim] sample:		49709.56 time, 49480.01 real, 2280 MB, 1.11 load
[runlim] sample:		49719.56 time, 49490.01 real, 2285 MB, 1.10 load
[runlim] sample:		49729.56 time, 49500.01 real, 2285 MB, 1.08 load
[runlim] sample:		49739.56 time, 49510.01 real, 2287 MB, 1.07 load
[runlim] sample:		49749.56 time, 49520.01 real, 2287 MB, 1.06 load
[runlim] sample:		49759.56 time, 49530.01 real, 2287 MB, 1.05 load
[runlim] sample:		49769.56 time, 49540.01 real, 2295 MB, 1.04 load
[runlim] sample:		49779.56 time, 49550.01 real, 2295 MB, 1.03 load
[runlim] sample:		49789.55 time, 49560.01 real, 2297 MB, 1.03 load
[runlim] sample:		49799.55 time, 49570.01 real, 2297 MB, 1.02 load
[runlim] sample:		49809.55 time, 49580.01 real, 2297 MB, 1.02 load
[runlim] sample:		49819.55 time, 49590.01 real, 2302 MB, 1.02 load
[runlim] sample:		49829.55 time, 49600.01 real, 2302 MB, 1.01 load
[runlim] sample:		49839.55 time, 49610.01 real, 2308 MB, 1.01 load
[runlim] sample:		49849.55 time, 49620.01 real, 2308 MB, 1.01 load
[runlim] sample:		49859.55 time, 49630.01 real, 2308 MB, 1.01 load
[runlim] sample:		49869.54 time, 49640.01 real, 2312 MB, 1.00 load
[runlim] sample:		49879.54 time, 49650.01 real, 2312 MB, 1.00 load
[runlim] sample:		49889.55 time, 49660.01 real, 2318 MB, 1.00 load
[runlim] sample:		49899.54 time, 49670.01 real, 2318 MB, 1.00 load
[runlim] sample:		49909.54 time, 49680.01 real, 2318 MB, 1.00 load
[runlim] sample:		49919.54 time, 49690.01 real, 2322 MB, 1.00 load
[runlim] sample:		49929.54 time, 49700.01 real, 2322 MB, 1.00 load
[runlim] sample:		49939.53 time, 49710.01 real, 2322 MB, 1.00 load
[runlim] sample:		49949.54 time, 49720.01 real, 2325 MB, 1.00 load
[runlim] sample:		49959.54 time, 49730.01 real, 2325 MB, 1.00 load
[runlim] sample:		49969.53 time, 49740.01 real, 2325 MB, 1.00 load
[runlim] sample:		49979.53 time, 49750.01 real, 2331 MB, 1.00 load
[runlim] sample:		49989.53 time, 49760.01 real, 2331 MB, 1.00 load

NN₁: mnist_relu_3_100_gemm.onnx
NN₂: mnist_relu_3_100_0.79_adam_1_stepsize.onnx
Prop: mnist_97_global_4.vnnlib

NN₁: mnist_relu_3_100_gemm.onnx
NN₂: mnist_relu_3_100_0.79_adam_1_stepsize.onnx
Prop: mnist_97_global_5.vnnlib
[runlim] sample:		49999.43 time, 49770.01 real, 2253 MB, 1.00 load
[runlim] sample:		50009.43 time, 49780.01 real, 2253 MB, 1.00 load
[runlim] sample:		50019.43 time, 49790.01 real, 2253 MB, 1.00 load
[runlim] sample:		50029.42 time, 49800.01 real, 2253 MB, 1.00 load
[runlim] sample:		50039.43 time, 49810.01 real, 2253 MB, 1.00 load
[runlim] sample:		50049.43 time, 49820.01 real, 2253 MB, 1.00 load
[runlim] sample:		50059.43 time, 49830.01 real, 2253 MB, 1.00 load
[runlim] sample:		50069.43 time, 49840.01 real, 2253 MB, 1.00 load
[runlim] sample:		50079.42 time, 49850.01 real, 2253 MB, 1.00 load
[runlim] sample:		50089.42 time, 49860.01 real, 2253 MB, 1.00 load
[runlim] sample:		50099.42 time, 49870.01 real, 2254 MB, 1.00 load
[runlim] sample:		50109.42 time, 49880.01 real, 2254 MB, 1.00 load
[runlim] sample:		50119.42 time, 49890.01 real, 2259 MB, 1.00 load
[runlim] sample:		50129.42 time, 49900.01 real, 2259 MB, 1.00 load
[runlim] sample:		50139.41 time, 49910.01 real, 2262 MB, 1.00 load
[runlim] sample:		50149.41 time, 49920.01 real, 2262 MB, 1.00 load
[runlim] sample:		50159.42 time, 49930.01 real, 2265 MB, 1.15 load
[runlim] sample:		50169.42 time, 49940.01 real, 2265 MB, 1.20 load
[runlim] sample:		50179.42 time, 49950.01 real, 2269 MB, 1.17 load
[runlim] sample:		50189.41 time, 49960.01 real, 2269 MB, 1.15 load
[runlim] sample:		50199.41 time, 49970.01 real, 2271 MB, 1.12 load
[runlim] sample:		50209.41 time, 49980.01 real, 2271 MB, 1.10 load
[runlim] sample:		50219.41 time, 49990.01 real, 2278 MB, 1.09 load
[runlim] sample:		50229.41 time, 50000.01 real, 2278 MB, 1.07 load
[runlim] sample:		50239.41 time, 50010.01 real, 2280 MB, 1.06 load
[runlim] sample:		50249.41 time, 50020.01 real, 2280 MB, 1.05 load
[runlim] sample:		50259.41 time, 50030.01 real, 2284 MB, 1.04 load
[runlim] sample:		50269.41 time, 50040.01 real, 2284 MB, 1.04 load
[runlim] sample:		50279.41 time, 50050.01 real, 2284 MB, 1.03 load
[runlim] sample:		50289.41 time, 50060.01 real, 2290 MB, 1.02 load
[runlim] sample:		50299.40 time, 50070.01 real, 2290 MB, 1.02 load
[runlim] sample:		50309.40 time, 50080.01 real, 2293 MB, 1.02 load
[runlim] sample:		50319.40 time, 50090.01 real, 2293 MB, 1.01 load
[runlim] sample:		50329.40 time, 50100.01 real, 2300 MB, 1.01 load
[runlim] sample:		50339.39 time, 50110.01 real, 2300 MB, 1.01 load
[runlim] sample:		50349.40 time, 50120.01 real, 2306 MB, 1.01 load
[runlim] sample:		50359.39 time, 50130.01 real, 2306 MB, 1.01 load
[runlim] sample:		50369.39 time, 50140.01 real, 2306 MB, 1.00 load
[runlim] sample:		50379.39 time, 50150.01 real, 2311 MB, 1.00 load
[runlim] sample:		50389.39 time, 50160.01 real, 2311 MB, 1.00 load
[runlim] sample:		50399.39 time, 50170.01 real, 2316 MB, 1.00 load
[runlim] sample:		50409.39 time, 50180.01 real, 2316 MB, 1.00 load
[runlim] sample:		50419.39 time, 50190.01 real, 2316 MB, 1.00 load
[runlim] sample:		50429.39 time, 50200.01 real, 2322 MB, 1.00 load
[runlim] sample:		50439.39 time, 50210.01 real, 2322 MB, 1.00 load
[runlim] sample:		50449.38 time, 50220.01 real, 2327 MB, 1.00 load
[runlim] sample:		50459.38 time, 50230.01 real, 2327 MB, 1.00 load
[runlim] sample:		50469.39 time, 50240.01 real, 2327 MB, 1.00 load
[runlim] sample:		50479.38 time, 50250.01 real, 2336 MB, 1.00 load
[runlim] sample:		50489.38 time, 50260.01 real, 2336 MB, 1.00 load
[runlim] sample:		50499.38 time, 50270.01 real, 2336 MB, 1.00 load
[runlim] sample:		50509.38 time, 50280.01 real, 2343 MB, 1.00 load
[runlim] sample:		50519.38 time, 50290.01 real, 2343 MB, 1.00 load
[runlim] sample:		50529.38 time, 50300.01 real, 2343 MB, 1.00 load
[runlim] sample:		50539.38 time, 50310.01 real, 2349 MB, 1.00 load
[runlim] sample:		50549.38 time, 50320.01 real, 2349 MB, 1.00 load
[runlim] sample:		50559.37 time, 50330.01 real, 2349 MB, 1.00 load
[runlim] sample:		50569.37 time, 50340.01 real, 2356 MB, 1.00 load
[runlim] sample:		50579.37 time, 50350.01 real, 2356 MB, 1.00 load
[runlim] sample:		50589.37 time, 50360.01 real, 2356 MB, 1.00 load

NN₁: mnist_relu_3_100_gemm.onnx
NN₂: mnist_relu_3_100_0.79_adam_1_stepsize.onnx
Prop: mnist_98_global_4.vnnlib

NN₁: mnist_relu_3_100_gemm.onnx
NN₂: mnist_relu_3_100_0.79_adam_1_stepsize.onnx
Prop: mnist_98_global_5.vnnlib
[runlim] sample:		50599.29 time, 50370.01 real, 2253 MB, 1.00 load
[runlim] sample:		50609.29 time, 50380.01 real, 2253 MB, 1.00 load
[runlim] sample:		50619.29 time, 50390.01 real, 2253 MB, 1.00 load
[runlim] sample:		50629.29 time, 50400.01 real, 2253 MB, 1.00 load
[runlim] sample:		50639.28 time, 50410.01 real, 2253 MB, 1.07 load
[runlim] sample:		50649.28 time, 50420.01 real, 2253 MB, 1.06 load
[runlim] sample:		50659.28 time, 50430.01 real, 2253 MB, 1.21 load
[runlim] sample:		50669.28 time, 50440.01 real, 2253 MB, 1.25 load
[runlim] sample:		50679.28 time, 50450.01 real, 2253 MB, 1.21 load
[runlim] sample:		50689.27 time, 50460.01 real, 2253 MB, 1.18 load
[runlim] sample:		50699.27 time, 50470.01 real, 2253 MB, 1.15 load
[runlim] sample:		50709.27 time, 50480.01 real, 2256 MB, 1.13 load
[runlim] sample:		50719.27 time, 50490.01 real, 2256 MB, 1.11 load
[runlim] sample:		50729.26 time, 50500.01 real, 2260 MB, 1.09 load
[runlim] sample:		50739.26 time, 50510.01 real, 2260 MB, 1.08 load
[runlim] sample:		50749.26 time, 50520.01 real, 2261 MB, 1.06 load
[runlim] sample:		50759.26 time, 50530.01 real, 2261 MB, 1.05 load
[runlim] sample:		50769.25 time, 50540.01 real, 2266 MB, 1.04 load
[runlim] sample:		50779.25 time, 50550.01 real, 2266 MB, 1.04 load
[runlim] sample:		50789.25 time, 50560.01 real, 2270 MB, 1.03 load
[runlim] sample:		50799.24 time, 50570.01 real, 2270 MB, 1.03 load
[runlim] sample:		50809.24 time, 50580.01 real, 2273 MB, 1.02 load
[runlim] sample:		50819.24 time, 50590.01 real, 2273 MB, 1.02 load
[runlim] sample:		50829.23 time, 50600.01 real, 2277 MB, 1.01 load
[runlim] sample:		50839.24 time, 50610.01 real, 2277 MB, 1.01 load
[runlim] sample:		50849.23 time, 50620.01 real, 2280 MB, 1.01 load
[runlim] sample:		50859.23 time, 50630.01 real, 2280 MB, 1.01 load
[runlim] sample:		50869.22 time, 50640.01 real, 2284 MB, 1.01 load
[runlim] sample:		50879.22 time, 50650.01 real, 2284 MB, 1.00 load
[runlim] sample:		50889.22 time, 50660.01 real, 2288 MB, 1.00 load
[runlim] sample:		50899.22 time, 50670.01 real, 2288 MB, 1.00 load
[runlim] sample:		50909.22 time, 50680.01 real, 2288 MB, 1.00 load
[runlim] sample:		50919.22 time, 50690.01 real, 2292 MB, 1.00 load
[runlim] sample:		50929.22 time, 50700.01 real, 2292 MB, 1.00 load
[runlim] sample:		50939.23 time, 50710.01 real, 2297 MB, 1.00 load
[runlim] sample:		50949.23 time, 50720.01 real, 2297 MB, 1.00 load
[runlim] sample:		50959.22 time, 50730.01 real, 2303 MB, 1.00 load
[runlim] sample:		50969.22 time, 50740.01 real, 2303 MB, 1.00 load
[runlim] sample:		50979.22 time, 50750.01 real, 2303 MB, 1.00 load
[runlim] sample:		50989.22 time, 50760.01 real, 2309 MB, 1.00 load
[runlim] sample:		50999.21 time, 50770.01 real, 2309 MB, 1.00 load
[runlim] sample:		51009.21 time, 50780.01 real, 2313 MB, 1.08 load
[runlim] sample:		51019.22 time, 50790.01 real, 2313 MB, 1.07 load
[runlim] sample:		51029.22 time, 50800.01 real, 2313 MB, 1.06 load
[runlim] sample:		51039.21 time, 50810.01 real, 2319 MB, 1.05 load
[runlim] sample:		51049.21 time, 50820.01 real, 2319 MB, 1.04 load
[runlim] sample:		51059.21 time, 50830.01 real, 2324 MB, 1.03 load
[runlim] sample:		51069.21 time, 50840.01 real, 2324 MB, 1.03 load
[runlim] sample:		51079.20 time, 50850.01 real, 2324 MB, 1.02 load
[runlim] sample:		51089.21 time, 50860.01 real, 2331 MB, 1.02 load
[runlim] sample:		51099.21 time, 50870.01 real, 2331 MB, 1.02 load
[runlim] sample:		51109.21 time, 50880.01 real, 2337 MB, 1.01 load
[runlim] sample:		51119.20 time, 50890.01 real, 2337 MB, 1.01 load
[runlim] sample:		51129.20 time, 50900.01 real, 2337 MB, 1.01 load
[runlim] sample:		51139.20 time, 50910.01 real, 2342 MB, 1.01 load
[runlim] sample:		51149.20 time, 50920.01 real, 2342 MB, 1.00 load
[runlim] sample:		51159.20 time, 50930.01 real, 2342 MB, 1.16 load
[runlim] sample:		51169.20 time, 50940.01 real, 2347 MB, 1.29 load
[runlim] sample:		51179.20 time, 50950.01 real, 2347 MB, 1.24 load
[runlim] sample:		51189.20 time, 50960.01 real, 2347 MB, 1.21 load

NN₁: mnist_relu_3_100_gemm.onnx
NN₂: mnist_relu_3_100_0.79_adam_1_stepsize.onnx
Prop: mnist_99_global_4.vnnlib

NN₁: mnist_relu_3_100_gemm.onnx
NN₂: mnist_relu_3_100_0.79_adam_1_stepsize.onnx
Prop: mnist_99_global_5.vnnlib
Configuration: AP-VeryDiff-RS-CSB-RSB-RDB

Warmup...

NN₁: mnist_relu_2_512_gemm.onnx
NN₂: mnist_relu_2_512_0.79.onnx
Prop: mnist_0_global_3.vnnlib
[runlim] sample:		51199.10 time, 50970.01 real, 2253 MB, 1.17 load
[runlim] sample:		51209.10 time, 50980.01 real, 2253 MB, 1.15 load
[runlim] sample:		51219.09 time, 50990.01 real, 2253 MB, 1.12 load
[runlim] sample:		51229.10 time, 51000.01 real, 2253 MB, 1.10 load
[runlim] sample:		51239.09 time, 51010.01 real, 2253 MB, 1.09 load
[runlim] sample:		51249.09 time, 51020.01 real, 2253 MB, 1.07 load
[runlim] sample:		51259.09 time, 51030.01 real, 2253 MB, 1.06 load
[runlim] sample:		51269.08 time, 51040.01 real, 2253 MB, 1.05 load
[runlim] sample:		51279.08 time, 51050.01 real, 2253 MB, 1.04 load
[runlim] sample:		51289.08 time, 51060.01 real, 2253 MB, 1.04 load
[runlim] sample:		51299.09 time, 51070.01 real, 2253 MB, 1.03 load
[runlim] sample:		51309.09 time, 51080.01 real, 2253 MB, 1.02 load
[runlim] sample:		51319.09 time, 51090.01 real, 2253 MB, 1.02 load

Warmup End

NN₁: mnist_relu_3_100_gemm.onnx
NN₂: mnist_relu_3_100_0.79_adam_1_stepsize.onnx
Prop: mnist_0_global_4.vnnlib

NN₁: mnist_relu_3_100_gemm.onnx
NN₂: mnist_relu_3_100_0.79_adam_1_stepsize.onnx
Prop: mnist_0_global_5.vnnlib
[runlim] sample:		51329.05 time, 51100.01 real, 2253 MB, 1.02 load
[runlim] sample:		51339.04 time, 51110.01 real, 2253 MB, 1.01 load
[runlim] sample:		51349.04 time, 51120.01 real, 2253 MB, 1.01 load
[runlim] sample:		51359.04 time, 51130.01 real, 2253 MB, 1.01 load
[runlim] sample:		51369.04 time, 51140.01 real, 2253 MB, 1.01 load
[runlim] sample:		51379.04 time, 51150.01 real, 2253 MB, 1.01 load
[runlim] sample:		51389.04 time, 51160.01 real, 2253 MB, 1.00 load
[runlim] sample:		51399.04 time, 51170.01 real, 2253 MB, 1.00 load
[runlim] sample:		51409.03 time, 51180.01 real, 2253 MB, 1.00 load
[runlim] sample:		51419.04 time, 51190.01 real, 2253 MB, 1.00 load
[runlim] sample:		51429.03 time, 51200.01 real, 2253 MB, 1.00 load
[runlim] sample:		51439.04 time, 51210.01 real, 2253 MB, 1.00 load
[runlim] sample:		51449.04 time, 51220.01 real, 2253 MB, 1.00 load
[runlim] sample:		51459.03 time, 51230.02 real, 2253 MB, 1.00 load
[runlim] sample:		51469.03 time, 51240.01 real, 2253 MB, 1.00 load
[runlim] sample:		51479.03 time, 51250.01 real, 2253 MB, 1.00 load
[runlim] sample:		51489.03 time, 51260.01 real, 2253 MB, 1.00 load
[runlim] sample:		51499.03 time, 51270.01 real, 2253 MB, 1.07 load
[runlim] sample:		51509.02 time, 51280.01 real, 2254 MB, 1.06 load
[runlim] sample:		51519.03 time, 51290.01 real, 2256 MB, 1.05 load
[runlim] sample:		51529.03 time, 51300.01 real, 2259 MB, 1.04 load
[runlim] sample:		51539.02 time, 51310.01 real, 2262 MB, 1.04 load
[runlim] sample:		51549.03 time, 51320.01 real, 2265 MB, 1.03 load
[runlim] sample:		51559.02 time, 51330.01 real, 2269 MB, 1.02 load
[runlim] sample:		51569.02 time, 51340.01 real, 2270 MB, 1.02 load
[runlim] sample:		51579.02 time, 51350.01 real, 2273 MB, 1.02 load
[runlim] sample:		51589.02 time, 51360.01 real, 2277 MB, 1.01 load
[runlim] sample:		51599.02 time, 51370.01 real, 2280 MB, 1.01 load
[runlim] sample:		51609.02 time, 51380.01 real, 2281 MB, 1.01 load
[runlim] sample:		51619.02 time, 51390.01 real, 2284 MB, 1.01 load
[runlim] sample:		51629.01 time, 51400.01 real, 2286 MB, 1.08 load
[runlim] sample:		51639.02 time, 51410.02 real, 2289 MB, 1.07 load
[runlim] sample:		51649.01 time, 51420.01 real, 2292 MB, 1.13 load
[runlim] sample:		51659.02 time, 51430.01 real, 2296 MB, 1.26 load
[runlim] sample:		51669.01 time, 51440.01 real, 2297 MB, 1.45 load
[runlim] sample:		51679.01 time, 51450.01 real, 2300 MB, 1.38 load
[runlim] sample:		51689.01 time, 51460.01 real, 2303 MB, 1.40 load
[runlim] sample:		51699.01 time, 51470.01 real, 2307 MB, 1.34 load
[runlim] sample:		51709.01 time, 51480.01 real, 2308 MB, 1.29 load
[runlim] sample:		51719.01 time, 51490.01 real, 2311 MB, 1.24 load
[runlim] sample:		51729.01 time, 51500.01 real, 2314 MB, 1.21 load
[runlim] sample:		51739.00 time, 51510.01 real, 2316 MB, 1.17 load
[runlim] sample:		51749.01 time, 51520.01 real, 2319 MB, 1.15 load
[runlim] sample:		51759.00 time, 51530.01 real, 2322 MB, 1.12 load
[runlim] sample:		51769.01 time, 51540.01 real, 2324 MB, 1.10 load
[runlim] sample:		51779.00 time, 51550.01 real, 2328 MB, 1.09 load
[runlim] sample:		51789.00 time, 51560.01 real, 2330 MB, 1.07 load
[runlim] sample:		51799.00 time, 51570.01 real, 2333 MB, 1.06 load
[runlim] sample:		51809.00 time, 51580.01 real, 2338 MB, 1.05 load
[runlim] sample:		51819.00 time, 51590.01 real, 2338 MB, 1.04 load
[runlim] sample:		51828.99 time, 51600.01 real, 2343 MB, 1.04 load
[runlim] sample:		51839.00 time, 51610.01 real, 2344 MB, 1.03 load
[runlim] sample:		51848.99 time, 51620.01 real, 2349 MB, 1.02 load
[runlim] sample:		51858.99 time, 51630.01 real, 2349 MB, 1.02 load
[runlim] sample:		51868.99 time, 51640.01 real, 2352 MB, 1.02 load
[runlim] sample:		51878.99 time, 51650.01 real, 2372 MB, 1.01 load
[runlim] sample:		51888.99 time, 51660.01 real, 2372 MB, 1.01 load
[runlim] sample:		51898.99 time, 51670.01 real, 2374 MB, 1.01 load
[runlim] sample:		51908.99 time, 51680.01 real, 2377 MB, 1.01 load
[runlim] sample:		51918.99 time, 51690.01 real, 2380 MB, 1.01 load

NN₁: mnist_relu_3_100_gemm.onnx
NN₂: mnist_relu_3_100_0.79_adam_1_stepsize.onnx
Prop: mnist_1_global_4.vnnlib

NN₁: mnist_relu_3_100_gemm.onnx
NN₂: mnist_relu_3_100_0.79_adam_1_stepsize.onnx
Prop: mnist_1_global_5.vnnlib
[runlim] sample:		51928.95 time, 51700.01 real, 2267 MB, 1.00 load
[runlim] sample:		51938.95 time, 51710.01 real, 2267 MB, 1.00 load
[runlim] sample:		51948.94 time, 51720.01 real, 2267 MB, 1.00 load
[runlim] sample:		51958.95 time, 51730.01 real, 2267 MB, 1.00 load
[runlim] sample:		51968.94 time, 51740.01 real, 2267 MB, 1.00 load
[runlim] sample:		51978.94 time, 51750.01 real, 2267 MB, 1.00 load
[runlim] sample:		51988.94 time, 51760.01 real, 2267 MB, 1.00 load
[runlim] sample:		51998.94 time, 51770.01 real, 2267 MB, 1.00 load
[runlim] sample:		52008.94 time, 51780.01 real, 2267 MB, 1.00 load
[runlim] sample:		52018.94 time, 51790.01 real, 2267 MB, 1.00 load
[runlim] sample:		52028.94 time, 51800.01 real, 2267 MB, 1.00 load
[runlim] sample:		52038.94 time, 51810.01 real, 2267 MB, 1.00 load
[runlim] sample:		52048.94 time, 51820.01 real, 2267 MB, 1.00 load
[runlim] sample:		52058.93 time, 51830.01 real, 2267 MB, 1.16 load
[runlim] sample:		52068.94 time, 51840.01 real, 2267 MB, 1.13 load
[runlim] sample:		52078.93 time, 51850.01 real, 2267 MB, 1.11 load
[runlim] sample:		52088.94 time, 51860.01 real, 2268 MB, 1.10 load
[runlim] sample:		52098.93 time, 51870.01 real, 2272 MB, 1.08 load
[runlim] sample:		52108.93 time, 51880.01 real, 2275 MB, 1.07 load
[runlim] sample:		52118.93 time, 51890.02 real, 2276 MB, 1.06 load
[runlim] sample:		52128.92 time, 51900.01 real, 2279 MB, 1.05 load
[runlim] sample:		52138.93 time, 51910.01 real, 2283 MB, 1.04 load
[runlim] sample:		52148.92 time, 51920.01 real, 2285 MB, 1.03 load
[runlim] sample:		52158.93 time, 51930.01 real, 2288 MB, 1.18 load
[runlim] sample:		52168.92 time, 51940.01 real, 2292 MB, 1.23 load
[runlim] sample:		52178.93 time, 51950.01 real, 2296 MB, 1.19 load
[runlim] sample:		52188.93 time, 51960.01 real, 2297 MB, 1.16 load
[runlim] sample:		52198.92 time, 51970.01 real, 2302 MB, 1.14 load
[runlim] sample:		52208.93 time, 51980.01 real, 2303 MB, 1.12 load
[runlim] sample:		52218.92 time, 51990.01 real, 2306 MB, 1.10 load
[runlim] sample:		52228.92 time, 52000.01 real, 2310 MB, 1.08 load
[runlim] sample:		52238.92 time, 52010.01 real, 2312 MB, 1.07 load
[runlim] sample:		52248.92 time, 52020.01 real, 2315 MB, 1.06 load
[runlim] sample:		52258.91 time, 52030.01 real, 2319 MB, 1.05 load
[runlim] sample:		52268.92 time, 52040.01 real, 2321 MB, 1.04 load
[runlim] sample:		52278.91 time, 52050.01 real, 2324 MB, 1.03 load
[runlim] sample:		52288.91 time, 52060.01 real, 2327 MB, 1.03 load
[runlim] sample:		52298.92 time, 52070.01 real, 2330 MB, 1.02 load
[runlim] sample:		52308.91 time, 52080.01 real, 2333 MB, 1.02 load
[runlim] sample:		52318.91 time, 52090.01 real, 2336 MB, 1.02 load
[runlim] sample:		52328.91 time, 52100.01 real, 2340 MB, 1.01 load
[runlim] sample:		52338.90 time, 52110.01 real, 2342 MB, 1.01 load
[runlim] sample:		52348.91 time, 52120.01 real, 2345 MB, 1.01 load
[runlim] sample:		52358.91 time, 52130.01 real, 2348 MB, 1.01 load
[runlim] sample:		52368.90 time, 52140.01 real, 2351 MB, 1.00 load
[runlim] sample:		52378.90 time, 52150.01 real, 2354 MB, 1.00 load
[runlim] sample:		52388.90 time, 52160.01 real, 2360 MB, 1.00 load
[runlim] sample:		52398.90 time, 52170.01 real, 2360 MB, 1.00 load
[runlim] sample:		52408.90 time, 52180.01 real, 2366 MB, 1.00 load
[runlim] sample:		52418.90 time, 52190.01 real, 2366 MB, 1.00 load
[runlim] sample:		52428.90 time, 52200.01 real, 2379 MB, 1.00 load
[runlim] sample:		52438.90 time, 52210.02 real, 2380 MB, 1.00 load
[runlim] sample:		52448.89 time, 52220.01 real, 2412 MB, 1.00 load
[runlim] sample:		52458.90 time, 52230.01 real, 2412 MB, 1.00 load
[runlim] sample:		52468.89 time, 52240.01 real, 2431 MB, 1.00 load
[runlim] sample:		52478.89 time, 52250.01 real, 2431 MB, 1.00 load
[runlim] sample:		52488.89 time, 52260.01 real, 2435 MB, 1.00 load
[runlim] sample:		52498.89 time, 52270.02 real, 2457 MB, 1.00 load
[runlim] sample:		52508.89 time, 52280.01 real, 2458 MB, 1.00 load
[runlim] sample:		52518.88 time, 52290.01 real, 2482 MB, 1.00 load

NN₁: mnist_relu_3_100_gemm.onnx
NN₂: mnist_relu_3_100_0.79_adam_1_stepsize.onnx
Prop: mnist_2_global_4.vnnlib
[runlim] sample:		52528.86 time, 52300.01 real, 2266 MB, 1.00 load
[runlim] sample:		52538.85 time, 52310.01 real, 2266 MB, 1.00 load
[runlim] sample:		52548.86 time, 52320.01 real, 2266 MB, 1.00 load
[runlim] sample:		52558.86 time, 52330.01 real, 2266 MB, 1.00 load
[runlim] sample:		52568.85 time, 52340.01 real, 2266 MB, 1.00 load
[runlim] sample:		52578.85 time, 52350.01 real, 2266 MB, 1.00 load
[runlim] sample:		52588.85 time, 52360.01 real, 2266 MB, 1.00 load
[runlim] sample:		52598.85 time, 52370.01 real, 2266 MB, 1.00 load
[runlim] sample:		52608.85 time, 52380.01 real, 2266 MB, 1.00 load
[runlim] sample:		52618.85 time, 52390.01 real, 2266 MB, 1.00 load
[runlim] sample:		52628.84 time, 52400.01 real, 2266 MB, 1.00 load
[runlim] sample:		52638.85 time, 52410.01 real, 2266 MB, 1.00 load
[runlim] sample:		52648.85 time, 52420.01 real, 2266 MB, 1.00 load
[runlim] sample:		52658.85 time, 52430.01 real, 2266 MB, 1.15 load
[runlim] sample:		52668.84 time, 52440.01 real, 2266 MB, 1.28 load
[runlim] sample:		52678.84 time, 52450.01 real, 2266 MB, 1.24 load
[runlim] sample:		52688.84 time, 52460.01 real, 2266 MB, 1.20 load
[runlim] sample:		52698.84 time, 52470.01 real, 2266 MB, 1.17 load
[runlim] sample:		52708.84 time, 52480.01 real, 2266 MB, 1.14 load
[runlim] sample:		52718.84 time, 52490.01 real, 2267 MB, 1.12 load
[runlim] sample:		52728.84 time, 52500.01 real, 2269 MB, 1.10 load
[runlim] sample:		52738.83 time, 52510.01 real, 2272 MB, 1.09 load
[runlim] sample:		52748.83 time, 52520.01 real, 2276 MB, 1.07 load
[runlim] sample:		52758.84 time, 52530.01 real, 2277 MB, 1.06 load
[runlim] sample:		52768.83 time, 52540.01 real, 2280 MB, 1.05 load
[runlim] sample:		52778.83 time, 52550.01 real, 2282 MB, 1.04 load
[runlim] sample:		52788.83 time, 52560.01 real, 2285 MB, 1.04 load
[runlim] sample:		52798.83 time, 52570.01 real, 2288 MB, 1.03 load
[runlim] sample:		52808.83 time, 52580.01 real, 2292 MB, 1.02 load
[runlim] sample:		52818.83 time, 52590.01 real, 2295 MB, 1.02 load
[runlim] sample:		52828.83 time, 52600.01 real, 2296 MB, 1.02 load
[runlim] sample:		52838.83 time, 52610.01 real, 2298 MB, 1.01 load
[runlim] sample:		52848.83 time, 52620.01 real, 2301 MB, 1.01 load
[runlim] sample:		52858.82 time, 52630.01 real, 2305 MB, 1.01 load
[runlim] sample:		52868.82 time, 52640.01 real, 2308 MB, 1.01 load
[runlim] sample:		52878.82 time, 52650.01 real, 2309 MB, 1.01 load
[runlim] sample:		52888.82 time, 52660.01 real, 2312 MB, 1.00 load
[runlim] sample:		52898.82 time, 52670.01 real, 2315 MB, 1.08 load
[runlim] sample:		52908.82 time, 52680.01 real, 2318 MB, 1.07 load
[runlim] sample:		52918.81 time, 52690.01 real, 2319 MB, 1.06 load
[runlim] sample:		52928.81 time, 52700.01 real, 2323 MB, 1.05 load
[runlim] sample:		52938.81 time, 52710.01 real, 2326 MB, 1.12 load
[runlim] sample:		52948.82 time, 52720.01 real, 2327 MB, 1.10 load
[runlim] sample:		52958.81 time, 52730.01 real, 2330 MB, 1.08 load
[runlim] sample:		52968.81 time, 52740.01 real, 2333 MB, 1.07 load
[runlim] sample:		52978.81 time, 52750.01 real, 2337 MB, 1.06 load
[runlim] sample:		52988.81 time, 52760.01 real, 2338 MB, 1.05 load
[runlim] sample:		52998.81 time, 52770.01 real, 2340 MB, 1.04 load
[runlim] sample:		53008.80 time, 52780.01 real, 2343 MB, 1.03 load
[runlim] sample:		53018.81 time, 52790.01 real, 2346 MB, 1.03 load
[runlim] sample:		53028.80 time, 52800.01 real, 2348 MB, 1.02 load
[runlim] sample:		53038.80 time, 52810.01 real, 2353 MB, 1.02 load
[runlim] sample:		53048.80 time, 52820.01 real, 2354 MB, 1.02 load
[runlim] sample:		53058.80 time, 52830.01 real, 2359 MB, 1.01 load
[runlim] sample:		53068.80 time, 52840.01 real, 2359 MB, 1.01 load
[runlim] sample:		53078.80 time, 52850.01 real, 2364 MB, 1.01 load
[runlim] sample:		53088.80 time, 52860.01 real, 2364 MB, 1.01 load
[runlim] sample:		53098.80 time, 52870.01 real, 2370 MB, 1.00 load
[runlim] sample:		53108.79 time, 52880.01 real, 2371 MB, 1.00 load
[runlim] sample:		53118.79 time, 52890.01 real, 2387 MB, 1.00 load

NN₁: mnist_relu_3_100_gemm.onnx
NN₂: mnist_relu_3_100_0.79_adam_1_stepsize.onnx
Prop: mnist_2_global_5.vnnlib
[runlim] sample:		53128.76 time, 52900.01 real, 2260 MB, 1.00 load
[runlim] sample:		53138.76 time, 52910.01 real, 2260 MB, 1.00 load
[runlim] sample:		53148.76 time, 52920.01 real, 2260 MB, 1.00 load
[runlim] sample:		53158.76 time, 52930.01 real, 2260 MB, 1.23 load
[runlim] sample:		53168.76 time, 52940.01 real, 2260 MB, 1.43 load
[runlim] sample:		53178.75 time, 52950.01 real, 2260 MB, 1.36 load
[runlim] sample:		53188.76 time, 52960.01 real, 2260 MB, 1.30 load
[runlim] sample:		53198.76 time, 52970.01 real, 2260 MB, 1.26 load
[runlim] sample:		53208.75 time, 52980.01 real, 2260 MB, 1.22 load
[runlim] sample:		53218.75 time, 52990.01 real, 2260 MB, 1.18 load
[runlim] sample:		53228.75 time, 53000.01 real, 2260 MB, 1.15 load
[runlim] sample:		53238.75 time, 53010.01 real, 2260 MB, 1.13 load
[runlim] sample:		53248.75 time, 53020.01 real, 2260 MB, 1.11 load
[runlim] sample:		53258.75 time, 53030.01 real, 2260 MB, 1.09 load
[runlim] sample:		53268.75 time, 53040.01 real, 2260 MB, 1.08 load
[runlim] sample:		53278.75 time, 53050.01 real, 2260 MB, 1.07 load
[runlim] sample:		53288.74 time, 53060.01 real, 2260 MB, 1.06 load
[runlim] sample:		53298.74 time, 53070.01 real, 2260 MB, 1.05 load
[runlim] sample:		53308.75 time, 53080.01 real, 2260 MB, 1.04 load
[runlim] sample:		53318.75 time, 53090.01 real, 2260 MB, 1.03 load
[runlim] sample:		53328.74 time, 53100.01 real, 2260 MB, 1.03 load
[runlim] sample:		53338.74 time, 53110.01 real, 2262 MB, 1.02 load
[runlim] sample:		53348.74 time, 53120.01 real, 2265 MB, 1.02 load
[runlim] sample:		53358.74 time, 53130.01 real, 2267 MB, 1.02 load
[runlim] sample:		53368.74 time, 53140.01 real, 2269 MB, 1.01 load
[runlim] sample:		53378.73 time, 53150.01 real, 2272 MB, 1.01 load
[runlim] sample:		53388.74 time, 53160.01 real, 2274 MB, 1.01 load
[runlim] sample:		53398.74 time, 53170.01 real, 2277 MB, 1.01 load
[runlim] sample:		53408.74 time, 53180.01 real, 2279 MB, 1.00 load
[runlim] sample:		53418.74 time, 53190.01 real, 2281 MB, 1.00 load
[runlim] sample:		53428.73 time, 53200.01 real, 2284 MB, 1.00 load
[runlim] sample:		53438.73 time, 53210.02 real, 2285 MB, 1.00 load
[runlim] sample:		53448.73 time, 53220.01 real, 2288 MB, 1.00 load
[runlim] sample:		53458.73 time, 53230.01 real, 2290 MB, 1.00 load
[runlim] sample:		53468.73 time, 53240.01 real, 2293 MB, 1.00 load
[runlim] sample:		53478.73 time, 53250.01 real, 2295 MB, 1.00 load
[runlim] sample:		53488.72 time, 53260.01 real, 2298 MB, 1.00 load
[runlim] sample:		53498.73 time, 53270.01 real, 2300 MB, 1.00 load
[runlim] sample:		53508.73 time, 53280.01 real, 2304 MB, 1.00 load
[runlim] sample:		53518.72 time, 53290.01 real, 2305 MB, 1.00 load
[runlim] sample:		53528.72 time, 53300.01 real, 2308 MB, 1.00 load
[runlim] sample:		53538.72 time, 53310.01 real, 2311 MB, 1.00 load
[runlim] sample:		53548.72 time, 53320.01 real, 2314 MB, 1.00 load
[runlim] sample:		53558.71 time, 53330.01 real, 2317 MB, 1.00 load
[runlim] sample:		53568.72 time, 53340.01 real, 2318 MB, 1.00 load
[runlim] sample:		53578.71 time, 53350.01 real, 2320 MB, 1.00 load
[runlim] sample:		53588.71 time, 53360.01 real, 2323 MB, 1.00 load
[runlim] sample:		53598.71 time, 53370.01 real, 2326 MB, 1.00 load
[runlim] sample:		53608.72 time, 53380.02 real, 2327 MB, 1.08 load
[runlim] sample:		53618.71 time, 53390.01 real, 2330 MB, 1.07 load
[runlim] sample:		53628.71 time, 53400.01 real, 2334 MB, 1.06 load
[runlim] sample:		53638.71 time, 53410.01 real, 2335 MB, 1.05 load
[runlim] sample:		53648.71 time, 53420.01 real, 2338 MB, 1.04 load
[runlim] sample:		53658.71 time, 53430.01 real, 2340 MB, 1.19 load
[runlim] sample:		53668.70 time, 53440.01 real, 2343 MB, 1.31 load
[runlim] sample:		53678.70 time, 53450.01 real, 2347 MB, 1.26 load
[runlim] sample:		53688.71 time, 53460.01 real, 2347 MB, 1.22 load
[runlim] sample:		53698.70 time, 53470.01 real, 2351 MB, 1.19 load
[runlim] sample:		53708.71 time, 53480.01 real, 2354 MB, 1.16 load
[runlim] sample:		53718.70 time, 53490.01 real, 2355 MB, 1.13 load

NN₁: mnist_relu_3_100_gemm.onnx
NN₂: mnist_relu_3_100_0.79_adam_1_stepsize.onnx
Prop: mnist_3_global_4.vnnlib

NN₁: mnist_relu_3_100_gemm.onnx
NN₂: mnist_relu_3_100_0.79_adam_1_stepsize.onnx
Prop: mnist_3_global_5.vnnlib

NN₁: mnist_relu_3_100_gemm.onnx
NN₂: mnist_relu_3_100_0.79_adam_1_stepsize.onnx
Prop: mnist_4_global_4.vnnlib

NN₁: mnist_relu_3_100_gemm.onnx
NN₂: mnist_relu_3_100_0.79_adam_1_stepsize.onnx
Prop: mnist_4_global_5.vnnlib
[runlim] sample:		53728.62 time, 53500.01 real, 2260 MB, 1.11 load
[runlim] sample:		53738.62 time, 53510.01 real, 2260 MB, 1.17 load
[runlim] sample:		53748.62 time, 53520.01 real, 2260 MB, 1.14 load
[runlim] sample:		53758.62 time, 53530.01 real, 2260 MB, 1.12 load
[runlim] sample:		53768.62 time, 53540.01 real, 2260 MB, 1.10 load
[runlim] sample:		53778.62 time, 53550.01 real, 2260 MB, 1.08 load
[runlim] sample:		53788.62 time, 53560.01 real, 2260 MB, 1.07 load
[runlim] sample:		53798.61 time, 53570.01 real, 2260 MB, 1.14 load
[runlim] sample:		53808.61 time, 53580.01 real, 2260 MB, 1.12 load
[runlim] sample:		53818.61 time, 53590.01 real, 2260 MB, 1.10 load
[runlim] sample:		53828.62 time, 53600.01 real, 2260 MB, 1.08 load
[runlim] sample:		53838.61 time, 53610.01 real, 2260 MB, 1.07 load
[runlim] sample:		53848.61 time, 53620.01 real, 2260 MB, 1.14 load
[runlim] sample:		53858.61 time, 53630.01 real, 2260 MB, 1.12 load
[runlim] sample:		53868.61 time, 53640.01 real, 2260 MB, 1.10 load
[runlim] sample:		53878.61 time, 53650.01 real, 2260 MB, 1.08 load
[runlim] sample:		53888.61 time, 53660.01 real, 2260 MB, 1.07 load
[runlim] sample:		53898.60 time, 53670.01 real, 2260 MB, 1.06 load
[runlim] sample:		53908.60 time, 53680.01 real, 2260 MB, 1.05 load
[runlim] sample:		53918.60 time, 53690.01 real, 2263 MB, 1.04 load
[runlim] sample:		53928.60 time, 53700.01 real, 2266 MB, 1.04 load
[runlim] sample:		53938.60 time, 53710.01 real, 2269 MB, 1.03 load
[runlim] sample:		53948.61 time, 53720.01 real, 2272 MB, 1.02 load
[runlim] sample:		53958.60 time, 53730.01 real, 2274 MB, 1.02 load
[runlim] sample:		53968.60 time, 53740.01 real, 2277 MB, 1.02 load
[runlim] sample:		53978.60 time, 53750.01 real, 2280 MB, 1.01 load
[runlim] sample:		53988.60 time, 53760.01 real, 2284 MB, 1.01 load
[runlim] sample:		53998.60 time, 53770.02 real, 2285 MB, 1.01 load
[runlim] sample:		54008.60 time, 53780.01 real, 2288 MB, 1.01 load
[runlim] sample:		54018.59 time, 53790.01 real, 2292 MB, 1.01 load
[runlim] sample:		54028.59 time, 53800.01 real, 2294 MB, 1.00 load
[runlim] sample:		54038.59 time, 53810.01 real, 2297 MB, 1.00 load
[runlim] sample:		54048.59 time, 53820.01 real, 2300 MB, 1.00 load
[runlim] sample:		54058.59 time, 53830.01 real, 2303 MB, 1.00 load
[runlim] sample:		54068.59 time, 53840.01 real, 2305 MB, 1.00 load
[runlim] sample:		54078.58 time, 53850.01 real, 2308 MB, 1.00 load
[runlim] sample:		54088.59 time, 53860.01 real, 2311 MB, 1.00 load
[runlim] sample:		54098.59 time, 53870.01 real, 2313 MB, 1.00 load
[runlim] sample:		54108.58 time, 53880.01 real, 2318 MB, 1.00 load
[runlim] sample:		54118.58 time, 53890.01 real, 2319 MB, 1.00 load
[runlim] sample:		54128.58 time, 53900.01 real, 2324 MB, 1.00 load
[runlim] sample:		54138.58 time, 53910.01 real, 2325 MB, 1.00 load
[runlim] sample:		54148.58 time, 53920.01 real, 2329 MB, 1.00 load
[runlim] sample:		54158.58 time, 53930.01 real, 2330 MB, 1.15 load
[runlim] sample:		54168.57 time, 53940.01 real, 2334 MB, 1.28 load
[runlim] sample:		54178.57 time, 53950.01 real, 2336 MB, 1.24 load
[runlim] sample:		54188.58 time, 53960.01 real, 2339 MB, 1.20 load
[runlim] sample:		54198.58 time, 53970.01 real, 2344 MB, 1.17 load
[runlim] sample:		54208.57 time, 53980.01 real, 2344 MB, 1.14 load
[runlim] sample:		54218.57 time, 53990.01 real, 2347 MB, 1.12 load
[runlim] sample:		54228.57 time, 54000.01 real, 2352 MB, 1.10 load
[runlim] sample:		54238.57 time, 54010.01 real, 2353 MB, 1.09 load
[runlim] sample:		54248.56 time, 54020.01 real, 2356 MB, 1.07 load
[runlim] sample:		54258.56 time, 54030.01 real, 2359 MB, 1.06 load
[runlim] sample:		54268.57 time, 54040.01 real, 2358 MB, 1.05 load
[runlim] sample:		54278.56 time, 54050.01 real, 2358 MB, 1.04 load
[runlim] sample:		54288.57 time, 54060.01 real, 2360 MB, 1.04 load
[runlim] sample:		54298.56 time, 54070.01 real, 2365 MB, 1.03 load
[runlim] sample:		54308.56 time, 54080.01 real, 2366 MB, 1.02 load
[runlim] sample:		54318.56 time, 54090.01 real, 2422 MB, 1.02 load
[runlim] sample:		54328.54 time, 54100.01 real, 2423 MB, 1.02 load

NN₁: mnist_relu_3_100_gemm.onnx
NN₂: mnist_relu_3_100_0.79_adam_1_stepsize.onnx
Prop: mnist_5_global_4.vnnlib

NN₁: mnist_relu_3_100_gemm.onnx
NN₂: mnist_relu_3_100_0.79_adam_1_stepsize.onnx
Prop: mnist_5_global_5.vnnlib
[runlim] sample:		54338.50 time, 54110.01 real, 2253 MB, 1.01 load
[runlim] sample:		54348.50 time, 54120.01 real, 2253 MB, 1.01 load
[runlim] sample:		54358.50 time, 54130.01 real, 2253 MB, 1.01 load
[runlim] sample:		54368.50 time, 54140.01 real, 2253 MB, 1.01 load
[runlim] sample:		54378.49 time, 54150.01 real, 2253 MB, 1.01 load
[runlim] sample:		54388.50 time, 54160.01 real, 2253 MB, 1.00 load
[runlim] sample:		54398.50 time, 54170.01 real, 2253 MB, 1.00 load
[runlim] sample:		54408.49 time, 54180.01 real, 2253 MB, 1.00 load
[runlim] sample:		54418.49 time, 54190.01 real, 2253 MB, 1.00 load
[runlim] sample:		54428.49 time, 54200.01 real, 2253 MB, 1.00 load
[runlim] sample:		54438.49 time, 54210.01 real, 2253 MB, 1.00 load
[runlim] sample:		54448.49 time, 54220.01 real, 2253 MB, 1.00 load
[runlim] sample:		54458.49 time, 54230.01 real, 2253 MB, 1.00 load
[runlim] sample:		54468.49 time, 54240.01 real, 2253 MB, 1.00 load
[runlim] sample:		54478.48 time, 54250.01 real, 2253 MB, 1.00 load
[runlim] sample:		54488.49 time, 54260.01 real, 2253 MB, 1.00 load
[runlim] sample:		54498.48 time, 54270.01 real, 2253 MB, 1.00 load
[runlim] sample:		54508.48 time, 54280.01 real, 2253 MB, 1.00 load
[runlim] sample:		54518.48 time, 54290.01 real, 2253 MB, 1.00 load
[runlim] sample:		54528.49 time, 54300.01 real, 2255 MB, 1.00 load
[runlim] sample:		54538.48 time, 54310.01 real, 2258 MB, 1.00 load
[runlim] sample:		54548.48 time, 54320.01 real, 2261 MB, 1.00 load
[runlim] sample:		54558.48 time, 54330.01 real, 2262 MB, 1.00 load
[runlim] sample:		54568.47 time, 54340.01 real, 2266 MB, 1.00 load
[runlim] sample:		54578.47 time, 54350.01 real, 2268 MB, 1.00 load
[runlim] sample:		54588.47 time, 54360.01 real, 2270 MB, 1.00 load
[runlim] sample:		54598.48 time, 54370.01 real, 2273 MB, 1.00 load
[runlim] sample:		54608.47 time, 54380.01 real, 2276 MB, 1.00 load
[runlim] sample:		54618.47 time, 54390.01 real, 2279 MB, 1.00 load
[runlim] sample:		54628.47 time, 54400.01 real, 2282 MB, 1.00 load
[runlim] sample:		54638.47 time, 54410.01 real, 2285 MB, 1.00 load
[runlim] sample:		54648.47 time, 54420.01 real, 2286 MB, 1.00 load
[runlim] sample:		54658.47 time, 54430.01 real, 2289 MB, 1.15 load
[runlim] sample:		54668.47 time, 54440.01 real, 2292 MB, 1.28 load
[runlim] sample:		54678.47 time, 54450.01 real, 2295 MB, 1.24 load
[runlim] sample:		54688.47 time, 54460.01 real, 2298 MB, 1.20 load
[runlim] sample:		54698.46 time, 54470.01 real, 2299 MB, 1.17 load
[runlim] sample:		54708.47 time, 54480.01 real, 2303 MB, 1.14 load
[runlim] sample:		54718.46 time, 54490.01 real, 2305 MB, 1.12 load
[runlim] sample:		54728.46 time, 54500.02 real, 2307 MB, 1.10 load
[runlim] sample:		54738.46 time, 54510.01 real, 2311 MB, 1.09 load
[runlim] sample:		54748.46 time, 54520.01 real, 2312 MB, 1.07 load
[runlim] sample:		54758.46 time, 54530.01 real, 2315 MB, 1.06 load
[runlim] sample:		54768.46 time, 54540.01 real, 2318 MB, 1.05 load
[runlim] sample:		54778.45 time, 54550.01 real, 2322 MB, 1.04 load
[runlim] sample:		54788.46 time, 54560.01 real, 2323 MB, 1.04 load
[runlim] sample:		54798.45 time, 54570.01 real, 2325 MB, 1.03 load
[runlim] sample:		54808.46 time, 54580.01 real, 2330 MB, 1.02 load
[runlim] sample:		54818.45 time, 54590.01 real, 2331 MB, 1.02 load
[runlim] sample:		54828.45 time, 54600.01 real, 2333 MB, 1.02 load
[runlim] sample:		54838.45 time, 54610.01 real, 2338 MB, 1.01 load
[runlim] sample:		54848.45 time, 54620.01 real, 2339 MB, 1.01 load
[runlim] sample:		54858.45 time, 54630.01 real, 2344 MB, 1.01 load
[runlim] sample:		54868.45 time, 54640.01 real, 2344 MB, 1.01 load
[runlim] sample:		54878.45 time, 54650.01 real, 2357 MB, 1.01 load
[runlim] sample:		54888.44 time, 54660.01 real, 2357 MB, 1.00 load
[runlim] sample:		54898.44 time, 54670.01 real, 2355 MB, 1.00 load
[runlim] sample:		54908.45 time, 54680.01 real, 2355 MB, 1.00 load
[runlim] sample:		54918.44 time, 54690.01 real, 2366 MB, 1.00 load
[runlim] sample:		54928.44 time, 54700.01 real, 2366 MB, 1.00 load

NN₁: mnist_relu_3_100_gemm.onnx
NN₂: mnist_relu_3_100_0.79_adam_1_stepsize.onnx
Prop: mnist_6_global_4.vnnlib

NN₁: mnist_relu_3_100_gemm.onnx
NN₂: mnist_relu_3_100_0.79_adam_1_stepsize.onnx
Prop: mnist_6_global_5.vnnlib
[runlim] sample:		54938.38 time, 54710.01 real, 2259 MB, 1.08 load
[runlim] sample:		54948.38 time, 54720.01 real, 2259 MB, 1.07 load
[runlim] sample:		54958.37 time, 54730.01 real, 2259 MB, 1.06 load
[runlim] sample:		54968.37 time, 54740.01 real, 2259 MB, 1.05 load
[runlim] sample:		54978.37 time, 54750.01 real, 2259 MB, 1.04 load
[runlim] sample:		54988.37 time, 54760.01 real, 2259 MB, 1.03 load
[runlim] sample:		54998.37 time, 54770.01 real, 2259 MB, 1.03 load
[runlim] sample:		55008.36 time, 54780.01 real, 2259 MB, 1.02 load
[runlim] sample:		55018.37 time, 54790.01 real, 2259 MB, 1.02 load
[runlim] sample:		55028.36 time, 54800.01 real, 2259 MB, 1.02 load
[runlim] sample:		55038.36 time, 54810.01 real, 2259 MB, 1.01 load
[runlim] sample:		55048.37 time, 54820.01 real, 2259 MB, 1.01 load
[runlim] sample:		55058.36 time, 54830.01 real, 2259 MB, 1.01 load
[runlim] sample:		55068.36 time, 54840.01 real, 2259 MB, 1.01 load
[runlim] sample:		55078.36 time, 54850.01 real, 2259 MB, 1.00 load
[runlim] sample:		55088.35 time, 54860.01 real, 2259 MB, 1.00 load
[runlim] sample:		55098.36 time, 54870.01 real, 2259 MB, 1.00 load
[runlim] sample:		55108.35 time, 54880.01 real, 2259 MB, 1.00 load
[runlim] sample:		55118.36 time, 54890.01 real, 2261 MB, 1.00 load
[runlim] sample:		55128.35 time, 54900.01 real, 2263 MB, 1.00 load
[runlim] sample:		55138.35 time, 54910.01 real, 2266 MB, 1.00 load
[runlim] sample:		55148.35 time, 54920.01 real, 2269 MB, 1.00 load
[runlim] sample:		55158.35 time, 54930.01 real, 2272 MB, 1.15 load
[runlim] sample:		55168.34 time, 54940.01 real, 2276 MB, 1.28 load
[runlim] sample:		55178.34 time, 54950.01 real, 2279 MB, 1.24 load
[runlim] sample:		55188.35 time, 54960.01 real, 2280 MB, 1.20 load
[runlim] sample:		55198.34 time, 54970.01 real, 2283 MB, 1.17 load
[runlim] sample:		55208.34 time, 54980.01 real, 2286 MB, 1.14 load
[runlim] sample:		55218.34 time, 54990.01 real, 2289 MB, 1.12 load
[runlim] sample:		55228.34 time, 55000.01 real, 2293 MB, 1.18 load
[runlim] sample:		55238.34 time, 55010.01 real, 2294 MB, 1.15 load
[runlim] sample:		55248.33 time, 55020.01 real, 2298 MB, 1.13 load
[runlim] sample:		55258.33 time, 55030.01 real, 2301 MB, 1.11 load
[runlim] sample:		55268.32 time, 55040.01 real, 2302 MB, 1.09 load
[runlim] sample:		55278.33 time, 55050.01 real, 2305 MB, 1.08 load
[runlim] sample:		55288.32 time, 55060.01 real, 2308 MB, 1.07 load
[runlim] sample:		55298.33 time, 55070.01 real, 2312 MB, 1.06 load
[runlim] sample:		55308.33 time, 55080.01 real, 2313 MB, 1.05 load
[runlim] sample:		55318.33 time, 55090.01 real, 2316 MB, 1.04 load
[runlim] sample:		55328.32 time, 55100.01 real, 2319 MB, 1.03 load
[runlim] sample:		55338.32 time, 55110.01 real, 2323 MB, 1.03 load
[runlim] sample:		55348.32 time, 55120.01 real, 2324 MB, 1.02 load
[runlim] sample:		55358.32 time, 55130.01 real, 2329 MB, 1.02 load
[runlim] sample:		55368.31 time, 55140.01 real, 2330 MB, 1.02 load
[runlim] sample:		55378.31 time, 55150.01 real, 2334 MB, 1.01 load
[runlim] sample:		55388.31 time, 55160.01 real, 2336 MB, 1.01 load
[runlim] sample:		55398.31 time, 55170.01 real, 2339 MB, 1.01 load
[runlim] sample:		55408.31 time, 55180.01 real, 2341 MB, 1.01 load
[runlim] sample:		55418.30 time, 55190.01 real, 2345 MB, 1.00 load
[runlim] sample:		55428.30 time, 55200.01 real, 2350 MB, 1.00 load
[runlim] sample:		55438.31 time, 55210.01 real, 2350 MB, 1.00 load
[runlim] sample:		55448.30 time, 55220.01 real, 2352 MB, 1.00 load
[runlim] sample:		55458.30 time, 55230.01 real, 2357 MB, 1.00 load
[runlim] sample:		55468.30 time, 55240.01 real, 2358 MB, 1.00 load
[runlim] sample:		55478.29 time, 55250.01 real, 2361 MB, 1.00 load
[runlim] sample:		55488.30 time, 55260.01 real, 2371 MB, 1.00 load
[runlim] sample:		55498.30 time, 55270.01 real, 2371 MB, 1.00 load
[runlim] sample:		55508.29 time, 55280.01 real, 2374 MB, 1.00 load
[runlim] sample:		55518.30 time, 55290.01 real, 2377 MB, 1.00 load
[runlim] sample:		55528.29 time, 55300.01 real, 2419 MB, 1.00 load

NN₁: mnist_relu_3_100_gemm.onnx
NN₂: mnist_relu_3_100_0.79_adam_1_stepsize.onnx
Prop: mnist_7_global_4.vnnlib
[runlim] sample:		55538.25 time, 55310.01 real, 2264 MB, 1.00 load
[runlim] sample:		55548.26 time, 55320.01 real, 2264 MB, 1.00 load
[runlim] sample:		55558.25 time, 55330.01 real, 2264 MB, 1.00 load
[runlim] sample:		55568.26 time, 55340.01 real, 2264 MB, 1.00 load
[runlim] sample:		55578.25 time, 55350.01 real, 2264 MB, 1.00 load
[runlim] sample:		55588.25 time, 55360.01 real, 2264 MB, 1.00 load
[runlim] sample:		55598.25 time, 55370.01 real, 2264 MB, 1.00 load
[runlim] sample:		55608.24 time, 55380.01 real, 2264 MB, 1.00 load
[runlim] sample:		55618.25 time, 55390.01 real, 2264 MB, 1.00 load
[runlim] sample:		55628.24 time, 55400.01 real, 2264 MB, 1.00 load
[runlim] sample:		55638.24 time, 55410.01 real, 2264 MB, 1.00 load
[runlim] sample:		55648.25 time, 55420.01 real, 2264 MB, 1.00 load
[runlim] sample:		55658.24 time, 55430.01 real, 2264 MB, 1.15 load
[runlim] sample:		55668.24 time, 55440.01 real, 2264 MB, 1.28 load
[runlim] sample:		55678.24 time, 55450.01 real, 2264 MB, 1.24 load
[runlim] sample:		55688.23 time, 55460.01 real, 2264 MB, 1.20 load
[runlim] sample:		55698.24 time, 55470.01 real, 2264 MB, 1.17 load
[runlim] sample:		55708.23 time, 55480.01 real, 2264 MB, 1.14 load
[runlim] sample:		55718.23 time, 55490.01 real, 2264 MB, 1.12 load
[runlim] sample:		55728.23 time, 55500.01 real, 2265 MB, 1.10 load
[runlim] sample:		55738.23 time, 55510.01 real, 2267 MB, 1.09 load
[runlim] sample:		55748.23 time, 55520.01 real, 2270 MB, 1.07 load
[runlim] sample:		55758.23 time, 55530.01 real, 2273 MB, 1.06 load
[runlim] sample:		55768.23 time, 55540.01 real, 2275 MB, 1.05 load
[runlim] sample:		55778.23 time, 55550.01 real, 2277 MB, 1.20 load
[runlim] sample:		55788.22 time, 55560.01 real, 2280 MB, 1.17 load
[runlim] sample:		55798.22 time, 55570.01 real, 2283 MB, 1.15 load
[runlim] sample:		55808.22 time, 55580.01 real, 2286 MB, 1.12 load
[runlim] sample:		55818.22 time, 55590.01 real, 2288 MB, 1.10 load
[runlim] sample:		55828.21 time, 55600.01 real, 2291 MB, 1.09 load
[runlim] sample:		55838.21 time, 55610.01 real, 2295 MB, 1.07 load
[runlim] sample:		55848.21 time, 55620.01 real, 2296 MB, 1.06 load
[runlim] sample:		55858.21 time, 55630.01 real, 2298 MB, 1.05 load
[runlim] sample:		55868.21 time, 55640.01 real, 2301 MB, 1.04 load
[runlim] sample:		55878.21 time, 55650.01 real, 2304 MB, 1.04 load
[runlim] sample:		55888.20 time, 55660.01 real, 2307 MB, 1.03 load
[runlim] sample:		55898.21 time, 55670.01 real, 2309 MB, 1.02 load
[runlim] sample:		55908.20 time, 55680.01 real, 2311 MB, 1.02 load
[runlim] sample:		55918.20 time, 55690.01 real, 2315 MB, 1.02 load
[runlim] sample:		55928.20 time, 55700.01 real, 2316 MB, 1.01 load
[runlim] sample:		55938.20 time, 55710.01 real, 2319 MB, 1.01 load
[runlim] sample:		55948.20 time, 55720.01 real, 2323 MB, 1.01 load
[runlim] sample:		55958.20 time, 55730.01 real, 2324 MB, 1.01 load
[runlim] sample:		55968.19 time, 55740.01 real, 2327 MB, 1.01 load
[runlim] sample:		55978.19 time, 55750.01 real, 2330 MB, 1.00 load
[runlim] sample:		55988.19 time, 55760.01 real, 2333 MB, 1.00 load
[runlim] sample:		55998.19 time, 55770.01 real, 2335 MB, 1.00 load
[runlim] sample:		56008.19 time, 55780.01 real, 2337 MB, 1.00 load
[runlim] sample:		56018.19 time, 55790.01 real, 2341 MB, 1.00 load
[runlim] sample:		56028.19 time, 55800.01 real, 2342 MB, 1.00 load
[runlim] sample:		56038.18 time, 55810.01 real, 2345 MB, 1.00 load
[runlim] sample:		56048.18 time, 55820.01 real, 2349 MB, 1.00 load
[runlim] sample:		56058.18 time, 55830.01 real, 2350 MB, 1.00 load
[runlim] sample:		56068.18 time, 55840.01 real, 2355 MB, 1.00 load
[runlim] sample:		56078.18 time, 55850.01 real, 2355 MB, 1.08 load
[runlim] sample:		56088.17 time, 55860.01 real, 2361 MB, 1.07 load
[runlim] sample:		56098.18 time, 55870.01 real, 2361 MB, 1.06 load
[runlim] sample:		56108.17 time, 55880.01 real, 2370 MB, 1.05 load
[runlim] sample:		56118.18 time, 55890.01 real, 2370 MB, 1.04 load
[runlim] sample:		56128.17 time, 55900.01 real, 2384 MB, 1.03 load

NN₁: mnist_relu_3_100_gemm.onnx
NN₂: mnist_relu_3_100_0.79_adam_1_stepsize.onnx
Prop: mnist_7_global_5.vnnlib
[runlim] sample:		56138.14 time, 55910.01 real, 2253 MB, 1.03 load
[runlim] sample:		56148.13 time, 55920.01 real, 2253 MB, 1.02 load
[runlim] sample:		56158.13 time, 55930.01 real, 2253 MB, 1.17 load
[runlim] sample:		56168.14 time, 55940.01 real, 2253 MB, 1.30 load
[runlim] sample:		56178.13 time, 55950.01 real, 2253 MB, 1.25 load
[runlim] sample:		56188.14 time, 55960.01 real, 2253 MB, 1.21 load
[runlim] sample:		56198.13 time, 55970.01 real, 2253 MB, 1.18 load
[runlim] sample:		56208.14 time, 55980.01 real, 2253 MB, 1.15 load
[runlim] sample:		56218.13 time, 55990.01 real, 2253 MB, 1.13 load
[runlim] sample:		56228.13 time, 56000.01 real, 2253 MB, 1.11 load
[runlim] sample:		56238.14 time, 56010.01 real, 2253 MB, 1.09 load
[runlim] sample:		56248.13 time, 56020.01 real, 2253 MB, 1.08 load
[runlim] sample:		56258.12 time, 56030.01 real, 2253 MB, 1.06 load
[runlim] sample:		56268.13 time, 56040.01 real, 2253 MB, 1.05 load
[runlim] sample:		56278.12 time, 56050.01 real, 2253 MB, 1.05 load
[runlim] sample:		56288.13 time, 56060.01 real, 2253 MB, 1.04 load
[runlim] sample:		56298.13 time, 56070.01 real, 2253 MB, 1.03 load
[runlim] sample:		56308.12 time, 56080.01 real, 2253 MB, 1.03 load
[runlim] sample:		56318.13 time, 56090.01 real, 2253 MB, 1.02 load
[runlim] sample:		56328.12 time, 56100.01 real, 2253 MB, 1.02 load
[runlim] sample:		56338.12 time, 56110.01 real, 2253 MB, 1.02 load
[runlim] sample:		56348.12 time, 56120.01 real, 2253 MB, 1.01 load
[runlim] sample:		56358.12 time, 56130.01 real, 2257 MB, 1.01 load
[runlim] sample:		56368.12 time, 56140.01 real, 2259 MB, 1.01 load
[runlim] sample:		56378.12 time, 56150.01 real, 2262 MB, 1.09 load
[runlim] sample:		56388.12 time, 56160.01 real, 2264 MB, 1.07 load
[runlim] sample:		56398.12 time, 56170.01 real, 2266 MB, 1.06 load
[runlim] sample:		56408.12 time, 56180.01 real, 2269 MB, 1.21 load
[runlim] sample:		56418.11 time, 56190.01 real, 2271 MB, 1.18 load
[runlim] sample:		56428.12 time, 56200.01 real, 2274 MB, 1.15 load
[runlim] sample:		56438.11 time, 56210.01 real, 2276 MB, 1.13 load
[runlim] sample:		56448.11 time, 56220.01 real, 2278 MB, 1.11 load
[runlim] sample:		56458.12 time, 56230.01 real, 2280 MB, 1.09 load
[runlim] sample:		56468.11 time, 56240.01 real, 2282 MB, 1.08 load
[runlim] sample:		56478.11 time, 56250.01 real, 2284 MB, 1.06 load
[runlim] sample:		56488.11 time, 56260.01 real, 2287 MB, 1.05 load
[runlim] sample:		56498.11 time, 56270.01 real, 2289 MB, 1.12 load
[runlim] sample:		56508.11 time, 56280.01 real, 2292 MB, 1.17 load
[runlim] sample:		56518.11 time, 56290.01 real, 2294 MB, 1.22 load
[runlim] sample:		56528.11 time, 56300.01 real, 2296 MB, 1.19 load
[runlim] sample:		56538.11 time, 56310.01 real, 2299 MB, 1.16 load
[runlim] sample:		56548.11 time, 56320.01 real, 2301 MB, 1.13 load
[runlim] sample:		56558.10 time, 56330.01 real, 2305 MB, 1.27 load
[runlim] sample:		56568.11 time, 56340.01 real, 2306 MB, 1.23 load
[runlim] sample:		56578.10 time, 56350.01 real, 2308 MB, 1.19 load
[runlim] sample:		56588.10 time, 56360.01 real, 2312 MB, 1.16 load
[runlim] sample:		56598.10 time, 56370.01 real, 2314 MB, 1.14 load
[runlim] sample:		56608.10 time, 56380.01 real, 2315 MB, 1.11 load
[runlim] sample:		56618.10 time, 56390.01 real, 2318 MB, 1.24 load
[runlim] sample:		56628.10 time, 56400.01 real, 2321 MB, 1.21 load
[runlim] sample:		56638.10 time, 56410.01 real, 2324 MB, 1.25 load
[runlim] sample:		56648.10 time, 56420.01 real, 2325 MB, 1.21 load
[runlim] sample:		56658.09 time, 56430.01 real, 2327 MB, 1.41 load
[runlim] sample:		56668.10 time, 56440.01 real, 2331 MB, 1.50 load
[runlim] sample:		56678.10 time, 56450.01 real, 2335 MB, 1.65 load
[runlim] sample:		56688.09 time, 56460.01 real, 2335 MB, 1.55 load
[runlim] sample:		56698.10 time, 56470.01 real, 2339 MB, 1.47 load
[runlim] sample:		56708.09 time, 56480.01 real, 2339 MB, 1.39 load
[runlim] sample:		56718.09 time, 56490.01 real, 2342 MB, 1.33 load
[runlim] sample:		56728.09 time, 56500.01 real, 2346 MB, 1.28 load

NN₁: mnist_relu_3_100_gemm.onnx
NN₂: mnist_relu_3_100_0.79_adam_1_stepsize.onnx
Prop: mnist_8_global_4.vnnlib
[runlim] sample:		56738.07 time, 56510.01 real, 2253 MB, 1.31 load
[runlim] sample:		56748.07 time, 56520.01 real, 2253 MB, 1.26 load
[runlim] sample:		56758.07 time, 56530.01 real, 2253 MB, 1.22 load
[runlim] sample:		56768.07 time, 56540.01 real, 2253 MB, 1.19 load
[runlim] sample:		56778.06 time, 56550.01 real, 2253 MB, 1.16 load
[runlim] sample:		56788.07 time, 56560.02 real, 2253 MB, 1.13 load
[runlim] sample:		56798.06 time, 56570.01 real, 2253 MB, 1.11 load
[runlim] sample:		56808.06 time, 56580.01 real, 2253 MB, 1.09 load
[runlim] sample:		56818.06 time, 56590.01 real, 2253 MB, 1.08 load
[runlim] sample:		56828.06 time, 56600.01 real, 2253 MB, 1.07 load
[runlim] sample:		56838.06 time, 56610.01 real, 2253 MB, 1.06 load
[runlim] sample:		56848.05 time, 56620.01 real, 2253 MB, 1.05 load
[runlim] sample:		56858.06 time, 56630.01 real, 2253 MB, 1.04 load
[runlim] sample:		56868.05 time, 56640.01 real, 2253 MB, 1.03 load
[runlim] sample:		56878.05 time, 56650.01 real, 2253 MB, 1.03 load
[runlim] sample:		56888.05 time, 56660.01 real, 2253 MB, 1.02 load
[runlim] sample:		56898.05 time, 56670.01 real, 2253 MB, 1.02 load
[runlim] sample:		56908.05 time, 56680.01 real, 2253 MB, 1.02 load
[runlim] sample:		56918.05 time, 56690.01 real, 2253 MB, 1.17 load
[runlim] sample:		56928.05 time, 56700.01 real, 2253 MB, 1.15 load
[runlim] sample:		56938.05 time, 56710.01 real, 2253 MB, 1.12 load
[runlim] sample:		56948.05 time, 56720.01 real, 2253 MB, 1.10 load
[runlim] sample:		56958.05 time, 56730.01 real, 2253 MB, 1.09 load
[runlim] sample:		56968.05 time, 56740.01 real, 2253 MB, 1.07 load
[runlim] sample:		56978.04 time, 56750.01 real, 2253 MB, 1.06 load
[runlim] sample:		56988.05 time, 56760.01 real, 2253 MB, 1.05 load
[runlim] sample:		56998.04 time, 56770.01 real, 2253 MB, 1.04 load
[runlim] sample:		57008.05 time, 56780.01 real, 2253 MB, 1.04 load
[runlim] sample:		57018.04 time, 56790.01 real, 2253 MB, 1.03 load
[runlim] sample:		57028.04 time, 56800.01 real, 2253 MB, 1.02 load
[runlim] sample:		57038.05 time, 56810.01 real, 2253 MB, 1.02 load
[runlim] sample:		57048.04 time, 56820.01 real, 2253 MB, 1.02 load
[runlim] sample:		57058.04 time, 56830.01 real, 2253 MB, 1.01 load
[runlim] sample:		57068.04 time, 56840.01 real, 2253 MB, 1.01 load
[runlim] sample:		57078.04 time, 56850.01 real, 2253 MB, 1.01 load
[runlim] sample:		57088.03 time, 56860.01 real, 2253 MB, 1.01 load
[runlim] sample:		57098.04 time, 56870.01 real, 2253 MB, 1.01 load
[runlim] sample:		57108.04 time, 56880.01 real, 2253 MB, 1.00 load
[runlim] sample:		57118.04 time, 56890.01 real, 2253 MB, 1.00 load
[runlim] sample:		57128.03 time, 56900.01 real, 2253 MB, 1.00 load
[runlim] sample:		57138.03 time, 56910.01 real, 2253 MB, 1.00 load
[runlim] sample:		57148.03 time, 56920.01 real, 2253 MB, 1.00 load
[runlim] sample:		57158.03 time, 56930.01 real, 2253 MB, 1.15 load
[runlim] sample:		57168.03 time, 56940.01 real, 2253 MB, 1.28 load
[runlim] sample:		57178.03 time, 56950.01 real, 2253 MB, 1.24 load
[runlim] sample:		57188.02 time, 56960.01 real, 2253 MB, 1.20 load
[runlim] sample:		57198.02 time, 56970.01 real, 2253 MB, 1.17 load

NN₁: mnist_relu_3_100_gemm.onnx
NN₂: mnist_relu_3_100_0.79_adam_1_stepsize.onnx
Prop: mnist_8_global_5.vnnlib
[runlim] sample:		57207.98 time, 56980.01 real, 2253 MB, 1.14 load
[runlim] sample:		57217.98 time, 56990.01 real, 2253 MB, 1.20 load
[runlim] sample:		57227.98 time, 57000.01 real, 2253 MB, 1.17 load
[runlim] sample:		57237.98 time, 57010.01 real, 2253 MB, 1.14 load
[runlim] sample:		57247.97 time, 57020.01 real, 2253 MB, 1.12 load
[runlim] sample:		57257.97 time, 57030.02 real, 2253 MB, 1.10 load
[runlim] sample:		57267.97 time, 57040.01 real, 2253 MB, 1.09 load
[runlim] sample:		57277.97 time, 57050.01 real, 2253 MB, 1.07 load
[runlim] sample:		57287.96 time, 57060.01 real, 2253 MB, 1.06 load
[runlim] sample:		57297.96 time, 57070.01 real, 2253 MB, 1.05 load
[runlim] sample:		57307.96 time, 57080.01 real, 2253 MB, 1.04 load
[runlim] sample:		57317.96 time, 57090.01 real, 2253 MB, 1.04 load
[runlim] sample:		57327.95 time, 57100.01 real, 2253 MB, 1.03 load
[runlim] sample:		57337.95 time, 57110.01 real, 2253 MB, 1.02 load
[runlim] sample:		57347.95 time, 57120.01 real, 2253 MB, 1.09 load
[runlim] sample:		57357.95 time, 57130.01 real, 2253 MB, 1.08 load
[runlim] sample:		57367.95 time, 57140.01 real, 2253 MB, 1.07 load
[runlim] sample:		57377.95 time, 57150.01 real, 2253 MB, 1.06 load
[runlim] sample:		57387.94 time, 57160.01 real, 2254 MB, 1.05 load
[runlim] sample:		57397.94 time, 57170.01 real, 2257 MB, 1.04 load
[runlim] sample:		57407.94 time, 57180.01 real, 2258 MB, 1.03 load
[runlim] sample:		57417.93 time, 57190.01 real, 2260 MB, 1.03 load
[runlim] sample:		57427.93 time, 57200.01 real, 2264 MB, 1.02 load
[runlim] sample:		57437.93 time, 57210.01 real, 2266 MB, 1.02 load
[runlim] sample:		57447.92 time, 57220.01 real, 2269 MB, 1.02 load
[runlim] sample:		57457.93 time, 57230.01 real, 2271 MB, 1.01 load
[runlim] sample:		57467.92 time, 57240.01 real, 2274 MB, 1.01 load
[runlim] sample:		57477.92 time, 57250.01 real, 2277 MB, 1.01 load
[runlim] sample:		57487.92 time, 57260.01 real, 2279 MB, 1.01 load
[runlim] sample:		57497.92 time, 57270.01 real, 2283 MB, 1.00 load
[runlim] sample:		57507.91 time, 57280.01 real, 2286 MB, 1.00 load
[runlim] sample:		57517.91 time, 57290.01 real, 2289 MB, 1.00 load
[runlim] sample:		57527.90 time, 57300.01 real, 2290 MB, 1.00 load
[runlim] sample:		57537.90 time, 57310.01 real, 2293 MB, 1.00 load
[runlim] sample:		57547.90 time, 57320.01 real, 2296 MB, 1.00 load
[runlim] sample:		57557.90 time, 57330.01 real, 2300 MB, 1.00 load
[runlim] sample:		57567.89 time, 57340.01 real, 2301 MB, 1.00 load
[runlim] sample:		57577.90 time, 57350.01 real, 2304 MB, 1.00 load
[runlim] sample:		57587.89 time, 57360.01 real, 2307 MB, 1.00 load
[runlim] sample:		57597.89 time, 57370.01 real, 2309 MB, 1.00 load
[runlim] sample:		57607.88 time, 57380.01 real, 2311 MB, 1.00 load
[runlim] sample:		57617.88 time, 57390.01 real, 2314 MB, 1.00 load
[runlim] sample:		57627.88 time, 57400.01 real, 2318 MB, 1.00 load
[runlim] sample:		57637.88 time, 57410.01 real, 2319 MB, 1.00 load
[runlim] sample:		57647.88 time, 57420.01 real, 2322 MB, 1.00 load
[runlim] sample:		57657.87 time, 57430.01 real, 2325 MB, 1.15 load
[runlim] sample:		57667.88 time, 57440.01 real, 2327 MB, 1.28 load
[runlim] sample:		57677.87 time, 57450.01 real, 2330 MB, 1.24 load
[runlim] sample:		57687.88 time, 57460.02 real, 2333 MB, 1.20 load
[runlim] sample:		57697.87 time, 57470.01 real, 2337 MB, 1.17 load
[runlim] sample:		57707.87 time, 57480.01 real, 2338 MB, 1.14 load
[runlim] sample:		57717.87 time, 57490.01 real, 2343 MB, 1.12 load
[runlim] sample:		57727.87 time, 57500.01 real, 2344 MB, 1.10 load
[runlim] sample:		57737.87 time, 57510.01 real, 2348 MB, 1.09 load
[runlim] sample:		57747.87 time, 57520.01 real, 2359 MB, 1.07 load
[runlim] sample:		57757.87 time, 57530.02 real, 2359 MB, 1.06 load
[runlim] sample:		57767.87 time, 57540.01 real, 2374 MB, 1.05 load
[runlim] sample:		57777.86 time, 57550.01 real, 2375 MB, 1.04 load
[runlim] sample:		57787.86 time, 57560.01 real, 2371 MB, 1.04 load
[runlim] sample:		57797.86 time, 57570.01 real, 2371 MB, 1.03 load

NN₁: mnist_relu_3_100_gemm.onnx
NN₂: mnist_relu_3_100_0.79_adam_1_stepsize.onnx
Prop: mnist_9_global_4.vnnlib

NN₁: mnist_relu_3_100_gemm.onnx
NN₂: mnist_relu_3_100_0.79_adam_1_stepsize.onnx
Prop: mnist_9_global_5.vnnlib
[runlim] sample:		57807.80 time, 57580.01 real, 2261 MB, 1.02 load
[runlim] sample:		57817.79 time, 57590.01 real, 2261 MB, 1.02 load
[runlim] sample:		57827.79 time, 57600.01 real, 2261 MB, 1.02 load
[runlim] sample:		57837.79 time, 57610.01 real, 2261 MB, 1.01 load
[runlim] sample:		57847.79 time, 57620.01 real, 2261 MB, 1.01 load
[runlim] sample:		57857.79 time, 57630.01 real, 2261 MB, 1.01 load
[runlim] sample:		57867.78 time, 57640.01 real, 2261 MB, 1.01 load
[runlim] sample:		57877.78 time, 57650.01 real, 2261 MB, 1.01 load
[runlim] sample:		57887.78 time, 57660.01 real, 2261 MB, 1.00 load
[runlim] sample:		57897.78 time, 57670.01 real, 2261 MB, 1.00 load
[runlim] sample:		57907.79 time, 57680.01 real, 2261 MB, 1.00 load
[runlim] sample:		57917.78 time, 57690.01 real, 2261 MB, 1.00 load
[runlim] sample:		57927.78 time, 57700.01 real, 2261 MB, 1.00 load
[runlim] sample:		57937.78 time, 57710.01 real, 2261 MB, 1.00 load
[runlim] sample:		57947.77 time, 57720.01 real, 2261 MB, 1.00 load
[runlim] sample:		57957.78 time, 57730.01 real, 2261 MB, 1.00 load
[runlim] sample:		57967.78 time, 57740.01 real, 2261 MB, 1.00 load
[runlim] sample:		57977.77 time, 57750.01 real, 2261 MB, 1.00 load
[runlim] sample:		57987.77 time, 57760.01 real, 2262 MB, 1.00 load
[runlim] sample:		57997.77 time, 57770.01 real, 2265 MB, 1.00 load
[runlim] sample:		58007.77 time, 57780.01 real, 2268 MB, 1.00 load
[runlim] sample:		58017.76 time, 57790.01 real, 2272 MB, 1.00 load
[runlim] sample:		58027.76 time, 57800.01 real, 2273 MB, 1.00 load
[runlim] sample:		58037.76 time, 57810.01 real, 2276 MB, 1.00 load
[runlim] sample:		58047.77 time, 57820.01 real, 2280 MB, 1.00 load
[runlim] sample:		58057.76 time, 57830.01 real, 2283 MB, 1.08 load
[runlim] sample:		58067.77 time, 57840.01 real, 2286 MB, 1.07 load
[runlim] sample:		58077.76 time, 57850.01 real, 2287 MB, 1.06 load
[runlim] sample:		58087.76 time, 57860.01 real, 2291 MB, 1.05 load
[runlim] sample:		58097.76 time, 57870.01 real, 2293 MB, 1.04 load
[runlim] sample:		58107.76 time, 57880.01 real, 2296 MB, 1.03 load
[runlim] sample:		58117.75 time, 57890.01 real, 2299 MB, 1.03 load
[runlim] sample:		58127.76 time, 57900.01 real, 2303 MB, 1.02 load
[runlim] sample:		58137.75 time, 57910.01 real, 2304 MB, 1.02 load
[runlim] sample:		58147.75 time, 57920.01 real, 2307 MB, 1.02 load
[runlim] sample:		58157.75 time, 57930.01 real, 2310 MB, 1.17 load
[runlim] sample:		58167.74 time, 57940.01 real, 2313 MB, 1.30 load
[runlim] sample:		58177.75 time, 57950.01 real, 2315 MB, 1.25 load
[runlim] sample:		58187.75 time, 57960.01 real, 2318 MB, 1.21 load
[runlim] sample:		58197.75 time, 57970.01 real, 2321 MB, 1.18 load
[runlim] sample:		58207.74 time, 57980.01 real, 2324 MB, 1.15 load
[runlim] sample:		58217.74 time, 57990.01 real, 2327 MB, 1.13 load
[runlim] sample:		58227.74 time, 58000.01 real, 2329 MB, 1.11 load
[runlim] sample:		58237.74 time, 58010.01 real, 2332 MB, 1.09 load
[runlim] sample:		58247.74 time, 58020.01 real, 2336 MB, 1.08 load
[runlim] sample:		58257.74 time, 58030.01 real, 2338 MB, 1.06 load
[runlim] sample:		58267.73 time, 58040.01 real, 2341 MB, 1.05 load
[runlim] sample:		58277.73 time, 58050.01 real, 2344 MB, 1.04 load
[runlim] sample:		58287.73 time, 58060.01 real, 2349 MB, 1.04 load
[runlim] sample:		58297.73 time, 58070.01 real, 2349 MB, 1.03 load
[runlim] sample:		58307.73 time, 58080.01 real, 2352 MB, 1.03 load
[runlim] sample:		58317.73 time, 58090.01 real, 2357 MB, 1.02 load
[runlim] sample:		58327.73 time, 58100.01 real, 2358 MB, 1.02 load
[runlim] sample:		58337.73 time, 58110.01 real, 2361 MB, 1.01 load
[runlim] sample:		58347.72 time, 58120.01 real, 2364 MB, 1.01 load
[runlim] sample:		58357.73 time, 58130.01 real, 2359 MB, 1.01 load
[runlim] sample:		58367.72 time, 58140.01 real, 2364 MB, 1.01 load
[runlim] sample:		58377.73 time, 58150.01 real, 2381 MB, 1.01 load
[runlim] sample:		58387.72 time, 58160.01 real, 2383 MB, 1.00 load
[runlim] sample:		58397.72 time, 58170.01 real, 2416 MB, 1.00 load

NN₁: mnist_relu_3_100_gemm.onnx
NN₂: mnist_relu_3_100_0.79_adam_1_stepsize.onnx
Prop: mnist_10_global_4.vnnlib
[runlim] sample:		58407.68 time, 58180.01 real, 2253 MB, 1.00 load

NN₁: mnist_relu_3_100_gemm.onnx
NN₂: mnist_relu_3_100_0.79_adam_1_stepsize.onnx
Prop: mnist_10_global_5.vnnlib

NN₁: mnist_relu_3_100_gemm.onnx
NN₂: mnist_relu_3_100_0.79_adam_1_stepsize.onnx
Prop: mnist_11_global_4.vnnlib

NN₁: mnist_relu_3_100_gemm.onnx
NN₂: mnist_relu_3_100_0.79_adam_1_stepsize.onnx
Prop: mnist_11_global_5.vnnlib
[runlim] sample:		58417.65 time, 58190.01 real, 2253 MB, 1.00 load
[runlim] sample:		58427.65 time, 58200.01 real, 2253 MB, 1.00 load
[runlim] sample:		58437.66 time, 58210.01 real, 2253 MB, 1.00 load
[runlim] sample:		58447.65 time, 58220.01 real, 2253 MB, 1.00 load
[runlim] sample:		58457.65 time, 58230.01 real, 2253 MB, 1.00 load
[runlim] sample:		58467.65 time, 58240.01 real, 2253 MB, 1.00 load
[runlim] sample:		58477.65 time, 58250.01 real, 2253 MB, 1.00 load
[runlim] sample:		58487.65 time, 58260.01 real, 2253 MB, 1.00 load
[runlim] sample:		58497.65 time, 58270.01 real, 2253 MB, 1.00 load
[runlim] sample:		58507.65 time, 58280.01 real, 2253 MB, 1.00 load
[runlim] sample:		58517.65 time, 58290.01 real, 2253 MB, 1.00 load
[runlim] sample:		58527.64 time, 58300.01 real, 2253 MB, 1.00 load
[runlim] sample:		58537.65 time, 58310.01 real, 2253 MB, 1.00 load
[runlim] sample:		58547.64 time, 58320.01 real, 2253 MB, 1.00 load
[runlim] sample:		58557.65 time, 58330.01 real, 2253 MB, 1.00 load
[runlim] sample:		58567.64 time, 58340.01 real, 2253 MB, 1.00 load
[runlim] sample:		58577.65 time, 58350.01 real, 2253 MB, 1.00 load
[runlim] sample:		58587.64 time, 58360.01 real, 2253 MB, 1.00 load
[runlim] sample:		58597.64 time, 58370.01 real, 2254 MB, 1.00 load
[runlim] sample:		58607.64 time, 58380.01 real, 2257 MB, 1.00 load
[runlim] sample:		58617.64 time, 58390.01 real, 2260 MB, 1.00 load
[runlim] sample:		58627.64 time, 58400.01 real, 2264 MB, 1.00 load
[runlim] sample:		58637.64 time, 58410.01 real, 2266 MB, 1.00 load
[runlim] sample:		58647.64 time, 58420.01 real, 2268 MB, 1.00 load
[runlim] sample:		58657.64 time, 58430.01 real, 2271 MB, 1.15 load
[runlim] sample:		58667.64 time, 58440.01 real, 2275 MB, 1.28 load
[runlim] sample:		58677.64 time, 58450.01 real, 2278 MB, 1.24 load
[runlim] sample:		58687.63 time, 58460.01 real, 2279 MB, 1.20 load
[runlim] sample:		58697.64 time, 58470.01 real, 2282 MB, 1.17 load
[runlim] sample:		58707.64 time, 58480.01 real, 2285 MB, 1.14 load
[runlim] sample:		58717.63 time, 58490.01 real, 2289 MB, 1.12 load
[runlim] sample:		58727.64 time, 58500.01 real, 2290 MB, 1.10 load
[runlim] sample:		58737.63 time, 58510.01 real, 2294 MB, 1.09 load
[runlim] sample:		58747.63 time, 58520.01 real, 2298 MB, 1.07 load
[runlim] sample:		58757.63 time, 58530.01 real, 2299 MB, 1.06 load
[runlim] sample:		58767.64 time, 58540.01 real, 2301 MB, 1.05 load
[runlim] sample:		58777.63 time, 58550.01 real, 2305 MB, 1.04 load
[runlim] sample:		58787.63 time, 58560.01 real, 2308 MB, 1.04 load
[runlim] sample:		58797.63 time, 58570.01 real, 2309 MB, 1.03 load
[runlim] sample:		58807.63 time, 58580.01 real, 2314 MB, 1.02 load
[runlim] sample:		58817.63 time, 58590.01 real, 2315 MB, 1.02 load
[runlim] sample:		58827.62 time, 58600.01 real, 2318 MB, 1.02 load
[runlim] sample:		58837.63 time, 58610.01 real, 2321 MB, 1.01 load
[runlim] sample:		58847.63 time, 58620.01 real, 2323 MB, 1.01 load
[runlim] sample:		58857.63 time, 58630.01 real, 2327 MB, 1.01 load
[runlim] sample:		58867.62 time, 58640.01 real, 2329 MB, 1.01 load
[runlim] sample:		58877.63 time, 58650.02 real, 2334 MB, 1.01 load
[runlim] sample:		58887.62 time, 58660.01 real, 2336 MB, 1.00 load
[runlim] sample:		58897.62 time, 58670.01 real, 2338 MB, 1.16 load
[runlim] sample:		58907.62 time, 58680.01 real, 2343 MB, 1.14 load
[runlim] sample:		58917.62 time, 58690.01 real, 2343 MB, 1.12 load
[runlim] sample:		58927.62 time, 58700.01 real, 2345 MB, 1.10 load
[runlim] sample:		58937.62 time, 58710.01 real, 2350 MB, 1.08 load
[runlim] sample:		58947.62 time, 58720.01 real, 2351 MB, 1.07 load
[runlim] sample:		58957.62 time, 58730.01 real, 2356 MB, 1.06 load
[runlim] sample:		58967.62 time, 58740.01 real, 2358 MB, 1.05 load
[runlim] sample:		58977.61 time, 58750.01 real, 2359 MB, 1.04 load
[runlim] sample:		58987.61 time, 58760.01 real, 2362 MB, 1.03 load
[runlim] sample:		58997.62 time, 58770.01 real, 2365 MB, 1.03 load
[runlim] sample:		59007.62 time, 58780.01 real, 2389 MB, 1.02 load

NN₁: mnist_relu_3_100_gemm.onnx
NN₂: mnist_relu_3_100_0.79_adam_1_stepsize.onnx
Prop: mnist_12_global_4.vnnlib
[runlim] sample:		59017.59 time, 58790.01 real, 2253 MB, 1.02 load
[runlim] sample:		59027.58 time, 58800.01 real, 2253 MB, 1.02 load
[runlim] sample:		59037.58 time, 58810.01 real, 2253 MB, 1.01 load
[runlim] sample:		59047.59 time, 58820.01 real, 2253 MB, 1.01 load
[runlim] sample:		59057.58 time, 58830.01 real, 2253 MB, 1.01 load
[runlim] sample:		59067.58 time, 58840.01 real, 2253 MB, 1.01 load
[runlim] sample:		59077.58 time, 58850.01 real, 2253 MB, 1.01 load
[runlim] sample:		59087.58 time, 58860.01 real, 2253 MB, 1.00 load
[runlim] sample:		59097.58 time, 58870.01 real, 2253 MB, 1.00 load
[runlim] sample:		59107.58 time, 58880.01 real, 2253 MB, 1.00 load
[runlim] sample:		59117.58 time, 58890.01 real, 2253 MB, 1.00 load
[runlim] sample:		59127.58 time, 58900.01 real, 2253 MB, 1.00 load
[runlim] sample:		59137.58 time, 58910.01 real, 2253 MB, 1.00 load
[runlim] sample:		59147.58 time, 58920.01 real, 2253 MB, 1.00 load
[runlim] sample:		59157.57 time, 58930.01 real, 2253 MB, 1.15 load
[runlim] sample:		59167.58 time, 58940.01 real, 2253 MB, 1.28 load
[runlim] sample:		59177.58 time, 58950.01 real, 2253 MB, 1.24 load
[runlim] sample:		59187.57 time, 58960.01 real, 2253 MB, 1.20 load
[runlim] sample:		59197.57 time, 58970.01 real, 2254 MB, 1.17 load
[runlim] sample:		59207.57 time, 58980.01 real, 2257 MB, 1.14 load
[runlim] sample:		59217.57 time, 58990.01 real, 2260 MB, 1.12 load
[runlim] sample:		59227.57 time, 59000.01 real, 2263 MB, 1.10 load
[runlim] sample:		59237.57 time, 59010.01 real, 2266 MB, 1.09 load
[runlim] sample:		59247.57 time, 59020.01 real, 2268 MB, 1.07 load
[runlim] sample:		59257.56 time, 59030.01 real, 2271 MB, 1.06 load
[runlim] sample:		59267.57 time, 59040.01 real, 2274 MB, 1.05 load
[runlim] sample:		59277.56 time, 59050.01 real, 2277 MB, 1.04 load
[runlim] sample:		59287.56 time, 59060.01 real, 2280 MB, 1.04 load
[runlim] sample:		59297.56 time, 59070.01 real, 2284 MB, 1.03 load
[runlim] sample:		59307.57 time, 59080.01 real, 2285 MB, 1.02 load
[runlim] sample:		59317.56 time, 59090.01 real, 2288 MB, 1.02 load
[runlim] sample:		59327.57 time, 59100.02 real, 2292 MB, 1.02 load
[runlim] sample:		59337.56 time, 59110.01 real, 2293 MB, 1.01 load
[runlim] sample:		59347.56 time, 59120.01 real, 2296 MB, 1.01 load
[runlim] sample:		59357.56 time, 59130.01 real, 2299 MB, 1.01 load
[runlim] sample:		59367.56 time, 59140.01 real, 2303 MB, 1.01 load
[runlim] sample:		59377.56 time, 59150.01 real, 2306 MB, 1.01 load
[runlim] sample:		59387.55 time, 59160.01 real, 2307 MB, 1.00 load
[runlim] sample:		59397.56 time, 59170.01 real, 2310 MB, 1.00 load
[runlim] sample:		59407.56 time, 59180.01 real, 2313 MB, 1.00 load
[runlim] sample:		59417.56 time, 59190.01 real, 2316 MB, 1.00 load
[runlim] sample:		59427.56 time, 59200.01 real, 2318 MB, 1.00 load
[runlim] sample:		59437.55 time, 59210.01 real, 2322 MB, 1.00 load
[runlim] sample:		59447.55 time, 59220.01 real, 2324 MB, 1.00 load
[runlim] sample:		59457.56 time, 59230.01 real, 2327 MB, 1.00 load
[runlim] sample:		59467.55 time, 59240.01 real, 2329 MB, 1.00 load
[runlim] sample:		59477.55 time, 59250.01 real, 2334 MB, 1.00 load
[runlim] sample:		59487.55 time, 59260.01 real, 2338 MB, 1.00 load
[runlim] sample:		59497.55 time, 59270.01 real, 2338 MB, 1.00 load
[runlim] sample:		59507.55 time, 59280.01 real, 2343 MB, 1.00 load
[runlim] sample:		59517.54 time, 59290.01 real, 2343 MB, 1.00 load
[runlim] sample:		59527.55 time, 59300.01 real, 2348 MB, 1.00 load
[runlim] sample:		59537.54 time, 59310.01 real, 2349 MB, 1.00 load
[runlim] sample:		59547.55 time, 59320.01 real, 2360 MB, 1.00 load
[runlim] sample:		59557.55 time, 59330.01 real, 2360 MB, 1.00 load
[runlim] sample:		59567.54 time, 59340.01 real, 2363 MB, 1.00 load
[runlim] sample:		59577.54 time, 59350.01 real, 2366 MB, 1.00 load
[runlim] sample:		59587.55 time, 59360.01 real, 2369 MB, 1.00 load
[runlim] sample:		59597.54 time, 59370.01 real, 2391 MB, 1.00 load
[runlim] sample:		59607.54 time, 59380.01 real, 2391 MB, 1.08 load

NN₁: mnist_relu_3_100_gemm.onnx
NN₂: mnist_relu_3_100_0.79_adam_1_stepsize.onnx
Prop: mnist_12_global_5.vnnlib
[runlim] sample:		59617.51 time, 59390.01 real, 2253 MB, 1.07 load
[runlim] sample:		59627.51 time, 59400.01 real, 2253 MB, 1.06 load
[runlim] sample:		59637.51 time, 59410.01 real, 2253 MB, 1.05 load
[runlim] sample:		59647.51 time, 59420.01 real, 2253 MB, 1.11 load
[runlim] sample:		59657.51 time, 59430.01 real, 2253 MB, 1.25 load
[runlim] sample:		59667.50 time, 59440.01 real, 2253 MB, 1.37 load
[runlim] sample:		59677.51 time, 59450.01 real, 2253 MB, 1.31 load
[runlim] sample:		59687.50 time, 59460.01 real, 2253 MB, 1.26 load
[runlim] sample:		59697.50 time, 59470.01 real, 2253 MB, 1.22 load
[runlim] sample:		59707.51 time, 59480.01 real, 2253 MB, 1.19 load
[runlim] sample:		59717.50 time, 59490.01 real, 2253 MB, 1.16 load
[runlim] sample:		59727.50 time, 59500.01 real, 2253 MB, 1.13 load
[runlim] sample:		59737.51 time, 59510.01 real, 2253 MB, 1.11 load
[runlim] sample:		59747.50 time, 59520.01 real, 2253 MB, 1.09 load
[runlim] sample:		59757.50 time, 59530.02 real, 2253 MB, 1.08 load
[runlim] sample:		59767.50 time, 59540.01 real, 2253 MB, 1.07 load
[runlim] sample:		59777.50 time, 59550.01 real, 2253 MB, 1.06 load
[runlim] sample:		59787.50 time, 59560.01 real, 2253 MB, 1.05 load
[runlim] sample:		59797.50 time, 59570.01 real, 2253 MB, 1.11 load
[runlim] sample:		59807.50 time, 59580.02 real, 2253 MB, 1.10 load
[runlim] sample:		59817.49 time, 59590.01 real, 2255 MB, 1.08 load
[runlim] sample:		59827.50 time, 59600.01 real, 2258 MB, 1.07 load
[runlim] sample:		59837.49 time, 59610.01 real, 2260 MB, 1.06 load
[runlim] sample:		59847.50 time, 59620.01 real, 2262 MB, 1.05 load
[runlim] sample:		59857.50 time, 59630.02 real, 2265 MB, 1.04 load
[runlim] sample:		59867.49 time, 59640.01 real, 2267 MB, 1.03 load
[runlim] sample:		59877.49 time, 59650.01 real, 2269 MB, 1.03 load
[runlim] sample:		59887.49 time, 59660.01 real, 2272 MB, 1.02 load
[runlim] sample:		59897.49 time, 59670.01 real, 2275 MB, 1.02 load
[runlim] sample:		59907.49 time, 59680.01 real, 2276 MB, 1.02 load
[runlim] sample:		59917.49 time, 59690.01 real, 2278 MB, 1.01 load
[runlim] sample:		59927.49 time, 59700.01 real, 2281 MB, 1.01 load
[runlim] sample:		59937.49 time, 59710.01 real, 2284 MB, 1.01 load
[runlim] sample:		59947.48 time, 59720.01 real, 2286 MB, 1.01 load
[runlim] sample:		59957.48 time, 59730.01 real, 2289 MB, 1.00 load
[runlim] sample:		59967.49 time, 59740.01 real, 2292 MB, 1.00 load
[runlim] sample:		59977.48 time, 59750.01 real, 2295 MB, 1.00 load
[runlim] sample:		59987.48 time, 59760.01 real, 2296 MB, 1.00 load
[runlim] sample:		59997.49 time, 59770.01 real, 2299 MB, 1.00 load
[runlim] sample:		60007.48 time, 59780.01 real, 2302 MB, 1.00 load
[runlim] sample:		60017.49 time, 59790.01 real, 2305 MB, 1.00 load
[runlim] sample:		60027.48 time, 59800.01 real, 2306 MB, 1.00 load
[runlim] sample:		60037.48 time, 59810.01 real, 2309 MB, 1.16 load
[runlim] sample:		60047.48 time, 59820.01 real, 2311 MB, 1.21 load
[runlim] sample:		60057.48 time, 59830.01 real, 2314 MB, 1.18 load
[runlim] sample:		60067.48 time, 59840.01 real, 2317 MB, 1.15 load
[runlim] sample:		60077.48 time, 59850.01 real, 2319 MB, 1.13 load
[runlim] sample:		60087.47 time, 59860.01 real, 2322 MB, 1.11 load
[runlim] sample:		60097.47 time, 59870.01 real, 2325 MB, 1.09 load
[runlim] sample:		60107.47 time, 59880.01 real, 2326 MB, 1.08 load
[runlim] sample:		60117.47 time, 59890.01 real, 2329 MB, 1.06 load
[runlim] sample:		60127.47 time, 59900.01 real, 2331 MB, 1.05 load
[runlim] sample:		60137.47 time, 59910.01 real, 2335 MB, 1.04 load
[runlim] sample:		60147.47 time, 59920.01 real, 2338 MB, 1.04 load
[runlim] sample:		60157.47 time, 59930.01 real, 2341 MB, 1.19 load
[runlim] sample:		60167.47 time, 59940.01 real, 2341 MB, 1.31 load
[runlim] sample:		60177.47 time, 59950.01 real, 2345 MB, 1.26 load
[runlim] sample:		60187.47 time, 59960.01 real, 2348 MB, 1.22 load
[runlim] sample:		60197.47 time, 59970.01 real, 2354 MB, 1.19 load
[runlim] sample:		60207.46 time, 59980.01 real, 2365 MB, 1.16 load

NN₁: mnist_relu_3_100_gemm.onnx
NN₂: mnist_relu_3_100_0.79_adam_1_stepsize.onnx
Prop: mnist_13_global_4.vnnlib

NN₁: mnist_relu_3_100_gemm.onnx
NN₂: mnist_relu_3_100_0.79_adam_1_stepsize.onnx
Prop: mnist_13_global_5.vnnlib
[runlim] sample:		60217.43 time, 59990.01 real, 2266 MB, 1.13 load
[runlim] sample:		60227.43 time, 60000.01 real, 2266 MB, 1.11 load
[runlim] sample:		60237.42 time, 60010.01 real, 2266 MB, 1.09 load
[runlim] sample:		60247.42 time, 60020.01 real, 2266 MB, 1.08 load
[runlim] sample:		60257.42 time, 60030.01 real, 2266 MB, 1.07 load
[runlim] sample:		60267.42 time, 60040.01 real, 2266 MB, 1.06 load
[runlim] sample:		60277.42 time, 60050.01 real, 2266 MB, 1.05 load
[runlim] sample:		60287.42 time, 60060.01 real, 2266 MB, 1.04 load
[runlim] sample:		60297.41 time, 60070.01 real, 2266 MB, 1.03 load
[runlim] sample:		60307.42 time, 60080.01 real, 2266 MB, 1.03 load
[runlim] sample:		60317.42 time, 60090.01 real, 2266 MB, 1.02 load
[runlim] sample:		60327.41 time, 60100.01 real, 2266 MB, 1.02 load
[runlim] sample:		60337.42 time, 60110.01 real, 2266 MB, 1.09 load
[runlim] sample:		60347.41 time, 60120.01 real, 2266 MB, 1.08 load
[runlim] sample:		60357.42 time, 60130.01 real, 2266 MB, 1.06 load
[runlim] sample:		60367.41 time, 60140.01 real, 2266 MB, 1.05 load
[runlim] sample:		60377.41 time, 60150.01 real, 2266 MB, 1.04 load
[runlim] sample:		60387.41 time, 60160.01 real, 2266 MB, 1.04 load
[runlim] sample:		60397.41 time, 60170.01 real, 2268 MB, 1.03 load
[runlim] sample:		60407.41 time, 60180.01 real, 2272 MB, 1.03 load
[runlim] sample:		60417.41 time, 60190.01 real, 2273 MB, 1.02 load
[runlim] sample:		60427.41 time, 60200.02 real, 2276 MB, 1.02 load
[runlim] sample:		60437.41 time, 60210.01 real, 2279 MB, 1.01 load
[runlim] sample:		60447.40 time, 60220.01 real, 2283 MB, 1.01 load
[runlim] sample:		60457.41 time, 60230.01 real, 2284 MB, 1.01 load
[runlim] sample:		60467.40 time, 60240.01 real, 2287 MB, 1.01 load
[runlim] sample:		60477.41 time, 60250.01 real, 2290 MB, 1.01 load
[runlim] sample:		60487.41 time, 60260.01 real, 2294 MB, 1.00 load
[runlim] sample:		60497.40 time, 60270.01 real, 2296 MB, 1.00 load
[runlim] sample:		60507.40 time, 60280.01 real, 2299 MB, 1.00 load
[runlim] sample:		60517.40 time, 60290.01 real, 2303 MB, 1.00 load
[runlim] sample:		60527.40 time, 60300.01 real, 2304 MB, 1.00 load
[runlim] sample:		60537.40 time, 60310.01 real, 2307 MB, 1.00 load
[runlim] sample:		60547.40 time, 60320.01 real, 2310 MB, 1.00 load
[runlim] sample:		60557.40 time, 60330.01 real, 2312 MB, 1.00 load
[runlim] sample:		60567.39 time, 60340.01 real, 2317 MB, 1.00 load
[runlim] sample:		60577.39 time, 60350.01 real, 2318 MB, 1.00 load
[runlim] sample:		60587.39 time, 60360.01 real, 2321 MB, 1.00 load
[runlim] sample:		60597.39 time, 60370.01 real, 2324 MB, 1.00 load
[runlim] sample:		60607.39 time, 60380.01 real, 2327 MB, 1.00 load
[runlim] sample:		60617.39 time, 60390.01 real, 2329 MB, 1.00 load
[runlim] sample:		60627.40 time, 60400.01 real, 2334 MB, 1.00 load
[runlim] sample:		60637.39 time, 60410.01 real, 2335 MB, 1.00 load
[runlim] sample:		60647.39 time, 60420.01 real, 2338 MB, 1.00 load
[runlim] sample:		60657.39 time, 60430.01 real, 2341 MB, 1.08 load
[runlim] sample:		60667.39 time, 60440.01 real, 2344 MB, 1.22 load
[runlim] sample:		60677.39 time, 60450.01 real, 2350 MB, 1.26 load
[runlim] sample:		60687.39 time, 60460.01 real, 2350 MB, 1.22 load
[runlim] sample:		60697.39 time, 60470.01 real, 2352 MB, 1.19 load
[runlim] sample:		60707.38 time, 60480.01 real, 2355 MB, 1.16 load
[runlim] sample:		60717.39 time, 60490.01 real, 2358 MB, 1.13 load
[runlim] sample:		60727.38 time, 60500.01 real, 2361 MB, 1.11 load
[runlim] sample:		60737.38 time, 60510.01 real, 2364 MB, 1.09 load
[runlim] sample:		60747.38 time, 60520.01 real, 2370 MB, 1.08 load
[runlim] sample:		60757.38 time, 60530.01 real, 2370 MB, 1.07 load
[runlim] sample:		60767.38 time, 60540.01 real, 2373 MB, 1.06 load
[runlim] sample:		60777.38 time, 60550.01 real, 2373 MB, 1.05 load
[runlim] sample:		60787.38 time, 60560.01 real, 2392 MB, 1.04 load
[runlim] sample:		60797.38 time, 60570.01 real, 2392 MB, 1.03 load
[runlim] sample:		60807.38 time, 60580.01 real, 2433 MB, 1.03 load

NN₁: mnist_relu_3_100_gemm.onnx
NN₂: mnist_relu_3_100_0.79_adam_1_stepsize.onnx
Prop: mnist_14_global_4.vnnlib

NN₁: mnist_relu_3_100_gemm.onnx
NN₂: mnist_relu_3_100_0.79_adam_1_stepsize.onnx
Prop: mnist_14_global_5.vnnlib

NN₁: mnist_relu_3_100_gemm.onnx
NN₂: mnist_relu_3_100_0.79_adam_1_stepsize.onnx
Prop: mnist_15_global_4.vnnlib

NN₁: mnist_relu_3_100_gemm.onnx
NN₂: mnist_relu_3_100_0.79_adam_1_stepsize.onnx
Prop: mnist_15_global_5.vnnlib
[runlim] sample:		60817.32 time, 60590.01 real, 2253 MB, 1.02 load
[runlim] sample:		60827.32 time, 60600.01 real, 2253 MB, 1.02 load
[runlim] sample:		60837.32 time, 60610.01 real, 2253 MB, 1.02 load
[runlim] sample:		60847.31 time, 60620.01 real, 2253 MB, 1.01 load
[runlim] sample:		60857.32 time, 60630.01 real, 2253 MB, 1.01 load
[runlim] sample:		60867.32 time, 60640.01 real, 2253 MB, 1.01 load
[runlim] sample:		60877.32 time, 60650.01 real, 2253 MB, 1.01 load
[runlim] sample:		60887.32 time, 60660.01 real, 2253 MB, 1.00 load
[runlim] sample:		60897.31 time, 60670.01 real, 2253 MB, 1.00 load
[runlim] sample:		60907.31 time, 60680.01 real, 2253 MB, 1.00 load
[runlim] sample:		60917.31 time, 60690.01 real, 2253 MB, 1.00 load
[runlim] sample:		60927.31 time, 60700.01 real, 2253 MB, 1.00 load
[runlim] sample:		60937.32 time, 60710.01 real, 2253 MB, 1.00 load
[runlim] sample:		60947.31 time, 60720.01 real, 2253 MB, 1.00 load
[runlim] sample:		60957.31 time, 60730.01 real, 2253 MB, 1.00 load
[runlim] sample:		60967.31 time, 60740.01 real, 2253 MB, 1.00 load
[runlim] sample:		60977.31 time, 60750.01 real, 2253 MB, 1.00 load
[runlim] sample:		60987.31 time, 60760.01 real, 2253 MB, 1.00 load
[runlim] sample:		60997.31 time, 60770.01 real, 2253 MB, 1.00 load
[runlim] sample:		61007.31 time, 60780.01 real, 2253 MB, 1.00 load
[runlim] sample:		61017.30 time, 60790.01 real, 2256 MB, 1.00 load
[runlim] sample:		61027.31 time, 60800.01 real, 2258 MB, 1.00 load
[runlim] sample:		61037.31 time, 60810.01 real, 2261 MB, 1.00 load
[runlim] sample:		61047.31 time, 60820.01 real, 2264 MB, 1.00 load
[runlim] sample:		61057.30 time, 60830.01 real, 2266 MB, 1.00 load
[runlim] sample:		61067.30 time, 60840.01 real, 2269 MB, 1.00 load
[runlim] sample:		61077.30 time, 60850.01 real, 2272 MB, 1.00 load
[runlim] sample:		61087.31 time, 60860.01 real, 2276 MB, 1.00 load
[runlim] sample:		61097.30 time, 60870.01 real, 2278 MB, 1.00 load
[runlim] sample:		61107.30 time, 60880.01 real, 2281 MB, 1.00 load
[runlim] sample:		61117.30 time, 60890.01 real, 2282 MB, 1.00 load
[runlim] sample:		61127.30 time, 60900.01 real, 2285 MB, 1.00 load
[runlim] sample:		61137.30 time, 60910.01 real, 2287 MB, 1.00 load
[runlim] sample:		61147.30 time, 60920.01 real, 2291 MB, 1.00 load
[runlim] sample:		61157.29 time, 60930.01 real, 2294 MB, 1.08 load
[runlim] sample:		61167.29 time, 60940.01 real, 2297 MB, 1.22 load
[runlim] sample:		61177.30 time, 60950.01 real, 2298 MB, 1.19 load
[runlim] sample:		61187.30 time, 60960.02 real, 2301 MB, 1.16 load
[runlim] sample:		61197.29 time, 60970.01 real, 2305 MB, 1.13 load
[runlim] sample:		61207.29 time, 60980.01 real, 2306 MB, 1.11 load
[runlim] sample:		61217.29 time, 60990.01 real, 2309 MB, 1.09 load
[runlim] sample:		61227.29 time, 61000.01 real, 2313 MB, 1.08 load
[runlim] sample:		61237.29 time, 61010.01 real, 2314 MB, 1.07 load
[runlim] sample:		61247.29 time, 61020.01 real, 2316 MB, 1.06 load
[runlim] sample:		61257.28 time, 61030.01 real, 2320 MB, 1.05 load
[runlim] sample:		61267.28 time, 61040.01 real, 2323 MB, 1.04 load
[runlim] sample:		61277.29 time, 61050.01 real, 2324 MB, 1.03 load
[runlim] sample:		61287.28 time, 61060.01 real, 2327 MB, 1.03 load
[runlim] sample:		61297.28 time, 61070.01 real, 2332 MB, 1.02 load
[runlim] sample:		61307.29 time, 61080.01 real, 2332 MB, 1.02 load
[runlim] sample:		61317.28 time, 61090.01 real, 2338 MB, 1.02 load
[runlim] sample:		61327.28 time, 61100.01 real, 2338 MB, 1.01 load
[runlim] sample:		61337.28 time, 61110.01 real, 2344 MB, 1.01 load
[runlim] sample:		61347.28 time, 61120.01 real, 2344 MB, 1.01 load
[runlim] sample:		61357.28 time, 61130.01 real, 2349 MB, 1.01 load
[runlim] sample:		61367.28 time, 61140.01 real, 2349 MB, 1.00 load
[runlim] sample:		61377.28 time, 61150.01 real, 2365 MB, 1.00 load
[runlim] sample:		61387.28 time, 61160.01 real, 2365 MB, 1.00 load
[runlim] sample:		61397.28 time, 61170.01 real, 2359 MB, 1.00 load
[runlim] sample:		61407.27 time, 61180.01 real, 2359 MB, 1.64 load

NN₁: mnist_relu_3_100_gemm.onnx
NN₂: mnist_relu_3_100_0.79_adam_1_stepsize.onnx
Prop: mnist_16_global_4.vnnlib

NN₁: mnist_relu_3_100_gemm.onnx
NN₂: mnist_relu_3_100_0.79_adam_1_stepsize.onnx
Prop: mnist_16_global_5.vnnlib
[runlim] sample:		61417.24 time, 61190.01 real, 2253 MB, 1.62 load
[runlim] sample:		61427.23 time, 61200.01 real, 2253 MB, 1.52 load
[runlim] sample:		61437.23 time, 61210.01 real, 2253 MB, 1.44 load
[runlim] sample:		61447.23 time, 61220.01 real, 2253 MB, 1.37 load
[runlim] sample:		61457.22 time, 61230.01 real, 2253 MB, 1.31 load
[runlim] sample:		61467.22 time, 61240.01 real, 2253 MB, 1.27 load
[runlim] sample:		61477.23 time, 61250.01 real, 2253 MB, 1.22 load
[runlim] sample:		61487.22 time, 61260.01 real, 2253 MB, 1.19 load
[runlim] sample:		61497.23 time, 61270.01 real, 2253 MB, 1.16 load
[runlim] sample:		61507.22 time, 61280.01 real, 2253 MB, 1.13 load
[runlim] sample:		61517.22 time, 61290.01 real, 2253 MB, 1.11 load
[runlim] sample:		61527.22 time, 61300.01 real, 2253 MB, 1.10 load
[runlim] sample:		61537.22 time, 61310.01 real, 2253 MB, 1.08 load
[runlim] sample:		61547.22 time, 61320.01 real, 2253 MB, 1.07 load
[runlim] sample:		61557.21 time, 61330.01 real, 2253 MB, 1.06 load
[runlim] sample:		61567.22 time, 61340.01 real, 2253 MB, 1.05 load
[runlim] sample:		61577.22 time, 61350.01 real, 2253 MB, 1.04 load
[runlim] sample:		61587.22 time, 61360.01 real, 2253 MB, 1.03 load
[runlim] sample:		61597.21 time, 61370.01 real, 2254 MB, 1.17 load
[runlim] sample:		61607.21 time, 61380.01 real, 2255 MB, 1.15 load
[runlim] sample:		61617.22 time, 61390.01 real, 2258 MB, 1.12 load
[runlim] sample:		61627.22 time, 61400.01 real, 2261 MB, 1.10 load
[runlim] sample:		61637.21 time, 61410.01 real, 2264 MB, 1.17 load
[runlim] sample:		61647.21 time, 61420.02 real, 2266 MB, 1.30 load
[runlim] sample:		61657.21 time, 61430.01 real, 2269 MB, 1.33 load
[runlim] sample:		61667.21 time, 61440.01 real, 2272 MB, 1.43 load
[runlim] sample:		61677.20 time, 61450.01 real, 2276 MB, 1.44 load
[runlim] sample:		61687.21 time, 61460.01 real, 2279 MB, 1.37 load
[runlim] sample:		61697.21 time, 61470.01 real, 2280 MB, 1.31 load
[runlim] sample:		61707.20 time, 61480.01 real, 2283 MB, 1.27 load
[runlim] sample:		61717.20 time, 61490.01 real, 2286 MB, 1.30 load
[runlim] sample:		61727.20 time, 61500.01 real, 2288 MB, 1.25 load
[runlim] sample:		61737.20 time, 61510.01 real, 2291 MB, 1.21 load
[runlim] sample:		61747.20 time, 61520.01 real, 2295 MB, 1.18 load
[runlim] sample:		61757.20 time, 61530.01 real, 2298 MB, 1.15 load
[runlim] sample:		61767.20 time, 61540.02 real, 2299 MB, 1.13 load
[runlim] sample:		61777.20 time, 61550.01 real, 2302 MB, 1.11 load
[runlim] sample:		61787.20 time, 61560.01 real, 2306 MB, 1.09 load
[runlim] sample:		61797.20 time, 61570.01 real, 2309 MB, 1.08 load
[runlim] sample:		61807.19 time, 61580.01 real, 2310 MB, 1.06 load
[runlim] sample:		61817.20 time, 61590.01 real, 2313 MB, 1.05 load
[runlim] sample:		61827.19 time, 61600.01 real, 2317 MB, 1.05 load
[runlim] sample:		61837.20 time, 61610.01 real, 2319 MB, 1.04 load
[runlim] sample:		61847.19 time, 61620.01 real, 2323 MB, 1.03 load
[runlim] sample:		61857.19 time, 61630.01 real, 2324 MB, 1.03 load
[runlim] sample:		61867.19 time, 61640.01 real, 2327 MB, 1.02 load
[runlim] sample:		61877.20 time, 61650.01 real, 2331 MB, 1.02 load
[runlim] sample:		61887.19 time, 61660.01 real, 2333 MB, 1.10 load
[runlim] sample:		61897.19 time, 61670.01 real, 2338 MB, 1.08 load
[runlim] sample:		61907.19 time, 61680.01 real, 2338 MB, 1.07 load
[runlim] sample:		61917.18 time, 61690.01 real, 2344 MB, 1.06 load
[runlim] sample:		61927.19 time, 61700.01 real, 2344 MB, 1.12 load
[runlim] sample:		61937.18 time, 61710.01 real, 2347 MB, 1.10 load
[runlim] sample:		61947.18 time, 61720.01 real, 2360 MB, 1.09 load
[runlim] sample:		61957.19 time, 61730.01 real, 2360 MB, 1.07 load
[runlim] sample:		61967.18 time, 61740.01 real, 2363 MB, 1.06 load
[runlim] sample:		61977.18 time, 61750.01 real, 2366 MB, 1.05 load
[runlim] sample:		61987.18 time, 61760.01 real, 2369 MB, 1.04 load
[runlim] sample:		61997.18 time, 61770.01 real, 2398 MB, 1.04 load
[runlim] sample:		62007.18 time, 61780.01 real, 2401 MB, 1.03 load

NN₁: mnist_relu_3_100_gemm.onnx
NN₂: mnist_relu_3_100_0.79_adam_1_stepsize.onnx
Prop: mnist_17_global_4.vnnlib

NN₁: mnist_relu_3_100_gemm.onnx
NN₂: mnist_relu_3_100_0.79_adam_1_stepsize.onnx
Prop: mnist_17_global_5.vnnlib

NN₁: mnist_relu_3_100_gemm.onnx
NN₂: mnist_relu_3_100_0.79_adam_1_stepsize.onnx
Prop: mnist_18_global_4.vnnlib
[runlim] sample:		62017.14 time, 61790.01 real, 2253 MB, 1.02 load
[runlim] sample:		62027.14 time, 61800.01 real, 2253 MB, 1.02 load
[runlim] sample:		62037.14 time, 61810.01 real, 2253 MB, 1.02 load
[runlim] sample:		62047.14 time, 61820.01 real, 2253 MB, 1.01 load
[runlim] sample:		62057.14 time, 61830.01 real, 2253 MB, 1.01 load
[runlim] sample:		62067.14 time, 61840.01 real, 2253 MB, 1.01 load
[runlim] sample:		62077.13 time, 61850.01 real, 2253 MB, 1.01 load
[runlim] sample:		62087.13 time, 61860.01 real, 2253 MB, 1.01 load
[runlim] sample:		62097.14 time, 61870.01 real, 2253 MB, 1.00 load
[runlim] sample:		62107.13 time, 61880.01 real, 2253 MB, 1.00 load
[runlim] sample:		62117.13 time, 61890.01 real, 2253 MB, 1.00 load
[runlim] sample:		62127.14 time, 61900.01 real, 2253 MB, 1.00 load
[runlim] sample:		62137.13 time, 61910.01 real, 2253 MB, 1.00 load
[runlim] sample:		62147.13 time, 61920.01 real, 2253 MB, 1.00 load
[runlim] sample:		62157.13 time, 61930.01 real, 2253 MB, 1.08 load
[runlim] sample:		62167.13 time, 61940.01 real, 2253 MB, 1.22 load
[runlim] sample:		62177.12 time, 61950.01 real, 2253 MB, 1.26 load
[runlim] sample:		62187.13 time, 61960.01 real, 2253 MB, 1.22 load
[runlim] sample:		62197.13 time, 61970.01 real, 2255 MB, 1.19 load
[runlim] sample:		62207.13 time, 61980.01 real, 2260 MB, 1.16 load
[runlim] sample:		62217.12 time, 61990.01 real, 2261 MB, 1.13 load
[runlim] sample:		62227.12 time, 62000.01 real, 2264 MB, 1.11 load
[runlim] sample:		62237.13 time, 62010.01 real, 2267 MB, 1.09 load
[runlim] sample:		62247.12 time, 62020.01 real, 2270 MB, 1.08 load
[runlim] sample:		62257.13 time, 62030.01 real, 2274 MB, 1.07 load
[runlim] sample:		62267.12 time, 62040.01 real, 2275 MB, 1.06 load
[runlim] sample:		62277.12 time, 62050.01 real, 2278 MB, 1.05 load
[runlim] sample:		62287.12 time, 62060.01 real, 2281 MB, 1.04 load
[runlim] sample:		62297.12 time, 62070.01 real, 2285 MB, 1.03 load
[runlim] sample:		62307.11 time, 62080.01 real, 2287 MB, 1.03 load
[runlim] sample:		62317.12 time, 62090.01 real, 2289 MB, 1.02 load
[runlim] sample:		62327.11 time, 62100.01 real, 2293 MB, 1.02 load
[runlim] sample:		62337.11 time, 62110.01 real, 2295 MB, 1.02 load
[runlim] sample:		62347.11 time, 62120.01 real, 2298 MB, 1.01 load
[runlim] sample:		62357.12 time, 62130.01 real, 2301 MB, 1.01 load
[runlim] sample:		62367.11 time, 62140.01 real, 2305 MB, 1.01 load
[runlim] sample:		62377.11 time, 62150.01 real, 2307 MB, 1.01 load
[runlim] sample:		62387.11 time, 62160.01 real, 2311 MB, 1.00 load
[runlim] sample:		62397.11 time, 62170.01 real, 2313 MB, 1.00 load
[runlim] sample:		62407.11 time, 62180.01 real, 2316 MB, 1.00 load
[runlim] sample:		62417.11 time, 62190.01 real, 2319 MB, 1.00 load
[runlim] sample:		62427.11 time, 62200.01 real, 2321 MB, 1.00 load
[runlim] sample:		62437.10 time, 62210.01 real, 2326 MB, 1.00 load
[runlim] sample:		62447.11 time, 62220.01 real, 2327 MB, 1.00 load
[runlim] sample:		62457.10 time, 62230.01 real, 2330 MB, 1.00 load
[runlim] sample:		62467.11 time, 62240.01 real, 2333 MB, 1.00 load
[runlim] sample:		62477.10 time, 62250.01 real, 2338 MB, 1.00 load
[runlim] sample:		62487.11 time, 62260.01 real, 2339 MB, 1.00 load
[runlim] sample:		62497.10 time, 62270.01 real, 2342 MB, 1.00 load
[runlim] sample:		62507.11 time, 62280.01 real, 2345 MB, 1.00 load
[runlim] sample:		62517.11 time, 62290.01 real, 2348 MB, 1.00 load
[runlim] sample:		62527.10 time, 62300.01 real, 2351 MB, 1.00 load
[runlim] sample:		62537.10 time, 62310.01 real, 2379 MB, 1.00 load
[runlim] sample:		62547.10 time, 62320.01 real, 2379 MB, 1.00 load
[runlim] sample:		62557.10 time, 62330.01 real, 2400 MB, 1.00 load
[runlim] sample:		62567.10 time, 62340.01 real, 2400 MB, 1.00 load
[runlim] sample:		62577.09 time, 62350.01 real, 2417 MB, 1.00 load
[runlim] sample:		62587.10 time, 62360.01 real, 2417 MB, 1.00 load
[runlim] sample:		62597.09 time, 62370.01 real, 2444 MB, 1.00 load
[runlim] sample:		62607.10 time, 62380.01 real, 2444 MB, 1.00 load
[runlim] sample:		62617.08 time, 62390.02 real, 2447 MB, 1.00 load

NN₁: mnist_relu_3_100_gemm.onnx
NN₂: mnist_relu_3_100_0.79_adam_1_stepsize.onnx
Prop: mnist_18_global_5.vnnlib
[runlim] sample:		62627.06 time, 62400.01 real, 2253 MB, 1.00 load
[runlim] sample:		62637.06 time, 62410.01 real, 2253 MB, 1.00 load
[runlim] sample:		62647.06 time, 62420.01 real, 2253 MB, 1.00 load
[runlim] sample:		62657.06 time, 62430.01 real, 2253 MB, 1.08 load
[runlim] sample:		62667.06 time, 62440.01 real, 2253 MB, 1.22 load
[runlim] sample:		62677.06 time, 62450.01 real, 2253 MB, 1.26 load
[runlim] sample:		62687.06 time, 62460.01 real, 2253 MB, 1.22 load
[runlim] sample:		62697.05 time, 62470.01 real, 2253 MB, 1.19 load
[runlim] sample:		62707.06 time, 62480.01 real, 2253 MB, 1.16 load
[runlim] sample:		62717.05 time, 62490.01 real, 2253 MB, 1.13 load
[runlim] sample:		62727.05 time, 62500.01 real, 2253 MB, 1.11 load
[runlim] sample:		62737.06 time, 62510.01 real, 2253 MB, 1.09 load
[runlim] sample:		62747.06 time, 62520.01 real, 2253 MB, 1.08 load
[runlim] sample:		62757.05 time, 62530.01 real, 2253 MB, 1.07 load
[runlim] sample:		62767.05 time, 62540.01 real, 2253 MB, 1.06 load
[runlim] sample:		62777.05 time, 62550.01 real, 2253 MB, 1.05 load
[runlim] sample:		62787.05 time, 62560.01 real, 2253 MB, 1.04 load
[runlim] sample:		62797.06 time, 62570.01 real, 2253 MB, 1.03 load
[runlim] sample:		62807.05 time, 62580.01 real, 2254 MB, 1.03 load
[runlim] sample:		62817.05 time, 62590.01 real, 2257 MB, 1.02 load
[runlim] sample:		62827.04 time, 62600.01 real, 2260 MB, 1.02 load
[runlim] sample:		62837.04 time, 62610.01 real, 2263 MB, 1.02 load
[runlim] sample:		62847.05 time, 62620.01 real, 2265 MB, 1.01 load
[runlim] sample:		62857.05 time, 62630.01 real, 2268 MB, 1.08 load
[runlim] sample:		62867.05 time, 62640.01 real, 2272 MB, 1.07 load
[runlim] sample:		62877.04 time, 62650.01 real, 2275 MB, 1.06 load
[runlim] sample:		62887.05 time, 62660.01 real, 2276 MB, 1.05 load
[runlim] sample:		62897.04 time, 62670.01 real, 2279 MB, 1.04 load
[runlim] sample:		62907.05 time, 62680.01 real, 2282 MB, 1.04 load
[runlim] sample:		62917.04 time, 62690.01 real, 2286 MB, 1.03 load
[runlim] sample:		62927.04 time, 62700.01 real, 2287 MB, 1.02 load
[runlim] sample:		62937.04 time, 62710.01 real, 2290 MB, 1.02 load
[runlim] sample:		62947.04 time, 62720.01 real, 2294 MB, 1.02 load
[runlim] sample:		62957.04 time, 62730.01 real, 2297 MB, 1.01 load
[runlim] sample:		62967.04 time, 62740.01 real, 2298 MB, 1.01 load
[runlim] sample:		62977.03 time, 62750.01 real, 2301 MB, 1.01 load
[runlim] sample:		62987.04 time, 62760.01 real, 2305 MB, 1.01 load
[runlim] sample:		62997.03 time, 62770.01 real, 2308 MB, 1.01 load
[runlim] sample:		63007.04 time, 62780.01 real, 2309 MB, 1.00 load
[runlim] sample:		63017.03 time, 62790.01 real, 2312 MB, 1.00 load
[runlim] sample:		63027.03 time, 62800.01 real, 2315 MB, 1.00 load
[runlim] sample:		63037.03 time, 62810.01 real, 2318 MB, 1.00 load
[runlim] sample:		63047.03 time, 62820.01 real, 2321 MB, 1.00 load
[runlim] sample:		63057.03 time, 62830.01 real, 2323 MB, 1.00 load
[runlim] sample:		63067.03 time, 62840.01 real, 2327 MB, 1.00 load
[runlim] sample:		63077.03 time, 62850.01 real, 2329 MB, 1.00 load
[runlim] sample:		63087.03 time, 62860.01 real, 2334 MB, 1.00 load
[runlim] sample:		63097.03 time, 62870.01 real, 2334 MB, 1.00 load
[runlim] sample:		63107.02 time, 62880.01 real, 2339 MB, 1.00 load
[runlim] sample:		63117.02 time, 62890.01 real, 2341 MB, 1.00 load
[runlim] sample:		63127.03 time, 62900.01 real, 2343 MB, 1.00 load
[runlim] sample:		63137.02 time, 62910.01 real, 2348 MB, 1.00 load
[runlim] sample:		63147.02 time, 62920.01 real, 2348 MB, 1.00 load
[runlim] sample:		63157.03 time, 62930.01 real, 2367 MB, 1.08 load
[runlim] sample:		63167.02 time, 62940.01 real, 2367 MB, 1.22 load
[runlim] sample:		63177.02 time, 62950.01 real, 2369 MB, 1.26 load
[runlim] sample:		63187.02 time, 62960.01 real, 2372 MB, 1.22 load
[runlim] sample:		63197.02 time, 62970.01 real, 2375 MB, 1.19 load
[runlim] sample:		63207.02 time, 62980.01 real, 2378 MB, 1.16 load
[runlim] sample:		63217.02 time, 62990.01 real, 2380 MB, 1.13 load

NN₁: mnist_relu_3_100_gemm.onnx
NN₂: mnist_relu_3_100_0.79_adam_1_stepsize.onnx
Prop: mnist_19_global_4.vnnlib

NN₁: mnist_relu_3_100_gemm.onnx
NN₂: mnist_relu_3_100_0.79_adam_1_stepsize.onnx
Prop: mnist_19_global_5.vnnlib
[runlim] sample:		63226.98 time, 63000.01 real, 2266 MB, 1.11 load
[runlim] sample:		63236.99 time, 63010.01 real, 2266 MB, 1.09 load
[runlim] sample:		63246.98 time, 63020.01 real, 2266 MB, 1.08 load
[runlim] sample:		63256.98 time, 63030.01 real, 2266 MB, 1.07 load
[runlim] sample:		63266.98 time, 63040.01 real, 2266 MB, 1.06 load
[runlim] sample:		63276.98 time, 63050.01 real, 2266 MB, 1.05 load
[runlim] sample:		63286.98 time, 63060.01 real, 2266 MB, 1.04 load
[runlim] sample:		63296.98 time, 63070.01 real, 2266 MB, 1.03 load
[runlim] sample:		63306.97 time, 63080.01 real, 2266 MB, 1.03 load
[runlim] sample:		63316.98 time, 63090.01 real, 2266 MB, 1.02 load
[runlim] sample:		63326.98 time, 63100.01 real, 2266 MB, 1.02 load
[runlim] sample:		63336.97 time, 63110.01 real, 2266 MB, 1.02 load
[runlim] sample:		63346.97 time, 63120.01 real, 2266 MB, 1.01 load
[runlim] sample:		63356.97 time, 63130.01 real, 2266 MB, 1.01 load
[runlim] sample:		63366.97 time, 63140.01 real, 2266 MB, 1.01 load
[runlim] sample:		63376.97 time, 63150.01 real, 2266 MB, 1.01 load
[runlim] sample:		63386.98 time, 63160.01 real, 2266 MB, 1.00 load
[runlim] sample:		63396.97 time, 63170.01 real, 2266 MB, 1.00 load
[runlim] sample:		63406.97 time, 63180.01 real, 2266 MB, 1.00 load
[runlim] sample:		63416.96 time, 63190.01 real, 2267 MB, 1.00 load
[runlim] sample:		63426.97 time, 63200.01 real, 2270 MB, 1.00 load
[runlim] sample:		63436.97 time, 63210.01 real, 2272 MB, 1.00 load
[runlim] sample:		63446.97 time, 63220.01 real, 2275 MB, 1.00 load
[runlim] sample:		63456.96 time, 63230.01 real, 2278 MB, 1.00 load
[runlim] sample:		63466.96 time, 63240.01 real, 2279 MB, 1.00 load
[runlim] sample:		63476.97 time, 63250.01 real, 2281 MB, 1.00 load
[runlim] sample:		63486.97 time, 63260.01 real, 2285 MB, 1.00 load
[runlim] sample:		63496.97 time, 63270.01 real, 2286 MB, 1.00 load
[runlim] sample:		63506.96 time, 63280.01 real, 2289 MB, 1.00 load
[runlim] sample:		63516.96 time, 63290.01 real, 2292 MB, 1.00 load
[runlim] sample:		63526.96 time, 63300.01 real, 2294 MB, 1.00 load
[runlim] sample:		63536.96 time, 63310.01 real, 2297 MB, 1.00 load
[runlim] sample:		63546.96 time, 63320.01 real, 2301 MB, 1.00 load
[runlim] sample:		63556.96 time, 63330.01 real, 2302 MB, 1.00 load
[runlim] sample:		63566.96 time, 63340.01 real, 2304 MB, 1.00 load
[runlim] sample:		63576.96 time, 63350.01 real, 2307 MB, 1.00 load
[runlim] sample:		63586.95 time, 63360.01 real, 2310 MB, 1.00 load
[runlim] sample:		63596.96 time, 63370.01 real, 2313 MB, 1.00 load
[runlim] sample:		63606.95 time, 63380.01 real, 2315 MB, 1.00 load
[runlim] sample:		63616.96 time, 63390.01 real, 2317 MB, 1.00 load
[runlim] sample:		63626.95 time, 63400.01 real, 2320 MB, 1.00 load
[runlim] sample:		63636.95 time, 63410.01 real, 2322 MB, 1.00 load
[runlim] sample:		63646.96 time, 63420.01 real, 2325 MB, 1.00 load
[runlim] sample:		63656.95 time, 63430.01 real, 2328 MB, 1.08 load
[runlim] sample:		63666.95 time, 63440.01 real, 2330 MB, 1.22 load
[runlim] sample:		63676.95 time, 63450.01 real, 2333 MB, 1.26 load
[runlim] sample:		63686.95 time, 63460.01 real, 2336 MB, 1.22 load
[runlim] sample:		63696.94 time, 63470.01 real, 2339 MB, 1.19 load
[runlim] sample:		63706.95 time, 63480.01 real, 2340 MB, 1.16 load
[runlim] sample:		63716.94 time, 63490.01 real, 2343 MB, 1.13 load
[runlim] sample:		63726.95 time, 63500.01 real, 2348 MB, 1.11 load
[runlim] sample:		63736.94 time, 63510.01 real, 2348 MB, 1.09 load
[runlim] sample:		63746.95 time, 63520.01 real, 2352 MB, 1.08 load
[runlim] sample:		63756.94 time, 63530.01 real, 2353 MB, 1.07 load
[runlim] sample:		63766.95 time, 63540.01 real, 2358 MB, 1.06 load
[runlim] sample:		63776.94 time, 63550.01 real, 2358 MB, 1.05 load
[runlim] sample:		63786.94 time, 63560.01 real, 2363 MB, 1.04 load
[runlim] sample:		63796.95 time, 63570.01 real, 2363 MB, 1.03 load
[runlim] sample:		63806.94 time, 63580.01 real, 2356 MB, 1.03 load
[runlim] sample:		63816.94 time, 63590.01 real, 2356 MB, 1.02 load

NN₁: mnist_relu_3_100_gemm.onnx
NN₂: mnist_relu_3_100_0.79_adam_1_stepsize.onnx
Prop: mnist_20_global_4.vnnlib

NN₁: mnist_relu_3_100_gemm.onnx
NN₂: mnist_relu_3_100_0.79_adam_1_stepsize.onnx
Prop: mnist_20_global_5.vnnlib
[runlim] sample:		63826.90 time, 63600.01 real, 2253 MB, 1.02 load
[runlim] sample:		63836.89 time, 63610.01 real, 2253 MB, 1.02 load
[runlim] sample:		63846.90 time, 63620.01 real, 2253 MB, 1.01 load
[runlim] sample:		63856.90 time, 63630.01 real, 2253 MB, 1.01 load
[runlim] sample:		63866.89 time, 63640.01 real, 2253 MB, 1.01 load
[runlim] sample:		63876.89 time, 63650.01 real, 2253 MB, 1.01 load
[runlim] sample:		63886.90 time, 63660.01 real, 2253 MB, 1.00 load
[runlim] sample:		63896.89 time, 63670.01 real, 2253 MB, 1.00 load
[runlim] sample:		63906.90 time, 63680.01 real, 2253 MB, 1.00 load
[runlim] sample:		63916.90 time, 63690.01 real, 2253 MB, 1.08 load
[runlim] sample:		63926.89 time, 63700.01 real, 2253 MB, 1.06 load
[runlim] sample:		63936.89 time, 63710.01 real, 2253 MB, 1.05 load
[runlim] sample:		63946.89 time, 63720.01 real, 2253 MB, 1.04 load
[runlim] sample:		63956.89 time, 63730.01 real, 2253 MB, 1.04 load
[runlim] sample:		63966.88 time, 63740.01 real, 2253 MB, 1.03 load
[runlim] sample:		63976.89 time, 63750.01 real, 2253 MB, 1.03 load
[runlim] sample:		63986.89 time, 63760.01 real, 2253 MB, 1.02 load
[runlim] sample:		63996.88 time, 63770.01 real, 2253 MB, 1.02 load
[runlim] sample:		64006.89 time, 63780.01 real, 2255 MB, 1.01 load
[runlim] sample:		64016.88 time, 63790.01 real, 2258 MB, 1.01 load
[runlim] sample:		64026.88 time, 63800.01 real, 2261 MB, 1.01 load
[runlim] sample:		64036.88 time, 63810.01 real, 2264 MB, 1.01 load
[runlim] sample:		64046.89 time, 63820.01 real, 2266 MB, 1.01 load
[runlim] sample:		64056.88 time, 63830.01 real, 2269 MB, 1.00 load
[runlim] sample:		64066.88 time, 63840.01 real, 2272 MB, 1.00 load
[runlim] sample:		64076.88 time, 63850.01 real, 2276 MB, 1.00 load
[runlim] sample:		64086.88 time, 63860.01 real, 2279 MB, 1.00 load
[runlim] sample:		64096.87 time, 63870.01 real, 2280 MB, 1.00 load
[runlim] sample:		64106.88 time, 63880.01 real, 2284 MB, 1.00 load
[runlim] sample:		64116.87 time, 63890.01 real, 2288 MB, 1.00 load
[runlim] sample:		64126.88 time, 63900.01 real, 2289 MB, 1.00 load
[runlim] sample:		64136.87 time, 63910.01 real, 2292 MB, 1.00 load
[runlim] sample:		64146.87 time, 63920.01 real, 2295 MB, 1.00 load
[runlim] sample:		64156.87 time, 63930.01 real, 2299 MB, 1.08 load
[runlim] sample:		64166.88 time, 63940.01 real, 2300 MB, 1.22 load
[runlim] sample:		64176.88 time, 63950.01 real, 2303 MB, 1.19 load
[runlim] sample:		64186.87 time, 63960.01 real, 2306 MB, 1.16 load
[runlim] sample:		64196.87 time, 63970.01 real, 2310 MB, 1.13 load
[runlim] sample:		64206.87 time, 63980.01 real, 2311 MB, 1.11 load
[runlim] sample:		64216.87 time, 63990.01 real, 2316 MB, 1.09 load
[runlim] sample:		64226.86 time, 64000.01 real, 2317 MB, 1.08 load
[runlim] sample:		64236.87 time, 64010.01 real, 2321 MB, 1.07 load
[runlim] sample:		64246.86 time, 64020.01 real, 2323 MB, 1.06 load
[runlim] sample:		64256.87 time, 64030.01 real, 2325 MB, 1.05 load
[runlim] sample:		64266.86 time, 64040.01 real, 2330 MB, 1.04 load
[runlim] sample:		64276.86 time, 64050.01 real, 2331 MB, 1.03 load
[runlim] sample:		64286.86 time, 64060.01 real, 2334 MB, 1.03 load
[runlim] sample:		64296.86 time, 64070.01 real, 2339 MB, 1.02 load
[runlim] sample:		64306.86 time, 64080.01 real, 2340 MB, 1.02 load
[runlim] sample:		64316.86 time, 64090.01 real, 2346 MB, 1.02 load
[runlim] sample:		64326.85 time, 64100.01 real, 2346 MB, 1.01 load
[runlim] sample:		64336.86 time, 64110.01 real, 2348 MB, 1.01 load
[runlim] sample:		64346.86 time, 64120.01 real, 2351 MB, 1.01 load
[runlim] sample:		64356.86 time, 64130.01 real, 2354 MB, 1.01 load
[runlim] sample:		64366.85 time, 64140.01 real, 2377 MB, 1.00 load
[runlim] sample:		64376.85 time, 64150.01 real, 2377 MB, 1.00 load
[runlim] sample:		64386.86 time, 64160.01 real, 2401 MB, 1.00 load
[runlim] sample:		64396.85 time, 64170.01 real, 2401 MB, 1.00 load
[runlim] sample:		64406.85 time, 64180.01 real, 2400 MB, 1.00 load
[runlim] sample:		64416.85 time, 64190.02 real, 2400 MB, 1.00 load

NN₁: mnist_relu_3_100_gemm.onnx
NN₂: mnist_relu_3_100_0.79_adam_1_stepsize.onnx
Prop: mnist_21_global_4.vnnlib
[runlim] sample:		64426.82 time, 64200.01 real, 2253 MB, 1.00 load
[runlim] sample:		64436.82 time, 64210.01 real, 2253 MB, 1.00 load
[runlim] sample:		64446.82 time, 64220.01 real, 2253 MB, 1.00 load
[runlim] sample:		64456.82 time, 64230.01 real, 2253 MB, 1.00 load
[runlim] sample:		64466.82 time, 64240.01 real, 2253 MB, 1.00 load
[runlim] sample:		64476.81 time, 64250.01 real, 2253 MB, 1.00 load
[runlim] sample:		64486.81 time, 64260.01 real, 2253 MB, 1.00 load
[runlim] sample:		64496.82 time, 64270.01 real, 2253 MB, 1.00 load
[runlim] sample:		64506.81 time, 64280.01 real, 2253 MB, 1.00 load
[runlim] sample:		64516.82 time, 64290.01 real, 2253 MB, 1.00 load
[runlim] sample:		64526.81 time, 64300.01 real, 2253 MB, 1.00 load
[runlim] sample:		64536.81 time, 64310.01 real, 2253 MB, 1.00 load
[runlim] sample:		64546.81 time, 64320.01 real, 2253 MB, 1.00 load
[runlim] sample:		64556.81 time, 64330.01 real, 2253 MB, 1.00 load
[runlim] sample:		64566.81 time, 64340.01 real, 2253 MB, 1.00 load
[runlim] sample:		64576.81 time, 64350.01 real, 2253 MB, 1.00 load
[runlim] sample:		64586.81 time, 64360.01 real, 2253 MB, 1.00 load
[runlim] sample:		64596.81 time, 64370.01 real, 2253 MB, 1.00 load
[runlim] sample:		64606.80 time, 64380.01 real, 2253 MB, 1.00 load
[runlim] sample:		64616.81 time, 64390.01 real, 2255 MB, 1.00 load
[runlim] sample:		64626.80 time, 64400.01 real, 2258 MB, 1.00 load
[runlim] sample:		64636.80 time, 64410.01 real, 2260 MB, 1.00 load
[runlim] sample:		64646.80 time, 64420.01 real, 2263 MB, 1.00 load
[runlim] sample:		64656.80 time, 64430.01 real, 2265 MB, 1.08 load
[runlim] sample:		64666.80 time, 64440.01 real, 2268 MB, 1.22 load
[runlim] sample:		64676.80 time, 64450.01 real, 2271 MB, 1.26 load
[runlim] sample:		64686.80 time, 64460.01 real, 2275 MB, 1.22 load
[runlim] sample:		64696.80 time, 64470.01 real, 2278 MB, 1.19 load
[runlim] sample:		64706.80 time, 64480.01 real, 2279 MB, 1.16 load
[runlim] sample:		64716.80 time, 64490.01 real, 2282 MB, 1.13 load
[runlim] sample:		64726.79 time, 64500.01 real, 2285 MB, 1.11 load
[runlim] sample:		64736.80 time, 64510.01 real, 2288 MB, 1.09 load
[runlim] sample:		64746.79 time, 64520.01 real, 2291 MB, 1.08 load
[runlim] sample:		64756.80 time, 64530.01 real, 2292 MB, 1.07 load
[runlim] sample:		64766.80 time, 64540.01 real, 2295 MB, 1.06 load
[runlim] sample:		64776.79 time, 64550.02 real, 2298 MB, 1.05 load
[runlim] sample:		64786.79 time, 64560.01 real, 2300 MB, 1.04 load
[runlim] sample:		64796.79 time, 64570.01 real, 2304 MB, 1.03 load
[runlim] sample:		64806.79 time, 64580.01 real, 2307 MB, 1.03 load
[runlim] sample:		64816.79 time, 64590.01 real, 2308 MB, 1.02 load
[runlim] sample:		64826.79 time, 64600.01 real, 2311 MB, 1.02 load
[runlim] sample:		64836.78 time, 64610.01 real, 2314 MB, 1.02 load
[runlim] sample:		64846.79 time, 64620.01 real, 2318 MB, 1.01 load
[runlim] sample:		64856.78 time, 64630.01 real, 2319 MB, 1.09 load
[runlim] sample:		64866.78 time, 64640.01 real, 2321 MB, 1.08 load
[runlim] sample:		64876.78 time, 64650.01 real, 2324 MB, 1.06 load
[runlim] sample:		64886.78 time, 64660.01 real, 2327 MB, 1.05 load
[runlim] sample:		64896.78 time, 64670.01 real, 2330 MB, 1.04 load
[runlim] sample:		64906.78 time, 64680.01 real, 2335 MB, 1.04 load
[runlim] sample:		64916.78 time, 64690.01 real, 2335 MB, 1.03 load
[runlim] sample:		64926.78 time, 64700.01 real, 2341 MB, 1.03 load
[runlim] sample:		64936.78 time, 64710.01 real, 2341 MB, 1.02 load
[runlim] sample:		64946.78 time, 64720.01 real, 2345 MB, 1.02 load
[runlim] sample:		64956.77 time, 64730.01 real, 2346 MB, 1.01 load
[runlim] sample:		64966.77 time, 64740.01 real, 2354 MB, 1.01 load
[runlim] sample:		64976.77 time, 64750.01 real, 2366 MB, 1.01 load
[runlim] sample:		64986.77 time, 64760.01 real, 2366 MB, 1.01 load
[runlim] sample:		64996.77 time, 64770.01 real, 2368 MB, 1.01 load
[runlim] sample:		65006.77 time, 64780.01 real, 2388 MB, 1.00 load
[runlim] sample:		65016.77 time, 64790.01 real, 2388 MB, 1.00 load

NN₁: mnist_relu_3_100_gemm.onnx
NN₂: mnist_relu_3_100_0.79_adam_1_stepsize.onnx
Prop: mnist_21_global_5.vnnlib
[runlim] sample:		65026.74 time, 64800.01 real, 2261 MB, 1.00 load
[runlim] sample:		65036.73 time, 64810.01 real, 2261 MB, 1.00 load
[runlim] sample:		65046.73 time, 64820.01 real, 2261 MB, 1.00 load
[runlim] sample:		65056.74 time, 64830.01 real, 2261 MB, 1.00 load
[runlim] sample:		65066.74 time, 64840.01 real, 2261 MB, 1.00 load
[runlim] sample:		65076.74 time, 64850.01 real, 2261 MB, 1.00 load
[runlim] sample:		65086.73 time, 64860.01 real, 2261 MB, 1.00 load
[runlim] sample:		65096.73 time, 64870.01 real, 2261 MB, 1.00 load
[runlim] sample:		65106.73 time, 64880.01 real, 2261 MB, 1.00 load
[runlim] sample:		65116.73 time, 64890.01 real, 2261 MB, 1.00 load
[runlim] sample:		65126.73 time, 64900.01 real, 2261 MB, 1.00 load
[runlim] sample:		65136.73 time, 64910.01 real, 2261 MB, 1.00 load
[runlim] sample:		65146.72 time, 64920.01 real, 2261 MB, 1.00 load
[runlim] sample:		65156.73 time, 64930.01 real, 2261 MB, 1.08 load
[runlim] sample:		65166.73 time, 64940.01 real, 2261 MB, 1.22 load
[runlim] sample:		65176.72 time, 64950.01 real, 2261 MB, 1.26 load
[runlim] sample:		65186.73 time, 64960.01 real, 2261 MB, 1.22 load
[runlim] sample:		65196.73 time, 64970.01 real, 2261 MB, 1.19 load
[runlim] sample:		65206.72 time, 64980.01 real, 2261 MB, 1.16 load
[runlim] sample:		65216.72 time, 64990.01 real, 2261 MB, 1.13 load
[runlim] sample:		65226.72 time, 65000.01 real, 2261 MB, 1.11 load
[runlim] sample:		65236.72 time, 65010.01 real, 2264 MB, 1.09 load
[runlim] sample:		65246.72 time, 65020.01 real, 2266 MB, 1.08 load
[runlim] sample:		65256.72 time, 65030.01 real, 2269 MB, 1.07 load
[runlim] sample:		65266.72 time, 65040.01 real, 2271 MB, 1.06 load
[runlim] sample:		65276.72 time, 65050.01 real, 2274 MB, 1.05 load
[runlim] sample:		65286.72 time, 65060.01 real, 2276 MB, 1.04 load
[runlim] sample:		65296.71 time, 65070.01 real, 2279 MB, 1.03 load
[runlim] sample:		65306.71 time, 65080.01 real, 2281 MB, 1.03 load
[runlim] sample:		65316.72 time, 65090.01 real, 2282 MB, 1.02 load
[runlim] sample:		65326.71 time, 65100.01 real, 2285 MB, 1.02 load
[runlim] sample:		65336.71 time, 65110.01 real, 2287 MB, 1.02 load
[runlim] sample:		65346.71 time, 65120.01 real, 2290 MB, 1.01 load
[runlim] sample:		65356.72 time, 65130.01 real, 2293 MB, 1.01 load
[runlim] sample:		65366.71 time, 65140.01 real, 2295 MB, 1.01 load
[runlim] sample:		65376.71 time, 65150.01 real, 2297 MB, 1.01 load
[runlim] sample:		65386.71 time, 65160.01 real, 2301 MB, 1.00 load
[runlim] sample:		65396.71 time, 65170.01 real, 2302 MB, 1.00 load
[runlim] sample:		65406.70 time, 65180.01 real, 2305 MB, 1.00 load
[runlim] sample:		65416.71 time, 65190.01 real, 2308 MB, 1.00 load
[runlim] sample:		65426.71 time, 65200.01 real, 2311 MB, 1.00 load
[runlim] sample:		65436.70 time, 65210.02 real, 2312 MB, 1.00 load
[runlim] sample:		65446.70 time, 65220.01 real, 2314 MB, 1.00 load
[runlim] sample:		65456.70 time, 65230.01 real, 2317 MB, 1.00 load
[runlim] sample:		65466.70 time, 65240.01 real, 2320 MB, 1.00 load
[runlim] sample:		65476.70 time, 65250.01 real, 2322 MB, 1.00 load
[runlim] sample:		65486.70 time, 65260.01 real, 2324 MB, 1.00 load
[runlim] sample:		65496.70 time, 65270.01 real, 2327 MB, 1.00 load
[runlim] sample:		65506.70 time, 65280.01 real, 2330 MB, 1.00 load
[runlim] sample:		65516.70 time, 65290.01 real, 2332 MB, 1.00 load
[runlim] sample:		65526.70 time, 65300.01 real, 2335 MB, 1.00 load
[runlim] sample:		65536.70 time, 65310.01 real, 2337 MB, 1.00 load
[runlim] sample:		65546.70 time, 65320.01 real, 2340 MB, 1.00 load
[runlim] sample:		65556.70 time, 65330.01 real, 2344 MB, 1.00 load
[runlim] sample:		65566.69 time, 65340.01 real, 2344 MB, 1.00 load
[runlim] sample:		65576.69 time, 65350.01 real, 2348 MB, 1.00 load
[runlim] sample:		65586.69 time, 65360.01 real, 2351 MB, 1.00 load
[runlim] sample:		65596.69 time, 65370.01 real, 2351 MB, 1.08 load
[runlim] sample:		65606.69 time, 65380.01 real, 2355 MB, 1.07 load
[runlim] sample:		65616.69 time, 65390.01 real, 2362 MB, 1.06 load

NN₁: mnist_relu_3_100_gemm.onnx
NN₂: mnist_relu_3_100_0.79_adam_1_stepsize.onnx
Prop: mnist_22_global_4.vnnlib

NN₁: mnist_relu_3_100_gemm.onnx
NN₂: mnist_relu_3_100_0.79_adam_1_stepsize.onnx
Prop: mnist_22_global_5.vnnlib
[runlim] sample:		65626.65 time, 65400.01 real, 2265 MB, 1.05 load
[runlim] sample:		65636.65 time, 65410.01 real, 2265 MB, 1.04 load
[runlim] sample:		65646.65 time, 65420.01 real, 2265 MB, 1.03 load
[runlim] sample:		65656.65 time, 65430.01 real, 2265 MB, 1.11 load
[runlim] sample:		65666.64 time, 65440.01 real, 2265 MB, 1.25 load
[runlim] sample:		65676.65 time, 65450.01 real, 2265 MB, 1.21 load
[runlim] sample:		65686.64 time, 65460.01 real, 2265 MB, 1.17 load
[runlim] sample:		65696.65 time, 65470.01 real, 2265 MB, 1.15 load
[runlim] sample:		65706.64 time, 65480.01 real, 2265 MB, 1.12 load
[runlim] sample:		65716.65 time, 65490.01 real, 2265 MB, 1.10 load
[runlim] sample:		65726.64 time, 65500.01 real, 2265 MB, 1.09 load
[runlim] sample:		65736.64 time, 65510.01 real, 2265 MB, 1.07 load
[runlim] sample:		65746.64 time, 65520.01 real, 2265 MB, 1.06 load
[runlim] sample:		65756.64 time, 65530.01 real, 2265 MB, 1.05 load
[runlim] sample:		65766.64 time, 65540.01 real, 2265 MB, 1.04 load
[runlim] sample:		65776.64 time, 65550.01 real, 2265 MB, 1.04 load
[runlim] sample:		65786.64 time, 65560.01 real, 2265 MB, 1.03 load
[runlim] sample:		65796.63 time, 65570.01 real, 2265 MB, 1.02 load
[runlim] sample:		65806.64 time, 65580.01 real, 2270 MB, 1.02 load
[runlim] sample:		65816.63 time, 65590.01 real, 2271 MB, 1.02 load
[runlim] sample:		65826.64 time, 65600.01 real, 2273 MB, 1.01 load
[runlim] sample:		65836.63 time, 65610.01 real, 2277 MB, 1.01 load
[runlim] sample:		65846.63 time, 65620.01 real, 2280 MB, 1.01 load
[runlim] sample:		65856.63 time, 65630.01 real, 2284 MB, 1.01 load
[runlim] sample:		65866.63 time, 65640.01 real, 2287 MB, 1.01 load
[runlim] sample:		65876.63 time, 65650.01 real, 2288 MB, 1.00 load
[runlim] sample:		65886.62 time, 65660.01 real, 2292 MB, 1.00 load
[runlim] sample:		65896.63 time, 65670.01 real, 2295 MB, 1.00 load
[runlim] sample:		65906.62 time, 65680.01 real, 2297 MB, 1.00 load
[runlim] sample:		65916.63 time, 65690.01 real, 2299 MB, 1.00 load
[runlim] sample:		65926.62 time, 65700.01 real, 2303 MB, 1.00 load
[runlim] sample:		65936.63 time, 65710.01 real, 2305 MB, 1.00 load
[runlim] sample:		65946.62 time, 65720.01 real, 2309 MB, 1.00 load
[runlim] sample:		65956.62 time, 65730.01 real, 2311 MB, 1.00 load
[runlim] sample:		65966.62 time, 65740.01 real, 2316 MB, 1.00 load
[runlim] sample:		65976.62 time, 65750.01 real, 2317 MB, 1.00 load
[runlim] sample:		65986.62 time, 65760.01 real, 2322 MB, 1.00 load
[runlim] sample:		65996.62 time, 65770.01 real, 2323 MB, 1.00 load
[runlim] sample:		66006.61 time, 65780.01 real, 2326 MB, 1.00 load
[runlim] sample:		66016.62 time, 65790.01 real, 2328 MB, 1.00 load
[runlim] sample:		66026.61 time, 65800.01 real, 2331 MB, 1.00 load
[runlim] sample:		66036.61 time, 65810.01 real, 2334 MB, 1.00 load
[runlim] sample:		66046.62 time, 65820.01 real, 2338 MB, 1.00 load
[runlim] sample:		66056.62 time, 65830.01 real, 2340 MB, 1.07 load
[runlim] sample:		66066.61 time, 65840.01 real, 2343 MB, 1.06 load
[runlim] sample:		66076.61 time, 65850.01 real, 2346 MB, 1.05 load
[runlim] sample:		66086.61 time, 65860.01 real, 2351 MB, 1.04 load
[runlim] sample:		66096.61 time, 65870.01 real, 2352 MB, 1.04 load
[runlim] sample:		66106.61 time, 65880.01 real, 2355 MB, 1.03 load
[runlim] sample:		66116.61 time, 65890.01 real, 2358 MB, 1.02 load
[runlim] sample:		66126.60 time, 65900.02 real, 2361 MB, 1.02 load
[runlim] sample:		66136.61 time, 65910.01 real, 2354 MB, 1.02 load
[runlim] sample:		66146.61 time, 65920.01 real, 2355 MB, 1.01 load
[runlim] sample:		66156.61 time, 65930.01 real, 2402 MB, 1.09 load
[runlim] sample:		66166.61 time, 65940.01 real, 2403 MB, 1.23 load
[runlim] sample:		66176.61 time, 65950.01 real, 2422 MB, 1.27 load
[runlim] sample:		66186.60 time, 65960.01 real, 2423 MB, 1.23 load
[runlim] sample:		66196.60 time, 65970.01 real, 2445 MB, 1.19 load
[runlim] sample:		66206.60 time, 65980.01 real, 2445 MB, 1.16 load
[runlim] sample:		66216.60 time, 65990.01 real, 2448 MB, 1.14 load

NN₁: mnist_relu_3_100_gemm.onnx
NN₂: mnist_relu_3_100_0.79_adam_1_stepsize.onnx
Prop: mnist_23_global_4.vnnlib
[runlim] sample:		66226.57 time, 66000.01 real, 2253 MB, 1.12 load
[runlim] sample:		66236.57 time, 66010.01 real, 2253 MB, 1.10 load
[runlim] sample:		66246.56 time, 66020.01 real, 2253 MB, 1.08 load
[runlim] sample:		66256.57 time, 66030.01 real, 2253 MB, 1.07 load
[runlim] sample:		66266.57 time, 66040.01 real, 2253 MB, 1.06 load
[runlim] sample:		66276.56 time, 66050.01 real, 2253 MB, 1.05 load
[runlim] sample:		66286.57 time, 66060.01 real, 2253 MB, 1.04 load
[runlim] sample:		66296.56 time, 66070.01 real, 2253 MB, 1.03 load
[runlim] sample:		66306.57 time, 66080.01 real, 2253 MB, 1.03 load
[runlim] sample:		66316.56 time, 66090.01 real, 2253 MB, 1.02 load
[runlim] sample:		66326.56 time, 66100.01 real, 2253 MB, 1.02 load
[runlim] sample:		66336.56 time, 66110.01 real, 2253 MB, 1.02 load
[runlim] sample:		66346.56 time, 66120.01 real, 2253 MB, 1.01 load
[runlim] sample:		66356.56 time, 66130.01 real, 2253 MB, 1.01 load
[runlim] sample:		66366.56 time, 66140.01 real, 2253 MB, 1.01 load
[runlim] sample:		66376.56 time, 66150.01 real, 2253 MB, 1.01 load
[runlim] sample:		66386.56 time, 66160.01 real, 2253 MB, 1.00 load
[runlim] sample:		66396.56 time, 66170.01 real, 2253 MB, 1.00 load
[runlim] sample:		66406.55 time, 66180.01 real, 2254 MB, 1.00 load
[runlim] sample:		66416.55 time, 66190.01 real, 2257 MB, 1.00 load
[runlim] sample:		66426.56 time, 66200.01 real, 2260 MB, 1.00 load
[runlim] sample:		66436.55 time, 66210.01 real, 2264 MB, 1.00 load
[runlim] sample:		66446.55 time, 66220.01 real, 2266 MB, 1.00 load
[runlim] sample:		66456.55 time, 66230.01 real, 2268 MB, 1.00 load
[runlim] sample:		66466.55 time, 66240.01 real, 2271 MB, 1.00 load
[runlim] sample:		66476.55 time, 66250.01 real, 2275 MB, 1.00 load
[runlim] sample:		66486.55 time, 66260.01 real, 2278 MB, 1.00 load
[runlim] sample:		66496.55 time, 66270.01 real, 2280 MB, 1.00 load
[runlim] sample:		66506.54 time, 66280.01 real, 2283 MB, 1.08 load
[runlim] sample:		66516.55 time, 66290.01 real, 2287 MB, 1.07 load
[runlim] sample:		66526.54 time, 66300.01 real, 2288 MB, 1.06 load
[runlim] sample:		66536.55 time, 66310.01 real, 2291 MB, 1.05 load
[runlim] sample:		66546.55 time, 66320.01 real, 2294 MB, 1.04 load
[runlim] sample:		66556.54 time, 66330.01 real, 2297 MB, 1.03 load
[runlim] sample:		66566.54 time, 66340.01 real, 2299 MB, 1.03 load
[runlim] sample:		66576.54 time, 66350.01 real, 2302 MB, 1.18 load
[runlim] sample:		66586.54 time, 66360.01 real, 2305 MB, 1.15 load
[runlim] sample:		66596.54 time, 66370.01 real, 2309 MB, 1.13 load
[runlim] sample:		66606.54 time, 66380.01 real, 2310 MB, 1.11 load
[runlim] sample:		66616.54 time, 66390.01 real, 2313 MB, 1.09 load
[runlim] sample:		66626.54 time, 66400.01 real, 2316 MB, 1.24 load
[runlim] sample:		66636.54 time, 66410.01 real, 2320 MB, 1.20 load
[runlim] sample:		66646.53 time, 66420.01 real, 2322 MB, 1.17 load
[runlim] sample:		66656.53 time, 66430.01 real, 2325 MB, 1.22 load
[runlim] sample:		66666.53 time, 66440.01 real, 2329 MB, 1.34 load
[runlim] sample:		66676.53 time, 66450.01 real, 2330 MB, 1.44 load
[runlim] sample:		66686.53 time, 66460.01 real, 2333 MB, 1.54 load
[runlim] sample:		66696.53 time, 66470.01 real, 2338 MB, 1.45 load
[runlim] sample:		66706.53 time, 66480.01 real, 2339 MB, 1.38 load
[runlim] sample:		66716.53 time, 66490.01 real, 2342 MB, 1.32 load
[runlim] sample:		66726.53 time, 66500.01 real, 2344 MB, 1.27 load
[runlim] sample:		66736.53 time, 66510.01 real, 2347 MB, 1.23 load
[runlim] sample:		66746.53 time, 66520.01 real, 2366 MB, 1.20 load
[runlim] sample:		66756.53 time, 66530.01 real, 2366 MB, 1.17 load
[runlim] sample:		66766.52 time, 66540.01 real, 2368 MB, 1.14 load
[runlim] sample:		66776.53 time, 66550.01 real, 2386 MB, 1.12 load
[runlim] sample:		66786.52 time, 66560.01 real, 2386 MB, 1.10 load
[runlim] sample:		66796.52 time, 66570.01 real, 2406 MB, 1.08 load
[runlim] sample:		66806.52 time, 66580.01 real, 2406 MB, 1.07 load
[runlim] sample:		66816.52 time, 66590.01 real, 2411 MB, 1.06 load

NN₁: mnist_relu_3_100_gemm.onnx
NN₂: mnist_relu_3_100_0.79_adam_1_stepsize.onnx
Prop: mnist_23_global_5.vnnlib
[runlim] sample:		66826.49 time, 66600.01 real, 2259 MB, 1.05 load
[runlim] sample:		66836.49 time, 66610.01 real, 2259 MB, 1.04 load
[runlim] sample:		66846.49 time, 66620.01 real, 2259 MB, 1.03 load
[runlim] sample:		66856.49 time, 66630.01 real, 2259 MB, 1.03 load
[runlim] sample:		66866.49 time, 66640.01 real, 2259 MB, 1.02 load
[runlim] sample:		66876.48 time, 66650.01 real, 2259 MB, 1.02 load
[runlim] sample:		66886.49 time, 66660.01 real, 2259 MB, 1.02 load
[runlim] sample:		66896.49 time, 66670.01 real, 2259 MB, 1.16 load
[runlim] sample:		66906.49 time, 66680.01 real, 2259 MB, 1.14 load
[runlim] sample:		66916.49 time, 66690.01 real, 2259 MB, 1.11 load
[runlim] sample:		66926.48 time, 66700.01 real, 2259 MB, 1.10 load
[runlim] sample:		66936.48 time, 66710.01 real, 2259 MB, 1.08 load
[runlim] sample:		66946.48 time, 66720.01 real, 2259 MB, 1.07 load
[runlim] sample:		66956.48 time, 66730.01 real, 2259 MB, 1.06 load
[runlim] sample:		66966.48 time, 66740.01 real, 2259 MB, 1.05 load
[runlim] sample:		66976.48 time, 66750.01 real, 2259 MB, 1.04 load
[runlim] sample:		66986.47 time, 66760.01 real, 2259 MB, 1.03 load
[runlim] sample:		66996.48 time, 66770.01 real, 2259 MB, 1.03 load
[runlim] sample:		67006.48 time, 66780.01 real, 2259 MB, 1.02 load
[runlim] sample:		67016.47 time, 66790.01 real, 2259 MB, 1.02 load
[runlim] sample:		67026.48 time, 66800.01 real, 2262 MB, 1.02 load
[runlim] sample:		67036.47 time, 66810.01 real, 2264 MB, 1.01 load
[runlim] sample:		67046.47 time, 66820.01 real, 2267 MB, 1.01 load
[runlim] sample:		67056.47 time, 66830.01 real, 2268 MB, 1.01 load
[runlim] sample:		67066.47 time, 66840.01 real, 2271 MB, 1.01 load
[runlim] sample:		67076.47 time, 66850.01 real, 2275 MB, 1.00 load
[runlim] sample:		67086.47 time, 66860.01 real, 2276 MB, 1.00 load
[runlim] sample:		67096.47 time, 66870.01 real, 2278 MB, 1.00 load
[runlim] sample:		67106.47 time, 66880.02 real, 2281 MB, 1.00 load
[runlim] sample:		67116.47 time, 66890.01 real, 2284 MB, 1.00 load
[runlim] sample:		67126.47 time, 66900.01 real, 2288 MB, 1.00 load
[runlim] sample:		67136.46 time, 66910.01 real, 2289 MB, 1.00 load
[runlim] sample:		67146.47 time, 66920.01 real, 2292 MB, 1.00 load
[runlim] sample:		67156.47 time, 66930.01 real, 2295 MB, 1.08 load
[runlim] sample:		67166.46 time, 66940.01 real, 2298 MB, 1.22 load
[runlim] sample:		67176.47 time, 66950.01 real, 2299 MB, 1.33 load
[runlim] sample:		67186.46 time, 66960.01 real, 2302 MB, 1.28 load
[runlim] sample:		67196.46 time, 66970.01 real, 2305 MB, 1.24 load
[runlim] sample:		67206.46 time, 66980.01 real, 2308 MB, 1.20 load
[runlim] sample:		67216.46 time, 66990.01 real, 2310 MB, 1.17 load
[runlim] sample:		67226.46 time, 67000.02 real, 2312 MB, 1.14 load
[runlim] sample:		67236.46 time, 67010.01 real, 2315 MB, 1.12 load
[runlim] sample:		67246.45 time, 67020.01 real, 2317 MB, 1.10 load
[runlim] sample:		67256.46 time, 67030.01 real, 2321 MB, 1.09 load
[runlim] sample:		67266.45 time, 67040.01 real, 2322 MB, 1.07 load
[runlim] sample:		67276.45 time, 67050.01 real, 2325 MB, 1.06 load
[runlim] sample:		67286.45 time, 67060.01 real, 2328 MB, 1.05 load
[runlim] sample:		67296.45 time, 67070.01 real, 2332 MB, 1.04 load
[runlim] sample:		67306.46 time, 67080.01 real, 2333 MB, 1.04 load
[runlim] sample:		67316.45 time, 67090.01 real, 2335 MB, 1.03 load
[runlim] sample:		67326.45 time, 67100.01 real, 2341 MB, 1.02 load
[runlim] sample:		67336.45 time, 67110.01 real, 2341 MB, 1.02 load
[runlim] sample:		67346.45 time, 67120.01 real, 2343 MB, 1.02 load
[runlim] sample:		67356.45 time, 67130.01 real, 2348 MB, 1.01 load
[runlim] sample:		67366.44 time, 67140.01 real, 2348 MB, 1.01 load
[runlim] sample:		67376.45 time, 67150.01 real, 2354 MB, 1.01 load
[runlim] sample:		67386.44 time, 67160.01 real, 2354 MB, 1.01 load
[runlim] sample:		67396.45 time, 67170.01 real, 2368 MB, 1.01 load
[runlim] sample:		67406.45 time, 67180.01 real, 2368 MB, 1.00 load
[runlim] sample:		67416.44 time, 67190.01 real, 2372 MB, 1.00 load

NN₁: mnist_relu_3_100_gemm.onnx
NN₂: mnist_relu_3_100_0.79_adam_1_stepsize.onnx
Prop: mnist_24_global_4.vnnlib
[runlim] sample:		67426.41 time, 67200.01 real, 2253 MB, 1.00 load
[runlim] sample:		67436.42 time, 67210.01 real, 2253 MB, 1.00 load
[runlim] sample:		67446.41 time, 67220.01 real, 2253 MB, 1.15 load
[runlim] sample:		67456.42 time, 67230.01 real, 2253 MB, 1.12 load
[runlim] sample:		67466.41 time, 67240.01 real, 2253 MB, 1.11 load
[runlim] sample:		67476.42 time, 67250.01 real, 2253 MB, 1.09 load
[runlim] sample:		67486.41 time, 67260.01 real, 2253 MB, 1.07 load
[runlim] sample:		67496.41 time, 67270.01 real, 2253 MB, 1.14 load
[runlim] sample:		67506.41 time, 67280.01 real, 2253 MB, 1.12 load
[runlim] sample:		67516.41 time, 67290.01 real, 2253 MB, 1.10 load
[runlim] sample:		67526.41 time, 67300.01 real, 2253 MB, 1.08 load
[runlim] sample:		67536.42 time, 67310.01 real, 2253 MB, 1.07 load
[runlim] sample:		67546.41 time, 67320.01 real, 2253 MB, 1.06 load
[runlim] sample:		67556.40 time, 67330.01 real, 2253 MB, 1.05 load
[runlim] sample:		67566.41 time, 67340.01 real, 2253 MB, 1.04 load
[runlim] sample:		67576.41 time, 67350.01 real, 2253 MB, 1.03 load
[runlim] sample:		67586.41 time, 67360.01 real, 2253 MB, 1.03 load
[runlim] sample:		67596.40 time, 67370.01 real, 2253 MB, 1.02 load
[runlim] sample:		67606.41 time, 67380.01 real, 2253 MB, 1.02 load
[runlim] sample:		67616.40 time, 67390.01 real, 2253 MB, 1.02 load
[runlim] sample:		67626.40 time, 67400.01 real, 2256 MB, 1.01 load
[runlim] sample:		67636.41 time, 67410.01 real, 2259 MB, 1.01 load
[runlim] sample:		67646.40 time, 67420.01 real, 2262 MB, 1.01 load
[runlim] sample:		67656.40 time, 67430.01 real, 2263 MB, 1.09 load
[runlim] sample:		67666.40 time, 67440.01 real, 2267 MB, 1.23 load
[runlim] sample:		67676.40 time, 67450.01 real, 2268 MB, 1.41 load
[runlim] sample:		67686.40 time, 67460.01 real, 2271 MB, 1.35 load
[runlim] sample:		67696.39 time, 67470.01 real, 2274 MB, 1.30 load
[runlim] sample:		67706.40 time, 67480.01 real, 2278 MB, 1.25 load
[runlim] sample:		67716.40 time, 67490.01 real, 2279 MB, 1.21 load
[runlim] sample:		67726.40 time, 67500.01 real, 2282 MB, 1.18 load
[runlim] sample:		67736.40 time, 67510.01 real, 2285 MB, 1.15 load
[runlim] sample:		67746.39 time, 67520.01 real, 2288 MB, 1.13 load
[runlim] sample:		67756.40 time, 67530.01 real, 2291 MB, 1.11 load
[runlim] sample:		67766.39 time, 67540.01 real, 2292 MB, 1.09 load
[runlim] sample:		67776.39 time, 67550.01 real, 2295 MB, 1.08 load
[runlim] sample:		67786.39 time, 67560.01 real, 2298 MB, 1.06 load
[runlim] sample:		67796.39 time, 67570.01 real, 2302 MB, 1.05 load
[runlim] sample:		67806.39 time, 67580.02 real, 2303 MB, 1.04 load
[runlim] sample:		67816.39 time, 67590.01 real, 2306 MB, 1.12 load
[runlim] sample:		67826.39 time, 67600.01 real, 2308 MB, 1.10 load
[runlim] sample:		67836.39 time, 67610.01 real, 2311 MB, 1.08 load
[runlim] sample:		67846.38 time, 67620.01 real, 2314 MB, 1.07 load
[runlim] sample:		67856.38 time, 67630.01 real, 2317 MB, 1.06 load
[runlim] sample:		67866.38 time, 67640.01 real, 2320 MB, 1.05 load
[runlim] sample:		67876.39 time, 67650.01 real, 2321 MB, 1.04 load
[runlim] sample:		67886.38 time, 67660.01 real, 2324 MB, 1.03 load
[runlim] sample:		67896.38 time, 67670.01 real, 2327 MB, 1.03 load
[runlim] sample:		67906.39 time, 67680.01 real, 2329 MB, 1.02 load
[runlim] sample:		67916.38 time, 67690.01 real, 2335 MB, 1.02 load
[runlim] sample:		67926.38 time, 67700.01 real, 2335 MB, 1.02 load
[runlim] sample:		67936.38 time, 67710.01 real, 2339 MB, 1.01 load
[runlim] sample:		67946.37 time, 67720.01 real, 2341 MB, 1.01 load
[runlim] sample:		67956.38 time, 67730.01 real, 2342 MB, 1.01 load
[runlim] sample:		67966.38 time, 67740.01 real, 2347 MB, 1.01 load
[runlim] sample:		67976.38 time, 67750.01 real, 2348 MB, 1.01 load
[runlim] sample:		67986.37 time, 67760.01 real, 2359 MB, 1.00 load
[runlim] sample:		67996.37 time, 67770.01 real, 2356 MB, 1.00 load
[runlim] sample:		68006.37 time, 67780.01 real, 2356 MB, 1.00 load
[runlim] sample:		68016.38 time, 67790.01 real, 2360 MB, 1.00 load

NN₁: mnist_relu_3_100_gemm.onnx
NN₂: mnist_relu_3_100_0.79_adam_1_stepsize.onnx
Prop: mnist_24_global_5.vnnlib
[runlim] sample:		68026.35 time, 67800.01 real, 2253 MB, 1.00 load
[runlim] sample:		68036.34 time, 67810.01 real, 2253 MB, 1.00 load
[runlim] sample:		68046.35 time, 67820.01 real, 2253 MB, 1.00 load
[runlim] sample:		68056.35 time, 67830.01 real, 2253 MB, 1.00 load
[runlim] sample:		68066.34 time, 67840.01 real, 2253 MB, 1.00 load
[runlim] sample:		68076.34 time, 67850.01 real, 2253 MB, 1.00 load
[runlim] sample:		68086.34 time, 67860.01 real, 2253 MB, 1.00 load
[runlim] sample:		68096.34 time, 67870.01 real, 2253 MB, 1.00 load
[runlim] sample:		68106.34 time, 67880.01 real, 2253 MB, 1.00 load
[runlim] sample:		68116.34 time, 67890.01 real, 2253 MB, 1.00 load
[runlim] sample:		68126.33 time, 67900.01 real, 2253 MB, 1.00 load
[runlim] sample:		68136.34 time, 67910.01 real, 2253 MB, 1.00 load
[runlim] sample:		68146.33 time, 67920.01 real, 2253 MB, 1.00 load
[runlim] sample:		68156.34 time, 67930.01 real, 2253 MB, 1.08 load
[runlim] sample:		68166.33 time, 67940.01 real, 2253 MB, 1.22 load
[runlim] sample:		68176.34 time, 67950.01 real, 2253 MB, 1.26 load
[runlim] sample:		68186.33 time, 67960.01 real, 2253 MB, 1.22 load
[runlim] sample:		68196.33 time, 67970.01 real, 2253 MB, 1.19 load
[runlim] sample:		68206.33 time, 67980.01 real, 2253 MB, 1.16 load
[runlim] sample:		68216.33 time, 67990.01 real, 2253 MB, 1.13 load
[runlim] sample:		68226.33 time, 68000.01 real, 2253 MB, 1.11 load
[runlim] sample:		68236.33 time, 68010.01 real, 2253 MB, 1.09 load
[runlim] sample:		68246.32 time, 68020.01 real, 2254 MB, 1.08 load
[runlim] sample:		68256.33 time, 68030.01 real, 2257 MB, 1.07 load
[runlim] sample:		68266.32 time, 68040.01 real, 2259 MB, 1.06 load
[runlim] sample:		68276.33 time, 68050.02 real, 2261 MB, 1.05 load
[runlim] sample:		68286.32 time, 68060.01 real, 2264 MB, 1.04 load
[runlim] sample:		68296.32 time, 68070.01 real, 2266 MB, 1.03 load
[runlim] sample:		68306.32 time, 68080.01 real, 2268 MB, 1.03 load
[runlim] sample:		68316.32 time, 68090.01 real, 2271 MB, 1.02 load
[runlim] sample:		68326.32 time, 68100.01 real, 2275 MB, 1.02 load
[runlim] sample:		68336.32 time, 68110.01 real, 2277 MB, 1.02 load
[runlim] sample:		68346.32 time, 68120.02 real, 2278 MB, 1.01 load
[runlim] sample:		68356.31 time, 68130.01 real, 2280 MB, 1.01 load
[runlim] sample:		68366.32 time, 68140.01 real, 2284 MB, 1.01 load
[runlim] sample:		68376.32 time, 68150.01 real, 2285 MB, 1.01 load
[runlim] sample:		68386.31 time, 68160.01 real, 2287 MB, 1.00 load
[runlim] sample:		68396.31 time, 68170.01 real, 2290 MB, 1.00 load
[runlim] sample:		68406.32 time, 68180.01 real, 2292 MB, 1.00 load
[runlim] sample:		68416.31 time, 68190.01 real, 2295 MB, 1.00 load
[runlim] sample:		68426.32 time, 68200.01 real, 2297 MB, 1.00 load
[runlim] sample:		68436.31 time, 68210.01 real, 2300 MB, 1.00 load
[runlim] sample:		68446.31 time, 68220.01 real, 2302 MB, 1.00 load
[runlim] sample:		68456.31 time, 68230.01 real, 2306 MB, 1.00 load
[runlim] sample:		68466.31 time, 68240.01 real, 2307 MB, 1.00 load
[runlim] sample:		68476.30 time, 68250.01 real, 2309 MB, 1.00 load
[runlim] sample:		68486.31 time, 68260.01 real, 2312 MB, 1.00 load
[runlim] sample:		68496.31 time, 68270.01 real, 2315 MB, 1.00 load
[runlim] sample:		68506.30 time, 68280.01 real, 2316 MB, 1.00 load
[runlim] sample:		68516.31 time, 68290.01 real, 2319 MB, 1.00 load
[runlim] sample:		68526.31 time, 68300.01 real, 2322 MB, 1.00 load
[runlim] sample:		68536.30 time, 68310.01 real, 2326 MB, 1.00 load
[runlim] sample:		68546.30 time, 68320.01 real, 2326 MB, 1.00 load
[runlim] sample:		68556.30 time, 68330.01 real, 2329 MB, 1.00 load
[runlim] sample:		68566.31 time, 68340.01 real, 2332 MB, 1.00 load
[runlim] sample:		68576.30 time, 68350.01 real, 2336 MB, 1.00 load
[runlim] sample:		68586.30 time, 68360.01 real, 2336 MB, 1.07 load
[runlim] sample:		68596.30 time, 68370.01 real, 2340 MB, 1.06 load
[runlim] sample:		68606.29 time, 68380.01 real, 2343 MB, 1.05 load
[runlim] sample:		68616.30 time, 68390.01 real, 2343 MB, 1.04 load

NN₁: mnist_relu_3_100_gemm.onnx
NN₂: mnist_relu_3_100_0.79_adam_1_stepsize.onnx
Prop: mnist_25_global_4.vnnlib
[runlim] sample:		68626.27 time, 68400.01 real, 2258 MB, 1.04 load

NN₁: mnist_relu_3_100_gemm.onnx
NN₂: mnist_relu_3_100_0.79_adam_1_stepsize.onnx
Prop: mnist_25_global_5.vnnlib

NN₁: mnist_relu_3_100_gemm.onnx
NN₂: mnist_relu_3_100_0.79_adam_1_stepsize.onnx
Prop: mnist_26_global_4.vnnlib
[runlim] sample:		68636.24 time, 68410.01 real, 2258 MB, 1.03 load
[runlim] sample:		68646.25 time, 68420.01 real, 2258 MB, 1.10 load
[runlim] sample:		68656.25 time, 68430.01 real, 2258 MB, 1.16 load
[runlim] sample:		68666.24 time, 68440.01 real, 2258 MB, 1.29 load
[runlim] sample:		68676.24 time, 68450.01 real, 2258 MB, 1.32 load
[runlim] sample:		68686.24 time, 68460.01 real, 2258 MB, 1.27 load
[runlim] sample:		68696.24 time, 68470.01 real, 2258 MB, 1.23 load
[runlim] sample:		68706.25 time, 68480.01 real, 2258 MB, 1.19 load
[runlim] sample:		68716.24 time, 68490.02 real, 2258 MB, 1.16 load
[runlim] sample:		68726.24 time, 68500.01 real, 2258 MB, 1.14 load
[runlim] sample:		68736.25 time, 68510.01 real, 2258 MB, 1.12 load
[runlim] sample:		68746.24 time, 68520.01 real, 2258 MB, 1.10 load
[runlim] sample:		68756.24 time, 68530.01 real, 2258 MB, 1.08 load
[runlim] sample:		68766.24 time, 68540.01 real, 2258 MB, 1.07 load
[runlim] sample:		68776.24 time, 68550.01 real, 2258 MB, 1.06 load
[runlim] sample:		68786.24 time, 68560.01 real, 2258 MB, 1.05 load
[runlim] sample:		68796.23 time, 68570.01 real, 2258 MB, 1.04 load
[runlim] sample:		68806.24 time, 68580.01 real, 2262 MB, 1.03 load
[runlim] sample:		68816.23 time, 68590.01 real, 2263 MB, 1.03 load
[runlim] sample:		68826.23 time, 68600.01 real, 2265 MB, 1.02 load
[runlim] sample:		68836.23 time, 68610.01 real, 2269 MB, 1.02 load
[runlim] sample:		68846.23 time, 68620.01 real, 2272 MB, 1.02 load
[runlim] sample:		68856.23 time, 68630.01 real, 2276 MB, 1.01 load
[runlim] sample:		68866.23 time, 68640.01 real, 2277 MB, 1.01 load
[runlim] sample:		68876.23 time, 68650.01 real, 2281 MB, 1.01 load
[runlim] sample:		68886.23 time, 68660.01 real, 2283 MB, 1.01 load
[runlim] sample:		68896.23 time, 68670.01 real, 2286 MB, 1.09 load
[runlim] sample:		68906.23 time, 68680.01 real, 2289 MB, 1.07 load
[runlim] sample:		68916.23 time, 68690.01 real, 2292 MB, 1.06 load
[runlim] sample:		68926.22 time, 68700.01 real, 2294 MB, 1.05 load
[runlim] sample:		68936.23 time, 68710.01 real, 2298 MB, 1.04 load
[runlim] sample:		68946.22 time, 68720.01 real, 2300 MB, 1.04 load
[runlim] sample:		68956.22 time, 68730.01 real, 2305 MB, 1.03 load
[runlim] sample:		68966.23 time, 68740.01 real, 2306 MB, 1.02 load
[runlim] sample:		68976.22 time, 68750.01 real, 2310 MB, 1.02 load
[runlim] sample:		68986.22 time, 68760.01 real, 2314 MB, 1.02 load
[runlim] sample:		68996.22 time, 68770.01 real, 2315 MB, 1.01 load
[runlim] sample:		69006.21 time, 68780.01 real, 2318 MB, 1.01 load
[runlim] sample:		69016.22 time, 68790.01 real, 2321 MB, 1.01 load
[runlim] sample:		69026.22 time, 68800.01 real, 2324 MB, 1.01 load
[runlim] sample:		69036.21 time, 68810.01 real, 2327 MB, 1.01 load
[runlim] sample:		69046.22 time, 68820.01 real, 2329 MB, 1.00 load
[runlim] sample:		69056.22 time, 68830.01 real, 2332 MB, 1.00 load
[runlim] sample:		69066.21 time, 68840.01 real, 2335 MB, 1.00 load
[runlim] sample:		69076.22 time, 68850.01 real, 2338 MB, 1.00 load
[runlim] sample:		69086.21 time, 68860.01 real, 2341 MB, 1.00 load
[runlim] sample:		69096.21 time, 68870.01 real, 2346 MB, 1.00 load
[runlim] sample:		69106.21 time, 68880.01 real, 2351 MB, 1.00 load
[runlim] sample:		69116.21 time, 68890.01 real, 2351 MB, 1.00 load
[runlim] sample:		69126.21 time, 68900.01 real, 2362 MB, 1.00 load
[runlim] sample:		69136.20 time, 68910.02 real, 2362 MB, 1.00 load
[runlim] sample:		69146.21 time, 68920.01 real, 2380 MB, 1.00 load
[runlim] sample:		69156.20 time, 68930.01 real, 2380 MB, 1.08 load
[runlim] sample:		69166.21 time, 68940.01 real, 2383 MB, 1.22 load
[runlim] sample:		69176.20 time, 68950.01 real, 2413 MB, 1.19 load
[runlim] sample:		69186.21 time, 68960.01 real, 2414 MB, 1.16 load
[runlim] sample:		69196.20 time, 68970.01 real, 2433 MB, 1.13 load
[runlim] sample:		69206.20 time, 68980.01 real, 2433 MB, 1.11 load
[runlim] sample:		69216.20 time, 68990.01 real, 2459 MB, 1.09 load
[runlim] sample:		69226.20 time, 69000.01 real, 2459 MB, 1.08 load

NN₁: mnist_relu_3_100_gemm.onnx
NN₂: mnist_relu_3_100_0.79_adam_1_stepsize.onnx
Prop: mnist_26_global_5.vnnlib
[runlim] sample:		69236.17 time, 69010.01 real, 2253 MB, 1.07 load
[runlim] sample:		69246.17 time, 69020.01 real, 2253 MB, 1.06 load
[runlim] sample:		69256.16 time, 69030.01 real, 2253 MB, 1.12 load
[runlim] sample:		69266.17 time, 69040.01 real, 2253 MB, 1.10 load
[runlim] sample:		69276.17 time, 69050.01 real, 2253 MB, 1.09 load
[runlim] sample:		69286.17 time, 69060.01 real, 2253 MB, 1.07 load
[runlim] sample:		69296.16 time, 69070.01 real, 2253 MB, 1.06 load
[runlim] sample:		69306.16 time, 69080.01 real, 2253 MB, 1.05 load
[runlim] sample:		69316.17 time, 69090.01 real, 2253 MB, 1.04 load
[runlim] sample:		69326.16 time, 69100.01 real, 2253 MB, 1.04 load
[runlim] sample:		69336.16 time, 69110.01 real, 2253 MB, 1.03 load
[runlim] sample:		69346.17 time, 69120.02 real, 2253 MB, 1.02 load
[runlim] sample:		69356.16 time, 69130.01 real, 2253 MB, 1.02 load
[runlim] sample:		69366.16 time, 69140.01 real, 2253 MB, 1.02 load
[runlim] sample:		69376.16 time, 69150.01 real, 2253 MB, 1.01 load
[runlim] sample:		69386.16 time, 69160.01 real, 2253 MB, 1.01 load
[runlim] sample:		69396.16 time, 69170.01 real, 2253 MB, 1.01 load
[runlim] sample:		69406.16 time, 69180.01 real, 2253 MB, 1.01 load
[runlim] sample:		69416.15 time, 69190.01 real, 2257 MB, 1.01 load
[runlim] sample:		69426.16 time, 69200.01 real, 2259 MB, 1.23 load
[runlim] sample:		69436.15 time, 69210.01 real, 2262 MB, 1.19 load
[runlim] sample:		69446.16 time, 69220.01 real, 2266 MB, 1.16 load
[runlim] sample:		69456.15 time, 69230.01 real, 2269 MB, 1.14 load
[runlim] sample:		69466.15 time, 69240.01 real, 2270 MB, 1.11 load
[runlim] sample:		69476.15 time, 69250.01 real, 2273 MB, 1.10 load
[runlim] sample:		69486.15 time, 69260.01 real, 2276 MB, 1.08 load
[runlim] sample:		69496.15 time, 69270.01 real, 2280 MB, 1.07 load
[runlim] sample:		69506.15 time, 69280.01 real, 2282 MB, 1.06 load
[runlim] sample:		69516.15 time, 69290.01 real, 2284 MB, 1.05 load
[runlim] sample:		69526.15 time, 69300.01 real, 2288 MB, 1.04 load
[runlim] sample:		69536.15 time, 69310.01 real, 2292 MB, 1.03 load
[runlim] sample:		69546.14 time, 69320.01 real, 2293 MB, 1.03 load
[runlim] sample:		69556.15 time, 69330.02 real, 2296 MB, 1.02 load
[runlim] sample:		69566.14 time, 69340.01 real, 2299 MB, 1.02 load
[runlim] sample:		69576.15 time, 69350.01 real, 2301 MB, 1.02 load
[runlim] sample:		69586.14 time, 69360.01 real, 2306 MB, 1.01 load
[runlim] sample:		69596.14 time, 69370.01 real, 2307 MB, 1.01 load
[runlim] sample:		69606.14 time, 69380.01 real, 2310 MB, 1.01 load
[runlim] sample:		69616.14 time, 69390.01 real, 2313 MB, 1.01 load
[runlim] sample:		69626.14 time, 69400.01 real, 2316 MB, 1.00 load
[runlim] sample:		69636.13 time, 69410.01 real, 2318 MB, 1.00 load
[runlim] sample:		69646.13 time, 69420.01 real, 2322 MB, 1.00 load
[runlim] sample:		69656.13 time, 69430.01 real, 2324 MB, 1.08 load
[runlim] sample:		69666.13 time, 69440.01 real, 2327 MB, 1.22 load
[runlim] sample:		69676.13 time, 69450.01 real, 2330 MB, 1.19 load
[runlim] sample:		69686.13 time, 69460.01 real, 2332 MB, 1.16 load
[runlim] sample:		69696.13 time, 69470.01 real, 2339 MB, 1.13 load
[runlim] sample:		69706.13 time, 69480.01 real, 2339 MB, 1.11 load
[runlim] sample:		69716.13 time, 69490.01 real, 2341 MB, 1.10 load
[runlim] sample:		69726.13 time, 69500.01 real, 2344 MB, 1.15 load
[runlim] sample:		69736.13 time, 69510.01 real, 2347 MB, 1.13 load
[runlim] sample:		69746.13 time, 69520.01 real, 2350 MB, 1.11 load
[runlim] sample:		69756.13 time, 69530.01 real, 2353 MB, 1.09 load
[runlim] sample:		69766.13 time, 69540.01 real, 2373 MB, 1.08 load
[runlim] sample:		69776.12 time, 69550.01 real, 2373 MB, 1.07 load
[runlim] sample:		69786.12 time, 69560.01 real, 2393 MB, 1.06 load
[runlim] sample:		69796.12 time, 69570.01 real, 2394 MB, 1.05 load
[runlim] sample:		69806.12 time, 69580.01 real, 2410 MB, 1.04 load
[runlim] sample:		69816.12 time, 69590.01 real, 2410 MB, 1.03 load
[runlim] sample:		69826.12 time, 69600.01 real, 2414 MB, 1.03 load

NN₁: mnist_relu_3_100_gemm.onnx
NN₂: mnist_relu_3_100_0.79_adam_1_stepsize.onnx
Prop: mnist_27_global_4.vnnlib

NN₁: mnist_relu_3_100_gemm.onnx
NN₂: mnist_relu_3_100_0.79_adam_1_stepsize.onnx
Prop: mnist_27_global_5.vnnlib
[runlim] sample:		69836.07 time, 69610.01 real, 2267 MB, 1.02 load
[runlim] sample:		69846.07 time, 69620.01 real, 2267 MB, 1.02 load
[runlim] sample:		69856.07 time, 69630.01 real, 2267 MB, 1.02 load
[runlim] sample:		69866.06 time, 69640.01 real, 2267 MB, 1.01 load
[runlim] sample:		69876.06 time, 69650.01 real, 2267 MB, 1.01 load
[runlim] sample:		69886.06 time, 69660.01 real, 2267 MB, 1.01 load
[runlim] sample:		69896.06 time, 69670.01 real, 2267 MB, 1.01 load
[runlim] sample:		69906.06 time, 69680.01 real, 2267 MB, 1.00 load
[runlim] sample:		69916.06 time, 69690.01 real, 2267 MB, 1.00 load
[runlim] sample:		69926.05 time, 69700.02 real, 2267 MB, 1.00 load
[runlim] sample:		69936.05 time, 69710.02 real, 2267 MB, 1.00 load
[runlim] sample:		69946.05 time, 69720.01 real, 2267 MB, 1.00 load
[runlim] sample:		69956.04 time, 69730.01 real, 2267 MB, 1.00 load
[runlim] sample:		69966.04 time, 69740.01 real, 2267 MB, 1.00 load
[runlim] sample:		69976.04 time, 69750.01 real, 2267 MB, 1.08 load
[runlim] sample:		69986.04 time, 69760.01 real, 2267 MB, 1.07 load
[runlim] sample:		69996.03 time, 69770.01 real, 2267 MB, 1.06 load
[runlim] sample:		70006.03 time, 69780.01 real, 2267 MB, 1.05 load
[runlim] sample:		70016.03 time, 69790.01 real, 2269 MB, 1.04 load
[runlim] sample:		70026.03 time, 69800.01 real, 2272 MB, 1.11 load
[runlim] sample:		70036.03 time, 69810.01 real, 2274 MB, 1.09 load
[runlim] sample:		70046.03 time, 69820.01 real, 2277 MB, 1.08 load
[runlim] sample:		70056.02 time, 69830.01 real, 2282 MB, 1.06 load
[runlim] sample:		70066.02 time, 69840.01 real, 2283 MB, 1.05 load
[runlim] sample:		70076.02 time, 69850.01 real, 2285 MB, 1.04 load
[runlim] sample:		70086.01 time, 69860.01 real, 2289 MB, 1.04 load
[runlim] sample:		70096.01 time, 69870.01 real, 2292 MB, 1.03 load
[runlim] sample:		70106.00 time, 69880.01 real, 2296 MB, 1.03 load
[runlim] sample:		70116.01 time, 69890.01 real, 2297 MB, 1.02 load
[runlim] sample:		70126.01 time, 69900.01 real, 2300 MB, 1.09 load
[runlim] sample:		70136.00 time, 69910.01 real, 2302 MB, 1.08 load
[runlim] sample:		70146.00 time, 69920.01 real, 2305 MB, 1.06 load
[runlim] sample:		70156.00 time, 69930.01 real, 2308 MB, 1.14 load
[runlim] sample:		70166.00 time, 69940.01 real, 2311 MB, 1.27 load
[runlim] sample:		70175.99 time, 69950.01 real, 2313 MB, 1.30 load
[runlim] sample:		70185.99 time, 69960.01 real, 2316 MB, 1.25 load
[runlim] sample:		70195.98 time, 69970.01 real, 2319 MB, 1.21 load
[runlim] sample:		70205.99 time, 69980.01 real, 2322 MB, 1.18 load
[runlim] sample:		70215.98 time, 69990.01 real, 2324 MB, 1.15 load
[runlim] sample:		70225.98 time, 70000.01 real, 2327 MB, 1.13 load
[runlim] sample:		70235.98 time, 70010.01 real, 2330 MB, 1.11 load
[runlim] sample:		70245.98 time, 70020.01 real, 2333 MB, 1.09 load
[runlim] sample:		70255.98 time, 70030.01 real, 2335 MB, 1.08 load
[runlim] sample:		70265.97 time, 70040.02 real, 2338 MB, 1.06 load
[runlim] sample:		70275.97 time, 70050.01 real, 2341 MB, 1.05 load
[runlim] sample:		70285.96 time, 70060.01 real, 2345 MB, 1.05 load
[runlim] sample:		70295.95 time, 70070.01 real, 2346 MB, 1.04 load
[runlim] sample:		70305.96 time, 70080.01 real, 2352 MB, 1.03 load
[runlim] sample:		70315.95 time, 70090.01 real, 2352 MB, 1.03 load
[runlim] sample:		70325.95 time, 70100.01 real, 2358 MB, 1.10 load
[runlim] sample:		70335.95 time, 70110.01 real, 2358 MB, 1.08 load
[runlim] sample:		70345.94 time, 70120.01 real, 2360 MB, 1.07 load
[runlim] sample:		70355.94 time, 70130.01 real, 2366 MB, 1.06 load
[runlim] sample:		70365.95 time, 70140.01 real, 2366 MB, 1.05 load
[runlim] sample:		70375.93 time, 70150.01 real, 2369 MB, 1.04 load
[runlim] sample:		70385.94 time, 70160.01 real, 2361 MB, 1.03 load
[runlim] sample:		70395.94 time, 70170.01 real, 2361 MB, 1.10 load
[runlim] sample:		70405.93 time, 70180.01 real, 2365 MB, 1.09 load
[runlim] sample:		70415.93 time, 70190.01 real, 2404 MB, 1.07 load
[runlim] sample:		70425.93 time, 70200.01 real, 2405 MB, 1.06 load

NN₁: mnist_relu_3_100_gemm.onnx
NN₂: mnist_relu_3_100_0.79_adam_1_stepsize.onnx
Prop: mnist_28_global_4.vnnlib

NN₁: mnist_relu_3_100_gemm.onnx
NN₂: mnist_relu_3_100_0.79_adam_1_stepsize.onnx
Prop: mnist_28_global_5.vnnlib

NN₁: mnist_relu_3_100_gemm.onnx
NN₂: mnist_relu_3_100_0.79_adam_1_stepsize.onnx
Prop: mnist_29_global_4.vnnlib
[runlim] sample:		70435.89 time, 70210.01 real, 2253 MB, 1.05 load
[runlim] sample:		70445.89 time, 70220.01 real, 2253 MB, 1.04 load
[runlim] sample:		70455.88 time, 70230.01 real, 2253 MB, 1.04 load
[runlim] sample:		70465.89 time, 70240.01 real, 2253 MB, 1.03 load
[runlim] sample:		70475.88 time, 70250.01 real, 2253 MB, 1.02 load
[runlim] sample:		70485.87 time, 70260.01 real, 2253 MB, 1.02 load
[runlim] sample:		70495.88 time, 70270.01 real, 2253 MB, 1.02 load
[runlim] sample:		70505.88 time, 70280.01 real, 2253 MB, 1.01 load
[runlim] sample:		70515.87 time, 70290.01 real, 2253 MB, 1.01 load
[runlim] sample:		70525.88 time, 70300.01 real, 2253 MB, 1.01 load
[runlim] sample:		70535.87 time, 70310.01 real, 2253 MB, 1.01 load
[runlim] sample:		70545.88 time, 70320.01 real, 2253 MB, 1.01 load
[runlim] sample:		70555.87 time, 70330.01 real, 2253 MB, 1.00 load
[runlim] sample:		70565.87 time, 70340.01 real, 2253 MB, 1.15 load
[runlim] sample:		70575.87 time, 70350.01 real, 2253 MB, 1.13 load
[runlim] sample:		70585.87 time, 70360.01 real, 2253 MB, 1.11 load
[runlim] sample:		70595.86 time, 70370.01 real, 2253 MB, 1.09 load
[runlim] sample:		70605.87 time, 70380.01 real, 2253 MB, 1.08 load
[runlim] sample:		70615.87 time, 70390.01 real, 2254 MB, 1.06 load
[runlim] sample:		70625.86 time, 70400.01 real, 2257 MB, 1.05 load
[runlim] sample:		70635.87 time, 70410.01 real, 2259 MB, 1.05 load
[runlim] sample:		70645.86 time, 70420.01 real, 2262 MB, 1.04 load
[runlim] sample:		70655.86 time, 70430.01 real, 2265 MB, 1.11 load
[runlim] sample:		70665.86 time, 70440.01 real, 2269 MB, 1.25 load
[runlim] sample:		70675.86 time, 70450.01 real, 2272 MB, 1.21 load
[runlim] sample:		70685.86 time, 70460.01 real, 2273 MB, 1.18 load
[runlim] sample:		70695.86 time, 70470.01 real, 2276 MB, 1.15 load
[runlim] sample:		70705.85 time, 70480.01 real, 2279 MB, 1.13 load
[runlim] sample:		70715.85 time, 70490.01 real, 2282 MB, 1.11 load
[runlim] sample:		70725.86 time, 70500.01 real, 2286 MB, 1.09 load
[runlim] sample:		70735.85 time, 70510.01 real, 2287 MB, 1.08 load
[runlim] sample:		70745.85 time, 70520.01 real, 2291 MB, 1.06 load
[runlim] sample:		70755.85 time, 70530.01 real, 2293 MB, 1.05 load
[runlim] sample:		70765.85 time, 70540.01 real, 2296 MB, 1.04 load
[runlim] sample:		70775.84 time, 70550.01 real, 2298 MB, 1.04 load
[runlim] sample:		70785.85 time, 70560.01 real, 2302 MB, 1.03 load
[runlim] sample:		70795.84 time, 70570.01 real, 2306 MB, 1.10 load
[runlim] sample:		70805.84 time, 70580.01 real, 2307 MB, 1.08 load
[runlim] sample:		70815.85 time, 70590.01 real, 2309 MB, 1.07 load
[runlim] sample:		70825.84 time, 70600.01 real, 2312 MB, 1.06 load
[runlim] sample:		70835.84 time, 70610.01 real, 2317 MB, 1.05 load
[runlim] sample:		70845.83 time, 70620.01 real, 2318 MB, 1.04 load
[runlim] sample:		70855.84 time, 70630.01 real, 2321 MB, 1.04 load
[runlim] sample:		70865.84 time, 70640.01 real, 2323 MB, 1.10 load
[runlim] sample:		70875.83 time, 70650.01 real, 2326 MB, 1.09 load
[runlim] sample:		70885.84 time, 70660.01 real, 2329 MB, 1.07 load
[runlim] sample:		70895.84 time, 70670.01 real, 2335 MB, 1.06 load
[runlim] sample:		70905.83 time, 70680.01 real, 2335 MB, 1.05 load
[runlim] sample:		70915.83 time, 70690.01 real, 2340 MB, 1.04 load
[runlim] sample:		70925.83 time, 70700.01 real, 2340 MB, 1.04 load
[runlim] sample:		70935.83 time, 70710.01 real, 2345 MB, 1.03 load
[runlim] sample:		70945.82 time, 70720.01 real, 2346 MB, 1.02 load
[runlim] sample:		70955.83 time, 70730.01 real, 2348 MB, 1.02 load
[runlim] sample:		70965.82 time, 70740.01 real, 2362 MB, 1.02 load
[runlim] sample:		70975.82 time, 70750.01 real, 2363 MB, 1.01 load
[runlim] sample:		70985.82 time, 70760.01 real, 2365 MB, 1.01 load
[runlim] sample:		70995.82 time, 70770.01 real, 2368 MB, 1.01 load
[runlim] sample:		71005.82 time, 70780.01 real, 2371 MB, 1.01 load
[runlim] sample:		71015.81 time, 70790.01 real, 2388 MB, 1.01 load
[runlim] sample:		71025.81 time, 70800.01 real, 2388 MB, 1.00 load

NN₁: mnist_relu_3_100_gemm.onnx
NN₂: mnist_relu_3_100_0.79_adam_1_stepsize.onnx
Prop: mnist_29_global_5.vnnlib
[runlim] sample:		71035.78 time, 70810.01 real, 2255 MB, 1.00 load
[runlim] sample:		71045.79 time, 70820.01 real, 2255 MB, 1.00 load
[runlim] sample:		71055.78 time, 70830.01 real, 2255 MB, 1.00 load
[runlim] sample:		71065.78 time, 70840.01 real, 2255 MB, 1.00 load
[runlim] sample:		71075.77 time, 70850.01 real, 2255 MB, 1.00 load
[runlim] sample:		71085.78 time, 70860.01 real, 2255 MB, 1.00 load
[runlim] sample:		71095.78 time, 70870.01 real, 2255 MB, 1.00 load
[runlim] sample:		71105.77 time, 70880.01 real, 2255 MB, 1.00 load
[runlim] sample:		71115.78 time, 70890.01 real, 2255 MB, 1.00 load
[runlim] sample:		71125.78 time, 70900.02 real, 2255 MB, 1.00 load
[runlim] sample:		71135.77 time, 70910.02 real, 2255 MB, 1.00 load
[runlim] sample:		71145.77 time, 70920.01 real, 2255 MB, 1.00 load
[runlim] sample:		71155.77 time, 70930.01 real, 2255 MB, 1.08 load
[runlim] sample:		71165.77 time, 70940.01 real, 2255 MB, 1.22 load
[runlim] sample:		71175.77 time, 70950.01 real, 2255 MB, 1.26 load
[runlim] sample:		71185.77 time, 70960.01 real, 2255 MB, 1.22 load
[runlim] sample:		71195.76 time, 70970.01 real, 2255 MB, 1.19 load
[runlim] sample:		71205.76 time, 70980.01 real, 2255 MB, 1.24 load
[runlim] sample:		71215.77 time, 70990.01 real, 2255 MB, 1.20 load
[runlim] sample:		71225.76 time, 71000.01 real, 2255 MB, 1.17 load
[runlim] sample:		71235.76 time, 71010.01 real, 2258 MB, 1.14 load
[runlim] sample:		71245.76 time, 71020.01 real, 2261 MB, 1.12 load
[runlim] sample:		71255.75 time, 71030.01 real, 2263 MB, 1.10 load
[runlim] sample:		71265.76 time, 71040.01 real, 2267 MB, 1.09 load
[runlim] sample:		71275.75 time, 71050.01 real, 2268 MB, 1.07 load
[runlim] sample:		71285.75 time, 71060.01 real, 2270 MB, 1.06 load
[runlim] sample:		71295.75 time, 71070.01 real, 2273 MB, 1.05 load
[runlim] sample:		71305.75 time, 71080.01 real, 2276 MB, 1.04 load
[runlim] sample:		71315.75 time, 71090.01 real, 2278 MB, 1.04 load
[runlim] sample:		71325.75 time, 71100.01 real, 2281 MB, 1.03 load
[runlim] sample:		71335.74 time, 71110.01 real, 2284 MB, 1.02 load
[runlim] sample:		71345.75 time, 71120.01 real, 2287 MB, 1.02 load
[runlim] sample:		71355.74 time, 71130.01 real, 2290 MB, 1.02 load
[runlim] sample:		71365.75 time, 71140.01 real, 2291 MB, 1.01 load
[runlim] sample:		71375.74 time, 71150.01 real, 2294 MB, 1.01 load
[runlim] sample:		71385.74 time, 71160.01 real, 2297 MB, 1.01 load
[runlim] sample:		71395.74 time, 71170.01 real, 2300 MB, 1.01 load
[runlim] sample:		71405.74 time, 71180.01 real, 2304 MB, 1.01 load
[runlim] sample:		71415.74 time, 71190.01 real, 2305 MB, 1.00 load
[runlim] sample:		71425.73 time, 71200.01 real, 2308 MB, 1.00 load
[runlim] sample:		71435.73 time, 71210.01 real, 2310 MB, 1.00 load
[runlim] sample:		71445.73 time, 71220.01 real, 2313 MB, 1.00 load
[runlim] sample:		71455.73 time, 71230.01 real, 2316 MB, 1.00 load
[runlim] sample:		71465.73 time, 71240.01 real, 2319 MB, 1.07 load
[runlim] sample:		71475.73 time, 71250.01 real, 2320 MB, 1.06 load
[runlim] sample:		71485.73 time, 71260.01 real, 2323 MB, 1.05 load
[runlim] sample:		71495.72 time, 71270.01 real, 2326 MB, 1.04 load
[runlim] sample:		71505.73 time, 71280.01 real, 2330 MB, 1.04 load
[runlim] sample:		71515.72 time, 71290.01 real, 2331 MB, 1.03 load
[runlim] sample:		71525.72 time, 71300.01 real, 2336 MB, 1.02 load
[runlim] sample:		71535.72 time, 71310.01 real, 2336 MB, 1.02 load
[runlim] sample:		71545.72 time, 71320.01 real, 2341 MB, 1.02 load
[runlim] sample:		71555.72 time, 71330.01 real, 2341 MB, 1.16 load
[runlim] sample:		71565.71 time, 71340.01 real, 2346 MB, 1.14 load
[runlim] sample:		71575.72 time, 71350.01 real, 2350 MB, 1.11 load
[runlim] sample:		71585.71 time, 71360.01 real, 2352 MB, 1.10 load
[runlim] sample:		71595.71 time, 71370.01 real, 2363 MB, 1.08 load
[runlim] sample:		71605.71 time, 71380.01 real, 2377 MB, 1.07 load
[runlim] sample:		71615.70 time, 71390.01 real, 2356 MB, 1.06 load
[runlim] sample:		71625.71 time, 71400.01 real, 2394 MB, 1.13 load

NN₁: mnist_relu_3_100_gemm.onnx
NN₂: mnist_relu_3_100_0.79_adam_1_stepsize.onnx
Prop: mnist_30_global_4.vnnlib

NN₁: mnist_relu_3_100_gemm.onnx
NN₂: mnist_relu_3_100_0.79_adam_1_stepsize.onnx
Prop: mnist_30_global_5.vnnlib
[runlim] sample:		71635.67 time, 71410.01 real, 2253 MB, 1.11 load
[runlim] sample:		71645.67 time, 71420.01 real, 2253 MB, 1.09 load
[runlim] sample:		71655.67 time, 71430.01 real, 2253 MB, 1.16 load
[runlim] sample:		71665.67 time, 71440.01 real, 2253 MB, 1.37 load
[runlim] sample:		71675.66 time, 71450.01 real, 2253 MB, 1.38 load
[runlim] sample:		71685.67 time, 71460.02 real, 2253 MB, 1.41 load
[runlim] sample:		71695.66 time, 71470.01 real, 2253 MB, 1.42 load
[runlim] sample:		71705.67 time, 71480.01 real, 2253 MB, 1.51 load
[runlim] sample:		71715.66 time, 71490.01 real, 2253 MB, 1.43 load
[runlim] sample:		71725.65 time, 71500.01 real, 2253 MB, 1.36 load
[runlim] sample:		71735.66 time, 71510.01 real, 2253 MB, 1.30 load
[runlim] sample:		71745.65 time, 71520.01 real, 2253 MB, 1.34 load
[runlim] sample:		71755.66 time, 71530.01 real, 2253 MB, 1.29 load
[runlim] sample:		71765.65 time, 71540.01 real, 2253 MB, 1.24 load
[runlim] sample:		71775.65 time, 71550.01 real, 2253 MB, 1.20 load
[runlim] sample:		71785.65 time, 71560.01 real, 2253 MB, 1.17 load
[runlim] sample:		71795.65 time, 71570.01 real, 2253 MB, 1.15 load
[runlim] sample:		71805.64 time, 71580.02 real, 2254 MB, 1.12 load
[runlim] sample:		71815.65 time, 71590.01 real, 2257 MB, 1.10 load
[runlim] sample:		71825.65 time, 71600.01 real, 2260 MB, 1.09 load
[runlim] sample:		71835.64 time, 71610.01 real, 2264 MB, 1.07 load
[runlim] sample:		71845.65 time, 71620.01 real, 2267 MB, 1.06 load
[runlim] sample:		71855.64 time, 71630.01 real, 2270 MB, 1.05 load
[runlim] sample:		71865.65 time, 71640.01 real, 2272 MB, 1.04 load
[runlim] sample:		71875.64 time, 71650.01 real, 2276 MB, 1.04 load
[runlim] sample:		71885.64 time, 71660.01 real, 2278 MB, 1.03 load
[runlim] sample:		71895.64 time, 71670.01 real, 2281 MB, 1.02 load
[runlim] sample:		71905.63 time, 71680.01 real, 2284 MB, 1.02 load
[runlim] sample:		71915.63 time, 71690.01 real, 2287 MB, 1.02 load
[runlim] sample:		71925.64 time, 71700.01 real, 2290 MB, 1.01 load
[runlim] sample:		71935.63 time, 71710.01 real, 2293 MB, 1.01 load
[runlim] sample:		71945.63 time, 71720.01 real, 2296 MB, 1.01 load
[runlim] sample:		71955.63 time, 71730.01 real, 2299 MB, 1.01 load
[runlim] sample:		71965.63 time, 71740.01 real, 2302 MB, 1.01 load
[runlim] sample:		71975.62 time, 71750.01 real, 2306 MB, 1.00 load
[runlim] sample:		71985.63 time, 71760.01 real, 2307 MB, 1.00 load
[runlim] sample:		71995.62 time, 71770.02 real, 2311 MB, 1.00 load
[runlim] sample:		72005.62 time, 71780.01 real, 2314 MB, 1.00 load
[runlim] sample:		72015.62 time, 71790.01 real, 2317 MB, 1.00 load
[runlim] sample:		72025.62 time, 71800.01 real, 2319 MB, 1.00 load
[runlim] sample:		72035.62 time, 71810.01 real, 2322 MB, 1.00 load
[runlim] sample:		72045.61 time, 71820.01 real, 2326 MB, 1.00 load
[runlim] sample:		72055.62 time, 71830.01 real, 2329 MB, 1.00 load
[runlim] sample:		72065.61 time, 71840.01 real, 2332 MB, 1.00 load
[runlim] sample:		72075.62 time, 71850.01 real, 2339 MB, 1.00 load
[runlim] sample:		72085.61 time, 71860.01 real, 2339 MB, 1.00 load
[runlim] sample:		72095.61 time, 71870.01 real, 2341 MB, 1.00 load
[runlim] sample:		72105.61 time, 71880.01 real, 2347 MB, 1.00 load
[runlim] sample:		72115.61 time, 71890.01 real, 2347 MB, 1.00 load
[runlim] sample:		72125.60 time, 71900.01 real, 2373 MB, 1.00 load
[runlim] sample:		72135.61 time, 71910.01 real, 2373 MB, 1.00 load
[runlim] sample:		72145.60 time, 71920.01 real, 2395 MB, 1.00 load
[runlim] sample:		72155.60 time, 71930.01 real, 2395 MB, 1.08 load
[runlim] sample:		72165.59 time, 71940.01 real, 2398 MB, 1.22 load
[runlim] sample:		72175.60 time, 71950.01 real, 2420 MB, 1.26 load
[runlim] sample:		72185.60 time, 71960.01 real, 2420 MB, 1.22 load
[runlim] sample:		72195.60 time, 71970.01 real, 2445 MB, 1.19 load
[runlim] sample:		72205.60 time, 71980.01 real, 2445 MB, 1.16 load
[runlim] sample:		72215.59 time, 71990.01 real, 2464 MB, 1.13 load
[runlim] sample:		72225.59 time, 72000.01 real, 2464 MB, 1.11 load

NN₁: mnist_relu_3_100_gemm.onnx
NN₂: mnist_relu_3_100_0.79_adam_1_stepsize.onnx
Prop: mnist_31_global_4.vnnlib

NN₁: mnist_relu_3_100_gemm.onnx
NN₂: mnist_relu_3_100_0.79_adam_1_stepsize.onnx
Prop: mnist_31_global_5.vnnlib
[runlim] sample:		72235.56 time, 72010.01 real, 2265 MB, 1.09 load
[runlim] sample:		72245.55 time, 72020.01 real, 2265 MB, 1.08 load
[runlim] sample:		72255.56 time, 72030.01 real, 2265 MB, 1.07 load
[runlim] sample:		72265.55 time, 72040.01 real, 2265 MB, 1.06 load
[runlim] sample:		72275.56 time, 72050.01 real, 2265 MB, 1.05 load
[runlim] sample:		72285.55 time, 72060.01 real, 2265 MB, 1.04 load
[runlim] sample:		72295.55 time, 72070.01 real, 2265 MB, 1.03 load
[runlim] sample:		72305.55 time, 72080.01 real, 2265 MB, 1.10 load
[runlim] sample:		72315.55 time, 72090.01 real, 2265 MB, 1.08 load
[runlim] sample:		72325.54 time, 72100.01 real, 2265 MB, 1.07 load
[runlim] sample:		72335.54 time, 72110.01 real, 2265 MB, 1.06 load
[runlim] sample:		72345.55 time, 72120.01 real, 2265 MB, 1.05 load
[runlim] sample:		72355.55 time, 72130.01 real, 2265 MB, 1.04 load
[runlim] sample:		72365.54 time, 72140.01 real, 2265 MB, 1.04 load
[runlim] sample:		72375.54 time, 72150.01 real, 2265 MB, 1.03 load
[runlim] sample:		72385.54 time, 72160.01 real, 2265 MB, 1.02 load
[runlim] sample:		72395.54 time, 72170.01 real, 2265 MB, 1.02 load
[runlim] sample:		72405.54 time, 72180.01 real, 2265 MB, 1.02 load
[runlim] sample:		72415.54 time, 72190.01 real, 2265 MB, 1.01 load
[runlim] sample:		72425.53 time, 72200.01 real, 2265 MB, 1.01 load
[runlim] sample:		72435.54 time, 72210.01 real, 2267 MB, 1.01 load
[runlim] sample:		72445.53 time, 72220.01 real, 2270 MB, 1.01 load
[runlim] sample:		72455.53 time, 72230.01 real, 2273 MB, 1.08 load
[runlim] sample:		72465.53 time, 72240.01 real, 2275 MB, 1.07 load
[runlim] sample:		72475.52 time, 72250.01 real, 2278 MB, 1.06 load
[runlim] sample:		72485.53 time, 72260.01 real, 2281 MB, 1.05 load
[runlim] sample:		72495.52 time, 72270.01 real, 2285 MB, 1.04 load
[runlim] sample:		72505.52 time, 72280.01 real, 2286 MB, 1.03 load
[runlim] sample:		72515.52 time, 72290.01 real, 2289 MB, 1.03 load
[runlim] sample:		72525.52 time, 72300.01 real, 2292 MB, 1.02 load
[runlim] sample:		72535.52 time, 72310.01 real, 2295 MB, 1.02 load
[runlim] sample:		72545.52 time, 72320.01 real, 2298 MB, 1.02 load
[runlim] sample:		72555.52 time, 72330.01 real, 2299 MB, 1.01 load
[runlim] sample:		72565.51 time, 72340.01 real, 2302 MB, 1.09 load
[runlim] sample:		72575.52 time, 72350.01 real, 2305 MB, 1.08 load
[runlim] sample:		72585.51 time, 72360.01 real, 2308 MB, 1.06 load
[runlim] sample:		72595.51 time, 72370.01 real, 2310 MB, 1.05 load
[runlim] sample:		72605.51 time, 72380.01 real, 2313 MB, 1.04 load
[runlim] sample:		72615.51 time, 72390.01 real, 2317 MB, 1.04 load
[runlim] sample:		72625.51 time, 72400.01 real, 2318 MB, 1.03 load
[runlim] sample:		72635.50 time, 72410.01 real, 2321 MB, 1.03 load
[runlim] sample:		72645.51 time, 72420.01 real, 2324 MB, 1.02 load
[runlim] sample:		72655.50 time, 72430.01 real, 2327 MB, 1.10 load
[runlim] sample:		72665.50 time, 72440.01 real, 2328 MB, 1.24 load
[runlim] sample:		72675.50 time, 72450.01 real, 2331 MB, 1.27 load
[runlim] sample:		72685.50 time, 72460.01 real, 2335 MB, 1.31 load
[runlim] sample:		72695.49 time, 72470.01 real, 2338 MB, 1.26 load
[runlim] sample:		72705.50 time, 72480.01 real, 2339 MB, 1.22 load
[runlim] sample:		72715.49 time, 72490.01 real, 2342 MB, 1.18 load
[runlim] sample:		72725.50 time, 72500.01 real, 2346 MB, 1.16 load
[runlim] sample:		72735.50 time, 72510.01 real, 2347 MB, 1.13 load
[runlim] sample:		72745.49 time, 72520.01 real, 2353 MB, 1.11 load
[runlim] sample:		72755.49 time, 72530.01 real, 2353 MB, 1.09 load
[runlim] sample:		72765.49 time, 72540.01 real, 2355 MB, 1.08 load
[runlim] sample:		72775.49 time, 72550.01 real, 2359 MB, 1.07 load
[runlim] sample:		72785.49 time, 72560.01 real, 2364 MB, 1.06 load
[runlim] sample:		72795.49 time, 72570.01 real, 2364 MB, 1.05 load
[runlim] sample:		72805.48 time, 72580.01 real, 2374 MB, 1.04 load
[runlim] sample:		72815.48 time, 72590.01 real, 2374 MB, 1.03 load
[runlim] sample:		72825.48 time, 72600.01 real, 2378 MB, 1.03 load

NN₁: mnist_relu_3_100_gemm.onnx
NN₂: mnist_relu_3_100_0.79_adam_1_stepsize.onnx
Prop: mnist_32_global_4.vnnlib

NN₁: mnist_relu_3_100_gemm.onnx
NN₂: mnist_relu_3_100_0.79_adam_1_stepsize.onnx
Prop: mnist_32_global_5.vnnlib

NN₁: mnist_relu_3_100_gemm.onnx
NN₂: mnist_relu_3_100_0.79_adam_1_stepsize.onnx
Prop: mnist_33_global_4.vnnlib
[runlim] sample:		72835.44 time, 72610.01 real, 2253 MB, 1.02 load

NN₁: mnist_relu_3_100_gemm.onnx
NN₂: mnist_relu_3_100_0.79_adam_1_stepsize.onnx
Prop: mnist_33_global_5.vnnlib
[runlim] sample:		72845.42 time, 72620.01 real, 2253 MB, 1.09 load
[runlim] sample:		72855.43 time, 72630.02 real, 2253 MB, 1.08 load
[runlim] sample:		72865.42 time, 72640.01 real, 2253 MB, 1.07 load
[runlim] sample:		72875.42 time, 72650.01 real, 2253 MB, 1.06 load
[runlim] sample:		72885.42 time, 72660.01 real, 2253 MB, 1.05 load
[runlim] sample:		72895.42 time, 72670.01 real, 2253 MB, 1.04 load
[runlim] sample:		72905.42 time, 72680.01 real, 2253 MB, 1.03 load
[runlim] sample:		72915.42 time, 72690.01 real, 2253 MB, 1.03 load
[runlim] sample:		72925.41 time, 72700.01 real, 2253 MB, 1.02 load
[runlim] sample:		72935.42 time, 72710.01 real, 2253 MB, 1.02 load
[runlim] sample:		72945.41 time, 72720.01 real, 2253 MB, 1.02 load
[runlim] sample:		72955.41 time, 72730.02 real, 2253 MB, 1.01 load
[runlim] sample:		72965.41 time, 72740.01 real, 2253 MB, 1.01 load
[runlim] sample:		72975.41 time, 72750.01 real, 2253 MB, 1.01 load
[runlim] sample:		72985.41 time, 72760.01 real, 2253 MB, 1.01 load
[runlim] sample:		72995.40 time, 72770.01 real, 2253 MB, 1.00 load
[runlim] sample:		73005.40 time, 72780.01 real, 2253 MB, 1.00 load
[runlim] sample:		73015.41 time, 72790.01 real, 2255 MB, 1.00 load
[runlim] sample:		73025.41 time, 72800.02 real, 2258 MB, 1.00 load
[runlim] sample:		73035.40 time, 72810.01 real, 2260 MB, 1.00 load
[runlim] sample:		73045.40 time, 72820.01 real, 2264 MB, 1.00 load
[runlim] sample:		73055.40 time, 72830.01 real, 2267 MB, 1.00 load
[runlim] sample:		73065.39 time, 72840.01 real, 2270 MB, 1.00 load
[runlim] sample:		73075.40 time, 72850.01 real, 2274 MB, 1.00 load
[runlim] sample:		73085.39 time, 72860.01 real, 2275 MB, 1.00 load
[runlim] sample:		73095.39 time, 72870.01 real, 2278 MB, 1.00 load
[runlim] sample:		73105.40 time, 72880.01 real, 2281 MB, 1.00 load
[runlim] sample:		73115.39 time, 72890.01 real, 2285 MB, 1.00 load
[runlim] sample:		73125.39 time, 72900.01 real, 2286 MB, 1.00 load
[runlim] sample:		73135.38 time, 72910.01 real, 2289 MB, 1.00 load
[runlim] sample:		73145.39 time, 72920.01 real, 2292 MB, 1.00 load
[runlim] sample:		73155.38 time, 72930.02 real, 2295 MB, 1.08 load
[runlim] sample:		73165.39 time, 72940.01 real, 2298 MB, 1.30 load
[runlim] sample:		73175.38 time, 72950.01 real, 2301 MB, 1.32 load
[runlim] sample:		73185.38 time, 72960.01 real, 2303 MB, 1.27 load
[runlim] sample:		73195.38 time, 72970.01 real, 2306 MB, 1.23 load
[runlim] sample:		73205.38 time, 72980.01 real, 2309 MB, 1.20 load
[runlim] sample:		73215.37 time, 72990.01 real, 2314 MB, 1.16 load
[runlim] sample:		73225.37 time, 73000.01 real, 2315 MB, 1.14 load
[runlim] sample:		73235.38 time, 73010.01 real, 2318 MB, 1.12 load
[runlim] sample:		73245.38 time, 73020.01 real, 2321 MB, 1.10 load
[runlim] sample:		73255.37 time, 73030.01 real, 2324 MB, 1.08 load
[runlim] sample:		73265.37 time, 73040.01 real, 2327 MB, 1.07 load
[runlim] sample:		73275.37 time, 73050.01 real, 2330 MB, 1.06 load
[runlim] sample:		73285.37 time, 73060.01 real, 2332 MB, 1.05 load
[runlim] sample:		73295.37 time, 73070.01 real, 2335 MB, 1.04 load
[runlim] sample:		73305.37 time, 73080.01 real, 2338 MB, 1.03 load
[runlim] sample:		73315.37 time, 73090.02 real, 2341 MB, 1.03 load
[runlim] sample:		73325.36 time, 73100.01 real, 2352 MB, 1.02 load
[runlim] sample:		73335.37 time, 73110.01 real, 2352 MB, 1.02 load
[runlim] sample:		73345.36 time, 73120.01 real, 2355 MB, 1.02 load
[runlim] sample:		73355.36 time, 73130.01 real, 2358 MB, 1.01 load
[runlim] sample:		73365.35 time, 73140.01 real, 2389 MB, 1.01 load
[runlim] sample:		73375.36 time, 73150.01 real, 2389 MB, 1.01 load
[runlim] sample:		73385.35 time, 73160.01 real, 2387 MB, 1.01 load
[runlim] sample:		73395.35 time, 73170.01 real, 2387 MB, 1.01 load
[runlim] sample:		73405.35 time, 73180.01 real, 2431 MB, 1.00 load
[runlim] sample:		73415.35 time, 73190.02 real, 2431 MB, 1.00 load
[runlim] sample:		73425.35 time, 73200.01 real, 2434 MB, 1.00 load
[runlim] sample:		73435.35 time, 73210.01 real, 2455 MB, 1.00 load

NN₁: mnist_relu_3_100_gemm.onnx
NN₂: mnist_relu_3_100_0.79_adam_1_stepsize.onnx
Prop: mnist_34_global_4.vnnlib

NN₁: mnist_relu_3_100_gemm.onnx
NN₂: mnist_relu_3_100_0.79_adam_1_stepsize.onnx
Prop: mnist_34_global_5.vnnlib
[runlim] sample:		73445.31 time, 73220.01 real, 2253 MB, 1.00 load
[runlim] sample:		73455.31 time, 73230.01 real, 2253 MB, 1.00 load
[runlim] sample:		73465.31 time, 73240.01 real, 2253 MB, 1.00 load
[runlim] sample:		73475.30 time, 73250.01 real, 2253 MB, 1.00 load
[runlim] sample:		73485.30 time, 73260.01 real, 2253 MB, 1.00 load
[runlim] sample:		73495.30 time, 73270.01 real, 2253 MB, 1.00 load
[runlim] sample:		73505.31 time, 73280.01 real, 2253 MB, 1.00 load
[runlim] sample:		73515.30 time, 73290.01 real, 2253 MB, 1.00 load
[runlim] sample:		73525.30 time, 73300.01 real, 2253 MB, 1.00 load
[runlim] sample:		73535.30 time, 73310.01 real, 2253 MB, 1.00 load
[runlim] sample:		73545.30 time, 73320.01 real, 2253 MB, 1.00 load
[runlim] sample:		73555.29 time, 73330.01 real, 2253 MB, 1.00 load
[runlim] sample:		73565.30 time, 73340.01 real, 2253 MB, 1.00 load
[runlim] sample:		73575.29 time, 73350.01 real, 2253 MB, 1.00 load
[runlim] sample:		73585.29 time, 73360.01 real, 2253 MB, 1.08 load
[runlim] sample:		73595.29 time, 73370.01 real, 2253 MB, 1.07 load
[runlim] sample:		73605.29 time, 73380.01 real, 2253 MB, 1.06 load
[runlim] sample:		73615.28 time, 73390.01 real, 2256 MB, 1.05 load
[runlim] sample:		73625.29 time, 73400.01 real, 2257 MB, 1.04 load
[runlim] sample:		73635.28 time, 73410.02 real, 2260 MB, 1.03 load
[runlim] sample:		73645.29 time, 73420.01 real, 2263 MB, 1.03 load
[runlim] sample:		73655.28 time, 73430.01 real, 2267 MB, 1.10 load
[runlim] sample:		73665.28 time, 73440.01 real, 2270 MB, 1.24 load
[runlim] sample:		73675.28 time, 73450.01 real, 2272 MB, 1.28 load
[runlim] sample:		73685.28 time, 73460.01 real, 2274 MB, 1.24 load
[runlim] sample:		73695.27 time, 73470.01 real, 2278 MB, 1.20 load
[runlim] sample:		73705.28 time, 73480.01 real, 2282 MB, 1.17 load
[runlim] sample:		73715.27 time, 73490.01 real, 2283 MB, 1.14 load
[runlim] sample:		73725.27 time, 73500.01 real, 2286 MB, 1.12 load
[runlim] sample:		73735.28 time, 73510.01 real, 2289 MB, 1.10 load
[runlim] sample:		73745.27 time, 73520.01 real, 2292 MB, 1.08 load
[runlim] sample:		73755.26 time, 73530.01 real, 2294 MB, 1.07 load
[runlim] sample:		73765.27 time, 73540.01 real, 2297 MB, 1.06 load
[runlim] sample:		73775.26 time, 73550.01 real, 2301 MB, 1.05 load
[runlim] sample:		73785.27 time, 73560.01 real, 2303 MB, 1.04 load
[runlim] sample:		73795.27 time, 73570.01 real, 2307 MB, 1.04 load
[runlim] sample:		73805.26 time, 73580.01 real, 2309 MB, 1.03 load
[runlim] sample:		73815.26 time, 73590.01 real, 2312 MB, 1.02 load
[runlim] sample:		73825.27 time, 73600.01 real, 2316 MB, 1.02 load
[runlim] sample:		73835.26 time, 73610.01 real, 2318 MB, 1.02 load
[runlim] sample:		73845.26 time, 73620.01 real, 2320 MB, 1.01 load
[runlim] sample:		73855.25 time, 73630.01 real, 2323 MB, 1.01 load
[runlim] sample:		73865.25 time, 73640.01 real, 2326 MB, 1.01 load
[runlim] sample:		73875.26 time, 73650.01 real, 2329 MB, 1.01 load
[runlim] sample:		73885.26 time, 73660.01 real, 2332 MB, 1.01 load
[runlim] sample:		73895.25 time, 73670.01 real, 2337 MB, 1.00 load
[runlim] sample:		73905.25 time, 73680.01 real, 2340 MB, 1.00 load
[runlim] sample:		73915.25 time, 73690.01 real, 2341 MB, 1.00 load
[runlim] sample:		73925.25 time, 73700.01 real, 2344 MB, 1.00 load
[runlim] sample:		73935.25 time, 73710.01 real, 2347 MB, 1.00 load
[runlim] sample:		73945.25 time, 73720.01 real, 2352 MB, 1.00 load
[runlim] sample:		73955.24 time, 73730.01 real, 2353 MB, 1.00 load
[runlim] sample:		73965.24 time, 73740.01 real, 2396 MB, 1.00 load
[runlim] sample:		73975.24 time, 73750.01 real, 2396 MB, 1.00 load
[runlim] sample:		73985.24 time, 73760.01 real, 2392 MB, 1.00 load
[runlim] sample:		73995.24 time, 73770.01 real, 2393 MB, 1.00 load
[runlim] sample:		74005.24 time, 73780.01 real, 2396 MB, 1.00 load
[runlim] sample:		74015.24 time, 73790.01 real, 2418 MB, 1.00 load
[runlim] sample:		74025.23 time, 73800.01 real, 2419 MB, 1.00 load
[runlim] sample:		74035.23 time, 73810.01 real, 2467 MB, 1.00 load

NN₁: mnist_relu_3_100_gemm.onnx
NN₂: mnist_relu_3_100_0.79_adam_1_stepsize.onnx
Prop: mnist_35_global_4.vnnlib

NN₁: mnist_relu_3_100_gemm.onnx
NN₂: mnist_relu_3_100_0.79_adam_1_stepsize.onnx
Prop: mnist_35_global_5.vnnlib
[runlim] sample:		74045.18 time, 73820.01 real, 2253 MB, 1.00 load
[runlim] sample:		74055.19 time, 73830.01 real, 2253 MB, 1.00 load
[runlim] sample:		74065.18 time, 73840.01 real, 2253 MB, 1.00 load
[runlim] sample:		74075.19 time, 73850.01 real, 2253 MB, 1.00 load
[runlim] sample:		74085.18 time, 73860.02 real, 2253 MB, 1.00 load
[runlim] sample:		74095.19 time, 73870.01 real, 2253 MB, 1.00 load
[runlim] sample:		74105.18 time, 73880.01 real, 2253 MB, 1.00 load
[runlim] sample:		74115.19 time, 73890.01 real, 2253 MB, 1.00 load
[runlim] sample:		74125.18 time, 73900.01 real, 2253 MB, 1.00 load
[runlim] sample:		74135.18 time, 73910.01 real, 2253 MB, 1.00 load
[runlim] sample:		74145.19 time, 73920.01 real, 2253 MB, 1.00 load
[runlim] sample:		74155.18 time, 73930.01 real, 2253 MB, 1.08 load
[runlim] sample:		74165.18 time, 73940.01 real, 2253 MB, 1.22 load
[runlim] sample:		74175.18 time, 73950.01 real, 2253 MB, 1.26 load
[runlim] sample:		74185.18 time, 73960.01 real, 2253 MB, 1.22 load
[runlim] sample:		74195.18 time, 73970.01 real, 2253 MB, 1.19 load
[runlim] sample:		74205.18 time, 73980.01 real, 2253 MB, 1.16 load
[runlim] sample:		74215.18 time, 73990.01 real, 2254 MB, 1.13 load
[runlim] sample:		74225.18 time, 74000.01 real, 2256 MB, 1.11 load
[runlim] sample:		74235.18 time, 74010.01 real, 2260 MB, 1.09 load
[runlim] sample:		74245.18 time, 74020.01 real, 2264 MB, 1.08 load
[runlim] sample:		74255.17 time, 74030.01 real, 2265 MB, 1.07 load
[runlim] sample:		74265.18 time, 74040.01 real, 2268 MB, 1.06 load
[runlim] sample:		74275.17 time, 74050.01 real, 2271 MB, 1.05 load
[runlim] sample:		74285.18 time, 74060.01 real, 2274 MB, 1.04 load
[runlim] sample:		74295.17 time, 74070.01 real, 2276 MB, 1.03 load
[runlim] sample:		74305.17 time, 74080.01 real, 2279 MB, 1.03 load
[runlim] sample:		74315.17 time, 74090.01 real, 2282 MB, 1.02 load
[runlim] sample:		74325.17 time, 74100.01 real, 2286 MB, 1.02 load
[runlim] sample:		74335.17 time, 74110.01 real, 2289 MB, 1.02 load
[runlim] sample:		74345.17 time, 74120.01 real, 2291 MB, 1.01 load
[runlim] sample:		74355.17 time, 74130.01 real, 2293 MB, 1.01 load
[runlim] sample:		74365.17 time, 74140.01 real, 2296 MB, 1.01 load
[runlim] sample:		74375.17 time, 74150.01 real, 2300 MB, 1.01 load
[runlim] sample:		74385.17 time, 74160.01 real, 2302 MB, 1.00 load
[runlim] sample:		74395.17 time, 74170.01 real, 2306 MB, 1.00 load
[runlim] sample:		74405.16 time, 74180.01 real, 2308 MB, 1.00 load
[runlim] sample:		74415.17 time, 74190.01 real, 2311 MB, 1.00 load
[runlim] sample:		74425.16 time, 74200.01 real, 2314 MB, 1.00 load
[runlim] sample:		74435.17 time, 74210.01 real, 2316 MB, 1.00 load
[runlim] sample:		74445.16 time, 74220.01 real, 2321 MB, 1.00 load
[runlim] sample:		74455.16 time, 74230.01 real, 2322 MB, 1.00 load
[runlim] sample:		74465.16 time, 74240.01 real, 2325 MB, 1.00 load
[runlim] sample:		74475.16 time, 74250.01 real, 2331 MB, 1.00 load
[runlim] sample:		74485.16 time, 74260.01 real, 2331 MB, 1.00 load
[runlim] sample:		74495.16 time, 74270.01 real, 2334 MB, 1.00 load
[runlim] sample:		74505.16 time, 74280.01 real, 2337 MB, 1.00 load
[runlim] sample:		74515.16 time, 74290.01 real, 2340 MB, 1.00 load
[runlim] sample:		74525.16 time, 74300.01 real, 2343 MB, 1.15 load
[runlim] sample:		74535.16 time, 74310.01 real, 2346 MB, 1.12 load
[runlim] sample:		74545.16 time, 74320.01 real, 2362 MB, 1.10 load
[runlim] sample:		74555.15 time, 74330.01 real, 2363 MB, 1.09 load
[runlim] sample:		74565.15 time, 74340.01 real, 2369 MB, 1.07 load
[runlim] sample:		74575.15 time, 74350.01 real, 2369 MB, 1.06 load
[runlim] sample:		74585.15 time, 74360.01 real, 2416 MB, 1.05 load
[runlim] sample:		74595.15 time, 74370.01 real, 2416 MB, 1.04 load
[runlim] sample:		74605.15 time, 74380.01 real, 2433 MB, 1.04 load
[runlim] sample:		74615.15 time, 74390.01 real, 2433 MB, 1.03 load
[runlim] sample:		74625.15 time, 74400.01 real, 2436 MB, 1.02 load
[runlim] sample:		74635.15 time, 74410.01 real, 2436 MB, 1.02 load

NN₁: mnist_relu_3_100_gemm.onnx
NN₂: mnist_relu_3_100_0.79_adam_1_stepsize.onnx
Prop: mnist_36_global_4.vnnlib

NN₁: mnist_relu_3_100_gemm.onnx
NN₂: mnist_relu_3_100_0.79_adam_1_stepsize.onnx
Prop: mnist_36_global_5.vnnlib

NN₁: mnist_relu_3_100_gemm.onnx
NN₂: mnist_relu_3_100_0.79_adam_1_stepsize.onnx
Prop: mnist_37_global_4.vnnlib

NN₁: mnist_relu_3_100_gemm.onnx
NN₂: mnist_relu_3_100_0.79_adam_1_stepsize.onnx
Prop: mnist_37_global_5.vnnlib
[runlim] sample:		74645.07 time, 74420.01 real, 2265 MB, 1.02 load
[runlim] sample:		74655.06 time, 74430.01 real, 2265 MB, 1.09 load
[runlim] sample:		74665.07 time, 74440.01 real, 2265 MB, 1.23 load
[runlim] sample:		74675.06 time, 74450.01 real, 2265 MB, 1.27 load
[runlim] sample:		74685.06 time, 74460.01 real, 2265 MB, 1.23 load
[runlim] sample:		74695.06 time, 74470.01 real, 2265 MB, 1.19 load
[runlim] sample:		74705.06 time, 74480.01 real, 2265 MB, 1.16 load
[runlim] sample:		74715.06 time, 74490.01 real, 2265 MB, 1.14 load
[runlim] sample:		74725.06 time, 74500.01 real, 2265 MB, 1.12 load
[runlim] sample:		74735.06 time, 74510.01 real, 2265 MB, 1.10 load
[runlim] sample:		74745.06 time, 74520.01 real, 2265 MB, 1.08 load
[runlim] sample:		74755.06 time, 74530.01 real, 2265 MB, 1.07 load
[runlim] sample:		74765.06 time, 74540.01 real, 2265 MB, 1.06 load
[runlim] sample:		74775.06 time, 74550.01 real, 2265 MB, 1.05 load
[runlim] sample:		74785.05 time, 74560.01 real, 2265 MB, 1.04 load
[runlim] sample:		74795.06 time, 74570.01 real, 2265 MB, 1.03 load
[runlim] sample:		74805.05 time, 74580.01 real, 2265 MB, 1.03 load
[runlim] sample:		74815.06 time, 74590.01 real, 2265 MB, 1.02 load
[runlim] sample:		74825.05 time, 74600.01 real, 2265 MB, 1.02 load
[runlim] sample:		74835.05 time, 74610.01 real, 2270 MB, 1.02 load
[runlim] sample:		74845.05 time, 74620.01 real, 2271 MB, 1.01 load
[runlim] sample:		74855.05 time, 74630.01 real, 2274 MB, 1.01 load
[runlim] sample:		74865.05 time, 74640.01 real, 2277 MB, 1.01 load
[runlim] sample:		74875.05 time, 74650.01 real, 2280 MB, 1.01 load
[runlim] sample:		74885.05 time, 74660.01 real, 2282 MB, 1.00 load
[runlim] sample:		74895.05 time, 74670.01 real, 2286 MB, 1.00 load
[runlim] sample:		74905.04 time, 74680.01 real, 2289 MB, 1.00 load
[runlim] sample:		74915.05 time, 74690.01 real, 2292 MB, 1.00 load
[runlim] sample:		74925.05 time, 74700.01 real, 2293 MB, 1.00 load
[runlim] sample:		74935.05 time, 74710.01 real, 2296 MB, 1.00 load
[runlim] sample:		74945.04 time, 74720.01 real, 2300 MB, 1.00 load
[runlim] sample:		74955.04 time, 74730.01 real, 2302 MB, 1.00 load
[runlim] sample:		74965.04 time, 74740.01 real, 2305 MB, 1.00 load
[runlim] sample:		74975.04 time, 74750.01 real, 2309 MB, 1.00 load
[runlim] sample:		74985.05 time, 74760.01 real, 2310 MB, 1.00 load
[runlim] sample:		74995.04 time, 74770.01 real, 2313 MB, 1.00 load
[runlim] sample:		75005.03 time, 74780.01 real, 2316 MB, 1.00 load
[runlim] sample:		75015.04 time, 74790.01 real, 2319 MB, 1.00 load
[runlim] sample:		75025.03 time, 74800.01 real, 2321 MB, 1.00 load
[runlim] sample:		75035.03 time, 74810.01 real, 2325 MB, 1.00 load
[runlim] sample:		75045.04 time, 74820.01 real, 2326 MB, 1.00 load
[runlim] sample:		75055.03 time, 74830.01 real, 2329 MB, 1.00 load
[runlim] sample:		75065.03 time, 74840.01 real, 2332 MB, 1.00 load
[runlim] sample:		75075.03 time, 74850.01 real, 2335 MB, 1.00 load
[runlim] sample:		75085.04 time, 74860.01 real, 2338 MB, 1.00 load
[runlim] sample:		75095.03 time, 74870.01 real, 2341 MB, 1.00 load
[runlim] sample:		75105.04 time, 74880.01 real, 2344 MB, 1.00 load
[runlim] sample:		75115.03 time, 74890.01 real, 2349 MB, 1.00 load
[runlim] sample:		75125.03 time, 74900.01 real, 2349 MB, 1.00 load
[runlim] sample:		75135.03 time, 74910.01 real, 2353 MB, 1.00 load
[runlim] sample:		75145.03 time, 74920.01 real, 2354 MB, 1.07 load
[runlim] sample:		75155.03 time, 74930.01 real, 2360 MB, 1.14 load
[runlim] sample:		75165.03 time, 74940.01 real, 2360 MB, 1.27 load
[runlim] sample:		75175.03 time, 74950.01 real, 2363 MB, 1.23 load
[runlim] sample:		75185.02 time, 74960.01 real, 2371 MB, 1.20 load
[runlim] sample:		75195.03 time, 74970.01 real, 2372 MB, 1.17 load
[runlim] sample:		75205.03 time, 74980.01 real, 2375 MB, 1.14 load
[runlim] sample:		75215.02 time, 74990.01 real, 2377 MB, 1.12 load
[runlim] sample:		75225.02 time, 75000.01 real, 2382 MB, 1.10 load
[runlim] sample:		75235.02 time, 75010.01 real, 2382 MB, 1.08 load

NN₁: mnist_relu_3_100_gemm.onnx
NN₂: mnist_relu_3_100_0.79_adam_1_stepsize.onnx
Prop: mnist_38_global_4.vnnlib
[runlim] sample:		75244.98 time, 75020.01 real, 2268 MB, 1.07 load
[runlim] sample:		75254.99 time, 75030.01 real, 2268 MB, 1.06 load
[runlim] sample:		75264.99 time, 75040.01 real, 2268 MB, 1.05 load
[runlim] sample:		75274.99 time, 75050.01 real, 2268 MB, 1.04 load
[runlim] sample:		75284.98 time, 75060.01 real, 2268 MB, 1.03 load
[runlim] sample:		75294.98 time, 75070.01 real, 2268 MB, 1.03 load
[runlim] sample:		75304.99 time, 75080.01 real, 2268 MB, 1.02 load
[runlim] sample:		75314.99 time, 75090.01 real, 2268 MB, 1.02 load
[runlim] sample:		75324.98 time, 75100.01 real, 2268 MB, 1.02 load
[runlim] sample:		75334.98 time, 75110.01 real, 2268 MB, 1.01 load
[runlim] sample:		75344.98 time, 75120.01 real, 2268 MB, 1.01 load
[runlim] sample:		75354.98 time, 75130.01 real, 2268 MB, 1.01 load
[runlim] sample:		75364.98 time, 75140.01 real, 2268 MB, 1.01 load
[runlim] sample:		75374.98 time, 75150.01 real, 2268 MB, 1.01 load
[runlim] sample:		75384.98 time, 75160.01 real, 2268 MB, 1.00 load
[runlim] sample:		75394.98 time, 75170.01 real, 2268 MB, 1.00 load
[runlim] sample:		75404.98 time, 75180.01 real, 2268 MB, 1.00 load
[runlim] sample:		75414.97 time, 75190.01 real, 2268 MB, 1.00 load
[runlim] sample:		75424.98 time, 75200.01 real, 2271 MB, 1.00 load
[runlim] sample:		75434.97 time, 75210.01 real, 2274 MB, 1.00 load
[runlim] sample:		75444.97 time, 75220.01 real, 2278 MB, 1.00 load
[runlim] sample:		75454.98 time, 75230.01 real, 2279 MB, 1.00 load
[runlim] sample:		75464.97 time, 75240.01 real, 2282 MB, 1.00 load
[runlim] sample:		75474.97 time, 75250.01 real, 2285 MB, 1.00 load
[runlim] sample:		75484.97 time, 75260.01 real, 2288 MB, 1.00 load
[runlim] sample:		75494.97 time, 75270.01 real, 2292 MB, 1.00 load
[runlim] sample:		75504.97 time, 75280.01 real, 2293 MB, 1.00 load
[runlim] sample:		75514.97 time, 75290.01 real, 2296 MB, 1.15 load
[runlim] sample:		75524.97 time, 75300.01 real, 2299 MB, 1.12 load
[runlim] sample:		75534.97 time, 75310.01 real, 2303 MB, 1.10 load
[runlim] sample:		75544.96 time, 75320.01 real, 2306 MB, 1.09 load
[runlim] sample:		75554.97 time, 75330.01 real, 2308 MB, 1.07 load
[runlim] sample:		75564.97 time, 75340.01 real, 2312 MB, 1.06 load
[runlim] sample:		75574.96 time, 75350.01 real, 2313 MB, 1.05 load
[runlim] sample:		75584.97 time, 75360.01 real, 2316 MB, 1.04 load
[runlim] sample:		75594.96 time, 75370.01 real, 2319 MB, 1.04 load
[runlim] sample:		75604.96 time, 75380.01 real, 2322 MB, 1.03 load
[runlim] sample:		75614.96 time, 75390.01 real, 2325 MB, 1.02 load
[runlim] sample:		75624.96 time, 75400.01 real, 2330 MB, 1.02 load
[runlim] sample:		75634.96 time, 75410.01 real, 2331 MB, 1.10 load
[runlim] sample:		75644.96 time, 75420.01 real, 2334 MB, 1.08 load
[runlim] sample:		75654.95 time, 75430.01 real, 2336 MB, 1.22 load
[runlim] sample:		75664.96 time, 75440.01 real, 2340 MB, 1.34 load
[runlim] sample:		75674.96 time, 75450.01 real, 2342 MB, 1.36 load
[runlim] sample:		75684.96 time, 75460.01 real, 2345 MB, 1.31 load
[runlim] sample:		75694.96 time, 75470.01 real, 2348 MB, 1.26 load
[runlim] sample:		75704.95 time, 75480.01 real, 2354 MB, 1.22 load
[runlim] sample:		75714.95 time, 75490.01 real, 2354 MB, 1.19 load
[runlim] sample:		75724.95 time, 75500.01 real, 2357 MB, 1.16 load
[runlim] sample:		75734.95 time, 75510.01 real, 2360 MB, 1.13 load
[runlim] sample:		75744.95 time, 75520.01 real, 2363 MB, 1.11 load
[runlim] sample:		75754.95 time, 75530.01 real, 2366 MB, 1.09 load
[runlim] sample:		75764.95 time, 75540.01 real, 2378 MB, 1.08 load
[runlim] sample:		75774.95 time, 75550.01 real, 2379 MB, 1.07 load
[runlim] sample:		75784.95 time, 75560.01 real, 2402 MB, 1.06 load
[runlim] sample:		75794.94 time, 75570.01 real, 2403 MB, 1.05 load
[runlim] sample:		75804.94 time, 75580.01 real, 2421 MB, 1.04 load
[runlim] sample:		75814.94 time, 75590.01 real, 2423 MB, 1.03 load
[runlim] sample:		75824.95 time, 75600.02 real, 2445 MB, 1.03 load
[runlim] sample:		75834.94 time, 75610.01 real, 2446 MB, 1.02 load

NN₁: mnist_relu_3_100_gemm.onnx
NN₂: mnist_relu_3_100_0.79_adam_1_stepsize.onnx
Prop: mnist_38_global_5.vnnlib
[runlim] sample:		75844.90 time, 75620.01 real, 2260 MB, 1.02 load
[runlim] sample:		75854.90 time, 75630.01 real, 2260 MB, 1.02 load
[runlim] sample:		75864.90 time, 75640.01 real, 2260 MB, 1.01 load
[runlim] sample:		75874.90 time, 75650.01 real, 2260 MB, 1.01 load
[runlim] sample:		75884.90 time, 75660.01 real, 2260 MB, 1.01 load
[runlim] sample:		75894.90 time, 75670.01 real, 2260 MB, 1.01 load
[runlim] sample:		75904.90 time, 75680.01 real, 2260 MB, 1.00 load
[runlim] sample:		75914.90 time, 75690.01 real, 2260 MB, 1.00 load
[runlim] sample:		75924.90 time, 75700.01 real, 2260 MB, 1.00 load
[runlim] sample:		75934.90 time, 75710.01 real, 2260 MB, 1.00 load
[runlim] sample:		75944.90 time, 75720.01 real, 2260 MB, 1.00 load
[runlim] sample:		75954.89 time, 75730.01 real, 2260 MB, 1.00 load
[runlim] sample:		75964.89 time, 75740.01 real, 2260 MB, 1.00 load
[runlim] sample:		75974.90 time, 75750.01 real, 2260 MB, 1.00 load
[runlim] sample:		75984.89 time, 75760.01 real, 2260 MB, 1.00 load
[runlim] sample:		75994.90 time, 75770.01 real, 2260 MB, 1.00 load
[runlim] sample:		76004.89 time, 75780.01 real, 2260 MB, 1.00 load
[runlim] sample:		76014.89 time, 75790.01 real, 2260 MB, 1.00 load
[runlim] sample:		76024.89 time, 75800.01 real, 2260 MB, 1.00 load
[runlim] sample:		76034.89 time, 75810.01 real, 2261 MB, 1.00 load
[runlim] sample:		76044.89 time, 75820.02 real, 2264 MB, 1.00 load
[runlim] sample:		76054.89 time, 75830.01 real, 2267 MB, 1.00 load
[runlim] sample:		76064.89 time, 75840.01 real, 2269 MB, 1.00 load
[runlim] sample:		76074.88 time, 75850.01 real, 2272 MB, 1.00 load
[runlim] sample:		76084.88 time, 75860.01 real, 2276 MB, 1.00 load
[runlim] sample:		76094.89 time, 75870.01 real, 2277 MB, 1.00 load
[runlim] sample:		76104.88 time, 75880.02 real, 2280 MB, 1.00 load
[runlim] sample:		76114.89 time, 75890.01 real, 2283 MB, 1.00 load
[runlim] sample:		76124.88 time, 75900.01 real, 2285 MB, 1.00 load
[runlim] sample:		76134.88 time, 75910.01 real, 2288 MB, 1.00 load
[runlim] sample:		76144.88 time, 75920.01 real, 2291 MB, 1.08 load
[runlim] sample:		76154.88 time, 75930.01 real, 2294 MB, 1.15 load
[runlim] sample:		76164.88 time, 75940.01 real, 2298 MB, 1.28 load
[runlim] sample:		76174.87 time, 75950.01 real, 2298 MB, 1.31 load
[runlim] sample:		76184.88 time, 75960.01 real, 2302 MB, 1.34 load
[runlim] sample:		76194.88 time, 75970.01 real, 2304 MB, 1.28 load
[runlim] sample:		76204.87 time, 75980.01 real, 2306 MB, 1.24 load
[runlim] sample:		76214.88 time, 75990.01 real, 2311 MB, 1.20 load
[runlim] sample:		76224.87 time, 76000.01 real, 2312 MB, 1.17 load
[runlim] sample:		76234.87 time, 76010.01 real, 2314 MB, 1.14 load
[runlim] sample:		76244.87 time, 76020.01 real, 2318 MB, 1.12 load
[runlim] sample:		76254.87 time, 76030.01 real, 2321 MB, 1.10 load
[runlim] sample:		76264.87 time, 76040.01 real, 2322 MB, 1.09 load
[runlim] sample:		76274.87 time, 76050.01 real, 2325 MB, 1.07 load
[runlim] sample:		76284.87 time, 76060.01 real, 2329 MB, 1.06 load
[runlim] sample:		76294.87 time, 76070.01 real, 2330 MB, 1.05 load
[runlim] sample:		76304.87 time, 76080.01 real, 2333 MB, 1.04 load
[runlim] sample:		76314.86 time, 76090.01 real, 2338 MB, 1.04 load
[runlim] sample:		76324.87 time, 76100.01 real, 2339 MB, 1.03 load
[runlim] sample:		76334.86 time, 76110.01 real, 2344 MB, 1.02 load
[runlim] sample:		76344.87 time, 76120.01 real, 2344 MB, 1.02 load
[runlim] sample:		76354.86 time, 76130.01 real, 2349 MB, 1.02 load
[runlim] sample:		76364.86 time, 76140.01 real, 2349 MB, 1.01 load
[runlim] sample:		76374.86 time, 76150.01 real, 2354 MB, 1.01 load
[runlim] sample:		76384.86 time, 76160.01 real, 2358 MB, 1.01 load
[runlim] sample:		76394.86 time, 76170.01 real, 2358 MB, 1.01 load
[runlim] sample:		76404.86 time, 76180.01 real, 2368 MB, 1.01 load
[runlim] sample:		76414.86 time, 76190.01 real, 2368 MB, 1.00 load
[runlim] sample:		76424.85 time, 76200.01 real, 2370 MB, 1.00 load
[runlim] sample:		76434.86 time, 76210.01 real, 2401 MB, 1.00 load

NN₁: mnist_relu_3_100_gemm.onnx
NN₂: mnist_relu_3_100_0.79_adam_1_stepsize.onnx
Prop: mnist_39_global_4.vnnlib

NN₁: mnist_relu_3_100_gemm.onnx
NN₂: mnist_relu_3_100_0.79_adam_1_stepsize.onnx
Prop: mnist_39_global_5.vnnlib
[runlim] sample:		76444.82 time, 76220.01 real, 2263 MB, 1.00 load
[runlim] sample:		76454.82 time, 76230.01 real, 2263 MB, 1.00 load
[runlim] sample:		76464.81 time, 76240.01 real, 2263 MB, 1.00 load
[runlim] sample:		76474.82 time, 76250.01 real, 2263 MB, 1.00 load
[runlim] sample:		76484.82 time, 76260.01 real, 2263 MB, 1.00 load
[runlim] sample:		76494.82 time, 76270.01 real, 2263 MB, 1.00 load
[runlim] sample:		76504.81 time, 76280.01 real, 2263 MB, 1.00 load
[runlim] sample:		76514.81 time, 76290.01 real, 2263 MB, 1.00 load
[runlim] sample:		76524.82 time, 76300.01 real, 2263 MB, 1.00 load
[runlim] sample:		76534.82 time, 76310.01 real, 2263 MB, 1.00 load
[runlim] sample:		76544.81 time, 76320.01 real, 2263 MB, 1.00 load
[runlim] sample:		76554.81 time, 76330.01 real, 2263 MB, 1.00 load
[runlim] sample:		76564.81 time, 76340.01 real, 2263 MB, 1.00 load
[runlim] sample:		76574.81 time, 76350.01 real, 2263 MB, 1.00 load
[runlim] sample:		76584.81 time, 76360.01 real, 2263 MB, 1.00 load
[runlim] sample:		76594.81 time, 76370.01 real, 2263 MB, 1.00 load
[runlim] sample:		76604.81 time, 76380.01 real, 2263 MB, 1.00 load
[runlim] sample:		76614.81 time, 76390.01 real, 2263 MB, 1.00 load
[runlim] sample:		76624.81 time, 76400.01 real, 2264 MB, 1.00 load
[runlim] sample:		76634.80 time, 76410.01 real, 2267 MB, 1.00 load
[runlim] sample:		76644.81 time, 76420.02 real, 2270 MB, 1.00 load
[runlim] sample:		76654.81 time, 76430.01 real, 2274 MB, 1.08 load
[runlim] sample:		76664.80 time, 76440.01 real, 2277 MB, 1.22 load
[runlim] sample:		76674.81 time, 76450.01 real, 2279 MB, 1.26 load
[runlim] sample:		76684.80 time, 76460.01 real, 2282 MB, 1.22 load
[runlim] sample:		76694.80 time, 76470.01 real, 2285 MB, 1.19 load
[runlim] sample:		76704.80 time, 76480.01 real, 2288 MB, 1.16 load
[runlim] sample:		76714.80 time, 76490.01 real, 2292 MB, 1.13 load
[runlim] sample:		76724.80 time, 76500.01 real, 2293 MB, 1.11 load
[runlim] sample:		76734.80 time, 76510.01 real, 2296 MB, 1.09 load
[runlim] sample:		76744.80 time, 76520.01 real, 2299 MB, 1.08 load
[runlim] sample:		76754.79 time, 76530.01 real, 2303 MB, 1.07 load
[runlim] sample:		76764.79 time, 76540.01 real, 2304 MB, 1.06 load
[runlim] sample:		76774.79 time, 76550.01 real, 2307 MB, 1.05 load
[runlim] sample:		76784.79 time, 76560.01 real, 2310 MB, 1.04 load
[runlim] sample:		76794.79 time, 76570.01 real, 2313 MB, 1.03 load
[runlim] sample:		76804.79 time, 76580.01 real, 2316 MB, 1.03 load
[runlim] sample:		76814.80 time, 76590.01 real, 2319 MB, 1.02 load
[runlim] sample:		76824.79 time, 76600.01 real, 2321 MB, 1.02 load
[runlim] sample:		76834.79 time, 76610.01 real, 2325 MB, 1.02 load
[runlim] sample:		76844.79 time, 76620.01 real, 2327 MB, 1.01 load
[runlim] sample:		76854.79 time, 76630.01 real, 2330 MB, 1.01 load
[runlim] sample:		76864.79 time, 76640.01 real, 2334 MB, 1.01 load
[runlim] sample:		76874.79 time, 76650.01 real, 2336 MB, 1.01 load
[runlim] sample:		76884.78 time, 76660.01 real, 2342 MB, 1.00 load
[runlim] sample:		76894.78 time, 76670.01 real, 2342 MB, 1.00 load
[runlim] sample:		76904.78 time, 76680.01 real, 2344 MB, 1.00 load
[runlim] sample:		76914.78 time, 76690.01 real, 2347 MB, 1.00 load
[runlim] sample:		76924.78 time, 76700.01 real, 2351 MB, 1.00 load
[runlim] sample:		76934.78 time, 76710.01 real, 2353 MB, 1.00 load
[runlim] sample:		76944.78 time, 76720.01 real, 2356 MB, 1.00 load
[runlim] sample:		76954.78 time, 76730.01 real, 2359 MB, 1.00 load
[runlim] sample:		76964.77 time, 76740.01 real, 2362 MB, 1.00 load
[runlim] sample:		76974.77 time, 76750.01 real, 2365 MB, 1.00 load
[runlim] sample:		76984.78 time, 76760.01 real, 2388 MB, 1.00 load
[runlim] sample:		76994.77 time, 76770.01 real, 2389 MB, 1.00 load
[runlim] sample:		77004.78 time, 76780.01 real, 2387 MB, 1.00 load
[runlim] sample:		77014.77 time, 76790.01 real, 2388 MB, 1.00 load
[runlim] sample:		77024.77 time, 76800.01 real, 2424 MB, 1.00 load
[runlim] sample:		77034.77 time, 76810.01 real, 2424 MB, 1.00 load

NN₁: mnist_relu_3_100_gemm.onnx
NN₂: mnist_relu_3_100_0.79_adam_1_stepsize.onnx
Prop: mnist_40_global_4.vnnlib
[runlim] sample:		77044.70 time, 76820.01 real, 2253 MB, 1.00 load
[runlim] sample:		77054.70 time, 76830.01 real, 2253 MB, 1.00 load
[runlim] sample:		77064.69 time, 76840.01 real, 2253 MB, 1.00 load
[runlim] sample:		77074.70 time, 76850.01 real, 2253 MB, 1.00 load
[runlim] sample:		77084.70 time, 76860.01 real, 2253 MB, 1.00 load
[runlim] sample:		77094.69 time, 76870.01 real, 2253 MB, 1.00 load
[runlim] sample:		77104.69 time, 76880.02 real, 2253 MB, 1.00 load
[runlim] sample:		77114.69 time, 76890.01 real, 2253 MB, 1.00 load
[runlim] sample:		77124.69 time, 76900.02 real, 2253 MB, 1.00 load
[runlim] sample:		77134.69 time, 76910.01 real, 2253 MB, 1.00 load
[runlim] sample:		77144.69 time, 76920.01 real, 2253 MB, 1.00 load
[runlim] sample:		77154.69 time, 76930.01 real, 2253 MB, 1.08 load
[runlim] sample:		77164.69 time, 76940.01 real, 2253 MB, 1.22 load
[runlim] sample:		77174.68 time, 76950.01 real, 2253 MB, 1.26 load
[runlim] sample:		77184.69 time, 76960.01 real, 2253 MB, 1.22 load
[runlim] sample:		77194.69 time, 76970.01 real, 2253 MB, 1.19 load
[runlim] sample:		77204.68 time, 76980.01 real, 2253 MB, 1.16 load
[runlim] sample:		77214.69 time, 76990.01 real, 2253 MB, 1.13 load
[runlim] sample:		77224.68 time, 77000.01 real, 2253 MB, 1.11 load
[runlim] sample:		77234.69 time, 77010.01 real, 2253 MB, 1.17 load
[runlim] sample:		77244.68 time, 77020.01 real, 2254 MB, 1.15 load
[runlim] sample:		77254.68 time, 77030.01 real, 2256 MB, 1.12 load
[runlim] sample:		77264.68 time, 77040.01 real, 2258 MB, 1.10 load
[runlim] sample:		77274.68 time, 77050.01 real, 2261 MB, 1.09 load
[runlim] sample:		77284.68 time, 77060.01 real, 2263 MB, 1.07 load
[runlim] sample:		77294.68 time, 77070.01 real, 2266 MB, 1.06 load
[runlim] sample:		77304.68 time, 77080.01 real, 2268 MB, 1.05 load
[runlim] sample:		77314.68 time, 77090.01 real, 2271 MB, 1.04 load
[runlim] sample:		77324.67 time, 77100.01 real, 2272 MB, 1.04 load
[runlim] sample:		77334.67 time, 77110.01 real, 2275 MB, 1.03 load
[runlim] sample:		77344.67 time, 77120.01 real, 2278 MB, 1.02 load
[runlim] sample:		77354.67 time, 77130.01 real, 2280 MB, 1.02 load
[runlim] sample:		77364.67 time, 77140.01 real, 2283 MB, 1.02 load
[runlim] sample:		77374.67 time, 77150.01 real, 2285 MB, 1.01 load
[runlim] sample:		77384.67 time, 77160.01 real, 2288 MB, 1.01 load
[runlim] sample:		77394.67 time, 77170.01 real, 2292 MB, 1.01 load
[runlim] sample:		77404.67 time, 77180.01 real, 2293 MB, 1.01 load
[runlim] sample:		77414.66 time, 77190.01 real, 2295 MB, 1.01 load
[runlim] sample:		77424.67 time, 77200.01 real, 2298 MB, 1.00 load
[runlim] sample:		77434.67 time, 77210.01 real, 2302 MB, 1.00 load
[runlim] sample:		77444.66 time, 77220.01 real, 2303 MB, 1.00 load
[runlim] sample:		77454.67 time, 77230.01 real, 2305 MB, 1.00 load
[runlim] sample:		77464.67 time, 77240.01 real, 2308 MB, 1.00 load
[runlim] sample:		77474.66 time, 77250.01 real, 2311 MB, 1.00 load
[runlim] sample:		77484.67 time, 77260.01 real, 2314 MB, 1.00 load
[runlim] sample:		77494.66 time, 77270.01 real, 2315 MB, 1.00 load
[runlim] sample:		77504.66 time, 77280.01 real, 2318 MB, 1.00 load
[runlim] sample:		77514.66 time, 77290.01 real, 2320 MB, 1.00 load
[runlim] sample:		77524.65 time, 77300.01 real, 2323 MB, 1.00 load
[runlim] sample:		77534.66 time, 77310.01 real, 2326 MB, 1.00 load
[runlim] sample:		77544.66 time, 77320.01 real, 2328 MB, 1.00 load
[runlim] sample:		77554.65 time, 77330.01 real, 2332 MB, 1.00 load
[runlim] sample:		77564.66 time, 77340.01 real, 2335 MB, 1.00 load
[runlim] sample:		77574.66 time, 77350.01 real, 2335 MB, 1.00 load
[runlim] sample:		77584.65 time, 77360.01 real, 2339 MB, 1.00 load
[runlim] sample:		77594.66 time, 77370.01 real, 2343 MB, 1.00 load
[runlim] sample:		77604.65 time, 77380.01 real, 2346 MB, 1.00 load
[runlim] sample:		77614.66 time, 77390.01 real, 2346 MB, 1.00 load
[runlim] sample:		77624.65 time, 77400.01 real, 2359 MB, 1.00 load
[runlim] sample:		77634.65 time, 77410.01 real, 2360 MB, 1.00 load

NN₁: mnist_relu_3_100_gemm.onnx
NN₂: mnist_relu_3_100_0.79_adam_1_stepsize.onnx
Prop: mnist_40_global_5.vnnlib
[runlim] sample:		77644.63 time, 77420.01 real, 2253 MB, 1.00 load
[runlim] sample:		77654.62 time, 77430.01 real, 2253 MB, 1.08 load
[runlim] sample:		77664.62 time, 77440.01 real, 2253 MB, 1.22 load
[runlim] sample:		77674.62 time, 77450.01 real, 2253 MB, 1.26 load
[runlim] sample:		77684.63 time, 77460.01 real, 2253 MB, 1.22 load
[runlim] sample:		77694.62 time, 77470.01 real, 2253 MB, 1.19 load
[runlim] sample:		77704.62 time, 77480.01 real, 2253 MB, 1.16 load
[runlim] sample:		77714.62 time, 77490.01 real, 2253 MB, 1.13 load
[runlim] sample:		77724.61 time, 77500.01 real, 2253 MB, 1.11 load
[runlim] sample:		77734.61 time, 77510.01 real, 2253 MB, 1.09 load
[runlim] sample:		77744.62 time, 77520.01 real, 2253 MB, 1.08 load
[runlim] sample:		77754.61 time, 77530.01 real, 2253 MB, 1.07 load
[runlim] sample:		77764.61 time, 77540.01 real, 2253 MB, 1.06 load
[runlim] sample:		77774.62 time, 77550.01 real, 2253 MB, 1.05 load
[runlim] sample:		77784.62 time, 77560.01 real, 2253 MB, 1.04 load
[runlim] sample:		77794.62 time, 77570.01 real, 2253 MB, 1.03 load
[runlim] sample:		77804.61 time, 77580.01 real, 2253 MB, 1.03 load
[runlim] sample:		77814.61 time, 77590.01 real, 2253 MB, 1.02 load
[runlim] sample:		77824.61 time, 77600.01 real, 2253 MB, 1.02 load
[runlim] sample:		77834.61 time, 77610.01 real, 2253 MB, 1.02 load
[runlim] sample:		77844.61 time, 77620.01 real, 2253 MB, 1.01 load
[runlim] sample:		77854.61 time, 77630.01 real, 2253 MB, 1.01 load
[runlim] sample:		77864.61 time, 77640.01 real, 2253 MB, 1.01 load
[runlim] sample:		77874.60 time, 77650.01 real, 2255 MB, 1.01 load
[runlim] sample:		77884.60 time, 77660.01 real, 2258 MB, 1.00 load
[runlim] sample:		77894.61 time, 77670.01 real, 2260 MB, 1.00 load
[runlim] sample:		77904.60 time, 77680.01 real, 2262 MB, 1.00 load
[runlim] sample:		77914.60 time, 77690.01 real, 2264 MB, 1.00 load
[runlim] sample:		77924.60 time, 77700.01 real, 2266 MB, 1.00 load
[runlim] sample:		77934.61 time, 77710.01 real, 2269 MB, 1.00 load
[runlim] sample:		77944.60 time, 77720.01 real, 2271 MB, 1.00 load
[runlim] sample:		77954.60 time, 77730.01 real, 2273 MB, 1.00 load
[runlim] sample:		77964.60 time, 77740.01 real, 2276 MB, 1.00 load
[runlim] sample:		77974.60 time, 77750.01 real, 2278 MB, 1.00 load
[runlim] sample:		77984.60 time, 77760.01 real, 2281 MB, 1.00 load
[runlim] sample:		77994.60 time, 77770.01 real, 2283 MB, 1.00 load
[runlim] sample:		78004.59 time, 77780.01 real, 2285 MB, 1.00 load
[runlim] sample:		78014.60 time, 77790.01 real, 2288 MB, 1.00 load
[runlim] sample:		78024.59 time, 77800.01 real, 2289 MB, 1.00 load
[runlim] sample:		78034.60 time, 77810.01 real, 2291 MB, 1.00 load
[runlim] sample:		78044.59 time, 77820.01 real, 2294 MB, 1.00 load
[runlim] sample:		78054.59 time, 77830.01 real, 2296 MB, 1.00 load
[runlim] sample:		78064.59 time, 77840.01 real, 2298 MB, 1.00 load
[runlim] sample:		78074.59 time, 77850.01 real, 2300 MB, 1.00 load
[runlim] sample:		78084.59 time, 77860.01 real, 2304 MB, 1.00 load
[runlim] sample:		78094.59 time, 77870.01 real, 2305 MB, 1.00 load
[runlim] sample:		78104.59 time, 77880.01 real, 2307 MB, 1.00 load
[runlim] sample:		78114.59 time, 77890.01 real, 2310 MB, 1.00 load
[runlim] sample:		78124.58 time, 77900.01 real, 2312 MB, 1.00 load
[runlim] sample:		78134.59 time, 77910.01 real, 2315 MB, 1.00 load
[runlim] sample:		78144.58 time, 77920.01 real, 2317 MB, 1.00 load
[runlim] sample:		78154.59 time, 77930.01 real, 2319 MB, 1.24 load
[runlim] sample:		78164.58 time, 77940.01 real, 2321 MB, 1.36 load
[runlim] sample:		78174.58 time, 77950.01 real, 2324 MB, 1.30 load
[runlim] sample:		78184.58 time, 77960.01 real, 2326 MB, 1.26 load
[runlim] sample:		78194.58 time, 77970.01 real, 2329 MB, 1.22 load
[runlim] sample:		78204.57 time, 77980.01 real, 2332 MB, 1.18 load
[runlim] sample:		78214.57 time, 77990.01 real, 2335 MB, 1.15 load
[runlim] sample:		78224.58 time, 78000.01 real, 2335 MB, 1.13 load
[runlim] sample:		78234.57 time, 78010.01 real, 2338 MB, 1.11 load
[runlim] sample:		78244.56 time, 78020.01 real, 2253 MB, 1.09 load

NN₁: mnist_relu_3_100_gemm.onnx
NN₂: mnist_relu_3_100_0.79_adam_1_stepsize.onnx
Prop: mnist_41_global_4.vnnlib

NN₁: mnist_relu_3_100_gemm.onnx
NN₂: mnist_relu_3_100_0.79_adam_1_stepsize.onnx
Prop: mnist_41_global_5.vnnlib
[runlim] sample:		78254.51 time, 78030.01 real, 2253 MB, 1.08 load
[runlim] sample:		78264.52 time, 78040.01 real, 2253 MB, 1.06 load
[runlim] sample:		78274.52 time, 78050.01 real, 2253 MB, 1.05 load
[runlim] sample:		78284.52 time, 78060.01 real, 2253 MB, 1.05 load
[runlim] sample:		78294.52 time, 78070.01 real, 2253 MB, 1.04 load
[runlim] sample:		78304.52 time, 78080.01 real, 2253 MB, 1.03 load
[runlim] sample:		78314.52 time, 78090.01 real, 2253 MB, 1.03 load
[runlim] sample:		78324.51 time, 78100.01 real, 2253 MB, 1.02 load
[runlim] sample:		78334.51 time, 78110.01 real, 2253 MB, 1.02 load
[runlim] sample:		78344.52 time, 78120.01 real, 2253 MB, 1.02 load
[runlim] sample:		78354.51 time, 78130.01 real, 2253 MB, 1.01 load
[runlim] sample:		78364.51 time, 78140.01 real, 2253 MB, 1.01 load
[runlim] sample:		78374.51 time, 78150.01 real, 2253 MB, 1.01 load
[runlim] sample:		78384.51 time, 78160.01 real, 2253 MB, 1.01 load
[runlim] sample:		78394.51 time, 78170.01 real, 2253 MB, 1.00 load
[runlim] sample:		78404.51 time, 78180.01 real, 2253 MB, 1.00 load
[runlim] sample:		78414.51 time, 78190.01 real, 2253 MB, 1.00 load
[runlim] sample:		78424.51 time, 78200.01 real, 2253 MB, 1.00 load
[runlim] sample:		78434.51 time, 78210.01 real, 2255 MB, 1.00 load
[runlim] sample:		78444.51 time, 78220.01 real, 2257 MB, 1.00 load
[runlim] sample:		78454.50 time, 78230.01 real, 2260 MB, 1.00 load
[runlim] sample:		78464.50 time, 78240.01 real, 2263 MB, 1.00 load
[runlim] sample:		78474.50 time, 78250.01 real, 2267 MB, 1.00 load
[runlim] sample:		78484.51 time, 78260.01 real, 2268 MB, 1.00 load
[runlim] sample:		78494.50 time, 78270.01 real, 2271 MB, 1.00 load
[runlim] sample:		78504.50 time, 78280.01 real, 2274 MB, 1.00 load
[runlim] sample:		78514.50 time, 78290.01 real, 2278 MB, 1.00 load
[runlim] sample:		78524.50 time, 78300.01 real, 2281 MB, 1.00 load
[runlim] sample:		78534.50 time, 78310.01 real, 2282 MB, 1.00 load
[runlim] sample:		78544.50 time, 78320.01 real, 2285 MB, 1.00 load
[runlim] sample:		78554.50 time, 78330.01 real, 2288 MB, 1.00 load
[runlim] sample:		78564.49 time, 78340.01 real, 2290 MB, 1.00 load
[runlim] sample:		78574.50 time, 78350.01 real, 2293 MB, 1.00 load
[runlim] sample:		78584.49 time, 78360.01 real, 2297 MB, 1.00 load
[runlim] sample:		78594.49 time, 78370.02 real, 2298 MB, 1.00 load
[runlim] sample:		78604.50 time, 78380.01 real, 2301 MB, 1.00 load
[runlim] sample:		78614.49 time, 78390.01 real, 2304 MB, 1.00 load
[runlim] sample:		78624.49 time, 78400.01 real, 2308 MB, 1.00 load
[runlim] sample:		78634.49 time, 78410.01 real, 2309 MB, 1.00 load
[runlim] sample:		78644.49 time, 78420.01 real, 2312 MB, 1.00 load
[runlim] sample:		78654.48 time, 78430.01 real, 2315 MB, 1.08 load
[runlim] sample:		78664.49 time, 78440.01 real, 2319 MB, 1.22 load
[runlim] sample:		78674.48 time, 78450.01 real, 2321 MB, 1.26 load
[runlim] sample:		78684.49 time, 78460.01 real, 2323 MB, 1.22 load
[runlim] sample:		78694.48 time, 78470.01 real, 2326 MB, 1.19 load
[runlim] sample:		78704.49 time, 78480.01 real, 2329 MB, 1.16 load
[runlim] sample:		78714.48 time, 78490.01 real, 2333 MB, 1.13 load
[runlim] sample:		78724.48 time, 78500.01 real, 2337 MB, 1.11 load
[runlim] sample:		78734.49 time, 78510.01 real, 2337 MB, 1.09 load
[runlim] sample:		78744.48 time, 78520.01 real, 2342 MB, 1.08 load
[runlim] sample:		78754.48 time, 78530.01 real, 2343 MB, 1.07 load
[runlim] sample:		78764.47 time, 78540.01 real, 2348 MB, 1.06 load
[runlim] sample:		78774.48 time, 78550.01 real, 2348 MB, 1.05 load
[runlim] sample:		78784.48 time, 78560.01 real, 2351 MB, 1.04 load
[runlim] sample:		78794.47 time, 78570.01 real, 2370 MB, 1.03 load
[runlim] sample:		78804.48 time, 78580.01 real, 2371 MB, 1.03 load
[runlim] sample:		78814.48 time, 78590.01 real, 2373 MB, 1.02 load
[runlim] sample:		78824.48 time, 78600.01 real, 2376 MB, 1.02 load
[runlim] sample:		78834.48 time, 78610.01 real, 2391 MB, 1.02 load
[runlim] sample:		78844.48 time, 78620.01 real, 2391 MB, 1.01 load

NN₁: mnist_relu_3_100_gemm.onnx
NN₂: mnist_relu_3_100_0.79_adam_1_stepsize.onnx
Prop: mnist_42_global_4.vnnlib

NN₁: mnist_relu_3_100_gemm.onnx
NN₂: mnist_relu_3_100_0.79_adam_1_stepsize.onnx
Prop: mnist_42_global_5.vnnlib
[runlim] sample:		78854.42 time, 78630.01 real, 2253 MB, 1.01 load
[runlim] sample:		78864.43 time, 78640.01 real, 2253 MB, 1.01 load
[runlim] sample:		78874.42 time, 78650.01 real, 2253 MB, 1.01 load
[runlim] sample:		78884.41 time, 78660.01 real, 2253 MB, 1.00 load
[runlim] sample:		78894.42 time, 78670.02 real, 2253 MB, 1.00 load
[runlim] sample:		78904.41 time, 78680.01 real, 2253 MB, 1.00 load
[runlim] sample:		78914.41 time, 78690.01 real, 2253 MB, 1.00 load
[runlim] sample:		78924.42 time, 78700.01 real, 2253 MB, 1.00 load
[runlim] sample:		78934.41 time, 78710.01 real, 2253 MB, 1.00 load
[runlim] sample:		78944.41 time, 78720.01 real, 2253 MB, 1.00 load
[runlim] sample:		78954.41 time, 78730.01 real, 2253 MB, 1.00 load
[runlim] sample:		78964.41 time, 78740.01 real, 2253 MB, 1.00 load
[runlim] sample:		78974.41 time, 78750.01 real, 2253 MB, 1.00 load
[runlim] sample:		78984.42 time, 78760.01 real, 2253 MB, 1.00 load
[runlim] sample:		78994.41 time, 78770.01 real, 2253 MB, 1.00 load
[runlim] sample:		79004.41 time, 78780.01 real, 2253 MB, 1.00 load
[runlim] sample:		79014.41 time, 78790.01 real, 2253 MB, 1.00 load
[runlim] sample:		79024.41 time, 78800.01 real, 2253 MB, 1.00 load
[runlim] sample:		79034.41 time, 78810.01 real, 2254 MB, 1.00 load
[runlim] sample:		79044.41 time, 78820.01 real, 2257 MB, 1.00 load
[runlim] sample:		79054.41 time, 78830.01 real, 2260 MB, 1.00 load
[runlim] sample:		79064.40 time, 78840.01 real, 2263 MB, 1.00 load
[runlim] sample:		79074.41 time, 78850.01 real, 2265 MB, 1.00 load
[runlim] sample:		79084.40 time, 78860.01 real, 2268 MB, 1.00 load
[runlim] sample:		79094.40 time, 78870.01 real, 2270 MB, 1.00 load
[runlim] sample:		79104.40 time, 78880.01 real, 2274 MB, 1.00 load
[runlim] sample:		79114.40 time, 78890.01 real, 2277 MB, 1.00 load
[runlim] sample:		79124.40 time, 78900.01 real, 2279 MB, 1.00 load
[runlim] sample:		79134.40 time, 78910.01 real, 2281 MB, 1.00 load
[runlim] sample:		79144.40 time, 78920.01 real, 2285 MB, 1.00 load
[runlim] sample:		79154.40 time, 78930.01 real, 2287 MB, 1.08 load
[runlim] sample:		79164.39 time, 78940.01 real, 2290 MB, 1.22 load
[runlim] sample:		79174.40 time, 78950.01 real, 2294 MB, 1.26 load
[runlim] sample:		79184.40 time, 78960.01 real, 2295 MB, 1.22 load
[runlim] sample:		79194.40 time, 78970.01 real, 2298 MB, 1.19 load
[runlim] sample:		79204.39 time, 78980.01 real, 2301 MB, 1.16 load
[runlim] sample:		79214.40 time, 78990.01 real, 2305 MB, 1.13 load
[runlim] sample:		79224.39 time, 79000.01 real, 2306 MB, 1.11 load
[runlim] sample:		79234.39 time, 79010.01 real, 2309 MB, 1.09 load
[runlim] sample:		79244.39 time, 79020.01 real, 2311 MB, 1.08 load
[runlim] sample:		79254.39 time, 79030.01 real, 2316 MB, 1.07 load
[runlim] sample:		79264.39 time, 79040.02 real, 2317 MB, 1.06 load
[runlim] sample:		79274.39 time, 79050.01 real, 2320 MB, 1.05 load
[runlim] sample:		79284.39 time, 79060.01 real, 2322 MB, 1.04 load
[runlim] sample:		79294.39 time, 79070.01 real, 2325 MB, 1.03 load
[runlim] sample:		79304.39 time, 79080.01 real, 2328 MB, 1.03 load
[runlim] sample:		79314.38 time, 79090.01 real, 2334 MB, 1.02 load
[runlim] sample:		79324.38 time, 79100.01 real, 2334 MB, 1.02 load
[runlim] sample:		79334.38 time, 79110.01 real, 2339 MB, 1.02 load
[runlim] sample:		79344.39 time, 79120.01 real, 2339 MB, 1.01 load
[runlim] sample:		79354.38 time, 79130.01 real, 2345 MB, 1.01 load
[runlim] sample:		79364.38 time, 79140.01 real, 2345 MB, 1.01 load
[runlim] sample:		79374.38 time, 79150.01 real, 2347 MB, 1.01 load
[runlim] sample:		79384.37 time, 79160.01 real, 2363 MB, 1.00 load
[runlim] sample:		79394.38 time, 79170.01 real, 2363 MB, 1.00 load
[runlim] sample:		79404.38 time, 79180.01 real, 2365 MB, 1.00 load
[runlim] sample:		79414.37 time, 79190.01 real, 2368 MB, 1.00 load
[runlim] sample:		79424.38 time, 79200.01 real, 2371 MB, 1.00 load
[runlim] sample:		79434.37 time, 79210.01 real, 2404 MB, 1.00 load
[runlim] sample:		79444.37 time, 79220.01 real, 2405 MB, 1.00 load

NN₁: mnist_relu_3_100_gemm.onnx
NN₂: mnist_relu_3_100_0.79_adam_1_stepsize.onnx
Prop: mnist_43_global_4.vnnlib
[runlim] sample:		79454.32 time, 79230.01 real, 2262 MB, 1.00 load
[runlim] sample:		79464.32 time, 79240.01 real, 2262 MB, 1.00 load
[runlim] sample:		79474.32 time, 79250.01 real, 2262 MB, 1.00 load
[runlim] sample:		79484.33 time, 79260.01 real, 2262 MB, 1.00 load
[runlim] sample:		79494.33 time, 79270.01 real, 2262 MB, 1.00 load
[runlim] sample:		79504.32 time, 79280.01 real, 2262 MB, 1.00 load
[runlim] sample:		79514.32 time, 79290.01 real, 2262 MB, 1.00 load
[runlim] sample:		79524.33 time, 79300.01 real, 2262 MB, 1.00 load
[runlim] sample:		79534.32 time, 79310.01 real, 2262 MB, 1.00 load
[runlim] sample:		79544.32 time, 79320.01 real, 2262 MB, 1.00 load
[runlim] sample:		79554.32 time, 79330.01 real, 2262 MB, 1.00 load
[runlim] sample:		79564.31 time, 79340.01 real, 2262 MB, 1.00 load
[runlim] sample:		79574.32 time, 79350.01 real, 2262 MB, 1.00 load
[runlim] sample:		79584.32 time, 79360.01 real, 2262 MB, 1.00 load
[runlim] sample:		79594.31 time, 79370.01 real, 2262 MB, 1.00 load
[runlim] sample:		79604.32 time, 79380.01 real, 2262 MB, 1.00 load
[runlim] sample:		79614.31 time, 79390.01 real, 2262 MB, 1.00 load
[runlim] sample:		79624.31 time, 79400.01 real, 2262 MB, 1.00 load
[runlim] sample:		79634.31 time, 79410.01 real, 2263 MB, 1.00 load
[runlim] sample:		79644.32 time, 79420.01 real, 2266 MB, 1.00 load
[runlim] sample:		79654.31 time, 79430.01 real, 2269 MB, 1.08 load
[runlim] sample:		79664.31 time, 79440.01 real, 2272 MB, 1.22 load
[runlim] sample:		79674.31 time, 79450.01 real, 2274 MB, 1.26 load
[runlim] sample:		79684.31 time, 79460.01 real, 2277 MB, 1.22 load
[runlim] sample:		79694.31 time, 79470.01 real, 2281 MB, 1.27 load
[runlim] sample:		79704.30 time, 79480.01 real, 2284 MB, 1.23 load
[runlim] sample:		79714.31 time, 79490.01 real, 2285 MB, 1.19 load
[runlim] sample:		79724.31 time, 79500.01 real, 2288 MB, 1.16 load
[runlim] sample:		79734.30 time, 79510.01 real, 2291 MB, 1.14 load
[runlim] sample:		79744.30 time, 79520.01 real, 2294 MB, 1.11 load
[runlim] sample:		79754.30 time, 79530.01 real, 2296 MB, 1.10 load
[runlim] sample:		79764.30 time, 79540.01 real, 2300 MB, 1.08 load
[runlim] sample:		79774.30 time, 79550.01 real, 2301 MB, 1.07 load
[runlim] sample:		79784.30 time, 79560.01 real, 2304 MB, 1.06 load
[runlim] sample:		79794.30 time, 79570.01 real, 2308 MB, 1.05 load
[runlim] sample:		79804.30 time, 79580.02 real, 2310 MB, 1.04 load
[runlim] sample:		79814.29 time, 79590.01 real, 2312 MB, 1.03 load
[runlim] sample:		79824.30 time, 79600.01 real, 2315 MB, 1.03 load
[runlim] sample:		79834.30 time, 79610.01 real, 2318 MB, 1.02 load
[runlim] sample:		79844.29 time, 79620.01 real, 2320 MB, 1.02 load
[runlim] sample:		79854.30 time, 79630.01 real, 2323 MB, 1.02 load
[runlim] sample:		79864.29 time, 79640.01 real, 2327 MB, 1.01 load
[runlim] sample:		79874.30 time, 79650.01 real, 2329 MB, 1.01 load
[runlim] sample:		79884.29 time, 79660.01 real, 2333 MB, 1.01 load
[runlim] sample:		79894.30 time, 79670.01 real, 2334 MB, 1.01 load
[runlim] sample:		79904.29 time, 79680.01 real, 2338 MB, 1.00 load
[runlim] sample:		79914.29 time, 79690.01 real, 2340 MB, 1.00 load
[runlim] sample:		79924.29 time, 79700.01 real, 2344 MB, 1.00 load
[runlim] sample:		79934.29 time, 79710.01 real, 2345 MB, 1.00 load
[runlim] sample:		79944.28 time, 79720.01 real, 2350 MB, 1.00 load
[runlim] sample:		79954.29 time, 79730.01 real, 2351 MB, 1.00 load
[runlim] sample:		79964.28 time, 79740.01 real, 2357 MB, 1.00 load
[runlim] sample:		79974.29 time, 79750.01 real, 2357 MB, 1.00 load
[runlim] sample:		79984.28 time, 79760.02 real, 2359 MB, 1.00 load
[runlim] sample:		79994.28 time, 79770.01 real, 2362 MB, 1.00 load
[runlim] sample:		80004.29 time, 79780.01 real, 2357 MB, 1.00 load
[runlim] sample:		80014.28 time, 79790.01 real, 2358 MB, 1.00 load
[runlim] sample:		80024.28 time, 79800.01 real, 2395 MB, 1.00 load
[runlim] sample:		80034.28 time, 79810.01 real, 2395 MB, 1.00 load
[runlim] sample:		80044.28 time, 79820.01 real, 2412 MB, 1.00 load

NN₁: mnist_relu_3_100_gemm.onnx
NN₂: mnist_relu_3_100_0.79_adam_1_stepsize.onnx
Prop: mnist_43_global_5.vnnlib
[runlim] sample:		80054.25 time, 79830.01 real, 2253 MB, 1.00 load
[runlim] sample:		80064.25 time, 79840.01 real, 2253 MB, 1.00 load
[runlim] sample:		80074.25 time, 79850.01 real, 2253 MB, 1.00 load
[runlim] sample:		80084.25 time, 79860.01 real, 2253 MB, 1.00 load
[runlim] sample:		80094.24 time, 79870.01 real, 2253 MB, 1.00 load
[runlim] sample:		80104.25 time, 79880.01 real, 2253 MB, 1.00 load
[runlim] sample:		80114.25 time, 79890.01 real, 2253 MB, 1.00 load
[runlim] sample:		80124.24 time, 79900.02 real, 2253 MB, 1.00 load
[runlim] sample:		80134.24 time, 79910.01 real, 2253 MB, 1.08 load
[runlim] sample:		80144.25 time, 79920.01 real, 2253 MB, 1.07 load
[runlim] sample:		80154.24 time, 79930.01 real, 2253 MB, 1.14 load
[runlim] sample:		80164.24 time, 79940.01 real, 2253 MB, 1.27 load
[runlim] sample:		80174.24 time, 79950.01 real, 2253 MB, 1.30 load
[runlim] sample:		80184.24 time, 79960.01 real, 2253 MB, 1.26 load
[runlim] sample:		80194.24 time, 79970.01 real, 2253 MB, 1.30 load
[runlim] sample:		80204.24 time, 79980.01 real, 2253 MB, 1.25 load
[runlim] sample:		80214.24 time, 79990.01 real, 2253 MB, 1.21 load
[runlim] sample:		80224.24 time, 80000.01 real, 2253 MB, 1.18 load
[runlim] sample:		80234.24 time, 80010.01 real, 2253 MB, 1.15 load
[runlim] sample:		80244.24 time, 80020.01 real, 2253 MB, 1.21 load
[runlim] sample:		80254.24 time, 80030.01 real, 2255 MB, 1.18 load
[runlim] sample:		80264.23 time, 80040.01 real, 2258 MB, 1.15 load
[runlim] sample:		80274.24 time, 80050.01 real, 2260 MB, 1.12 load
[runlim] sample:		80284.23 time, 80060.01 real, 2263 MB, 1.10 load
[runlim] sample:		80294.23 time, 80070.01 real, 2264 MB, 1.09 load
[runlim] sample:		80304.24 time, 80080.01 real, 2266 MB, 1.07 load
[runlim] sample:		80314.23 time, 80090.01 real, 2269 MB, 1.06 load
[runlim] sample:		80324.23 time, 80100.01 real, 2271 MB, 1.05 load
[runlim] sample:		80334.23 time, 80110.01 real, 2274 MB, 1.04 load
[runlim] sample:		80344.23 time, 80120.01 real, 2276 MB, 1.04 load
[runlim] sample:		80354.23 time, 80130.01 real, 2279 MB, 1.03 load
[runlim] sample:		80364.22 time, 80140.01 real, 2282 MB, 1.03 load
[runlim] sample:		80374.23 time, 80150.01 real, 2285 MB, 1.02 load
[runlim] sample:		80384.22 time, 80160.01 real, 2286 MB, 1.02 load
[runlim] sample:		80394.22 time, 80170.02 real, 2289 MB, 1.01 load
[runlim] sample:		80404.22 time, 80180.01 real, 2292 MB, 1.01 load
[runlim] sample:		80414.22 time, 80190.01 real, 2295 MB, 1.01 load
[runlim] sample:		80424.23 time, 80200.01 real, 2296 MB, 1.01 load
[runlim] sample:		80434.22 time, 80210.01 real, 2299 MB, 1.01 load
[runlim] sample:		80444.22 time, 80220.01 real, 2302 MB, 1.00 load
[runlim] sample:		80454.22 time, 80230.01 real, 2305 MB, 1.00 load
[runlim] sample:		80464.22 time, 80240.01 real, 2306 MB, 1.00 load
[runlim] sample:		80474.22 time, 80250.01 real, 2309 MB, 1.00 load
[runlim] sample:		80484.22 time, 80260.01 real, 2312 MB, 1.00 load
[runlim] sample:		80494.22 time, 80270.01 real, 2314 MB, 1.00 load
[runlim] sample:		80504.22 time, 80280.01 real, 2318 MB, 1.00 load
[runlim] sample:		80514.22 time, 80290.01 real, 2319 MB, 1.00 load
[runlim] sample:		80524.21 time, 80300.01 real, 2322 MB, 1.00 load
[runlim] sample:		80534.22 time, 80310.01 real, 2325 MB, 1.00 load
[runlim] sample:		80544.22 time, 80320.01 real, 2327 MB, 1.00 load
[runlim] sample:		80554.21 time, 80330.01 real, 2330 MB, 1.00 load
[runlim] sample:		80564.21 time, 80340.01 real, 2334 MB, 1.00 load
[runlim] sample:		80574.21 time, 80350.01 real, 2334 MB, 1.00 load
[runlim] sample:		80584.21 time, 80360.01 real, 2338 MB, 1.00 load
[runlim] sample:		80594.21 time, 80370.01 real, 2339 MB, 1.00 load
[runlim] sample:		80604.20 time, 80380.01 real, 2344 MB, 1.00 load
[runlim] sample:		80614.21 time, 80390.01 real, 2344 MB, 1.00 load
[runlim] sample:		80624.20 time, 80400.01 real, 2347 MB, 1.00 load
[runlim] sample:		80634.21 time, 80410.01 real, 2356 MB, 1.00 load
[runlim] sample:		80644.21 time, 80420.01 real, 2358 MB, 1.00 load

NN₁: mnist_relu_3_100_gemm.onnx
NN₂: mnist_relu_3_100_0.79_adam_1_stepsize.onnx
Prop: mnist_44_global_4.vnnlib
[runlim] sample:		80654.15 time, 80430.01 real, 2259 MB, 1.08 load
[runlim] sample:		80664.15 time, 80440.01 real, 2259 MB, 1.22 load
[runlim] sample:		80674.15 time, 80450.01 real, 2259 MB, 1.19 load
[runlim] sample:		80684.14 time, 80460.01 real, 2259 MB, 1.16 load
[runlim] sample:		80694.14 time, 80470.01 real, 2259 MB, 1.13 load
[runlim] sample:		80704.14 time, 80480.01 real, 2259 MB, 1.11 load
[runlim] sample:		80714.14 time, 80490.01 real, 2259 MB, 1.09 load
[runlim] sample:		80724.15 time, 80500.01 real, 2259 MB, 1.08 load
[runlim] sample:		80734.14 time, 80510.01 real, 2259 MB, 1.07 load
[runlim] sample:		80744.14 time, 80520.01 real, 2259 MB, 1.06 load
[runlim] sample:		80754.13 time, 80530.01 real, 2259 MB, 1.05 load
[runlim] sample:		80764.14 time, 80540.01 real, 2259 MB, 1.04 load
[runlim] sample:		80774.14 time, 80550.01 real, 2259 MB, 1.03 load
[runlim] sample:		80784.13 time, 80560.01 real, 2259 MB, 1.03 load
[runlim] sample:		80794.14 time, 80570.01 real, 2259 MB, 1.10 load
[runlim] sample:		80804.14 time, 80580.01 real, 2259 MB, 1.08 load
[runlim] sample:		80814.13 time, 80590.01 real, 2259 MB, 1.07 load
[runlim] sample:		80824.13 time, 80600.01 real, 2259 MB, 1.06 load
[runlim] sample:		80834.13 time, 80610.01 real, 2260 MB, 1.05 load
[runlim] sample:		80844.14 time, 80620.01 real, 2262 MB, 1.04 load
[runlim] sample:		80854.13 time, 80630.01 real, 2266 MB, 1.03 load
[runlim] sample:		80864.13 time, 80640.01 real, 2268 MB, 1.03 load
[runlim] sample:		80874.13 time, 80650.01 real, 2270 MB, 1.02 load
[runlim] sample:		80884.13 time, 80660.01 real, 2273 MB, 1.09 load
[runlim] sample:		80894.13 time, 80670.01 real, 2277 MB, 1.08 load
[runlim] sample:		80904.12 time, 80680.02 real, 2279 MB, 1.07 load
[runlim] sample:		80914.13 time, 80690.01 real, 2281 MB, 1.06 load
[runlim] sample:		80924.12 time, 80700.01 real, 2284 MB, 1.05 load
[runlim] sample:		80934.13 time, 80710.01 real, 2288 MB, 1.04 load
[runlim] sample:		80944.12 time, 80720.01 real, 2291 MB, 1.03 load
[runlim] sample:		80954.12 time, 80730.01 real, 2292 MB, 1.03 load
[runlim] sample:		80964.12 time, 80740.01 real, 2295 MB, 1.02 load
[runlim] sample:		80974.12 time, 80750.01 real, 2298 MB, 1.02 load
[runlim] sample:		80984.12 time, 80760.01 real, 2301 MB, 1.02 load
[runlim] sample:		80994.12 time, 80770.01 real, 2304 MB, 1.01 load
[runlim] sample:		81004.12 time, 80780.01 real, 2307 MB, 1.01 load
[runlim] sample:		81014.12 time, 80790.02 real, 2309 MB, 1.01 load
[runlim] sample:		81024.11 time, 80800.01 real, 2311 MB, 1.01 load
[runlim] sample:		81034.12 time, 80810.01 real, 2315 MB, 1.09 load
[runlim] sample:		81044.11 time, 80820.01 real, 2318 MB, 1.07 load
[runlim] sample:		81054.11 time, 80830.01 real, 2319 MB, 1.06 load
[runlim] sample:		81064.12 time, 80840.01 real, 2323 MB, 1.05 load
[runlim] sample:		81074.11 time, 80850.01 real, 2325 MB, 1.04 load
[runlim] sample:		81084.11 time, 80860.01 real, 2330 MB, 1.04 load
[runlim] sample:		81094.11 time, 80870.01 real, 2330 MB, 1.03 load
[runlim] sample:		81104.11 time, 80880.01 real, 2335 MB, 1.02 load
[runlim] sample:		81114.11 time, 80890.01 real, 2336 MB, 1.02 load
[runlim] sample:		81124.11 time, 80900.01 real, 2342 MB, 1.02 load
[runlim] sample:		81134.10 time, 80910.01 real, 2342 MB, 1.01 load
[runlim] sample:		81144.11 time, 80920.01 real, 2346 MB, 1.01 load
[runlim] sample:		81154.11 time, 80930.01 real, 2347 MB, 1.09 load
[runlim] sample:		81164.10 time, 80940.01 real, 2351 MB, 1.23 load
[runlim] sample:		81174.11 time, 80950.01 real, 2352 MB, 1.27 load
[runlim] sample:		81184.10 time, 80960.01 real, 2357 MB, 1.23 load
[runlim] sample:		81194.10 time, 80970.01 real, 2358 MB, 1.19 load
[runlim] sample:		81204.10 time, 80980.01 real, 2378 MB, 1.16 load
[runlim] sample:		81214.10 time, 80990.01 real, 2378 MB, 1.14 load
[runlim] sample:		81224.10 time, 81000.01 real, 2381 MB, 1.11 load
[runlim] sample:		81234.10 time, 81010.01 real, 2384 MB, 1.10 load
[runlim] sample:		81244.10 time, 81020.01 real, 2386 MB, 1.08 load

NN₁: mnist_relu_3_100_gemm.onnx
NN₂: mnist_relu_3_100_0.79_adam_1_stepsize.onnx
Prop: mnist_44_global_5.vnnlib
[runlim] sample:		81254.07 time, 81030.01 real, 2253 MB, 1.07 load
[runlim] sample:		81264.07 time, 81040.01 real, 2253 MB, 1.06 load
[runlim] sample:		81274.07 time, 81050.01 real, 2253 MB, 1.13 load
[runlim] sample:		81284.07 time, 81060.01 real, 2253 MB, 1.11 load
[runlim] sample:		81294.07 time, 81070.01 real, 2253 MB, 1.09 load
[runlim] sample:		81304.07 time, 81080.01 real, 2253 MB, 1.08 load
[runlim] sample:		81314.07 time, 81090.01 real, 2253 MB, 1.06 load
[runlim] sample:		81324.07 time, 81100.01 real, 2253 MB, 1.05 load
[runlim] sample:		81334.07 time, 81110.01 real, 2253 MB, 1.13 load
[runlim] sample:		81344.07 time, 81120.01 real, 2253 MB, 1.11 load
[runlim] sample:		81354.07 time, 81130.01 real, 2253 MB, 1.09 load
[runlim] sample:		81364.06 time, 81140.01 real, 2253 MB, 1.08 load
[runlim] sample:		81374.06 time, 81150.01 real, 2253 MB, 1.06 load
[runlim] sample:		81384.06 time, 81160.01 real, 2253 MB, 1.05 load
[runlim] sample:		81394.07 time, 81170.01 real, 2253 MB, 1.12 load
[runlim] sample:		81404.06 time, 81180.01 real, 2253 MB, 1.10 load
[runlim] sample:		81414.06 time, 81190.01 real, 2253 MB, 1.08 load
[runlim] sample:		81424.06 time, 81200.01 real, 2253 MB, 1.07 load
[runlim] sample:		81434.06 time, 81210.01 real, 2253 MB, 1.06 load
[runlim] sample:		81444.06 time, 81220.01 real, 2255 MB, 1.05 load
[runlim] sample:		81454.05 time, 81230.01 real, 2258 MB, 1.04 load
[runlim] sample:		81464.05 time, 81240.01 real, 2260 MB, 1.04 load
[runlim] sample:		81474.05 time, 81250.01 real, 2262 MB, 1.03 load
[runlim] sample:		81484.05 time, 81260.01 real, 2266 MB, 1.02 load
[runlim] sample:		81494.05 time, 81270.01 real, 2268 MB, 1.02 load
[runlim] sample:		81504.05 time, 81280.01 real, 2270 MB, 1.02 load
[runlim] sample:		81514.06 time, 81290.01 real, 2273 MB, 1.01 load
[runlim] sample:		81524.05 time, 81300.01 real, 2278 MB, 1.01 load
[runlim] sample:		81534.06 time, 81310.01 real, 2279 MB, 1.01 load
[runlim] sample:		81544.05 time, 81320.01 real, 2281 MB, 1.01 load
[runlim] sample:		81554.05 time, 81330.01 real, 2284 MB, 1.01 load
[runlim] sample:		81564.05 time, 81340.01 real, 2288 MB, 1.00 load
[runlim] sample:		81574.05 time, 81350.01 real, 2291 MB, 1.16 load
[runlim] sample:		81584.05 time, 81360.01 real, 2292 MB, 1.14 load
[runlim] sample:		81594.04 time, 81370.01 real, 2294 MB, 1.12 load
[runlim] sample:		81604.05 time, 81380.01 real, 2298 MB, 1.10 load
[runlim] sample:		81614.05 time, 81390.01 real, 2300 MB, 1.08 load
[runlim] sample:		81624.05 time, 81400.01 real, 2303 MB, 1.07 load
[runlim] sample:		81634.05 time, 81410.01 real, 2306 MB, 1.06 load
[runlim] sample:		81644.04 time, 81420.01 real, 2310 MB, 1.20 load
[runlim] sample:		81654.05 time, 81430.01 real, 2311 MB, 1.25 load
[runlim] sample:		81664.04 time, 81440.01 real, 2313 MB, 1.36 load
[runlim] sample:		81674.04 time, 81450.01 real, 2317 MB, 1.38 load
[runlim] sample:		81684.04 time, 81460.01 real, 2319 MB, 1.32 load
[runlim] sample:		81694.04 time, 81470.01 real, 2321 MB, 1.27 load
[runlim] sample:		81704.04 time, 81480.01 real, 2324 MB, 1.23 load
[runlim] sample:		81714.04 time, 81490.01 real, 2327 MB, 1.19 load
[runlim] sample:		81724.03 time, 81500.01 real, 2331 MB, 1.16 load
[runlim] sample:		81734.03 time, 81510.01 real, 2332 MB, 1.14 load
[runlim] sample:		81744.04 time, 81520.01 real, 2338 MB, 1.12 load
[runlim] sample:		81754.03 time, 81530.01 real, 2338 MB, 1.10 load
[runlim] sample:		81764.03 time, 81540.01 real, 2343 MB, 1.08 load
[runlim] sample:		81774.03 time, 81550.01 real, 2343 MB, 1.07 load
[runlim] sample:		81784.03 time, 81560.01 real, 2348 MB, 1.06 load
[runlim] sample:		81794.03 time, 81570.01 real, 2348 MB, 1.05 load
[runlim] sample:		81804.03 time, 81580.01 real, 2359 MB, 1.04 load
[runlim] sample:		81814.03 time, 81590.01 real, 2360 MB, 1.03 load
[runlim] sample:		81824.02 time, 81600.01 real, 2359 MB, 1.03 load
[runlim] sample:		81834.03 time, 81610.01 real, 2361 MB, 1.02 load
[runlim] sample:		81844.03 time, 81620.01 real, 2366 MB, 1.02 load

NN₁: mnist_relu_3_100_gemm.onnx
NN₂: mnist_relu_3_100_0.79_adam_1_stepsize.onnx
Prop: mnist_45_global_4.vnnlib
[runlim] sample:		81853.98 time, 81630.01 real, 2255 MB, 1.02 load
[runlim] sample:		81863.97 time, 81640.01 real, 2255 MB, 1.01 load
[runlim] sample:		81873.97 time, 81650.01 real, 2255 MB, 1.01 load
[runlim] sample:		81883.98 time, 81660.01 real, 2255 MB, 1.01 load
[runlim] sample:		81893.97 time, 81670.01 real, 2255 MB, 1.01 load
[runlim] sample:		81903.97 time, 81680.01 real, 2255 MB, 1.01 load
[runlim] sample:		81913.97 time, 81690.01 real, 2255 MB, 1.00 load
[runlim] sample:		81923.97 time, 81700.01 real, 2255 MB, 1.00 load
[runlim] sample:		81933.97 time, 81710.01 real, 2255 MB, 1.00 load
[runlim] sample:		81943.97 time, 81720.01 real, 2255 MB, 1.00 load
[runlim] sample:		81953.97 time, 81730.01 real, 2255 MB, 1.00 load
[runlim] sample:		81963.97 time, 81740.01 real, 2255 MB, 1.00 load
[runlim] sample:		81973.97 time, 81750.01 real, 2255 MB, 1.00 load
[runlim] sample:		81983.97 time, 81760.01 real, 2255 MB, 1.00 load
[runlim] sample:		81993.97 time, 81770.01 real, 2255 MB, 1.00 load
[runlim] sample:		82003.97 time, 81780.01 real, 2255 MB, 1.00 load
[runlim] sample:		82013.96 time, 81790.01 real, 2255 MB, 1.00 load
[runlim] sample:		82023.96 time, 81800.01 real, 2255 MB, 1.00 load
[runlim] sample:		82033.97 time, 81810.01 real, 2256 MB, 1.00 load
[runlim] sample:		82043.97 time, 81820.01 real, 2258 MB, 1.00 load
[runlim] sample:		82053.97 time, 81830.01 real, 2261 MB, 1.00 load
[runlim] sample:		82063.96 time, 81840.01 real, 2264 MB, 1.00 load
[runlim] sample:		82073.96 time, 81850.01 real, 2266 MB, 1.00 load
[runlim] sample:		82083.96 time, 81860.01 real, 2269 MB, 1.00 load
[runlim] sample:		82093.96 time, 81870.01 real, 2272 MB, 1.00 load
[runlim] sample:		82103.96 time, 81880.02 real, 2276 MB, 1.00 load
[runlim] sample:		82113.96 time, 81890.01 real, 2279 MB, 1.00 load
[runlim] sample:		82123.95 time, 81900.01 real, 2280 MB, 1.00 load
[runlim] sample:		82133.96 time, 81910.01 real, 2283 MB, 1.00 load
[runlim] sample:		82143.96 time, 81920.01 real, 2287 MB, 1.00 load
[runlim] sample:		82153.95 time, 81930.01 real, 2288 MB, 1.08 load
[runlim] sample:		82163.96 time, 81940.01 real, 2291 MB, 1.22 load
[runlim] sample:		82173.96 time, 81950.01 real, 2295 MB, 1.35 load
[runlim] sample:		82183.95 time, 81960.01 real, 2297 MB, 1.29 load
[runlim] sample:		82193.95 time, 81970.01 real, 2299 MB, 1.25 load
[runlim] sample:		82203.95 time, 81980.01 real, 2303 MB, 1.21 load
[runlim] sample:		82213.95 time, 81990.01 real, 2306 MB, 1.18 load
[runlim] sample:		82223.94 time, 82000.01 real, 2307 MB, 1.15 load
[runlim] sample:		82233.95 time, 82010.01 real, 2311 MB, 1.13 load
[runlim] sample:		82243.95 time, 82020.01 real, 2313 MB, 1.11 load
[runlim] sample:		82253.95 time, 82030.01 real, 2318 MB, 1.09 load
[runlim] sample:		82263.94 time, 82040.01 real, 2319 MB, 1.08 load
[runlim] sample:		82273.94 time, 82050.01 real, 2323 MB, 1.06 load
[runlim] sample:		82283.94 time, 82060.01 real, 2324 MB, 1.05 load
[runlim] sample:		82293.94 time, 82070.01 real, 2328 MB, 1.04 load
[runlim] sample:		82303.94 time, 82080.01 real, 2330 MB, 1.04 load
[runlim] sample:		82313.94 time, 82090.01 real, 2335 MB, 1.03 load
[runlim] sample:		82323.93 time, 82100.01 real, 2335 MB, 1.03 load
[runlim] sample:		82333.94 time, 82110.01 real, 2340 MB, 1.02 load
[runlim] sample:		82343.93 time, 82120.01 real, 2343 MB, 1.02 load
[runlim] sample:		82353.93 time, 82130.01 real, 2344 MB, 1.01 load
[runlim] sample:		82363.94 time, 82140.01 real, 2346 MB, 1.01 load
[runlim] sample:		82373.94 time, 82150.01 real, 2352 MB, 1.01 load
[runlim] sample:		82383.93 time, 82160.01 real, 2352 MB, 1.01 load
[runlim] sample:		82393.94 time, 82170.02 real, 2355 MB, 1.01 load
[runlim] sample:		82403.93 time, 82180.01 real, 2358 MB, 1.00 load
[runlim] sample:		82413.93 time, 82190.01 real, 2386 MB, 1.16 load
[runlim] sample:		82423.93 time, 82200.01 real, 2400 MB, 1.14 load
[runlim] sample:		82433.93 time, 82210.01 real, 2400 MB, 1.12 load
[runlim] sample:		82443.93 time, 82220.01 real, 2418 MB, 1.10 load

NN₁: mnist_relu_3_100_gemm.onnx
NN₂: mnist_relu_3_100_0.79_adam_1_stepsize.onnx
Prop: mnist_45_global_5.vnnlib
[runlim] sample:		82453.90 time, 82230.01 real, 2253 MB, 1.08 load
[runlim] sample:		82463.90 time, 82240.01 real, 2253 MB, 1.07 load
[runlim] sample:		82473.89 time, 82250.01 real, 2253 MB, 1.14 load
[runlim] sample:		82483.89 time, 82260.01 real, 2253 MB, 1.12 load
[runlim] sample:		82493.89 time, 82270.01 real, 2253 MB, 1.10 load
[runlim] sample:		82503.89 time, 82280.01 real, 2253 MB, 1.08 load
[runlim] sample:		82513.89 time, 82290.01 real, 2253 MB, 1.07 load
[runlim] sample:		82523.88 time, 82300.01 real, 2253 MB, 1.06 load
[runlim] sample:		82533.88 time, 82310.02 real, 2253 MB, 1.05 load
[runlim] sample:		82543.88 time, 82320.02 real, 2253 MB, 1.04 load
[runlim] sample:		82553.87 time, 82330.01 real, 2253 MB, 1.03 load
[runlim] sample:		82563.87 time, 82340.01 real, 2253 MB, 1.03 load
[runlim] sample:		82573.87 time, 82350.01 real, 2253 MB, 1.02 load
[runlim] sample:		82583.87 time, 82360.01 real, 2253 MB, 1.02 load
[runlim] sample:		82593.87 time, 82370.01 real, 2253 MB, 1.02 load
[runlim] sample:		82603.86 time, 82380.01 real, 2253 MB, 1.01 load
[runlim] sample:		82613.86 time, 82390.01 real, 2253 MB, 1.01 load
[runlim] sample:		82623.86 time, 82400.02 real, 2253 MB, 1.01 load
[runlim] sample:		82633.85 time, 82410.01 real, 2253 MB, 1.01 load
[runlim] sample:		82643.85 time, 82420.01 real, 2254 MB, 1.01 load
[runlim] sample:		82653.85 time, 82430.01 real, 2256 MB, 1.08 load
[runlim] sample:		82663.85 time, 82440.01 real, 2259 MB, 1.23 load
[runlim] sample:		82673.85 time, 82450.01 real, 2262 MB, 1.26 load
[runlim] sample:		82683.85 time, 82460.01 real, 2264 MB, 1.22 load
[runlim] sample:		82693.84 time, 82470.01 real, 2267 MB, 1.19 load
[runlim] sample:		82703.84 time, 82480.01 real, 2270 MB, 1.16 load
[runlim] sample:		82713.83 time, 82490.01 real, 2272 MB, 1.13 load
[runlim] sample:		82723.84 time, 82500.01 real, 2275 MB, 1.11 load
[runlim] sample:		82733.83 time, 82510.01 real, 2279 MB, 1.10 load
[runlim] sample:		82743.83 time, 82520.01 real, 2281 MB, 1.08 load
[runlim] sample:		82753.82 time, 82530.01 real, 2283 MB, 1.07 load
[runlim] sample:		82763.82 time, 82540.01 real, 2286 MB, 1.06 load
[runlim] sample:		82773.81 time, 82550.01 real, 2289 MB, 1.05 load
[runlim] sample:		82783.81 time, 82560.01 real, 2292 MB, 1.04 load
[runlim] sample:		82793.81 time, 82570.01 real, 2294 MB, 1.03 load
[runlim] sample:		82803.81 time, 82580.01 real, 2296 MB, 1.03 load
[runlim] sample:		82813.81 time, 82590.01 real, 2300 MB, 1.02 load
[runlim] sample:		82823.81 time, 82600.01 real, 2301 MB, 1.02 load
[runlim] sample:		82833.81 time, 82610.01 real, 2304 MB, 1.02 load
[runlim] sample:		82843.80 time, 82620.01 real, 2308 MB, 1.01 load
[runlim] sample:		82853.80 time, 82630.01 real, 2309 MB, 1.01 load
[runlim] sample:		82863.80 time, 82640.01 real, 2312 MB, 1.01 load
[runlim] sample:		82873.80 time, 82650.01 real, 2315 MB, 1.01 load
[runlim] sample:		82883.79 time, 82660.01 real, 2319 MB, 1.00 load
[runlim] sample:		82893.79 time, 82670.01 real, 2320 MB, 1.00 load
[runlim] sample:		82903.79 time, 82680.01 real, 2323 MB, 1.00 load
[runlim] sample:		82913.78 time, 82690.01 real, 2325 MB, 1.00 load
[runlim] sample:		82923.78 time, 82700.01 real, 2329 MB, 1.00 load
[runlim] sample:		82933.78 time, 82710.01 real, 2330 MB, 1.00 load
[runlim] sample:		82943.78 time, 82720.01 real, 2336 MB, 1.00 load
[runlim] sample:		82953.78 time, 82730.01 real, 2336 MB, 1.00 load
[runlim] sample:		82963.77 time, 82740.01 real, 2342 MB, 1.00 load
[runlim] sample:		82973.77 time, 82750.01 real, 2342 MB, 1.00 load
[runlim] sample:		82983.77 time, 82760.01 real, 2347 MB, 1.00 load
[runlim] sample:		82993.76 time, 82770.01 real, 2347 MB, 1.00 load
[runlim] sample:		83003.76 time, 82780.01 real, 2358 MB, 1.00 load
[runlim] sample:		83013.76 time, 82790.01 real, 2358 MB, 1.00 load
[runlim] sample:		83023.75 time, 82800.01 real, 2356 MB, 1.00 load
[runlim] sample:		83033.75 time, 82810.01 real, 2357 MB, 1.00 load
[runlim] sample:		83043.75 time, 82820.02 real, 2374 MB, 1.00 load

NN₁: mnist_relu_3_100_gemm.onnx
NN₂: mnist_relu_3_100_0.79_adam_1_stepsize.onnx
Prop: mnist_46_global_4.vnnlib
[runlim] sample:		83053.71 time, 82830.01 real, 2265 MB, 1.00 load
[runlim] sample:		83063.70 time, 82840.01 real, 2265 MB, 1.00 load

NN₁: mnist_relu_3_100_gemm.onnx
NN₂: mnist_relu_3_100_0.79_adam_1_stepsize.onnx
Prop: mnist_46_global_5.vnnlib
[runlim] sample:		83073.69 time, 82850.01 real, 2265 MB, 1.00 load
[runlim] sample:		83083.70 time, 82860.01 real, 2265 MB, 1.00 load
[runlim] sample:		83093.69 time, 82870.01 real, 2265 MB, 1.00 load
[runlim] sample:		83103.70 time, 82880.01 real, 2265 MB, 1.00 load
[runlim] sample:		83113.69 time, 82890.01 real, 2265 MB, 1.00 load
[runlim] sample:		83123.69 time, 82900.01 real, 2265 MB, 1.00 load
[runlim] sample:		83133.69 time, 82910.01 real, 2265 MB, 1.00 load
[runlim] sample:		83143.69 time, 82920.01 real, 2265 MB, 1.00 load
[runlim] sample:		83153.68 time, 82930.01 real, 2265 MB, 1.08 load
[runlim] sample:		83163.68 time, 82940.01 real, 2265 MB, 1.22 load
[runlim] sample:		83173.69 time, 82950.01 real, 2265 MB, 1.26 load
[runlim] sample:		83183.68 time, 82960.01 real, 2265 MB, 1.22 load
[runlim] sample:		83193.68 time, 82970.01 real, 2265 MB, 1.19 load
[runlim] sample:		83203.68 time, 82980.01 real, 2265 MB, 1.16 load
[runlim] sample:		83213.67 time, 82990.01 real, 2265 MB, 1.13 load
[runlim] sample:		83223.68 time, 83000.02 real, 2265 MB, 1.11 load
[runlim] sample:		83233.67 time, 83010.01 real, 2265 MB, 1.09 load
[runlim] sample:		83243.67 time, 83020.01 real, 2265 MB, 1.08 load
[runlim] sample:		83253.67 time, 83030.01 real, 2266 MB, 1.07 load
[runlim] sample:		83263.67 time, 83040.01 real, 2268 MB, 1.06 load
[runlim] sample:		83273.67 time, 83050.01 real, 2271 MB, 1.05 load
[runlim] sample:		83283.66 time, 83060.01 real, 2274 MB, 1.04 load
[runlim] sample:		83293.66 time, 83070.01 real, 2277 MB, 1.03 load
[runlim] sample:		83303.66 time, 83080.01 real, 2280 MB, 1.03 load
[runlim] sample:		83313.67 time, 83090.01 real, 2283 MB, 1.10 load
[runlim] sample:		83323.66 time, 83100.01 real, 2287 MB, 1.09 load
[runlim] sample:		83333.67 time, 83110.01 real, 2288 MB, 1.07 load
[runlim] sample:		83343.66 time, 83120.01 real, 2291 MB, 1.06 load
[runlim] sample:		83353.66 time, 83130.01 real, 2293 MB, 1.05 load
[runlim] sample:		83363.66 time, 83140.01 real, 2298 MB, 1.04 load
[runlim] sample:		83373.65 time, 83150.01 real, 2299 MB, 1.04 load
[runlim] sample:		83383.66 time, 83160.01 real, 2302 MB, 1.03 load
[runlim] sample:		83393.65 time, 83170.01 real, 2306 MB, 1.02 load
[runlim] sample:		83403.65 time, 83180.01 real, 2308 MB, 1.02 load
[runlim] sample:		83413.65 time, 83190.01 real, 2310 MB, 1.02 load
[runlim] sample:		83423.65 time, 83200.01 real, 2313 MB, 1.01 load
[runlim] sample:		83433.65 time, 83210.01 real, 2317 MB, 1.01 load
[runlim] sample:		83443.65 time, 83220.01 real, 2318 MB, 1.01 load
[runlim] sample:		83453.64 time, 83230.01 real, 2323 MB, 1.01 load
[runlim] sample:		83463.64 time, 83240.01 real, 2324 MB, 1.01 load
[runlim] sample:		83473.64 time, 83250.01 real, 2327 MB, 1.00 load
[runlim] sample:		83483.64 time, 83260.01 real, 2330 MB, 1.00 load
[runlim] sample:		83493.64 time, 83270.01 real, 2332 MB, 1.00 load
[runlim] sample:		83503.63 time, 83280.02 real, 2335 MB, 1.00 load
[runlim] sample:		83513.64 time, 83290.01 real, 2338 MB, 1.00 load
[runlim] sample:		83523.64 time, 83300.01 real, 2342 MB, 1.00 load
[runlim] sample:		83533.63 time, 83310.02 real, 2346 MB, 1.00 load
[runlim] sample:		83543.63 time, 83320.02 real, 2346 MB, 1.00 load
[runlim] sample:		83553.63 time, 83330.01 real, 2351 MB, 1.16 load
[runlim] sample:		83563.63 time, 83340.01 real, 2352 MB, 1.13 load
[runlim] sample:		83573.62 time, 83350.01 real, 2357 MB, 1.11 load
[runlim] sample:		83583.63 time, 83360.01 real, 2357 MB, 1.10 load
[runlim] sample:		83593.62 time, 83370.01 real, 2360 MB, 1.08 load
[runlim] sample:		83603.62 time, 83380.02 real, 2366 MB, 1.07 load
[runlim] sample:		83613.62 time, 83390.01 real, 2366 MB, 1.06 load
[runlim] sample:		83623.62 time, 83400.01 real, 2369 MB, 1.05 load
[runlim] sample:		83633.61 time, 83410.01 real, 2372 MB, 1.04 load
[runlim] sample:		83643.61 time, 83420.01 real, 2396 MB, 1.03 load
[runlim] sample:		83653.61 time, 83430.01 real, 2397 MB, 1.11 load
[runlim] sample:		83663.62 time, 83440.01 real, 2399 MB, 1.25 load

NN₁: mnist_relu_3_100_gemm.onnx
NN₂: mnist_relu_3_100_0.79_adam_1_stepsize.onnx
Prop: mnist_47_global_4.vnnlib

NN₁: mnist_relu_3_100_gemm.onnx
NN₂: mnist_relu_3_100_0.79_adam_1_stepsize.onnx
Prop: mnist_47_global_5.vnnlib
[runlim] sample:		83673.58 time, 83450.01 real, 2253 MB, 1.28 load
[runlim] sample:		83683.57 time, 83460.01 real, 2253 MB, 1.24 load
[runlim] sample:		83693.57 time, 83470.01 real, 2253 MB, 1.20 load
[runlim] sample:		83703.57 time, 83480.01 real, 2253 MB, 1.17 load
[runlim] sample:		83713.57 time, 83490.01 real, 2253 MB, 1.14 load
[runlim] sample:		83723.57 time, 83500.01 real, 2253 MB, 1.12 load
[runlim] sample:		83733.57 time, 83510.01 real, 2253 MB, 1.10 load
[runlim] sample:		83743.57 time, 83520.01 real, 2253 MB, 1.09 load
[runlim] sample:		83753.57 time, 83530.01 real, 2253 MB, 1.07 load
[runlim] sample:		83763.56 time, 83540.01 real, 2253 MB, 1.06 load
[runlim] sample:		83773.56 time, 83550.01 real, 2253 MB, 1.05 load
[runlim] sample:		83783.56 time, 83560.01 real, 2253 MB, 1.04 load
[runlim] sample:		83793.56 time, 83570.01 real, 2253 MB, 1.04 load
[runlim] sample:		83803.56 time, 83580.01 real, 2253 MB, 1.03 load
[runlim] sample:		83813.56 time, 83590.01 real, 2253 MB, 1.02 load
[runlim] sample:		83823.55 time, 83600.01 real, 2253 MB, 1.02 load
[runlim] sample:		83833.56 time, 83610.01 real, 2253 MB, 1.02 load
[runlim] sample:		83843.55 time, 83620.01 real, 2253 MB, 1.01 load
[runlim] sample:		83853.55 time, 83630.01 real, 2254 MB, 1.01 load
[runlim] sample:		83863.55 time, 83640.01 real, 2255 MB, 1.01 load
[runlim] sample:		83873.55 time, 83650.01 real, 2258 MB, 1.01 load
[runlim] sample:		83883.55 time, 83660.01 real, 2261 MB, 1.01 load
[runlim] sample:		83893.54 time, 83670.01 real, 2264 MB, 1.00 load
[runlim] sample:		83903.55 time, 83680.01 real, 2266 MB, 1.00 load
[runlim] sample:		83913.54 time, 83690.01 real, 2269 MB, 1.00 load
[runlim] sample:		83923.54 time, 83700.01 real, 2272 MB, 1.00 load
[runlim] sample:		83933.54 time, 83710.01 real, 2276 MB, 1.00 load
[runlim] sample:		83943.54 time, 83720.01 real, 2277 MB, 1.00 load
[runlim] sample:		83953.54 time, 83730.01 real, 2280 MB, 1.00 load
[runlim] sample:		83963.53 time, 83740.01 real, 2283 MB, 1.00 load
[runlim] sample:		83973.54 time, 83750.01 real, 2286 MB, 1.00 load
[runlim] sample:		83983.53 time, 83760.01 real, 2289 MB, 1.00 load
[runlim] sample:		83993.53 time, 83770.01 real, 2291 MB, 1.00 load
[runlim] sample:		84003.53 time, 83780.01 real, 2294 MB, 1.00 load
[runlim] sample:		84013.53 time, 83790.01 real, 2296 MB, 1.00 load
[runlim] sample:		84023.53 time, 83800.01 real, 2299 MB, 1.00 load
[runlim] sample:		84033.52 time, 83810.01 real, 2303 MB, 1.00 load
[runlim] sample:		84043.53 time, 83820.01 real, 2306 MB, 1.00 load
[runlim] sample:		84053.52 time, 83830.01 real, 2307 MB, 1.00 load
[runlim] sample:		84063.52 time, 83840.01 real, 2310 MB, 1.00 load
[runlim] sample:		84073.52 time, 83850.01 real, 2314 MB, 1.00 load
[runlim] sample:		84083.52 time, 83860.01 real, 2315 MB, 1.00 load
[runlim] sample:		84093.52 time, 83870.01 real, 2318 MB, 1.00 load
[runlim] sample:		84103.52 time, 83880.01 real, 2321 MB, 1.00 load
[runlim] sample:		84113.51 time, 83890.01 real, 2325 MB, 1.00 load
[runlim] sample:		84123.51 time, 83900.01 real, 2326 MB, 1.00 load
[runlim] sample:		84133.51 time, 83910.01 real, 2332 MB, 1.00 load
[runlim] sample:		84143.51 time, 83920.01 real, 2332 MB, 1.00 load
[runlim] sample:		84153.51 time, 83930.02 real, 2337 MB, 1.08 load
[runlim] sample:		84163.51 time, 83940.01 real, 2337 MB, 1.22 load
[runlim] sample:		84173.50 time, 83950.01 real, 2342 MB, 1.26 load
[runlim] sample:		84183.50 time, 83960.01 real, 2343 MB, 1.22 load
[runlim] sample:		84193.50 time, 83970.01 real, 2347 MB, 1.19 load
[runlim] sample:		84203.50 time, 83980.01 real, 2348 MB, 1.16 load
[runlim] sample:		84213.50 time, 83990.01 real, 2357 MB, 1.13 load
[runlim] sample:		84223.50 time, 84000.01 real, 2358 MB, 1.11 load
[runlim] sample:		84233.49 time, 84010.01 real, 2360 MB, 1.09 load
[runlim] sample:		84243.50 time, 84020.01 real, 2363 MB, 1.08 load
[runlim] sample:		84253.49 time, 84030.02 real, 2382 MB, 1.07 load
[runlim] sample:		84263.49 time, 84040.01 real, 2383 MB, 1.06 load

NN₁: mnist_relu_3_100_gemm.onnx
NN₂: mnist_relu_3_100_0.79_adam_1_stepsize.onnx
Prop: mnist_48_global_4.vnnlib

NN₁: mnist_relu_3_100_gemm.onnx
NN₂: mnist_relu_3_100_0.79_adam_1_stepsize.onnx
Prop: mnist_48_global_5.vnnlib
[runlim] sample:		84273.43 time, 84050.01 real, 2253 MB, 1.05 load
[runlim] sample:		84283.44 time, 84060.01 real, 2253 MB, 1.04 load
[runlim] sample:		84293.43 time, 84070.01 real, 2253 MB, 1.03 load
[runlim] sample:		84303.43 time, 84080.01 real, 2253 MB, 1.03 load
[runlim] sample:		84313.43 time, 84090.01 real, 2253 MB, 1.02 load
[runlim] sample:		84323.43 time, 84100.02 real, 2253 MB, 1.02 load
[runlim] sample:		84333.43 time, 84110.01 real, 2253 MB, 1.02 load
[runlim] sample:		84343.43 time, 84120.01 real, 2253 MB, 1.01 load
[runlim] sample:		84353.43 time, 84130.01 real, 2253 MB, 1.01 load
[runlim] sample:		84363.42 time, 84140.01 real, 2253 MB, 1.01 load
[runlim] sample:		84373.43 time, 84150.01 real, 2253 MB, 1.01 load
[runlim] sample:		84383.43 time, 84160.01 real, 2253 MB, 1.00 load
[runlim] sample:		84393.43 time, 84170.01 real, 2253 MB, 1.00 load
[runlim] sample:		84403.42 time, 84180.01 real, 2253 MB, 1.00 load
[runlim] sample:		84413.43 time, 84190.01 real, 2253 MB, 1.00 load
[runlim] sample:		84423.42 time, 84200.01 real, 2253 MB, 1.00 load
[runlim] sample:		84433.43 time, 84210.01 real, 2253 MB, 1.00 load
[runlim] sample:		84443.42 time, 84220.01 real, 2253 MB, 1.00 load
[runlim] sample:		84453.43 time, 84230.01 real, 2256 MB, 1.00 load
[runlim] sample:		84463.42 time, 84240.01 real, 2260 MB, 1.00 load
[runlim] sample:		84473.42 time, 84250.01 real, 2263 MB, 1.00 load
[runlim] sample:		84483.42 time, 84260.01 real, 2264 MB, 1.00 load
[runlim] sample:		84493.42 time, 84270.01 real, 2267 MB, 1.00 load
[runlim] sample:		84503.42 time, 84280.01 real, 2270 MB, 1.00 load
[runlim] sample:		84513.41 time, 84290.01 real, 2274 MB, 1.00 load
[runlim] sample:		84523.42 time, 84300.01 real, 2277 MB, 1.00 load
[runlim] sample:		84533.41 time, 84310.01 real, 2278 MB, 1.00 load
[runlim] sample:		84543.41 time, 84320.01 real, 2282 MB, 1.00 load
[runlim] sample:		84553.42 time, 84330.01 real, 2286 MB, 1.00 load
[runlim] sample:		84563.42 time, 84340.02 real, 2287 MB, 1.00 load
[runlim] sample:		84573.41 time, 84350.01 real, 2290 MB, 1.00 load
[runlim] sample:		84583.41 time, 84360.01 real, 2293 MB, 1.00 load
[runlim] sample:		84593.41 time, 84370.01 real, 2297 MB, 1.00 load
[runlim] sample:		84603.41 time, 84380.01 real, 2298 MB, 1.00 load
[runlim] sample:		84613.42 time, 84390.01 real, 2303 MB, 1.00 load
[runlim] sample:		84623.41 time, 84400.01 real, 2304 MB, 1.00 load
[runlim] sample:		84633.41 time, 84410.01 real, 2307 MB, 1.00 load
[runlim] sample:		84643.41 time, 84420.01 real, 2310 MB, 1.00 load
[runlim] sample:		84653.41 time, 84430.01 real, 2313 MB, 1.08 load
[runlim] sample:		84663.41 time, 84440.01 real, 2315 MB, 1.22 load
[runlim] sample:		84673.41 time, 84450.01 real, 2319 MB, 1.26 load
[runlim] sample:		84683.40 time, 84460.01 real, 2321 MB, 1.22 load
[runlim] sample:		84693.40 time, 84470.01 real, 2324 MB, 1.19 load
[runlim] sample:		84703.40 time, 84480.01 real, 2327 MB, 1.16 load
[runlim] sample:		84713.40 time, 84490.01 real, 2330 MB, 1.13 load
[runlim] sample:		84723.41 time, 84500.01 real, 2334 MB, 1.11 load
[runlim] sample:		84733.40 time, 84510.01 real, 2336 MB, 1.09 load
[runlim] sample:		84743.40 time, 84520.01 real, 2339 MB, 1.08 load
[runlim] sample:		84753.40 time, 84530.01 real, 2342 MB, 1.07 load
[runlim] sample:		84763.39 time, 84540.01 real, 2347 MB, 1.06 load
[runlim] sample:		84773.40 time, 84550.01 real, 2347 MB, 1.05 load
[runlim] sample:		84783.40 time, 84560.01 real, 2350 MB, 1.04 load
[runlim] sample:		84793.40 time, 84570.01 real, 2353 MB, 1.03 load
[runlim] sample:		84803.40 time, 84580.01 real, 2359 MB, 1.03 load
[runlim] sample:		84813.39 time, 84590.01 real, 2359 MB, 1.02 load
[runlim] sample:		84823.40 time, 84600.01 real, 2401 MB, 1.02 load
[runlim] sample:		84833.39 time, 84610.01 real, 2401 MB, 1.02 load
[runlim] sample:		84843.39 time, 84620.01 real, 2395 MB, 1.01 load
[runlim] sample:		84853.40 time, 84630.01 real, 2396 MB, 1.01 load
[runlim] sample:		84863.39 time, 84640.01 real, 2422 MB, 1.01 load

NN₁: mnist_relu_3_100_gemm.onnx
NN₂: mnist_relu_3_100_0.79_adam_1_stepsize.onnx
Prop: mnist_49_global_4.vnnlib

NN₁: mnist_relu_3_100_gemm.onnx
NN₂: mnist_relu_3_100_0.79_adam_1_stepsize.onnx
Prop: mnist_49_global_5.vnnlib
[runlim] sample:		84873.32 time, 84650.01 real, 2253 MB, 1.01 load
[runlim] sample:		84883.31 time, 84660.01 real, 2253 MB, 1.00 load
[runlim] sample:		84893.31 time, 84670.01 real, 2253 MB, 1.00 load
[runlim] sample:		84903.31 time, 84680.01 real, 2253 MB, 1.00 load
[runlim] sample:		84913.31 time, 84690.02 real, 2253 MB, 1.00 load
[runlim] sample:		84923.30 time, 84700.01 real, 2253 MB, 1.00 load
[runlim] sample:		84933.30 time, 84710.01 real, 2253 MB, 1.00 load
[runlim] sample:		84943.30 time, 84720.01 real, 2253 MB, 1.00 load
[runlim] sample:		84953.30 time, 84730.02 real, 2253 MB, 1.00 load
[runlim] sample:		84963.30 time, 84740.01 real, 2253 MB, 1.00 load
[runlim] sample:		84973.29 time, 84750.01 real, 2253 MB, 1.00 load
[runlim] sample:		84983.29 time, 84760.01 real, 2253 MB, 1.00 load
[runlim] sample:		84993.29 time, 84770.01 real, 2253 MB, 1.00 load
[runlim] sample:		85003.29 time, 84780.01 real, 2253 MB, 1.00 load
[runlim] sample:		85013.29 time, 84790.01 real, 2253 MB, 1.00 load
[runlim] sample:		85023.28 time, 84800.01 real, 2253 MB, 1.00 load
[runlim] sample:		85033.28 time, 84810.02 real, 2253 MB, 1.00 load
[runlim] sample:		85043.27 time, 84820.01 real, 2253 MB, 1.00 load
[runlim] sample:		85053.28 time, 84830.01 real, 2254 MB, 1.00 load
[runlim] sample:		85063.27 time, 84840.02 real, 2256 MB, 1.00 load
[runlim] sample:		85073.26 time, 84850.01 real, 2259 MB, 1.00 load
[runlim] sample:		85083.26 time, 84860.01 real, 2262 MB, 1.00 load
[runlim] sample:		85093.27 time, 84870.01 real, 2265 MB, 1.00 load
[runlim] sample:		85103.27 time, 84880.01 real, 2269 MB, 1.00 load
[runlim] sample:		85113.26 time, 84890.01 real, 2270 MB, 1.00 load
[runlim] sample:		85123.25 time, 84900.01 real, 2273 MB, 1.00 load
[runlim] sample:		85133.24 time, 84910.01 real, 2276 MB, 1.00 load
[runlim] sample:		85143.24 time, 84920.01 real, 2280 MB, 1.00 load
[runlim] sample:		85153.24 time, 84930.01 real, 2281 MB, 1.08 load
[runlim] sample:		85163.25 time, 84940.01 real, 2285 MB, 1.22 load
[runlim] sample:		85173.24 time, 84950.01 real, 2287 MB, 1.26 load
[runlim] sample:		85183.23 time, 84960.01 real, 2290 MB, 1.22 load
[runlim] sample:		85193.24 time, 84970.01 real, 2293 MB, 1.19 load
[runlim] sample:		85203.24 time, 84980.02 real, 2296 MB, 1.16 load
[runlim] sample:		85213.23 time, 84990.01 real, 2298 MB, 1.13 load
[runlim] sample:		85223.23 time, 85000.01 real, 2301 MB, 1.11 load
[runlim] sample:		85233.22 time, 85010.01 real, 2303 MB, 1.09 load
[runlim] sample:		85243.22 time, 85020.01 real, 2306 MB, 1.15 load
[runlim] sample:		85253.22 time, 85030.01 real, 2310 MB, 1.13 load
[runlim] sample:		85263.22 time, 85040.01 real, 2312 MB, 1.11 load
[runlim] sample:		85273.22 time, 85050.01 real, 2314 MB, 1.09 load
[runlim] sample:		85283.21 time, 85060.01 real, 2317 MB, 1.08 load
[runlim] sample:		85293.20 time, 85070.01 real, 2320 MB, 1.15 load
[runlim] sample:		85303.20 time, 85080.01 real, 2323 MB, 1.12 load
[runlim] sample:		85313.20 time, 85090.01 real, 2327 MB, 1.10 load
[runlim] sample:		85323.20 time, 85100.01 real, 2328 MB, 1.09 load
[runlim] sample:		85333.20 time, 85110.01 real, 2333 MB, 1.07 load
[runlim] sample:		85343.19 time, 85120.01 real, 2334 MB, 1.06 load
[runlim] sample:		85353.19 time, 85130.01 real, 2339 MB, 1.05 load
[runlim] sample:		85363.19 time, 85140.01 real, 2340 MB, 1.04 load
[runlim] sample:		85373.18 time, 85150.01 real, 2342 MB, 1.04 load
[runlim] sample:		85383.19 time, 85160.01 real, 2348 MB, 1.03 load
[runlim] sample:		85393.19 time, 85170.01 real, 2348 MB, 1.02 load
[runlim] sample:		85403.18 time, 85180.01 real, 2351 MB, 1.02 load
[runlim] sample:		85413.18 time, 85190.01 real, 2354 MB, 1.02 load
[runlim] sample:		85423.18 time, 85200.01 real, 2371 MB, 1.01 load
[runlim] sample:		85433.18 time, 85210.01 real, 2371 MB, 1.01 load
[runlim] sample:		85443.17 time, 85220.01 real, 2373 MB, 1.01 load
[runlim] sample:		85453.17 time, 85230.01 real, 2389 MB, 1.01 load
[runlim] sample:		85463.16 time, 85240.01 real, 2391 MB, 1.01 load

NN₁: mnist_relu_3_100_gemm.onnx
NN₂: mnist_relu_3_100_0.79_adam_1_stepsize.onnx
Prop: mnist_50_global_4.vnnlib
[runlim] sample:		85473.12 time, 85250.01 real, 2253 MB, 1.00 load
[runlim] sample:		85483.12 time, 85260.01 real, 2253 MB, 1.00 load
[runlim] sample:		85493.11 time, 85270.01 real, 2253 MB, 1.00 load
[runlim] sample:		85503.11 time, 85280.01 real, 2253 MB, 1.00 load
[runlim] sample:		85513.11 time, 85290.01 real, 2253 MB, 1.00 load
[runlim] sample:		85523.10 time, 85300.01 real, 2253 MB, 1.00 load
[runlim] sample:		85533.10 time, 85310.01 real, 2253 MB, 1.00 load
[runlim] sample:		85543.10 time, 85320.01 real, 2253 MB, 1.08 load
[runlim] sample:		85553.10 time, 85330.01 real, 2253 MB, 1.07 load
[runlim] sample:		85563.10 time, 85340.01 real, 2253 MB, 1.06 load
[runlim] sample:		85573.09 time, 85350.01 real, 2253 MB, 1.05 load
[runlim] sample:		85583.10 time, 85360.01 real, 2253 MB, 1.04 load
[runlim] sample:		85593.09 time, 85370.01 real, 2253 MB, 1.03 load
[runlim] sample:		85603.09 time, 85380.01 real, 2253 MB, 1.03 load
[runlim] sample:		85613.09 time, 85390.01 real, 2253 MB, 1.02 load
[runlim] sample:		85623.08 time, 85400.01 real, 2253 MB, 1.02 load
[runlim] sample:		85633.09 time, 85410.01 real, 2253 MB, 1.02 load
[runlim] sample:		85643.08 time, 85420.01 real, 2253 MB, 1.09 load
[runlim] sample:		85653.08 time, 85430.01 real, 2253 MB, 1.07 load
[runlim] sample:		85663.07 time, 85440.01 real, 2253 MB, 1.22 load
[runlim] sample:		85673.07 time, 85450.01 real, 2253 MB, 1.34 load
[runlim] sample:		85683.07 time, 85460.01 real, 2253 MB, 1.29 load
[runlim] sample:		85693.07 time, 85470.01 real, 2253 MB, 1.24 load
[runlim] sample:		85703.06 time, 85480.01 real, 2254 MB, 1.20 load
[runlim] sample:		85713.06 time, 85490.01 real, 2256 MB, 1.17 load
[runlim] sample:		85723.06 time, 85500.01 real, 2259 MB, 1.14 load
[runlim] sample:		85733.05 time, 85510.01 real, 2261 MB, 1.12 load
[runlim] sample:		85743.05 time, 85520.01 real, 2262 MB, 1.10 load
[runlim] sample:		85753.05 time, 85530.01 real, 2265 MB, 1.09 load
[runlim] sample:		85763.05 time, 85540.01 real, 2268 MB, 1.07 load
[runlim] sample:		85773.05 time, 85550.01 real, 2268 MB, 1.06 load
[runlim] sample:		85783.04 time, 85560.01 real, 2271 MB, 1.05 load
[runlim] sample:		85793.04 time, 85570.01 real, 2273 MB, 1.04 load
[runlim] sample:		85803.03 time, 85580.01 real, 2277 MB, 1.04 load
[runlim] sample:		85813.04 time, 85590.01 real, 2277 MB, 1.03 load
[runlim] sample:		85823.03 time, 85600.01 real, 2279 MB, 1.02 load
[runlim] sample:		85833.03 time, 85610.01 real, 2283 MB, 1.02 load
[runlim] sample:		85843.03 time, 85620.01 real, 2283 MB, 1.02 load
[runlim] sample:		85853.03 time, 85630.01 real, 2286 MB, 1.01 load
[runlim] sample:		85863.03 time, 85640.02 real, 2287 MB, 1.01 load
[runlim] sample:		85873.03 time, 85650.01 real, 2289 MB, 1.01 load
[runlim] sample:		85883.02 time, 85660.01 real, 2292 MB, 1.01 load
[runlim] sample:		85893.02 time, 85670.01 real, 2293 MB, 1.01 load
[runlim] sample:		85903.01 time, 85680.01 real, 2295 MB, 1.00 load
[runlim] sample:		85913.01 time, 85690.01 real, 2298 MB, 1.00 load
[runlim] sample:		85923.01 time, 85700.01 real, 2300 MB, 1.00 load
[runlim] sample:		85933.01 time, 85710.01 real, 2301 MB, 1.00 load
[runlim] sample:		85943.00 time, 85720.01 real, 2303 MB, 1.00 load
[runlim] sample:		85953.00 time, 85730.01 real, 2306 MB, 1.00 load
[runlim] sample:		85963.00 time, 85740.01 real, 2307 MB, 1.00 load
[runlim] sample:		85972.99 time, 85750.01 real, 2311 MB, 1.00 load
[runlim] sample:		85982.99 time, 85760.01 real, 2312 MB, 1.00 load
[runlim] sample:		85992.99 time, 85770.01 real, 2314 MB, 1.00 load
[runlim] sample:		86002.99 time, 85780.01 real, 2315 MB, 1.00 load
[runlim] sample:		86012.99 time, 85790.01 real, 2318 MB, 1.00 load
[runlim] sample:		86022.98 time, 85800.01 real, 2319 MB, 1.00 load
[runlim] sample:		86032.99 time, 85810.01 real, 2322 MB, 1.00 load
[runlim] sample:		86042.98 time, 85820.01 real, 2323 MB, 1.00 load
[runlim] sample:		86052.98 time, 85830.01 real, 2325 MB, 1.00 load
[runlim] sample:		86062.98 time, 85840.01 real, 2327 MB, 1.00 load

NN₁: mnist_relu_3_100_gemm.onnx
NN₂: mnist_relu_3_100_0.79_adam_1_stepsize.onnx
Prop: mnist_50_global_5.vnnlib
[runlim] sample:		86072.95 time, 85850.01 real, 2253 MB, 1.00 load
[runlim] sample:		86082.95 time, 85860.01 real, 2253 MB, 1.00 load
[runlim] sample:		86092.95 time, 85870.01 real, 2253 MB, 1.00 load
[runlim] sample:		86102.95 time, 85880.01 real, 2253 MB, 1.00 load
[runlim] sample:		86112.95 time, 85890.01 real, 2253 MB, 1.00 load
[runlim] sample:		86122.95 time, 85900.01 real, 2253 MB, 1.00 load
[runlim] sample:		86132.95 time, 85910.01 real, 2253 MB, 1.00 load
[runlim] sample:		86142.94 time, 85920.01 real, 2253 MB, 1.00 load
[runlim] sample:		86152.94 time, 85930.01 real, 2253 MB, 1.00 load
[runlim] sample:		86162.94 time, 85940.01 real, 2253 MB, 1.15 load
[runlim] sample:		86172.94 time, 85950.01 real, 2253 MB, 1.28 load
[runlim] sample:		86182.94 time, 85960.01 real, 2253 MB, 1.24 load
[runlim] sample:		86192.94 time, 85970.01 real, 2253 MB, 1.28 load
[runlim] sample:		86202.94 time, 85980.01 real, 2253 MB, 1.23 load
[runlim] sample:		86212.93 time, 85990.01 real, 2253 MB, 1.20 load
[runlim] sample:		86222.93 time, 86000.01 real, 2253 MB, 1.17 load
[runlim] sample:		86232.94 time, 86010.01 real, 2253 MB, 1.14 load
[runlim] sample:		86242.93 time, 86020.01 real, 2253 MB, 1.12 load
[runlim] sample:		86252.93 time, 86030.01 real, 2253 MB, 1.10 load
[runlim] sample:		86262.93 time, 86040.01 real, 2254 MB, 1.08 load
[runlim] sample:		86272.93 time, 86050.01 real, 2255 MB, 1.07 load
[runlim] sample:		86282.93 time, 86060.01 real, 2258 MB, 1.06 load
[runlim] sample:		86292.93 time, 86070.01 real, 2261 MB, 1.05 load
[runlim] sample:		86302.93 time, 86080.01 real, 2264 MB, 1.04 load
[runlim] sample:		86312.92 time, 86090.01 real, 2265 MB, 1.04 load
[runlim] sample:		86322.92 time, 86100.01 real, 2269 MB, 1.03 load
[runlim] sample:		86332.92 time, 86110.01 real, 2271 MB, 1.02 load
[runlim] sample:		86342.92 time, 86120.01 real, 2273 MB, 1.02 load
[runlim] sample:		86352.92 time, 86130.01 real, 2276 MB, 1.02 load
[runlim] sample:		86362.91 time, 86140.01 real, 2279 MB, 1.01 load
[runlim] sample:		86372.92 time, 86150.01 real, 2282 MB, 1.01 load
[runlim] sample:		86382.92 time, 86160.01 real, 2286 MB, 1.01 load
[runlim] sample:		86392.91 time, 86170.01 real, 2286 MB, 1.01 load
[runlim] sample:		86402.91 time, 86180.01 real, 2289 MB, 1.01 load
[runlim] sample:		86412.91 time, 86190.01 real, 2292 MB, 1.00 load
[runlim] sample:		86422.91 time, 86200.01 real, 2295 MB, 1.00 load
[runlim] sample:		86432.90 time, 86210.01 real, 2299 MB, 1.00 load
[runlim] sample:		86442.91 time, 86220.01 real, 2300 MB, 1.00 load
[runlim] sample:		86452.90 time, 86230.01 real, 2303 MB, 1.00 load
[runlim] sample:		86462.90 time, 86240.01 real, 2305 MB, 1.00 load
[runlim] sample:		86472.91 time, 86250.01 real, 2308 MB, 1.00 load
[runlim] sample:		86482.90 time, 86260.01 real, 2310 MB, 1.00 load
[runlim] sample:		86492.90 time, 86270.01 real, 2313 MB, 1.00 load
[runlim] sample:		86502.90 time, 86280.01 real, 2316 MB, 1.00 load
[runlim] sample:		86512.90 time, 86290.01 real, 2320 MB, 1.00 load
[runlim] sample:		86522.89 time, 86300.01 real, 2321 MB, 1.00 load
[runlim] sample:		86532.89 time, 86310.01 real, 2323 MB, 1.00 load
[runlim] sample:		86542.90 time, 86320.01 real, 2328 MB, 1.00 load
[runlim] sample:		86552.89 time, 86330.01 real, 2328 MB, 1.00 load
[runlim] sample:		86562.89 time, 86340.01 real, 2334 MB, 1.07 load
[runlim] sample:		86572.89 time, 86350.01 real, 2334 MB, 1.14 load
[runlim] sample:		86582.88 time, 86360.01 real, 2337 MB, 1.12 load
[runlim] sample:		86592.89 time, 86370.01 real, 2340 MB, 1.10 load
[runlim] sample:		86602.88 time, 86380.01 real, 2342 MB, 1.17 load
[runlim] sample:		86612.89 time, 86390.01 real, 2346 MB, 1.14 load
[runlim] sample:		86622.88 time, 86400.01 real, 2347 MB, 1.12 load
[runlim] sample:		86632.88 time, 86410.01 real, 2358 MB, 1.10 load
[runlim] sample:		86642.88 time, 86420.01 real, 2359 MB, 1.08 load
[runlim] sample:		86652.87 time, 86430.01 real, 2373 MB, 1.07 load
[runlim] sample:		86662.88 time, 86440.01 real, 2374 MB, 1.21 load

NN₁: mnist_relu_3_100_gemm.onnx
NN₂: mnist_relu_3_100_0.79_adam_1_stepsize.onnx
Prop: mnist_51_global_4.vnnlib
[runlim] sample:		86672.83 time, 86450.01 real, 2262 MB, 1.41 load

NN₁: mnist_relu_3_100_gemm.onnx
NN₂: mnist_relu_3_100_0.79_adam_1_stepsize.onnx
Prop: mnist_51_global_5.vnnlib
[runlim] sample:		86682.82 time, 86460.01 real, 2262 MB, 1.35 load
[runlim] sample:		86692.82 time, 86470.01 real, 2262 MB, 1.29 load
[runlim] sample:		86702.82 time, 86480.01 real, 2262 MB, 1.25 load
[runlim] sample:		86712.81 time, 86490.01 real, 2262 MB, 1.21 load
[runlim] sample:		86722.82 time, 86500.01 real, 2262 MB, 1.18 load
[runlim] sample:		86732.81 time, 86510.01 real, 2262 MB, 1.15 load
[runlim] sample:		86742.81 time, 86520.01 real, 2262 MB, 1.12 load
[runlim] sample:		86752.81 time, 86530.01 real, 2262 MB, 1.10 load
[runlim] sample:		86762.81 time, 86540.01 real, 2262 MB, 1.09 load
[runlim] sample:		86772.81 time, 86550.01 real, 2262 MB, 1.07 load
[runlim] sample:		86782.80 time, 86560.01 real, 2262 MB, 1.06 load
[runlim] sample:		86792.81 time, 86570.01 real, 2262 MB, 1.05 load
[runlim] sample:		86802.80 time, 86580.01 real, 2262 MB, 1.04 load
[runlim] sample:		86812.81 time, 86590.01 real, 2262 MB, 1.04 load
[runlim] sample:		86822.80 time, 86600.01 real, 2262 MB, 1.03 load
[runlim] sample:		86832.80 time, 86610.01 real, 2262 MB, 1.03 load
[runlim] sample:		86842.80 time, 86620.01 real, 2262 MB, 1.02 load
[runlim] sample:		86852.80 time, 86630.01 real, 2262 MB, 1.02 load
[runlim] sample:		86862.80 time, 86640.01 real, 2264 MB, 1.01 load
[runlim] sample:		86872.79 time, 86650.01 real, 2264 MB, 1.01 load
[runlim] sample:		86882.79 time, 86660.01 real, 2268 MB, 1.01 load
[runlim] sample:		86892.80 time, 86670.01 real, 2270 MB, 1.01 load
[runlim] sample:		86902.79 time, 86680.01 real, 2273 MB, 1.01 load
[runlim] sample:		86912.80 time, 86690.01 real, 2275 MB, 1.00 load
[runlim] sample:		86922.79 time, 86700.01 real, 2280 MB, 1.00 load
[runlim] sample:		86932.79 time, 86710.01 real, 2281 MB, 1.00 load
[runlim] sample:		86942.79 time, 86720.01 real, 2285 MB, 1.00 load
[runlim] sample:		86952.78 time, 86730.01 real, 2288 MB, 1.00 load
[runlim] sample:		86962.78 time, 86740.01 real, 2289 MB, 1.00 load
[runlim] sample:		86972.79 time, 86750.01 real, 2292 MB, 1.00 load
[runlim] sample:		86982.78 time, 86760.01 real, 2295 MB, 1.00 load
[runlim] sample:		86992.78 time, 86770.01 real, 2298 MB, 1.00 load
[runlim] sample:		87002.78 time, 86780.01 real, 2300 MB, 1.00 load
[runlim] sample:		87012.78 time, 86790.01 real, 2302 MB, 1.00 load
[runlim] sample:		87022.78 time, 86800.01 real, 2306 MB, 1.00 load
[runlim] sample:		87032.77 time, 86810.01 real, 2308 MB, 1.00 load
[runlim] sample:		87042.78 time, 86820.01 real, 2310 MB, 1.00 load
[runlim] sample:		87052.77 time, 86830.01 real, 2314 MB, 1.00 load
[runlim] sample:		87062.78 time, 86840.01 real, 2317 MB, 1.00 load
[runlim] sample:		87072.77 time, 86850.01 real, 2318 MB, 1.00 load
[runlim] sample:		87082.78 time, 86860.01 real, 2321 MB, 1.00 load
[runlim] sample:		87092.77 time, 86870.01 real, 2325 MB, 1.00 load
[runlim] sample:		87102.77 time, 86880.01 real, 2326 MB, 1.00 load
[runlim] sample:		87112.76 time, 86890.01 real, 2330 MB, 1.00 load
[runlim] sample:		87122.76 time, 86900.01 real, 2332 MB, 1.00 load
[runlim] sample:		87132.77 time, 86910.01 real, 2334 MB, 1.00 load
[runlim] sample:		87142.77 time, 86920.01 real, 2338 MB, 1.00 load
[runlim] sample:		87152.76 time, 86930.01 real, 2340 MB, 1.00 load
[runlim] sample:		87162.76 time, 86940.01 real, 2344 MB, 1.15 load
[runlim] sample:		87172.76 time, 86950.01 real, 2345 MB, 1.28 load
[runlim] sample:		87182.76 time, 86960.01 real, 2349 MB, 1.24 load
[runlim] sample:		87192.76 time, 86970.01 real, 2354 MB, 1.20 load
[runlim] sample:		87202.75 time, 86980.01 real, 2354 MB, 1.17 load
[runlim] sample:		87212.76 time, 86990.01 real, 2359 MB, 1.14 load
[runlim] sample:		87222.75 time, 87000.01 real, 2359 MB, 1.12 load
[runlim] sample:		87232.75 time, 87010.01 real, 2363 MB, 1.10 load
[runlim] sample:		87242.75 time, 87020.01 real, 2357 MB, 1.09 load
[runlim] sample:		87252.75 time, 87030.01 real, 2359 MB, 1.07 load
[runlim] sample:		87262.74 time, 87040.01 real, 2362 MB, 1.06 load
[runlim] sample:		87272.74 time, 87050.01 real, 2364 MB, 1.05 load

NN₁: mnist_relu_3_100_gemm.onnx
NN₂: mnist_relu_3_100_0.79_adam_1_stepsize.onnx
Prop: mnist_52_global_4.vnnlib
[runlim] sample:		87282.70 time, 87060.01 real, 2253 MB, 1.04 load
[runlim] sample:		87292.69 time, 87070.01 real, 2253 MB, 1.04 load
[runlim] sample:		87302.69 time, 87080.01 real, 2253 MB, 1.03 load
[runlim] sample:		87312.69 time, 87090.01 real, 2253 MB, 1.02 load
[runlim] sample:		87322.70 time, 87100.01 real, 2253 MB, 1.02 load
[runlim] sample:		87332.69 time, 87110.01 real, 2253 MB, 1.02 load
[runlim] sample:		87342.69 time, 87120.01 real, 2253 MB, 1.01 load
[runlim] sample:		87352.69 time, 87130.01 real, 2253 MB, 1.01 load
[runlim] sample:		87362.69 time, 87140.01 real, 2253 MB, 1.01 load
[runlim] sample:		87372.69 time, 87150.01 real, 2253 MB, 1.01 load
[runlim] sample:		87382.69 time, 87160.01 real, 2253 MB, 1.01 load
[runlim] sample:		87392.68 time, 87170.01 real, 2253 MB, 1.00 load
[runlim] sample:		87402.68 time, 87180.01 real, 2253 MB, 1.00 load
[runlim] sample:		87412.68 time, 87190.01 real, 2253 MB, 1.00 load
[runlim] sample:		87422.69 time, 87200.01 real, 2253 MB, 1.00 load
[runlim] sample:		87432.68 time, 87210.01 real, 2253 MB, 1.00 load
[runlim] sample:		87442.68 time, 87220.01 real, 2253 MB, 1.00 load
[runlim] sample:		87452.67 time, 87230.01 real, 2253 MB, 1.00 load
[runlim] sample:		87462.68 time, 87240.01 real, 2255 MB, 1.00 load
[runlim] sample:		87472.68 time, 87250.01 real, 2258 MB, 1.00 load
[runlim] sample:		87482.68 time, 87260.01 real, 2260 MB, 1.00 load
[runlim] sample:		87492.67 time, 87270.01 real, 2263 MB, 1.00 load
[runlim] sample:		87502.67 time, 87280.01 real, 2268 MB, 1.00 load
[runlim] sample:		87512.67 time, 87290.01 real, 2269 MB, 1.00 load
[runlim] sample:		87522.67 time, 87300.01 real, 2272 MB, 1.00 load
[runlim] sample:		87532.67 time, 87310.01 real, 2275 MB, 1.00 load
[runlim] sample:		87542.66 time, 87320.01 real, 2279 MB, 1.00 load
[runlim] sample:		87552.67 time, 87330.01 real, 2280 MB, 1.00 load
[runlim] sample:		87562.67 time, 87340.01 real, 2283 MB, 1.00 load
[runlim] sample:		87572.67 time, 87350.01 real, 2285 MB, 1.00 load
[runlim] sample:		87582.66 time, 87360.01 real, 2288 MB, 1.00 load
[runlim] sample:		87592.66 time, 87370.01 real, 2292 MB, 1.00 load
[runlim] sample:		87602.66 time, 87380.01 real, 2293 MB, 1.00 load
[runlim] sample:		87612.65 time, 87390.01 real, 2296 MB, 1.00 load
[runlim] sample:		87622.66 time, 87400.01 real, 2300 MB, 1.00 load
[runlim] sample:		87632.65 time, 87410.01 real, 2303 MB, 1.00 load
[runlim] sample:		87642.65 time, 87420.01 real, 2305 MB, 1.00 load
[runlim] sample:		87652.65 time, 87430.01 real, 2307 MB, 1.00 load
[runlim] sample:		87662.65 time, 87440.01 real, 2310 MB, 1.15 load
[runlim] sample:		87672.65 time, 87450.01 real, 2313 MB, 1.28 load
[runlim] sample:		87682.64 time, 87460.01 real, 2316 MB, 1.24 load
[runlim] sample:		87692.64 time, 87470.01 real, 2318 MB, 1.20 load
[runlim] sample:		87702.64 time, 87480.01 real, 2322 MB, 1.17 load
[runlim] sample:		87712.64 time, 87490.01 real, 2324 MB, 1.14 load
[runlim] sample:		87722.64 time, 87500.01 real, 2327 MB, 1.12 load
[runlim] sample:		87732.63 time, 87510.01 real, 2333 MB, 1.18 load
[runlim] sample:		87742.64 time, 87520.01 real, 2333 MB, 1.15 load
[runlim] sample:		87752.63 time, 87530.01 real, 2338 MB, 1.13 load
[runlim] sample:		87762.64 time, 87540.01 real, 2338 MB, 1.11 load
[runlim] sample:		87772.63 time, 87550.01 real, 2344 MB, 1.09 load
[runlim] sample:		87782.63 time, 87560.01 real, 2344 MB, 1.08 load
[runlim] sample:		87792.63 time, 87570.01 real, 2346 MB, 1.07 load
[runlim] sample:		87802.62 time, 87580.01 real, 2357 MB, 1.06 load
[runlim] sample:		87812.63 time, 87590.01 real, 2357 MB, 1.05 load
[runlim] sample:		87822.62 time, 87600.01 real, 2360 MB, 1.04 load
[runlim] sample:		87832.63 time, 87610.01 real, 2362 MB, 1.03 load
[runlim] sample:		87842.62 time, 87620.01 real, 2378 MB, 1.03 load
[runlim] sample:		87852.62 time, 87630.01 real, 2379 MB, 1.02 load
[runlim] sample:		87862.61 time, 87640.01 real, 2413 MB, 1.02 load
[runlim] sample:		87872.62 time, 87650.01 real, 2413 MB, 1.02 load

NN₁: mnist_relu_3_100_gemm.onnx
NN₂: mnist_relu_3_100_0.79_adam_1_stepsize.onnx
Prop: mnist_52_global_5.vnnlib
[runlim] sample:		87882.59 time, 87660.01 real, 2253 MB, 1.01 load
[runlim] sample:		87892.59 time, 87670.01 real, 2253 MB, 1.01 load
[runlim] sample:		87902.59 time, 87680.01 real, 2253 MB, 1.01 load
[runlim] sample:		87912.59 time, 87690.01 real, 2253 MB, 1.01 load
[runlim] sample:		87922.59 time, 87700.01 real, 2253 MB, 1.00 load
[runlim] sample:		87932.59 time, 87710.01 real, 2253 MB, 1.00 load
[runlim] sample:		87942.59 time, 87720.01 real, 2253 MB, 1.00 load
[runlim] sample:		87952.58 time, 87730.01 real, 2253 MB, 1.00 load
[runlim] sample:		87962.58 time, 87740.01 real, 2253 MB, 1.00 load
[runlim] sample:		87972.59 time, 87750.01 real, 2253 MB, 1.00 load
[runlim] sample:		87982.58 time, 87760.01 real, 2253 MB, 1.00 load
[runlim] sample:		87992.58 time, 87770.01 real, 2253 MB, 1.00 load
[runlim] sample:		88002.58 time, 87780.01 real, 2253 MB, 1.00 load
[runlim] sample:		88012.58 time, 87790.01 real, 2253 MB, 1.00 load
[runlim] sample:		88022.58 time, 87800.01 real, 2253 MB, 1.00 load
[runlim] sample:		88032.58 time, 87810.01 real, 2253 MB, 1.00 load
[runlim] sample:		88042.57 time, 87820.01 real, 2253 MB, 1.00 load
[runlim] sample:		88052.57 time, 87830.01 real, 2253 MB, 1.00 load
[runlim] sample:		88062.57 time, 87840.01 real, 2253 MB, 1.00 load
[runlim] sample:		88072.57 time, 87850.01 real, 2253 MB, 1.00 load
[runlim] sample:		88082.56 time, 87860.01 real, 2256 MB, 1.00 load
[runlim] sample:		88092.57 time, 87870.01 real, 2258 MB, 1.00 load
[runlim] sample:		88102.56 time, 87880.01 real, 2262 MB, 1.00 load
[runlim] sample:		88112.56 time, 87890.01 real, 2265 MB, 1.00 load
[runlim] sample:		88122.56 time, 87900.01 real, 2266 MB, 1.00 load
[runlim] sample:		88132.57 time, 87910.01 real, 2269 MB, 1.00 load
[runlim] sample:		88142.56 time, 87920.01 real, 2273 MB, 1.00 load
[runlim] sample:		88152.56 time, 87930.01 real, 2274 MB, 1.00 load
[runlim] sample:		88162.56 time, 87940.01 real, 2276 MB, 1.15 load
[runlim] sample:		88172.56 time, 87950.01 real, 2279 MB, 1.36 load
[runlim] sample:		88182.56 time, 87960.01 real, 2282 MB, 1.30 load
[runlim] sample:		88192.55 time, 87970.01 real, 2284 MB, 1.26 load
[runlim] sample:		88202.55 time, 87980.01 real, 2287 MB, 1.22 load
[runlim] sample:		88212.55 time, 87990.01 real, 2291 MB, 1.18 load
[runlim] sample:		88222.55 time, 88000.01 real, 2293 MB, 1.15 load
[runlim] sample:		88232.55 time, 88010.01 real, 2295 MB, 1.13 load
[runlim] sample:		88242.55 time, 88020.01 real, 2297 MB, 1.11 load
[runlim] sample:		88252.55 time, 88030.01 real, 2300 MB, 1.09 load
[runlim] sample:		88262.54 time, 88040.01 real, 2304 MB, 1.08 load
[runlim] sample:		88272.54 time, 88050.01 real, 2305 MB, 1.07 load
[runlim] sample:		88282.54 time, 88060.01 real, 2307 MB, 1.06 load
[runlim] sample:		88292.54 time, 88070.01 real, 2311 MB, 1.05 load
[runlim] sample:		88302.54 time, 88080.01 real, 2313 MB, 1.04 load
[runlim] sample:		88312.54 time, 88090.01 real, 2316 MB, 1.03 load
[runlim] sample:		88322.54 time, 88100.01 real, 2318 MB, 1.03 load
[runlim] sample:		88332.53 time, 88110.01 real, 2320 MB, 1.02 load
[runlim] sample:		88342.54 time, 88120.01 real, 2324 MB, 1.02 load
[runlim] sample:		88352.53 time, 88130.01 real, 2328 MB, 1.02 load
[runlim] sample:		88362.53 time, 88140.02 real, 2328 MB, 1.01 load
[runlim] sample:		88372.52 time, 88150.01 real, 2332 MB, 1.01 load
[runlim] sample:		88382.53 time, 88160.01 real, 2336 MB, 1.01 load
[runlim] sample:		88392.52 time, 88170.01 real, 2336 MB, 1.01 load
[runlim] sample:		88402.52 time, 88180.01 real, 2341 MB, 1.00 load
[runlim] sample:		88412.53 time, 88190.01 real, 2341 MB, 1.00 load
[runlim] sample:		88422.52 time, 88200.01 real, 2346 MB, 1.00 load
[runlim] sample:		88432.52 time, 88210.01 real, 2346 MB, 1.00 load
[runlim] sample:		88442.51 time, 88220.01 real, 2359 MB, 1.00 load
[runlim] sample:		88452.52 time, 88230.01 real, 2359 MB, 1.08 load
[runlim] sample:		88462.51 time, 88240.01 real, 2361 MB, 1.07 load
[runlim] sample:		88472.51 time, 88250.01 real, 2380 MB, 1.06 load

NN₁: mnist_relu_3_100_gemm.onnx
NN₂: mnist_relu_3_100_0.79_adam_1_stepsize.onnx
Prop: mnist_53_global_4.vnnlib
[runlim] sample:		88482.48 time, 88260.01 real, 2253 MB, 1.05 load
[runlim] sample:		88492.49 time, 88270.01 real, 2253 MB, 1.04 load
[runlim] sample:		88502.48 time, 88280.01 real, 2253 MB, 1.03 load
[runlim] sample:		88512.48 time, 88290.01 real, 2253 MB, 1.03 load
[runlim] sample:		88522.48 time, 88300.01 real, 2253 MB, 1.02 load
[runlim] sample:		88532.48 time, 88310.01 real, 2253 MB, 1.02 load
[runlim] sample:		88542.47 time, 88320.01 real, 2253 MB, 1.02 load
[runlim] sample:		88552.47 time, 88330.01 real, 2253 MB, 1.01 load
[runlim] sample:		88562.48 time, 88340.01 real, 2253 MB, 1.01 load
[runlim] sample:		88572.47 time, 88350.01 real, 2253 MB, 1.01 load
[runlim] sample:		88582.47 time, 88360.01 real, 2253 MB, 1.01 load
[runlim] sample:		88592.48 time, 88370.01 real, 2253 MB, 1.00 load
[runlim] sample:		88602.47 time, 88380.01 real, 2253 MB, 1.00 load
[runlim] sample:		88612.47 time, 88390.01 real, 2253 MB, 1.00 load
[runlim] sample:		88622.47 time, 88400.01 real, 2253 MB, 1.00 load
[runlim] sample:		88632.46 time, 88410.01 real, 2253 MB, 1.00 load
[runlim] sample:		88642.47 time, 88420.01 real, 2253 MB, 1.00 load
[runlim] sample:		88652.47 time, 88430.02 real, 2253 MB, 1.00 load
[runlim] sample:		88662.46 time, 88440.01 real, 2256 MB, 1.15 load
[runlim] sample:		88672.46 time, 88450.01 real, 2258 MB, 1.28 load
[runlim] sample:		88682.46 time, 88460.01 real, 2262 MB, 1.24 load
[runlim] sample:		88692.46 time, 88470.01 real, 2265 MB, 1.20 load
[runlim] sample:		88702.46 time, 88480.01 real, 2267 MB, 1.17 load
[runlim] sample:		88712.45 time, 88490.01 real, 2270 MB, 1.14 load
[runlim] sample:		88722.45 time, 88500.01 real, 2273 MB, 1.12 load
[runlim] sample:		88732.45 time, 88510.01 real, 2276 MB, 1.10 load
[runlim] sample:		88742.45 time, 88520.01 real, 2280 MB, 1.09 load
[runlim] sample:		88752.45 time, 88530.01 real, 2281 MB, 1.07 load
[runlim] sample:		88762.44 time, 88540.01 real, 2285 MB, 1.06 load
[runlim] sample:		88772.45 time, 88550.01 real, 2288 MB, 1.05 load
[runlim] sample:		88782.44 time, 88560.01 real, 2289 MB, 1.04 load
[runlim] sample:		88792.45 time, 88570.01 real, 2292 MB, 1.04 load
[runlim] sample:		88802.44 time, 88580.01 real, 2296 MB, 1.03 load
[runlim] sample:		88812.44 time, 88590.01 real, 2299 MB, 1.02 load
[runlim] sample:		88822.44 time, 88600.01 real, 2301 MB, 1.02 load
[runlim] sample:		88832.44 time, 88610.01 real, 2304 MB, 1.02 load
[runlim] sample:		88842.43 time, 88620.01 real, 2306 MB, 1.01 load
[runlim] sample:		88852.43 time, 88630.01 real, 2310 MB, 1.01 load
[runlim] sample:		88862.44 time, 88640.01 real, 2312 MB, 1.01 load
[runlim] sample:		88872.43 time, 88650.01 real, 2315 MB, 1.01 load
[runlim] sample:		88882.43 time, 88660.01 real, 2318 MB, 1.01 load
[runlim] sample:		88892.43 time, 88670.01 real, 2320 MB, 1.00 load
[runlim] sample:		88902.43 time, 88680.01 real, 2325 MB, 1.00 load
[runlim] sample:		88912.43 time, 88690.01 real, 2326 MB, 1.00 load
[runlim] sample:		88922.43 time, 88700.01 real, 2332 MB, 1.00 load
[runlim] sample:		88932.42 time, 88710.01 real, 2332 MB, 1.00 load
[runlim] sample:		88942.42 time, 88720.01 real, 2335 MB, 1.00 load
[runlim] sample:		88952.42 time, 88730.01 real, 2339 MB, 1.00 load
[runlim] sample:		88962.42 time, 88740.01 real, 2340 MB, 1.00 load
[runlim] sample:		88972.42 time, 88750.01 real, 2346 MB, 1.00 load
[runlim] sample:		88982.42 time, 88760.01 real, 2346 MB, 1.00 load
[runlim] sample:		88992.42 time, 88770.01 real, 2349 MB, 1.00 load
[runlim] sample:		89002.41 time, 88780.01 real, 2352 MB, 1.00 load
[runlim] sample:		89012.42 time, 88790.01 real, 2355 MB, 1.00 load
[runlim] sample:		89022.41 time, 88800.01 real, 2360 MB, 1.00 load
[runlim] sample:		89032.40 time, 88810.01 real, 2360 MB, 1.00 load
[runlim] sample:		89042.41 time, 88820.01 real, 2386 MB, 1.00 load
[runlim] sample:		89052.41 time, 88830.01 real, 2386 MB, 1.00 load
[runlim] sample:		89062.41 time, 88840.01 real, 2410 MB, 1.00 load
[runlim] sample:		89072.40 time, 88850.01 real, 2410 MB, 1.00 load

NN₁: mnist_relu_3_100_gemm.onnx
NN₂: mnist_relu_3_100_0.79_adam_1_stepsize.onnx
Prop: mnist_53_global_5.vnnlib
[runlim] sample:		89082.36 time, 88860.01 real, 2253 MB, 1.00 load
[runlim] sample:		89092.36 time, 88870.01 real, 2253 MB, 1.00 load
[runlim] sample:		89102.36 time, 88880.01 real, 2253 MB, 1.00 load
[runlim] sample:		89112.36 time, 88890.01 real, 2253 MB, 1.00 load
[runlim] sample:		89122.36 time, 88900.01 real, 2253 MB, 1.00 load
[runlim] sample:		89132.36 time, 88910.01 real, 2253 MB, 1.00 load
[runlim] sample:		89142.35 time, 88920.01 real, 2253 MB, 1.00 load
[runlim] sample:		89152.35 time, 88930.01 real, 2253 MB, 1.00 load
[runlim] sample:		89162.35 time, 88940.01 real, 2253 MB, 1.15 load
[runlim] sample:		89172.35 time, 88950.02 real, 2253 MB, 1.28 load
[runlim] sample:		89182.35 time, 88960.01 real, 2253 MB, 1.24 load
[runlim] sample:		89192.35 time, 88970.01 real, 2253 MB, 1.20 load
[runlim] sample:		89202.34 time, 88980.01 real, 2253 MB, 1.17 load
[runlim] sample:		89212.34 time, 88990.01 real, 2253 MB, 1.14 load
[runlim] sample:		89222.34 time, 89000.01 real, 2253 MB, 1.12 load
[runlim] sample:		89232.33 time, 89010.01 real, 2253 MB, 1.10 load
[runlim] sample:		89242.34 time, 89020.01 real, 2253 MB, 1.09 load
[runlim] sample:		89252.34 time, 89030.02 real, 2253 MB, 1.07 load
[runlim] sample:		89262.33 time, 89040.01 real, 2253 MB, 1.06 load
[runlim] sample:		89272.34 time, 89050.01 real, 2255 MB, 1.05 load
[runlim] sample:		89282.33 time, 89060.01 real, 2257 MB, 1.04 load
[runlim] sample:		89292.33 time, 89070.01 real, 2259 MB, 1.04 load
[runlim] sample:		89302.33 time, 89080.01 real, 2262 MB, 1.03 load
[runlim] sample:		89312.32 time, 89090.01 real, 2264 MB, 1.02 load
[runlim] sample:		89322.32 time, 89100.01 real, 2265 MB, 1.02 load
[runlim] sample:		89332.32 time, 89110.01 real, 2268 MB, 1.02 load
[runlim] sample:		89342.32 time, 89120.01 real, 2272 MB, 1.01 load
[runlim] sample:		89352.33 time, 89130.01 real, 2273 MB, 1.01 load
[runlim] sample:		89362.32 time, 89140.01 real, 2277 MB, 1.01 load
[runlim] sample:		89372.32 time, 89150.01 real, 2279 MB, 1.01 load
[runlim] sample:		89382.31 time, 89160.01 real, 2281 MB, 1.01 load
[runlim] sample:		89392.31 time, 89170.01 real, 2285 MB, 1.00 load
[runlim] sample:		89402.32 time, 89180.01 real, 2288 MB, 1.00 load
[runlim] sample:		89412.31 time, 89190.01 real, 2289 MB, 1.00 load
[runlim] sample:		89422.31 time, 89200.01 real, 2291 MB, 1.00 load
[runlim] sample:		89432.31 time, 89210.01 real, 2294 MB, 1.00 load
[runlim] sample:		89442.31 time, 89220.01 real, 2297 MB, 1.00 load
[runlim] sample:		89452.30 time, 89230.01 real, 2301 MB, 1.00 load
[runlim] sample:		89462.30 time, 89240.01 real, 2302 MB, 1.00 load
[runlim] sample:		89472.30 time, 89250.01 real, 2304 MB, 1.00 load
[runlim] sample:		89482.30 time, 89260.01 real, 2307 MB, 1.00 load
[runlim] sample:		89492.30 time, 89270.01 real, 2310 MB, 1.00 load
[runlim] sample:		89502.30 time, 89280.01 real, 2312 MB, 1.00 load
[runlim] sample:		89512.30 time, 89290.01 real, 2315 MB, 1.00 load
[runlim] sample:		89522.30 time, 89300.01 real, 2317 MB, 1.00 load
[runlim] sample:		89532.29 time, 89310.01 real, 2320 MB, 1.00 load
[runlim] sample:		89542.30 time, 89320.01 real, 2323 MB, 1.00 load
[runlim] sample:		89552.29 time, 89330.01 real, 2328 MB, 1.00 load
[runlim] sample:		89562.30 time, 89340.01 real, 2328 MB, 1.00 load
[runlim] sample:		89572.29 time, 89350.01 real, 2331 MB, 1.00 load
[runlim] sample:		89582.29 time, 89360.01 real, 2335 MB, 1.00 load
[runlim] sample:		89592.29 time, 89370.01 real, 2335 MB, 1.00 load
[runlim] sample:		89602.29 time, 89380.01 real, 2339 MB, 1.00 load
[runlim] sample:		89612.29 time, 89390.01 real, 2343 MB, 1.00 load
[runlim] sample:		89622.29 time, 89400.01 real, 2343 MB, 1.00 load
[runlim] sample:		89632.28 time, 89410.01 real, 2352 MB, 1.00 load
[runlim] sample:		89642.28 time, 89420.01 real, 2352 MB, 1.00 load
[runlim] sample:		89652.28 time, 89430.01 real, 2355 MB, 1.00 load
[runlim] sample:		89662.28 time, 89440.01 real, 2355 MB, 1.15 load
[runlim] sample:		89672.28 time, 89450.01 real, 2358 MB, 1.28 load

NN₁: mnist_relu_3_100_gemm.onnx
NN₂: mnist_relu_3_100_0.79_adam_1_stepsize.onnx
Prop: mnist_54_global_4.vnnlib

NN₁: mnist_relu_3_100_gemm.onnx
NN₂: mnist_relu_3_100_0.79_adam_1_stepsize.onnx
Prop: mnist_54_global_5.vnnlib
[runlim] sample:		89682.24 time, 89460.01 real, 2265 MB, 1.24 load
[runlim] sample:		89692.24 time, 89470.01 real, 2265 MB, 1.20 load
[runlim] sample:		89702.23 time, 89480.01 real, 2265 MB, 1.17 load
[runlim] sample:		89712.24 time, 89490.01 real, 2265 MB, 1.14 load
[runlim] sample:		89722.23 time, 89500.01 real, 2265 MB, 1.12 load
[runlim] sample:		89732.23 time, 89510.01 real, 2265 MB, 1.10 load
[runlim] sample:		89742.23 time, 89520.01 real, 2265 MB, 1.09 load
[runlim] sample:		89752.23 time, 89530.01 real, 2265 MB, 1.07 load
[runlim] sample:		89762.22 time, 89540.01 real, 2265 MB, 1.06 load
[runlim] sample:		89772.23 time, 89550.01 real, 2265 MB, 1.05 load
[runlim] sample:		89782.23 time, 89560.01 real, 2265 MB, 1.04 load
[runlim] sample:		89792.22 time, 89570.01 real, 2265 MB, 1.04 load
[runlim] sample:		89802.22 time, 89580.01 real, 2265 MB, 1.03 load
[runlim] sample:		89812.23 time, 89590.01 real, 2265 MB, 1.02 load
[runlim] sample:		89822.22 time, 89600.01 real, 2265 MB, 1.02 load
[runlim] sample:		89832.22 time, 89610.01 real, 2265 MB, 1.02 load
[runlim] sample:		89842.22 time, 89620.01 real, 2268 MB, 1.01 load
[runlim] sample:		89852.22 time, 89630.02 real, 2268 MB, 1.01 load
[runlim] sample:		89862.21 time, 89640.01 real, 2271 MB, 1.01 load
[runlim] sample:		89872.22 time, 89650.01 real, 2274 MB, 1.01 load
[runlim] sample:		89882.21 time, 89660.01 real, 2279 MB, 1.01 load
[runlim] sample:		89892.21 time, 89670.01 real, 2280 MB, 1.00 load
[runlim] sample:		89902.21 time, 89680.01 real, 2284 MB, 1.00 load
[runlim] sample:		89912.20 time, 89690.01 real, 2285 MB, 1.00 load
[runlim] sample:		89922.21 time, 89700.01 real, 2287 MB, 1.00 load
[runlim] sample:		89932.20 time, 89710.01 real, 2288 MB, 1.00 load
[runlim] sample:		89942.21 time, 89720.01 real, 2289 MB, 1.00 load
[runlim] sample:		89952.20 time, 89730.01 real, 2291 MB, 1.00 load
[runlim] sample:		89962.20 time, 89740.01 real, 2291 MB, 1.00 load
[runlim] sample:		89972.20 time, 89750.01 real, 2291 MB, 1.00 load
[runlim] sample:		89982.19 time, 89760.01 real, 2293 MB, 1.00 load
[runlim] sample:		89992.20 time, 89770.01 real, 2293 MB, 1.00 load
[runlim] sample:		90002.19 time, 89780.01 real, 2294 MB, 1.00 load
[runlim] sample:		90012.20 time, 89790.01 real, 2294 MB, 1.00 load
[runlim] sample:		90022.19 time, 89800.01 real, 2295 MB, 1.00 load
[runlim] sample:		90032.19 time, 89810.01 real, 2295 MB, 1.00 load
[runlim] sample:		90042.18 time, 89820.01 real, 2296 MB, 1.00 load
[runlim] sample:		90052.19 time, 89830.01 real, 2296 MB, 1.00 load
[runlim] sample:		90062.19 time, 89840.01 real, 2296 MB, 1.00 load
[runlim] sample:		90072.19 time, 89850.01 real, 2297 MB, 1.00 load
[runlim] sample:		90082.18 time, 89860.01 real, 2297 MB, 1.00 load
[runlim] sample:		90092.18 time, 89870.01 real, 2298 MB, 1.00 load
[runlim] sample:		90102.18 time, 89880.01 real, 2298 MB, 1.00 load
[runlim] sample:		90112.18 time, 89890.01 real, 2299 MB, 1.00 load
[runlim] sample:		90122.18 time, 89900.01 real, 2299 MB, 1.00 load
[runlim] sample:		90132.18 time, 89910.01 real, 2300 MB, 1.00 load
[runlim] sample:		90142.18 time, 89920.01 real, 2300 MB, 1.00 load
[runlim] sample:		90152.18 time, 89930.01 real, 2300 MB, 1.00 load
[runlim] sample:		90162.17 time, 89940.01 real, 2301 MB, 1.15 load
[runlim] sample:		90172.17 time, 89950.01 real, 2301 MB, 1.28 load
[runlim] sample:		90182.17 time, 89960.01 real, 2302 MB, 1.24 load
[runlim] sample:		90192.17 time, 89970.01 real, 2302 MB, 1.20 load
[runlim] sample:		90202.17 time, 89980.01 real, 2302 MB, 1.17 load
[runlim] sample:		90212.16 time, 89990.01 real, 2303 MB, 1.14 load
[runlim] sample:		90222.17 time, 90000.01 real, 2303 MB, 1.12 load
[runlim] sample:		90232.16 time, 90010.01 real, 2303 MB, 1.10 load
[runlim] sample:		90242.16 time, 90020.01 real, 2304 MB, 1.09 load
[runlim] sample:		90252.16 time, 90030.01 real, 2305 MB, 1.15 load
[runlim] sample:		90262.15 time, 90040.01 real, 2305 MB, 1.12 load
[runlim] sample:		90272.16 time, 90050.01 real, 2306 MB, 1.10 load

NN₁: mnist_relu_3_100_gemm.onnx
NN₂: mnist_relu_3_100_0.79_adam_1_stepsize.onnx
Prop: mnist_55_global_4.vnnlib

NN₁: mnist_relu_3_100_gemm.onnx
NN₂: mnist_relu_3_100_0.79_adam_1_stepsize.onnx
Prop: mnist_55_global_5.vnnlib
[runlim] sample:		90282.12 time, 90060.01 real, 2265 MB, 1.09 load
[runlim] sample:		90292.11 time, 90070.01 real, 2265 MB, 1.07 load
[runlim] sample:		90302.12 time, 90080.01 real, 2265 MB, 1.06 load
[runlim] sample:		90312.12 time, 90090.01 real, 2265 MB, 1.05 load
[runlim] sample:		90322.12 time, 90100.01 real, 2265 MB, 1.04 load
[runlim] sample:		90332.11 time, 90110.01 real, 2265 MB, 1.04 load
[runlim] sample:		90342.12 time, 90120.01 real, 2265 MB, 1.03 load
[runlim] sample:		90352.11 time, 90130.01 real, 2265 MB, 1.10 load
[runlim] sample:		90362.12 time, 90140.01 real, 2265 MB, 1.08 load
[runlim] sample:		90372.11 time, 90150.01 real, 2265 MB, 1.07 load
[runlim] sample:		90382.12 time, 90160.01 real, 2265 MB, 1.06 load
[runlim] sample:		90392.11 time, 90170.01 real, 2265 MB, 1.05 load
[runlim] sample:		90402.11 time, 90180.01 real, 2265 MB, 1.04 load
[runlim] sample:		90412.11 time, 90190.01 real, 2265 MB, 1.03 load
[runlim] sample:		90422.11 time, 90200.01 real, 2265 MB, 1.03 load
[runlim] sample:		90432.11 time, 90210.01 real, 2265 MB, 1.02 load
[runlim] sample:		90442.10 time, 90220.01 real, 2265 MB, 1.02 load
[runlim] sample:		90452.11 time, 90230.01 real, 2265 MB, 1.02 load
[runlim] sample:		90462.11 time, 90240.01 real, 2267 MB, 1.01 load
[runlim] sample:		90472.11 time, 90250.01 real, 2268 MB, 1.01 load
[runlim] sample:		90482.10 time, 90260.01 real, 2271 MB, 1.01 load
[runlim] sample:		90492.10 time, 90270.01 real, 2274 MB, 1.01 load
[runlim] sample:		90502.11 time, 90280.01 real, 2278 MB, 1.01 load
[runlim] sample:		90512.11 time, 90290.01 real, 2280 MB, 1.00 load
[runlim] sample:		90522.10 time, 90300.01 real, 2284 MB, 1.00 load
[runlim] sample:		90532.10 time, 90310.01 real, 2285 MB, 1.00 load
[runlim] sample:		90542.10 time, 90320.01 real, 2288 MB, 1.00 load
[runlim] sample:		90552.10 time, 90330.01 real, 2291 MB, 1.00 load
[runlim] sample:		90562.10 time, 90340.01 real, 2294 MB, 1.00 load
[runlim] sample:		90572.10 time, 90350.01 real, 2296 MB, 1.00 load
[runlim] sample:		90582.10 time, 90360.01 real, 2299 MB, 1.00 load
[runlim] sample:		90592.10 time, 90370.01 real, 2303 MB, 1.00 load
[runlim] sample:		90602.10 time, 90380.01 real, 2304 MB, 1.00 load
[runlim] sample:		90612.09 time, 90390.01 real, 2307 MB, 1.00 load
[runlim] sample:		90622.10 time, 90400.01 real, 2310 MB, 1.00 load
[runlim] sample:		90632.09 time, 90410.01 real, 2314 MB, 1.00 load
[runlim] sample:		90642.10 time, 90420.01 real, 2315 MB, 1.00 load
[runlim] sample:		90652.09 time, 90430.01 real, 2318 MB, 1.00 load
[runlim] sample:		90662.09 time, 90440.01 real, 2321 MB, 1.15 load
[runlim] sample:		90672.09 time, 90450.01 real, 2324 MB, 1.28 load
[runlim] sample:		90682.09 time, 90460.01 real, 2326 MB, 1.24 load
[runlim] sample:		90692.09 time, 90470.01 real, 2330 MB, 1.20 load
[runlim] sample:		90702.09 time, 90480.01 real, 2332 MB, 1.17 load
[runlim] sample:		90712.09 time, 90490.01 real, 2337 MB, 1.14 load
[runlim] sample:		90722.08 time, 90500.01 real, 2337 MB, 1.12 load
[runlim] sample:		90732.09 time, 90510.01 real, 2343 MB, 1.10 load
[runlim] sample:		90742.08 time, 90520.01 real, 2343 MB, 1.09 load
[runlim] sample:		90752.08 time, 90530.01 real, 2348 MB, 1.07 load
[runlim] sample:		90762.09 time, 90540.01 real, 2349 MB, 1.06 load
[runlim] sample:		90772.08 time, 90550.01 real, 2353 MB, 1.05 load
[runlim] sample:		90782.08 time, 90560.01 real, 2354 MB, 1.04 load
[runlim] sample:		90792.08 time, 90570.01 real, 2359 MB, 1.04 load
[runlim] sample:		90802.08 time, 90580.01 real, 2360 MB, 1.03 load
[runlim] sample:		90812.08 time, 90590.01 real, 2362 MB, 1.10 load
[runlim] sample:		90822.08 time, 90600.01 real, 2372 MB, 1.08 load
[runlim] sample:		90832.07 time, 90610.01 real, 2372 MB, 1.07 load
[runlim] sample:		90842.08 time, 90620.01 real, 2374 MB, 1.06 load
[runlim] sample:		90852.08 time, 90630.01 real, 2377 MB, 1.05 load
[runlim] sample:		90862.08 time, 90640.01 real, 2381 MB, 1.04 load
[runlim] sample:		90872.08 time, 90650.01 real, 2381 MB, 1.03 load

NN₁: mnist_relu_3_100_gemm.onnx
NN₂: mnist_relu_3_100_0.79_adam_1_stepsize.onnx
Prop: mnist_56_global_4.vnnlib

NN₁: mnist_relu_3_100_gemm.onnx
NN₂: mnist_relu_3_100_0.79_adam_1_stepsize.onnx
Prop: mnist_56_global_5.vnnlib
[runlim] sample:		90882.03 time, 90660.01 real, 2267 MB, 1.03 load
[runlim] sample:		90892.04 time, 90670.01 real, 2267 MB, 1.02 load
[runlim] sample:		90902.03 time, 90680.01 real, 2267 MB, 1.02 load
[runlim] sample:		90912.03 time, 90690.01 real, 2267 MB, 1.02 load
[runlim] sample:		90922.04 time, 90700.02 real, 2267 MB, 1.01 load
[runlim] sample:		90932.03 time, 90710.01 real, 2267 MB, 1.01 load
[runlim] sample:		90942.03 time, 90720.01 real, 2267 MB, 1.01 load
[runlim] sample:		90952.04 time, 90730.01 real, 2267 MB, 1.01 load
[runlim] sample:		90962.03 time, 90740.01 real, 2267 MB, 1.01 load
[runlim] sample:		90972.03 time, 90750.01 real, 2267 MB, 1.08 load
[runlim] sample:		90982.03 time, 90760.01 real, 2267 MB, 1.07 load
[runlim] sample:		90992.03 time, 90770.01 real, 2267 MB, 1.06 load
[runlim] sample:		91002.03 time, 90780.01 real, 2267 MB, 1.05 load
[runlim] sample:		91012.02 time, 90790.01 real, 2267 MB, 1.04 load
[runlim] sample:		91022.03 time, 90800.01 real, 2267 MB, 1.04 load
[runlim] sample:		91032.03 time, 90810.01 real, 2267 MB, 1.03 load
[runlim] sample:		91042.02 time, 90820.01 real, 2267 MB, 1.02 load
[runlim] sample:		91052.03 time, 90830.01 real, 2267 MB, 1.02 load
[runlim] sample:		91062.02 time, 90840.01 real, 2269 MB, 1.02 load
[runlim] sample:		91072.03 time, 90850.01 real, 2272 MB, 1.01 load
[runlim] sample:		91082.02 time, 90860.01 real, 2276 MB, 1.01 load
[runlim] sample:		91092.02 time, 90870.01 real, 2279 MB, 1.01 load
[runlim] sample:		91102.02 time, 90880.01 real, 2280 MB, 1.01 load
[runlim] sample:		91112.02 time, 90890.01 real, 2283 MB, 1.01 load
[runlim] sample:		91122.02 time, 90900.01 real, 2286 MB, 1.00 load
[runlim] sample:		91132.02 time, 90910.01 real, 2290 MB, 1.00 load
[runlim] sample:		91142.02 time, 90920.01 real, 2293 MB, 1.00 load
[runlim] sample:		91152.02 time, 90930.01 real, 2294 MB, 1.00 load
[runlim] sample:		91162.02 time, 90940.01 real, 2297 MB, 1.16 load
[runlim] sample:		91172.02 time, 90950.01 real, 2301 MB, 1.29 load
[runlim] sample:		91182.02 time, 90960.01 real, 2304 MB, 1.24 load
[runlim] sample:		91192.02 time, 90970.02 real, 2306 MB, 1.20 load
[runlim] sample:		91202.01 time, 90980.01 real, 2308 MB, 1.17 load
[runlim] sample:		91212.01 time, 90990.01 real, 2312 MB, 1.15 load
[runlim] sample:		91222.01 time, 91000.01 real, 2314 MB, 1.12 load
[runlim] sample:		91232.01 time, 91010.01 real, 2319 MB, 1.10 load
[runlim] sample:		91242.01 time, 91020.01 real, 2320 MB, 1.09 load
[runlim] sample:		91252.01 time, 91030.01 real, 2323 MB, 1.07 load
[runlim] sample:		91262.00 time, 91040.01 real, 2326 MB, 1.06 load
[runlim] sample:		91272.01 time, 91050.01 real, 2330 MB, 1.05 load
[runlim] sample:		91282.00 time, 91060.01 real, 2331 MB, 1.04 load
[runlim] sample:		91292.00 time, 91070.01 real, 2335 MB, 1.04 load
[runlim] sample:		91302.01 time, 91080.01 real, 2337 MB, 1.03 load
[runlim] sample:		91312.00 time, 91090.01 real, 2340 MB, 1.02 load
[runlim] sample:		91322.01 time, 91100.01 real, 2343 MB, 1.02 load
[runlim] sample:		91332.00 time, 91110.01 real, 2346 MB, 1.02 load
[runlim] sample:		91342.01 time, 91120.01 real, 2352 MB, 1.01 load
[runlim] sample:		91352.00 time, 91130.01 real, 2352 MB, 1.01 load
[runlim] sample:		91362.00 time, 91140.01 real, 2354 MB, 1.01 load
[runlim] sample:		91372.00 time, 91150.01 real, 2357 MB, 1.01 load
[runlim] sample:		91382.00 time, 91160.01 real, 2360 MB, 1.01 load
[runlim] sample:		91392.00 time, 91170.01 real, 2363 MB, 1.00 load
[runlim] sample:		91402.00 time, 91180.01 real, 2369 MB, 1.00 load
[runlim] sample:		91411.99 time, 91190.01 real, 2370 MB, 1.00 load
[runlim] sample:		91422.00 time, 91200.01 real, 2392 MB, 1.08 load
[runlim] sample:		91431.99 time, 91210.01 real, 2392 MB, 1.06 load
[runlim] sample:		91441.99 time, 91220.01 real, 2387 MB, 1.13 load
[runlim] sample:		91451.99 time, 91230.01 real, 2387 MB, 1.11 load
[runlim] sample:		91461.99 time, 91240.01 real, 2410 MB, 1.09 load
[runlim] sample:		91471.99 time, 91250.01 real, 2410 MB, 1.08 load

NN₁: mnist_relu_3_100_gemm.onnx
NN₂: mnist_relu_3_100_0.79_adam_1_stepsize.onnx
Prop: mnist_57_global_4.vnnlib
[runlim] sample:		91481.96 time, 91260.01 real, 2255 MB, 1.06 load
[runlim] sample:		91491.96 time, 91270.01 real, 2255 MB, 1.13 load
[runlim] sample:		91501.96 time, 91280.01 real, 2255 MB, 1.11 load
[runlim] sample:		91511.96 time, 91290.01 real, 2255 MB, 1.10 load
[runlim] sample:		91521.96 time, 91300.01 real, 2255 MB, 1.08 load
[runlim] sample:		91531.96 time, 91310.01 real, 2255 MB, 1.14 load
[runlim] sample:		91541.96 time, 91320.01 real, 2255 MB, 1.12 load
[runlim] sample:		91551.96 time, 91330.01 real, 2255 MB, 1.10 load
[runlim] sample:		91561.95 time, 91340.01 real, 2255 MB, 1.08 load
[runlim] sample:		91571.96 time, 91350.01 real, 2255 MB, 1.07 load
[runlim] sample:		91581.96 time, 91360.01 real, 2255 MB, 1.14 load
[runlim] sample:		91591.95 time, 91370.01 real, 2255 MB, 1.12 load
[runlim] sample:		91601.96 time, 91380.01 real, 2255 MB, 1.10 load
[runlim] sample:		91611.96 time, 91390.01 real, 2255 MB, 1.16 load
[runlim] sample:		91621.95 time, 91400.01 real, 2255 MB, 1.14 load
[runlim] sample:		91631.96 time, 91410.01 real, 2255 MB, 1.12 load
[runlim] sample:		91641.95 time, 91420.01 real, 2255 MB, 1.18 load
[runlim] sample:		91651.95 time, 91430.01 real, 2255 MB, 1.15 load
[runlim] sample:		91661.95 time, 91440.01 real, 2255 MB, 1.28 load
[runlim] sample:		91671.95 time, 91450.01 real, 2258 MB, 1.39 load
[runlim] sample:		91681.95 time, 91460.01 real, 2259 MB, 1.33 load
[runlim] sample:		91691.94 time, 91470.01 real, 2263 MB, 1.28 load
[runlim] sample:		91701.95 time, 91480.01 real, 2265 MB, 1.40 load
[runlim] sample:		91711.95 time, 91490.01 real, 2267 MB, 1.34 load
[runlim] sample:		91721.95 time, 91500.01 real, 2270 MB, 1.36 load
[runlim] sample:		91731.95 time, 91510.01 real, 2275 MB, 1.30 load
[runlim] sample:		91741.95 time, 91520.01 real, 2276 MB, 1.26 load
[runlim] sample:		91751.94 time, 91530.01 real, 2278 MB, 1.22 load
[runlim] sample:		91761.94 time, 91540.01 real, 2282 MB, 1.18 load
[runlim] sample:		91771.94 time, 91550.01 real, 2285 MB, 1.15 load
[runlim] sample:		91781.94 time, 91560.01 real, 2288 MB, 1.13 load
[runlim] sample:		91791.94 time, 91570.01 real, 2289 MB, 1.18 load
[runlim] sample:		91801.94 time, 91580.01 real, 2292 MB, 1.23 load
[runlim] sample:		91811.94 time, 91590.01 real, 2295 MB, 1.19 load
[runlim] sample:		91821.94 time, 91600.01 real, 2297 MB, 1.16 load
[runlim] sample:		91831.94 time, 91610.01 real, 2301 MB, 1.14 load
[runlim] sample:		91841.93 time, 91620.01 real, 2304 MB, 1.12 load
[runlim] sample:		91851.94 time, 91630.01 real, 2305 MB, 1.10 load
[runlim] sample:		91861.93 time, 91640.01 real, 2308 MB, 1.16 load
[runlim] sample:		91871.94 time, 91650.01 real, 2312 MB, 1.13 load
[runlim] sample:		91881.94 time, 91660.01 real, 2315 MB, 1.19 load
[runlim] sample:		91891.93 time, 91670.01 real, 2316 MB, 1.16 load
[runlim] sample:		91901.93 time, 91680.01 real, 2319 MB, 1.14 load
[runlim] sample:		91911.94 time, 91690.01 real, 2322 MB, 1.12 load
[runlim] sample:		91921.93 time, 91700.01 real, 2326 MB, 1.10 load
[runlim] sample:		91931.92 time, 91710.01 real, 2327 MB, 1.08 load
[runlim] sample:		91941.93 time, 91720.01 real, 2333 MB, 1.07 load
[runlim] sample:		91951.93 time, 91730.01 real, 2333 MB, 1.06 load
[runlim] sample:		91961.92 time, 91740.01 real, 2338 MB, 1.05 load
[runlim] sample:		91971.93 time, 91750.01 real, 2338 MB, 1.04 load
[runlim] sample:		91981.92 time, 91760.01 real, 2342 MB, 1.03 load
[runlim] sample:		91991.93 time, 91770.02 real, 2343 MB, 1.03 load
[runlim] sample:		92001.92 time, 91780.01 real, 2347 MB, 1.02 load
[runlim] sample:		92011.93 time, 91790.01 real, 2349 MB, 1.10 load
[runlim] sample:		92021.92 time, 91800.01 real, 2357 MB, 1.08 load
[runlim] sample:		92031.92 time, 91810.01 real, 2358 MB, 1.07 load
[runlim] sample:		92041.92 time, 91820.01 real, 2371 MB, 1.06 load
[runlim] sample:		92051.92 time, 91830.01 real, 2371 MB, 1.05 load
[runlim] sample:		92061.92 time, 91840.01 real, 2374 MB, 1.04 load
[runlim] sample:		92071.92 time, 91850.01 real, 2377 MB, 1.04 load

NN₁: mnist_relu_3_100_gemm.onnx
NN₂: mnist_relu_3_100_0.79_adam_1_stepsize.onnx
Prop: mnist_57_global_5.vnnlib
[runlim] sample:		92081.88 time, 91860.01 real, 2267 MB, 1.03 load
[runlim] sample:		92091.88 time, 91870.01 real, 2267 MB, 1.02 load
[runlim] sample:		92101.89 time, 91880.01 real, 2267 MB, 1.17 load
[runlim] sample:		92111.89 time, 91890.01 real, 2267 MB, 1.22 load
[runlim] sample:		92121.88 time, 91900.01 real, 2267 MB, 1.19 load
[runlim] sample:		92131.89 time, 91910.01 real, 2267 MB, 1.16 load
[runlim] sample:		92141.88 time, 91920.01 real, 2267 MB, 1.13 load
[runlim] sample:		92151.88 time, 91930.01 real, 2267 MB, 1.11 load
[runlim] sample:		92161.88 time, 91940.01 real, 2267 MB, 1.25 load
[runlim] sample:		92171.88 time, 91950.01 real, 2267 MB, 1.37 load
[runlim] sample:		92181.88 time, 91960.01 real, 2267 MB, 1.31 load
[runlim] sample:		92191.87 time, 91970.01 real, 2267 MB, 1.26 load
[runlim] sample:		92201.87 time, 91980.01 real, 2267 MB, 1.22 load
[runlim] sample:		92211.88 time, 91990.01 real, 2267 MB, 1.19 load
[runlim] sample:		92221.87 time, 92000.01 real, 2267 MB, 1.16 load
[runlim] sample:		92231.88 time, 92010.01 real, 2267 MB, 1.13 load
[runlim] sample:		92241.87 time, 92020.01 real, 2267 MB, 1.11 load
[runlim] sample:		92251.87 time, 92030.01 real, 2267 MB, 1.09 load
[runlim] sample:		92261.87 time, 92040.01 real, 2267 MB, 1.08 load
[runlim] sample:		92271.87 time, 92050.02 real, 2267 MB, 1.07 load
[runlim] sample:		92281.87 time, 92060.01 real, 2268 MB, 1.06 load
[runlim] sample:		92291.87 time, 92070.01 real, 2271 MB, 1.05 load
[runlim] sample:		92301.87 time, 92080.01 real, 2273 MB, 1.04 load
[runlim] sample:		92311.86 time, 92090.01 real, 2275 MB, 1.03 load
[runlim] sample:		92321.87 time, 92100.01 real, 2278 MB, 1.03 load
[runlim] sample:		92331.87 time, 92110.01 real, 2280 MB, 1.02 load
[runlim] sample:		92341.87 time, 92120.01 real, 2284 MB, 1.02 load
[runlim] sample:		92351.86 time, 92130.01 real, 2285 MB, 1.02 load
[runlim] sample:		92361.86 time, 92140.01 real, 2288 MB, 1.01 load
[runlim] sample:		92371.86 time, 92150.01 real, 2290 MB, 1.01 load
[runlim] sample:		92381.87 time, 92160.01 real, 2293 MB, 1.01 load
[runlim] sample:		92391.86 time, 92170.01 real, 2295 MB, 1.01 load
[runlim] sample:		92401.86 time, 92180.01 real, 2298 MB, 1.00 load
[runlim] sample:		92411.86 time, 92190.01 real, 2301 MB, 1.00 load
[runlim] sample:		92421.85 time, 92200.01 real, 2304 MB, 1.00 load
[runlim] sample:		92431.86 time, 92210.01 real, 2307 MB, 1.00 load
[runlim] sample:		92441.86 time, 92220.01 real, 2308 MB, 1.00 load
[runlim] sample:		92451.85 time, 92230.01 real, 2310 MB, 1.00 load
[runlim] sample:		92461.85 time, 92240.01 real, 2313 MB, 1.00 load
[runlim] sample:		92471.86 time, 92250.01 real, 2316 MB, 1.00 load
[runlim] sample:		92481.85 time, 92260.01 real, 2319 MB, 1.00 load
[runlim] sample:		92491.85 time, 92270.01 real, 2320 MB, 1.00 load
[runlim] sample:		92501.86 time, 92280.02 real, 2323 MB, 1.00 load
[runlim] sample:		92511.85 time, 92290.01 real, 2327 MB, 1.00 load
[runlim] sample:		92521.85 time, 92300.01 real, 2328 MB, 1.00 load
[runlim] sample:		92531.85 time, 92310.01 real, 2331 MB, 1.00 load
[runlim] sample:		92541.85 time, 92320.01 real, 2335 MB, 1.00 load
[runlim] sample:		92551.85 time, 92330.01 real, 2336 MB, 1.00 load
[runlim] sample:		92561.85 time, 92340.01 real, 2339 MB, 1.00 load
[runlim] sample:		92571.85 time, 92350.01 real, 2342 MB, 1.00 load
[runlim] sample:		92581.84 time, 92360.01 real, 2344 MB, 1.00 load
[runlim] sample:		92591.85 time, 92370.01 real, 2348 MB, 1.00 load
[runlim] sample:		92601.84 time, 92380.01 real, 2352 MB, 1.00 load
[runlim] sample:		92611.85 time, 92390.01 real, 2352 MB, 1.00 load
[runlim] sample:		92621.85 time, 92400.01 real, 2355 MB, 1.00 load
[runlim] sample:		92631.85 time, 92410.01 real, 2358 MB, 1.00 load
[runlim] sample:		92641.84 time, 92420.01 real, 2359 MB, 1.00 load
[runlim] sample:		92651.84 time, 92430.01 real, 2363 MB, 1.00 load
[runlim] sample:		92661.84 time, 92440.01 real, 2364 MB, 1.15 load
[runlim] sample:		92671.84 time, 92450.01 real, 2380 MB, 1.28 load

NN₁: mnist_relu_3_100_gemm.onnx
NN₂: mnist_relu_3_100_0.79_adam_1_stepsize.onnx
Prop: mnist_58_global_4.vnnlib
[runlim] sample:		92681.80 time, 92460.01 real, 2253 MB, 1.24 load

NN₁: mnist_relu_3_100_gemm.onnx
NN₂: mnist_relu_3_100_0.79_adam_1_stepsize.onnx
Prop: mnist_58_global_5.vnnlib
[runlim] sample:		92691.79 time, 92470.01 real, 2253 MB, 1.28 load
[runlim] sample:		92701.79 time, 92480.01 real, 2253 MB, 1.23 load
[runlim] sample:		92711.79 time, 92490.01 real, 2253 MB, 1.20 load
[runlim] sample:		92721.79 time, 92500.01 real, 2253 MB, 1.17 load
[runlim] sample:		92731.78 time, 92510.01 real, 2253 MB, 1.14 load
[runlim] sample:		92741.79 time, 92520.01 real, 2253 MB, 1.12 load
[runlim] sample:		92751.79 time, 92530.01 real, 2253 MB, 1.10 load
[runlim] sample:		92761.78 time, 92540.01 real, 2253 MB, 1.08 load
[runlim] sample:		92771.79 time, 92550.01 real, 2253 MB, 1.07 load
[runlim] sample:		92781.78 time, 92560.01 real, 2253 MB, 1.06 load
[runlim] sample:		92791.78 time, 92570.01 real, 2253 MB, 1.05 load
[runlim] sample:		92801.79 time, 92580.01 real, 2253 MB, 1.04 load
[runlim] sample:		92811.79 time, 92590.01 real, 2253 MB, 1.04 load
[runlim] sample:		92821.78 time, 92600.01 real, 2253 MB, 1.03 load
[runlim] sample:		92831.78 time, 92610.01 real, 2253 MB, 1.02 load
[runlim] sample:		92841.78 time, 92620.01 real, 2253 MB, 1.02 load
[runlim] sample:		92851.78 time, 92630.01 real, 2253 MB, 1.02 load
[runlim] sample:		92861.78 time, 92640.01 real, 2253 MB, 1.01 load
[runlim] sample:		92871.78 time, 92650.01 real, 2254 MB, 1.01 load
[runlim] sample:		92881.77 time, 92660.01 real, 2256 MB, 1.01 load
[runlim] sample:		92891.77 time, 92670.01 real, 2259 MB, 1.01 load
[runlim] sample:		92901.78 time, 92680.01 real, 2261 MB, 1.01 load
[runlim] sample:		92911.77 time, 92690.01 real, 2264 MB, 1.00 load
[runlim] sample:		92921.77 time, 92700.01 real, 2267 MB, 1.00 load
[runlim] sample:		92931.78 time, 92710.01 real, 2270 MB, 1.00 load
[runlim] sample:		92941.77 time, 92720.01 real, 2272 MB, 1.08 load
[runlim] sample:		92951.77 time, 92730.01 real, 2275 MB, 1.06 load
[runlim] sample:		92961.77 time, 92740.01 real, 2279 MB, 1.05 load
[runlim] sample:		92971.77 time, 92750.01 real, 2282 MB, 1.04 load
[runlim] sample:		92981.77 time, 92760.01 real, 2283 MB, 1.04 load
[runlim] sample:		92991.77 time, 92770.01 real, 2286 MB, 1.03 load
[runlim] sample:		93001.77 time, 92780.01 real, 2289 MB, 1.10 load
[runlim] sample:		93011.76 time, 92790.01 real, 2293 MB, 1.08 load
[runlim] sample:		93021.77 time, 92800.01 real, 2294 MB, 1.07 load
[runlim] sample:		93031.76 time, 92810.01 real, 2297 MB, 1.06 load
[runlim] sample:		93041.77 time, 92820.01 real, 2299 MB, 1.05 load
[runlim] sample:		93051.76 time, 92830.01 real, 2302 MB, 1.04 load
[runlim] sample:		93061.76 time, 92840.01 real, 2305 MB, 1.04 load
[runlim] sample:		93071.77 time, 92850.01 real, 2309 MB, 1.03 load
[runlim] sample:		93081.76 time, 92860.01 real, 2310 MB, 1.02 load
[runlim] sample:		93091.76 time, 92870.01 real, 2312 MB, 1.02 load
[runlim] sample:		93101.76 time, 92880.01 real, 2316 MB, 1.02 load
[runlim] sample:		93111.76 time, 92890.01 real, 2319 MB, 1.01 load
[runlim] sample:		93121.76 time, 92900.01 real, 2320 MB, 1.01 load
[runlim] sample:		93131.76 time, 92910.01 real, 2323 MB, 1.01 load
[runlim] sample:		93141.76 time, 92920.01 real, 2328 MB, 1.01 load
[runlim] sample:		93151.76 time, 92930.01 real, 2328 MB, 1.01 load
[runlim] sample:		93161.75 time, 92940.01 real, 2334 MB, 1.16 load
[runlim] sample:		93171.76 time, 92950.01 real, 2334 MB, 1.29 load
[runlim] sample:		93181.75 time, 92960.01 real, 2337 MB, 1.24 load
[runlim] sample:		93191.75 time, 92970.01 real, 2340 MB, 1.29 load
[runlim] sample:		93201.75 time, 92980.01 real, 2344 MB, 1.24 load
[runlim] sample:		93211.75 time, 92990.01 real, 2345 MB, 1.20 load
[runlim] sample:		93221.75 time, 93000.01 real, 2355 MB, 1.17 load
[runlim] sample:		93231.75 time, 93010.01 real, 2355 MB, 1.15 load
[runlim] sample:		93241.75 time, 93020.01 real, 2371 MB, 1.12 load
[runlim] sample:		93251.74 time, 93030.01 real, 2371 MB, 1.10 load
[runlim] sample:		93261.75 time, 93040.01 real, 2393 MB, 1.09 load
[runlim] sample:		93271.74 time, 93050.01 real, 2393 MB, 1.07 load
[runlim] sample:		93281.75 time, 93060.01 real, 2395 MB, 1.06 load

NN₁: mnist_relu_3_100_gemm.onnx
NN₂: mnist_relu_3_100_0.79_adam_1_stepsize.onnx
Prop: mnist_59_global_4.vnnlib
[runlim] sample:		93291.71 time, 93070.01 real, 2253 MB, 1.05 load
[runlim] sample:		93301.71 time, 93080.01 real, 2253 MB, 1.04 load
[runlim] sample:		93311.72 time, 93090.01 real, 2253 MB, 1.04 load
[runlim] sample:		93321.71 time, 93100.01 real, 2253 MB, 1.03 load
[runlim] sample:		93331.71 time, 93110.01 real, 2253 MB, 1.02 load
[runlim] sample:		93341.70 time, 93120.01 real, 2253 MB, 1.02 load
[runlim] sample:		93351.71 time, 93130.01 real, 2253 MB, 1.02 load
[runlim] sample:		93361.71 time, 93140.01 real, 2253 MB, 1.01 load
[runlim] sample:		93371.70 time, 93150.01 real, 2253 MB, 1.01 load
[runlim] sample:		93381.71 time, 93160.01 real, 2253 MB, 1.01 load
[runlim] sample:		93391.70 time, 93170.01 real, 2253 MB, 1.01 load
[runlim] sample:		93401.70 time, 93180.01 real, 2253 MB, 1.01 load
[runlim] sample:		93411.71 time, 93190.01 real, 2253 MB, 1.00 load
[runlim] sample:		93421.70 time, 93200.01 real, 2253 MB, 1.00 load
[runlim] sample:		93431.70 time, 93210.01 real, 2253 MB, 1.00 load
[runlim] sample:		93441.70 time, 93220.01 real, 2253 MB, 1.00 load
[runlim] sample:		93451.70 time, 93230.01 real, 2253 MB, 1.00 load
[runlim] sample:		93461.70 time, 93240.01 real, 2253 MB, 1.00 load
[runlim] sample:		93471.70 time, 93250.01 real, 2253 MB, 1.00 load
[runlim] sample:		93481.69 time, 93260.01 real, 2256 MB, 1.00 load
[runlim] sample:		93491.70 time, 93270.01 real, 2260 MB, 1.00 load
[runlim] sample:		93501.69 time, 93280.01 real, 2261 MB, 1.00 load
[runlim] sample:		93511.69 time, 93290.01 real, 2264 MB, 1.00 load
[runlim] sample:		93521.69 time, 93300.01 real, 2266 MB, 1.00 load
[runlim] sample:		93531.69 time, 93310.01 real, 2269 MB, 1.00 load
[runlim] sample:		93541.69 time, 93320.01 real, 2274 MB, 1.00 load
[runlim] sample:		93551.69 time, 93330.01 real, 2275 MB, 1.00 load
[runlim] sample:		93561.69 time, 93340.01 real, 2277 MB, 1.00 load
[runlim] sample:		93571.69 time, 93350.01 real, 2281 MB, 1.07 load
[runlim] sample:		93581.68 time, 93360.01 real, 2284 MB, 1.06 load
[runlim] sample:		93591.69 time, 93370.01 real, 2285 MB, 1.05 load
[runlim] sample:		93601.68 time, 93380.01 real, 2288 MB, 1.04 load
[runlim] sample:		93611.68 time, 93390.01 real, 2291 MB, 1.04 load
[runlim] sample:		93621.68 time, 93400.01 real, 2293 MB, 1.03 load
[runlim] sample:		93631.68 time, 93410.01 real, 2296 MB, 1.02 load
[runlim] sample:		93641.68 time, 93420.01 real, 2300 MB, 1.02 load
[runlim] sample:		93651.68 time, 93430.01 real, 2301 MB, 1.02 load
[runlim] sample:		93661.68 time, 93440.01 real, 2304 MB, 1.17 load
[runlim] sample:		93671.68 time, 93450.01 real, 2307 MB, 1.30 load
[runlim] sample:		93681.68 time, 93460.01 real, 2311 MB, 1.25 load
[runlim] sample:		93691.67 time, 93470.01 real, 2312 MB, 1.21 load
[runlim] sample:		93701.68 time, 93480.01 real, 2315 MB, 1.18 load
[runlim] sample:		93711.67 time, 93490.01 real, 2319 MB, 1.15 load
[runlim] sample:		93721.67 time, 93500.01 real, 2320 MB, 1.13 load
[runlim] sample:		93731.67 time, 93510.01 real, 2323 MB, 1.11 load
[runlim] sample:		93741.67 time, 93520.01 real, 2325 MB, 1.09 load
[runlim] sample:		93751.67 time, 93530.01 real, 2328 MB, 1.08 load
[runlim] sample:		93761.67 time, 93540.01 real, 2333 MB, 1.06 load
[runlim] sample:		93771.67 time, 93550.01 real, 2333 MB, 1.13 load
[runlim] sample:		93781.67 time, 93560.01 real, 2339 MB, 1.11 load
[runlim] sample:		93791.67 time, 93570.01 real, 2339 MB, 1.09 load
[runlim] sample:		93801.67 time, 93580.01 real, 2344 MB, 1.08 load
[runlim] sample:		93811.66 time, 93590.01 real, 2344 MB, 1.06 load
[runlim] sample:		93821.66 time, 93600.01 real, 2353 MB, 1.05 load
[runlim] sample:		93831.67 time, 93610.01 real, 2360 MB, 1.05 load
[runlim] sample:		93841.67 time, 93620.01 real, 2360 MB, 1.11 load
[runlim] sample:		93851.66 time, 93630.01 real, 2362 MB, 1.09 load
[runlim] sample:		93861.66 time, 93640.01 real, 2363 MB, 1.08 load
[runlim] sample:		93871.66 time, 93650.01 real, 2363 MB, 1.07 load
[runlim] sample:		93881.65 time, 93660.01 real, 2365 MB, 1.06 load

NN₁: mnist_relu_3_100_gemm.onnx
NN₂: mnist_relu_3_100_0.79_adam_1_stepsize.onnx
Prop: mnist_59_global_5.vnnlib
[runlim] sample:		93891.63 time, 93670.01 real, 2255 MB, 1.05 load
[runlim] sample:		93901.63 time, 93680.01 real, 2255 MB, 1.04 load
[runlim] sample:		93911.63 time, 93690.01 real, 2255 MB, 1.03 load
[runlim] sample:		93921.63 time, 93700.01 real, 2255 MB, 1.03 load
[runlim] sample:		93931.63 time, 93710.01 real, 2255 MB, 1.02 load
[runlim] sample:		93941.63 time, 93720.01 real, 2255 MB, 1.02 load
[runlim] sample:		93951.63 time, 93730.02 real, 2255 MB, 1.02 load
[runlim] sample:		93961.63 time, 93740.01 real, 2255 MB, 1.01 load
[runlim] sample:		93971.63 time, 93750.01 real, 2255 MB, 1.01 load
[runlim] sample:		93981.62 time, 93760.01 real, 2255 MB, 1.01 load
[runlim] sample:		93991.63 time, 93770.01 real, 2255 MB, 1.01 load
[runlim] sample:		94001.62 time, 93780.01 real, 2255 MB, 1.00 load
[runlim] sample:		94011.62 time, 93790.01 real, 2255 MB, 1.00 load
[runlim] sample:		94021.62 time, 93800.01 real, 2255 MB, 1.00 load
[runlim] sample:		94031.62 time, 93810.01 real, 2255 MB, 1.00 load
[runlim] sample:		94041.62 time, 93820.01 real, 2255 MB, 1.00 load
[runlim] sample:		94051.62 time, 93830.02 real, 2255 MB, 1.00 load
[runlim] sample:		94061.62 time, 93840.01 real, 2255 MB, 1.00 load
[runlim] sample:		94071.61 time, 93850.01 real, 2255 MB, 1.00 load
[runlim] sample:		94081.62 time, 93860.01 real, 2255 MB, 1.07 load
[runlim] sample:		94091.62 time, 93870.01 real, 2257 MB, 1.06 load
[runlim] sample:		94101.62 time, 93880.01 real, 2259 MB, 1.05 load
[runlim] sample:		94111.62 time, 93890.01 real, 2262 MB, 1.04 load
[runlim] sample:		94121.62 time, 93900.01 real, 2264 MB, 1.04 load
[runlim] sample:		94131.61 time, 93910.01 real, 2267 MB, 1.03 load
[runlim] sample:		94141.61 time, 93920.01 real, 2269 MB, 1.02 load
[runlim] sample:		94151.61 time, 93930.01 real, 2271 MB, 1.02 load
[runlim] sample:		94161.61 time, 93940.01 real, 2274 MB, 1.17 load
[runlim] sample:		94171.61 time, 93950.01 real, 2276 MB, 1.30 load
[runlim] sample:		94181.61 time, 93960.01 real, 2278 MB, 1.25 load
[runlim] sample:		94191.61 time, 93970.01 real, 2281 MB, 1.21 load
[runlim] sample:		94201.61 time, 93980.01 real, 2283 MB, 1.18 load
[runlim] sample:		94211.60 time, 93990.01 real, 2286 MB, 1.15 load
[runlim] sample:		94221.60 time, 94000.01 real, 2289 MB, 1.13 load
[runlim] sample:		94231.60 time, 94010.01 real, 2291 MB, 1.11 load
[runlim] sample:		94241.60 time, 94020.01 real, 2293 MB, 1.09 load
[runlim] sample:		94251.60 time, 94030.01 real, 2296 MB, 1.08 load
[runlim] sample:		94261.60 time, 94040.01 real, 2299 MB, 1.06 load
[runlim] sample:		94271.60 time, 94050.01 real, 2301 MB, 1.05 load
[runlim] sample:		94281.60 time, 94060.01 real, 2303 MB, 1.05 load
[runlim] sample:		94291.59 time, 94070.01 real, 2306 MB, 1.04 load
[runlim] sample:		94301.60 time, 94080.01 real, 2309 MB, 1.03 load
[runlim] sample:		94311.60 time, 94090.01 real, 2312 MB, 1.03 load
[runlim] sample:		94321.59 time, 94100.01 real, 2313 MB, 1.02 load
[runlim] sample:		94331.60 time, 94110.01 real, 2316 MB, 1.02 load
[runlim] sample:		94341.60 time, 94120.01 real, 2319 MB, 1.02 load
[runlim] sample:		94351.59 time, 94130.01 real, 2321 MB, 1.01 load
[runlim] sample:		94361.60 time, 94140.01 real, 2323 MB, 1.01 load
[runlim] sample:		94371.59 time, 94150.01 real, 2326 MB, 1.01 load
[runlim] sample:		94381.59 time, 94160.01 real, 2329 MB, 1.01 load
[runlim] sample:		94391.59 time, 94170.01 real, 2333 MB, 1.00 load
[runlim] sample:		94401.59 time, 94180.01 real, 2333 MB, 1.00 load
[runlim] sample:		94411.59 time, 94190.01 real, 2337 MB, 1.00 load
[runlim] sample:		94421.59 time, 94200.01 real, 2340 MB, 1.00 load
[runlim] sample:		94431.59 time, 94210.01 real, 2340 MB, 1.00 load
[runlim] sample:		94441.59 time, 94220.01 real, 2344 MB, 1.00 load
[runlim] sample:		94451.58 time, 94230.01 real, 2348 MB, 1.00 load
[runlim] sample:		94461.59 time, 94240.01 real, 2348 MB, 1.00 load
[runlim] sample:		94471.59 time, 94250.01 real, 2353 MB, 1.00 load
[runlim] sample:		94481.58 time, 94260.01 real, 2354 MB, 1.00 load

NN₁: mnist_relu_3_100_gemm.onnx
NN₂: mnist_relu_3_100_0.79_adam_1_stepsize.onnx
Prop: mnist_60_global_4.vnnlib

NN₁: mnist_relu_3_100_gemm.onnx
NN₂: mnist_relu_3_100_0.79_adam_1_stepsize.onnx
Prop: mnist_60_global_5.vnnlib

NN₁: mnist_relu_3_100_gemm.onnx
NN₂: mnist_relu_3_100_0.79_adam_1_stepsize.onnx
Prop: mnist_61_global_4.vnnlib
[runlim] sample:		94491.52 time, 94270.01 real, 2256 MB, 1.00 load
[runlim] sample:		94501.52 time, 94280.01 real, 2256 MB, 1.00 load
[runlim] sample:		94511.52 time, 94290.01 real, 2256 MB, 1.00 load
[runlim] sample:		94521.52 time, 94300.01 real, 2256 MB, 1.00 load
[runlim] sample:		94531.52 time, 94310.01 real, 2256 MB, 1.00 load
[runlim] sample:		94541.52 time, 94320.01 real, 2256 MB, 1.00 load
[runlim] sample:		94551.51 time, 94330.01 real, 2256 MB, 1.00 load
[runlim] sample:		94561.52 time, 94340.01 real, 2256 MB, 1.00 load
[runlim] sample:		94571.51 time, 94350.01 real, 2256 MB, 1.00 load
[runlim] sample:		94581.51 time, 94360.01 real, 2256 MB, 1.00 load
[runlim] sample:		94591.51 time, 94370.01 real, 2256 MB, 1.00 load
[runlim] sample:		94601.52 time, 94380.01 real, 2256 MB, 1.00 load
[runlim] sample:		94611.51 time, 94390.01 real, 2256 MB, 1.00 load
[runlim] sample:		94621.51 time, 94400.01 real, 2256 MB, 1.00 load
[runlim] sample:		94631.51 time, 94410.01 real, 2256 MB, 1.00 load
[runlim] sample:		94641.51 time, 94420.01 real, 2256 MB, 1.00 load
[runlim] sample:		94651.51 time, 94430.01 real, 2256 MB, 1.00 load
[runlim] sample:		94661.50 time, 94440.01 real, 2256 MB, 1.15 load
[runlim] sample:		94671.51 time, 94450.01 real, 2259 MB, 1.28 load
[runlim] sample:		94681.51 time, 94460.01 real, 2261 MB, 1.39 load
[runlim] sample:		94691.51 time, 94470.01 real, 2266 MB, 1.33 load
[runlim] sample:		94701.50 time, 94480.01 real, 2267 MB, 1.28 load
[runlim] sample:		94711.50 time, 94490.01 real, 2270 MB, 1.23 load
[runlim] sample:		94721.50 time, 94500.01 real, 2273 MB, 1.20 load
[runlim] sample:		94731.51 time, 94510.01 real, 2277 MB, 1.17 load
[runlim] sample:		94741.50 time, 94520.01 real, 2280 MB, 1.14 load
[runlim] sample:		94751.50 time, 94530.01 real, 2281 MB, 1.12 load
[runlim] sample:		94761.51 time, 94540.01 real, 2284 MB, 1.10 load
[runlim] sample:		94771.50 time, 94550.01 real, 2288 MB, 1.16 load
[runlim] sample:		94781.50 time, 94560.01 real, 2290 MB, 1.13 load
[runlim] sample:		94791.50 time, 94570.01 real, 2292 MB, 1.11 load
[runlim] sample:		94801.50 time, 94580.01 real, 2296 MB, 1.09 load
[runlim] sample:		94811.49 time, 94590.01 real, 2299 MB, 1.08 load
[runlim] sample:		94821.50 time, 94600.01 real, 2301 MB, 1.07 load
[runlim] sample:		94831.50 time, 94610.01 real, 2304 MB, 1.06 load
[runlim] sample:		94841.50 time, 94620.01 real, 2306 MB, 1.05 load
[runlim] sample:		94851.49 time, 94630.01 real, 2309 MB, 1.04 load
[runlim] sample:		94861.49 time, 94640.01 real, 2312 MB, 1.03 load
[runlim] sample:		94871.49 time, 94650.01 real, 2315 MB, 1.03 load
[runlim] sample:		94881.49 time, 94660.02 real, 2318 MB, 1.02 load
[runlim] sample:		94891.49 time, 94670.01 real, 2321 MB, 1.02 load
[runlim] sample:		94901.49 time, 94680.01 real, 2325 MB, 1.02 load
[runlim] sample:		94911.49 time, 94690.01 real, 2326 MB, 1.01 load
[runlim] sample:		94921.48 time, 94700.01 real, 2329 MB, 1.01 load
[runlim] sample:		94931.49 time, 94710.01 real, 2336 MB, 1.01 load
[runlim] sample:		94941.49 time, 94720.01 real, 2336 MB, 1.01 load
[runlim] sample:		94951.48 time, 94730.01 real, 2341 MB, 1.00 load
[runlim] sample:		94961.48 time, 94740.01 real, 2341 MB, 1.00 load
[runlim] sample:		94971.48 time, 94750.01 real, 2343 MB, 1.00 load
[runlim] sample:		94981.48 time, 94760.01 real, 2348 MB, 1.00 load
[runlim] sample:		94991.48 time, 94770.02 real, 2349 MB, 1.00 load
[runlim] sample:		95001.48 time, 94780.02 real, 2352 MB, 1.00 load
[runlim] sample:		95011.48 time, 94790.01 real, 2355 MB, 1.00 load
[runlim] sample:		95021.48 time, 94800.01 real, 2358 MB, 1.00 load
[runlim] sample:		95031.48 time, 94810.01 real, 2377 MB, 1.00 load
[runlim] sample:		95041.48 time, 94820.02 real, 2379 MB, 1.00 load
[runlim] sample:		95051.47 time, 94830.01 real, 2381 MB, 1.00 load
[runlim] sample:		95061.47 time, 94840.01 real, 2383 MB, 1.00 load
[runlim] sample:		95071.47 time, 94850.01 real, 2418 MB, 1.00 load
[runlim] sample:		95081.47 time, 94860.01 real, 2419 MB, 1.00 load

NN₁: mnist_relu_3_100_gemm.onnx
NN₂: mnist_relu_3_100_0.79_adam_1_stepsize.onnx
Prop: mnist_61_global_5.vnnlib
[runlim] sample:		95091.45 time, 94870.01 real, 2253 MB, 1.00 load
[runlim] sample:		95101.44 time, 94880.01 real, 2253 MB, 1.00 load
[runlim] sample:		95111.44 time, 94890.01 real, 2253 MB, 1.00 load
[runlim] sample:		95121.44 time, 94900.01 real, 2253 MB, 1.00 load
[runlim] sample:		95131.44 time, 94910.01 real, 2253 MB, 1.00 load
[runlim] sample:		95141.44 time, 94920.01 real, 2253 MB, 1.00 load
[runlim] sample:		95151.44 time, 94930.01 real, 2253 MB, 1.00 load
[runlim] sample:		95161.44 time, 94940.01 real, 2253 MB, 1.15 load
[runlim] sample:		95171.44 time, 94950.01 real, 2253 MB, 1.28 load
[runlim] sample:		95181.44 time, 94960.01 real, 2253 MB, 1.24 load
[runlim] sample:		95191.43 time, 94970.01 real, 2253 MB, 1.20 load
[runlim] sample:		95201.43 time, 94980.01 real, 2253 MB, 1.17 load
[runlim] sample:		95211.44 time, 94990.01 real, 2253 MB, 1.14 load
[runlim] sample:		95221.43 time, 95000.01 real, 2253 MB, 1.27 load
[runlim] sample:		95231.43 time, 95010.01 real, 2253 MB, 1.23 load
[runlim] sample:		95241.43 time, 95020.01 real, 2253 MB, 1.19 load
[runlim] sample:		95251.43 time, 95030.01 real, 2253 MB, 1.16 load
[runlim] sample:		95261.43 time, 95040.01 real, 2253 MB, 1.14 load
[runlim] sample:		95271.43 time, 95050.01 real, 2253 MB, 1.11 load
[runlim] sample:		95281.43 time, 95060.01 real, 2255 MB, 1.10 load
[runlim] sample:		95291.43 time, 95070.01 real, 2257 MB, 1.08 load
[runlim] sample:		95301.42 time, 95080.01 real, 2260 MB, 1.07 load
[runlim] sample:		95311.43 time, 95090.01 real, 2264 MB, 1.06 load
[runlim] sample:		95321.42 time, 95100.01 real, 2266 MB, 1.05 load
[runlim] sample:		95331.43 time, 95110.01 real, 2268 MB, 1.04 load
[runlim] sample:		95341.42 time, 95120.01 real, 2271 MB, 1.03 load
[runlim] sample:		95351.42 time, 95130.01 real, 2274 MB, 1.03 load
[runlim] sample:		95361.42 time, 95140.01 real, 2277 MB, 1.02 load
[runlim] sample:		95371.42 time, 95150.01 real, 2280 MB, 1.02 load
[runlim] sample:		95381.42 time, 95160.01 real, 2283 MB, 1.09 load
[runlim] sample:		95391.42 time, 95170.01 real, 2286 MB, 1.08 load
[runlim] sample:		95401.42 time, 95180.01 real, 2289 MB, 1.06 load
[runlim] sample:		95411.41 time, 95190.01 real, 2290 MB, 1.05 load
[runlim] sample:		95421.42 time, 95200.01 real, 2293 MB, 1.04 load
[runlim] sample:		95431.42 time, 95210.01 real, 2296 MB, 1.04 load
[runlim] sample:		95441.42 time, 95220.01 real, 2298 MB, 1.03 load
[runlim] sample:		95451.41 time, 95230.01 real, 2301 MB, 1.03 load
[runlim] sample:		95461.42 time, 95240.01 real, 2304 MB, 1.02 load
[runlim] sample:		95471.41 time, 95250.01 real, 2307 MB, 1.02 load
[runlim] sample:		95481.41 time, 95260.01 real, 2309 MB, 1.01 load
[runlim] sample:		95491.41 time, 95270.01 real, 2312 MB, 1.01 load
[runlim] sample:		95501.41 time, 95280.01 real, 2315 MB, 1.01 load
[runlim] sample:		95511.41 time, 95290.01 real, 2317 MB, 1.01 load
[runlim] sample:		95521.40 time, 95300.01 real, 2319 MB, 1.15 load
[runlim] sample:		95531.41 time, 95310.01 real, 2322 MB, 1.13 load
[runlim] sample:		95541.40 time, 95320.01 real, 2325 MB, 1.11 load
[runlim] sample:		95551.41 time, 95330.01 real, 2328 MB, 1.09 load
[runlim] sample:		95561.40 time, 95340.01 real, 2332 MB, 1.08 load
[runlim] sample:		95571.41 time, 95350.01 real, 2333 MB, 1.06 load
[runlim] sample:		95581.40 time, 95360.01 real, 2337 MB, 1.05 load
[runlim] sample:		95591.40 time, 95370.01 real, 2338 MB, 1.05 load
[runlim] sample:		95601.40 time, 95380.01 real, 2343 MB, 1.04 load
[runlim] sample:		95611.40 time, 95390.01 real, 2344 MB, 1.03 load
[runlim] sample:		95621.40 time, 95400.01 real, 2348 MB, 1.03 load
[runlim] sample:		95631.40 time, 95410.01 real, 2353 MB, 1.02 load
[runlim] sample:		95641.40 time, 95420.01 real, 2362 MB, 1.02 load
[runlim] sample:		95651.39 time, 95430.01 real, 2357 MB, 1.02 load
[runlim] sample:		95661.40 time, 95440.01 real, 2357 MB, 1.17 load
[runlim] sample:		95671.39 time, 95450.01 real, 2396 MB, 1.30 load
[runlim] sample:		95681.39 time, 95460.01 real, 2396 MB, 1.33 load

NN₁: mnist_relu_3_100_gemm.onnx
NN₂: mnist_relu_3_100_0.79_adam_1_stepsize.onnx
Prop: mnist_62_global_4.vnnlib
[runlim] sample:		95691.33 time, 95470.01 real, 2253 MB, 1.28 load
[runlim] sample:		95701.33 time, 95480.01 real, 2253 MB, 1.24 load
[runlim] sample:		95711.33 time, 95490.01 real, 2253 MB, 1.20 load
[runlim] sample:		95721.33 time, 95500.01 real, 2253 MB, 1.17 load
[runlim] sample:		95731.33 time, 95510.01 real, 2253 MB, 1.14 load
[runlim] sample:		95741.33 time, 95520.01 real, 2253 MB, 1.12 load
[runlim] sample:		95751.33 time, 95530.01 real, 2253 MB, 1.10 load
[runlim] sample:		95761.32 time, 95540.01 real, 2253 MB, 1.08 load
[runlim] sample:		95771.32 time, 95550.01 real, 2253 MB, 1.07 load
[runlim] sample:		95781.33 time, 95560.01 real, 2253 MB, 1.06 load
[runlim] sample:		95791.32 time, 95570.01 real, 2253 MB, 1.05 load
[runlim] sample:		95801.33 time, 95580.01 real, 2253 MB, 1.04 load
[runlim] sample:		95811.32 time, 95590.01 real, 2253 MB, 1.04 load
[runlim] sample:		95821.32 time, 95600.01 real, 2253 MB, 1.03 load
[runlim] sample:		95831.32 time, 95610.01 real, 2253 MB, 1.02 load
[runlim] sample:		95841.32 time, 95620.01 real, 2253 MB, 1.02 load
[runlim] sample:		95851.32 time, 95630.01 real, 2253 MB, 1.02 load
[runlim] sample:		95861.32 time, 95640.01 real, 2253 MB, 1.01 load
[runlim] sample:		95871.32 time, 95650.01 real, 2253 MB, 1.01 load
[runlim] sample:		95881.32 time, 95660.01 real, 2253 MB, 1.01 load
[runlim] sample:		95891.31 time, 95670.02 real, 2254 MB, 1.01 load
[runlim] sample:		95901.32 time, 95680.01 real, 2256 MB, 1.01 load
[runlim] sample:		95911.32 time, 95690.01 real, 2259 MB, 1.00 load
[runlim] sample:		95921.31 time, 95700.01 real, 2261 MB, 1.00 load
[runlim] sample:		95931.31 time, 95710.01 real, 2264 MB, 1.00 load
[runlim] sample:		95941.31 time, 95720.01 real, 2266 MB, 1.00 load
[runlim] sample:		95951.30 time, 95730.01 real, 2269 MB, 1.00 load
[runlim] sample:		95961.31 time, 95740.01 real, 2272 MB, 1.00 load
[runlim] sample:		95971.31 time, 95750.01 real, 2274 MB, 1.00 load
[runlim] sample:		95981.31 time, 95760.01 real, 2276 MB, 1.00 load
[runlim] sample:		95991.31 time, 95770.01 real, 2279 MB, 1.00 load
[runlim] sample:		96001.30 time, 95780.01 real, 2281 MB, 1.00 load
[runlim] sample:		96011.30 time, 95790.01 real, 2284 MB, 1.00 load
[runlim] sample:		96021.30 time, 95800.01 real, 2288 MB, 1.00 load
[runlim] sample:		96031.30 time, 95810.01 real, 2290 MB, 1.00 load
[runlim] sample:		96041.31 time, 95820.01 real, 2291 MB, 1.00 load
[runlim] sample:		96051.30 time, 95830.01 real, 2294 MB, 1.00 load
[runlim] sample:		96061.30 time, 95840.01 real, 2297 MB, 1.00 load
[runlim] sample:		96071.29 time, 95850.01 real, 2300 MB, 1.00 load
[runlim] sample:		96081.30 time, 95860.01 real, 2303 MB, 1.00 load
[runlim] sample:		96091.30 time, 95870.01 real, 2304 MB, 1.00 load
[runlim] sample:		96101.30 time, 95880.01 real, 2306 MB, 1.00 load
[runlim] sample:		96111.29 time, 95890.02 real, 2310 MB, 1.00 load
[runlim] sample:		96121.30 time, 95900.01 real, 2312 MB, 1.07 load
[runlim] sample:		96131.30 time, 95910.01 real, 2314 MB, 1.06 load
[runlim] sample:		96141.29 time, 95920.01 real, 2318 MB, 1.05 load
[runlim] sample:		96151.30 time, 95930.01 real, 2319 MB, 1.04 load
[runlim] sample:		96161.29 time, 95940.01 real, 2322 MB, 1.19 load
[runlim] sample:		96171.29 time, 95950.01 real, 2326 MB, 1.32 load
[runlim] sample:		96181.29 time, 95960.01 real, 2327 MB, 1.27 load
[runlim] sample:		96191.29 time, 95970.01 real, 2331 MB, 1.23 load
[runlim] sample:		96201.29 time, 95980.01 real, 2334 MB, 1.19 load
[runlim] sample:		96211.28 time, 95990.01 real, 2334 MB, 1.16 load
[runlim] sample:		96221.28 time, 96000.01 real, 2338 MB, 1.14 load
[runlim] sample:		96231.29 time, 96010.01 real, 2342 MB, 1.11 load
[runlim] sample:		96241.29 time, 96020.01 real, 2342 MB, 1.10 load
[runlim] sample:		96251.28 time, 96030.01 real, 2344 MB, 1.08 load
[runlim] sample:		96261.28 time, 96040.01 real, 2355 MB, 1.07 load
[runlim] sample:		96271.29 time, 96050.01 real, 2355 MB, 1.06 load
[runlim] sample:		96281.28 time, 96060.01 real, 2354 MB, 1.05 load

NN₁: mnist_relu_3_100_gemm.onnx
NN₂: mnist_relu_3_100_0.79_adam_1_stepsize.onnx
Prop: mnist_62_global_5.vnnlib
[runlim] sample:		96291.25 time, 96070.01 real, 2254 MB, 1.04 load
[runlim] sample:		96301.25 time, 96080.01 real, 2254 MB, 1.03 load
[runlim] sample:		96311.25 time, 96090.01 real, 2254 MB, 1.03 load
[runlim] sample:		96321.25 time, 96100.01 real, 2254 MB, 1.02 load
[runlim] sample:		96331.25 time, 96110.01 real, 2254 MB, 1.02 load
[runlim] sample:		96341.25 time, 96120.01 real, 2254 MB, 1.02 load
[runlim] sample:		96351.24 time, 96130.01 real, 2254 MB, 1.01 load
[runlim] sample:		96361.25 time, 96140.01 real, 2254 MB, 1.01 load
[runlim] sample:		96371.25 time, 96150.01 real, 2254 MB, 1.01 load
[runlim] sample:		96381.24 time, 96160.01 real, 2254 MB, 1.01 load
[runlim] sample:		96391.24 time, 96170.01 real, 2254 MB, 1.00 load
[runlim] sample:		96401.24 time, 96180.01 real, 2254 MB, 1.08 load
[runlim] sample:		96411.24 time, 96190.01 real, 2254 MB, 1.07 load
[runlim] sample:		96421.24 time, 96200.01 real, 2254 MB, 1.06 load
[runlim] sample:		96431.24 time, 96210.01 real, 2254 MB, 1.05 load
[runlim] sample:		96441.24 time, 96220.01 real, 2254 MB, 1.04 load
[runlim] sample:		96451.24 time, 96230.01 real, 2254 MB, 1.03 load
[runlim] sample:		96461.24 time, 96240.01 real, 2254 MB, 1.03 load
[runlim] sample:		96471.24 time, 96250.01 real, 2254 MB, 1.10 load
[runlim] sample:		96481.24 time, 96260.01 real, 2254 MB, 1.09 load
[runlim] sample:		96491.24 time, 96270.01 real, 2254 MB, 1.15 load
[runlim] sample:		96501.23 time, 96280.01 real, 2254 MB, 1.12 load
[runlim] sample:		96511.23 time, 96290.01 real, 2254 MB, 1.10 load
[runlim] sample:		96521.24 time, 96300.01 real, 2257 MB, 1.09 load
[runlim] sample:		96531.23 time, 96310.01 real, 2259 MB, 1.07 load
[runlim] sample:		96541.24 time, 96320.01 real, 2261 MB, 1.06 load
[runlim] sample:		96551.23 time, 96330.01 real, 2264 MB, 1.05 load
[runlim] sample:		96561.23 time, 96340.01 real, 2266 MB, 1.04 load
[runlim] sample:		96571.23 time, 96350.01 real, 2268 MB, 1.04 load
[runlim] sample:		96581.23 time, 96360.01 real, 2270 MB, 1.03 load
[runlim] sample:		96591.23 time, 96370.01 real, 2272 MB, 1.02 load
[runlim] sample:		96601.22 time, 96380.01 real, 2274 MB, 1.02 load
[runlim] sample:		96611.23 time, 96390.01 real, 2277 MB, 1.02 load
[runlim] sample:		96621.22 time, 96400.01 real, 2279 MB, 1.01 load
[runlim] sample:		96631.22 time, 96410.01 real, 2282 MB, 1.01 load
[runlim] sample:		96641.22 time, 96420.01 real, 2284 MB, 1.08 load
[runlim] sample:		96651.22 time, 96430.01 real, 2286 MB, 1.07 load
[runlim] sample:		96661.22 time, 96440.01 real, 2288 MB, 1.21 load
[runlim] sample:		96671.22 time, 96450.01 real, 2291 MB, 1.33 load
[runlim] sample:		96681.22 time, 96460.01 real, 2292 MB, 1.28 load
[runlim] sample:		96691.22 time, 96470.01 real, 2294 MB, 1.24 load
[runlim] sample:		96701.22 time, 96480.01 real, 2297 MB, 1.20 load
[runlim] sample:		96711.21 time, 96490.01 real, 2299 MB, 1.17 load
[runlim] sample:		96721.22 time, 96500.01 real, 2301 MB, 1.14 load
[runlim] sample:		96731.21 time, 96510.01 real, 2304 MB, 1.12 load
[runlim] sample:		96741.22 time, 96520.01 real, 2305 MB, 1.10 load
[runlim] sample:		96751.21 time, 96530.01 real, 2308 MB, 1.09 load
[runlim] sample:		96761.22 time, 96540.01 real, 2310 MB, 1.07 load
[runlim] sample:		96771.21 time, 96550.01 real, 2312 MB, 1.06 load
[runlim] sample:		96781.21 time, 96560.01 real, 2315 MB, 1.05 load
[runlim] sample:		96791.21 time, 96570.01 real, 2317 MB, 1.04 load
[runlim] sample:		96801.20 time, 96580.02 real, 2319 MB, 1.04 load
[runlim] sample:		96811.21 time, 96590.01 real, 2322 MB, 1.03 load
[runlim] sample:		96821.21 time, 96600.01 real, 2326 MB, 1.02 load
[runlim] sample:		96831.20 time, 96610.01 real, 2327 MB, 1.02 load
[runlim] sample:		96841.20 time, 96620.01 real, 2330 MB, 1.02 load
[runlim] sample:		96851.20 time, 96630.01 real, 2333 MB, 1.01 load
[runlim] sample:		96861.21 time, 96640.01 real, 2333 MB, 1.01 load
[runlim] sample:		96871.20 time, 96650.01 real, 2336 MB, 1.01 load
[runlim] sample:		96881.20 time, 96660.01 real, 2339 MB, 1.01 load

NN₁: mnist_relu_3_100_gemm.onnx
NN₂: mnist_relu_3_100_0.79_adam_1_stepsize.onnx
Prop: mnist_63_global_4.vnnlib
[runlim] sample:		96891.15 time, 96670.01 real, 2254 MB, 1.01 load
[runlim] sample:		96901.15 time, 96680.01 real, 2254 MB, 1.00 load
[runlim] sample:		96911.15 time, 96690.01 real, 2254 MB, 1.00 load
[runlim] sample:		96921.14 time, 96700.01 real, 2254 MB, 1.00 load
[runlim] sample:		96931.15 time, 96710.01 real, 2254 MB, 1.00 load
[runlim] sample:		96941.15 time, 96720.01 real, 2254 MB, 1.00 load
[runlim] sample:		96951.14 time, 96730.01 real, 2254 MB, 1.00 load
[runlim] sample:		96961.15 time, 96740.01 real, 2254 MB, 1.15 load
[runlim] sample:		96971.14 time, 96750.01 real, 2254 MB, 1.12 load
[runlim] sample:		96981.14 time, 96760.01 real, 2254 MB, 1.10 load
[runlim] sample:		96991.14 time, 96770.01 real, 2254 MB, 1.09 load
[runlim] sample:		97001.14 time, 96780.01 real, 2254 MB, 1.07 load
[runlim] sample:		97011.14 time, 96790.01 real, 2254 MB, 1.06 load
[runlim] sample:		97021.14 time, 96800.01 real, 2254 MB, 1.05 load
[runlim] sample:		97031.13 time, 96810.01 real, 2254 MB, 1.04 load
[runlim] sample:		97041.14 time, 96820.01 real, 2254 MB, 1.04 load
[runlim] sample:		97051.13 time, 96830.01 real, 2254 MB, 1.03 load
[runlim] sample:		97061.14 time, 96840.01 real, 2254 MB, 1.02 load
[runlim] sample:		97071.13 time, 96850.01 real, 2256 MB, 1.02 load
[runlim] sample:		97081.13 time, 96860.01 real, 2259 MB, 1.02 load
[runlim] sample:		97091.13 time, 96870.01 real, 2262 MB, 1.01 load
[runlim] sample:		97101.13 time, 96880.01 real, 2266 MB, 1.01 load
[runlim] sample:		97111.12 time, 96890.01 real, 2269 MB, 1.01 load
[runlim] sample:		97121.13 time, 96900.01 real, 2270 MB, 1.01 load
[runlim] sample:		97131.12 time, 96910.01 real, 2273 MB, 1.01 load
[runlim] sample:		97141.13 time, 96920.01 real, 2276 MB, 1.00 load
[runlim] sample:		97151.12 time, 96930.01 real, 2280 MB, 1.00 load
[runlim] sample:		97161.12 time, 96940.01 real, 2283 MB, 1.16 load
[runlim] sample:		97171.12 time, 96950.01 real, 2284 MB, 1.29 load
[runlim] sample:		97181.13 time, 96960.02 real, 2288 MB, 1.24 load
[runlim] sample:		97191.12 time, 96970.01 real, 2291 MB, 1.28 load
[runlim] sample:		97201.11 time, 96980.01 real, 2293 MB, 1.24 load
[runlim] sample:		97211.12 time, 96990.01 real, 2296 MB, 1.20 load
[runlim] sample:		97221.12 time, 97000.01 real, 2299 MB, 1.17 load
[runlim] sample:		97231.12 time, 97010.01 real, 2302 MB, 1.14 load
[runlim] sample:		97241.11 time, 97020.01 real, 2305 MB, 1.12 load
[runlim] sample:		97251.11 time, 97030.01 real, 2309 MB, 1.10 load
[runlim] sample:		97261.11 time, 97040.01 real, 2310 MB, 1.08 load
[runlim] sample:		97271.11 time, 97050.01 real, 2314 MB, 1.07 load
[runlim] sample:		97281.11 time, 97060.01 real, 2316 MB, 1.06 load
[runlim] sample:		97291.11 time, 97070.01 real, 2319 MB, 1.05 load
[runlim] sample:		97301.11 time, 97080.01 real, 2322 MB, 1.04 load
[runlim] sample:		97311.10 time, 97090.01 real, 2325 MB, 1.04 load
[runlim] sample:		97321.10 time, 97100.01 real, 2328 MB, 1.03 load
[runlim] sample:		97331.10 time, 97110.01 real, 2330 MB, 1.02 load
[runlim] sample:		97341.10 time, 97120.01 real, 2335 MB, 1.02 load
[runlim] sample:		97351.10 time, 97130.01 real, 2336 MB, 1.02 load
[runlim] sample:		97361.10 time, 97140.01 real, 2339 MB, 1.01 load
[runlim] sample:		97371.10 time, 97150.01 real, 2342 MB, 1.01 load
[runlim] sample:		97381.10 time, 97160.01 real, 2345 MB, 1.01 load
[runlim] sample:		97391.09 time, 97170.01 real, 2348 MB, 1.01 load
[runlim] sample:		97401.09 time, 97180.01 real, 2364 MB, 1.01 load
[runlim] sample:		97411.09 time, 97190.01 real, 2364 MB, 1.00 load
[runlim] sample:		97421.09 time, 97200.01 real, 2360 MB, 1.00 load
[runlim] sample:		97431.08 time, 97210.01 real, 2360 MB, 1.00 load
[runlim] sample:		97441.09 time, 97220.01 real, 2364 MB, 1.00 load
[runlim] sample:		97451.09 time, 97230.01 real, 2389 MB, 1.00 load
[runlim] sample:		97461.09 time, 97240.01 real, 2391 MB, 1.00 load
[runlim] sample:		97471.08 time, 97250.01 real, 2434 MB, 1.00 load
[runlim] sample:		97481.08 time, 97260.01 real, 2434 MB, 1.00 load

NN₁: mnist_relu_3_100_gemm.onnx
NN₂: mnist_relu_3_100_0.79_adam_1_stepsize.onnx
Prop: mnist_63_global_5.vnnlib
[runlim] sample:		97491.05 time, 97270.01 real, 2253 MB, 1.00 load
[runlim] sample:		97501.05 time, 97280.01 real, 2253 MB, 1.00 load
[runlim] sample:		97511.05 time, 97290.01 real, 2253 MB, 1.00 load
[runlim] sample:		97521.05 time, 97300.01 real, 2253 MB, 1.00 load
[runlim] sample:		97531.05 time, 97310.01 real, 2253 MB, 1.00 load
[runlim] sample:		97541.05 time, 97320.01 real, 2253 MB, 1.00 load
[runlim] sample:		97551.04 time, 97330.01 real, 2253 MB, 1.00 load
[runlim] sample:		97561.05 time, 97340.01 real, 2253 MB, 1.00 load
[runlim] sample:		97571.05 time, 97350.02 real, 2253 MB, 1.00 load
[runlim] sample:		97581.04 time, 97360.01 real, 2253 MB, 1.00 load
[runlim] sample:		97591.04 time, 97370.01 real, 2253 MB, 1.00 load
[runlim] sample:		97601.04 time, 97380.01 real, 2253 MB, 1.00 load
[runlim] sample:		97611.03 time, 97390.01 real, 2253 MB, 1.00 load
[runlim] sample:		97621.04 time, 97400.01 real, 2253 MB, 1.00 load
[runlim] sample:		97631.04 time, 97410.01 real, 2253 MB, 1.00 load
[runlim] sample:		97641.03 time, 97420.01 real, 2253 MB, 1.00 load
[runlim] sample:		97651.03 time, 97430.01 real, 2253 MB, 1.00 load
[runlim] sample:		97661.03 time, 97440.01 real, 2253 MB, 1.15 load
[runlim] sample:		97671.03 time, 97450.01 real, 2253 MB, 1.28 load
[runlim] sample:		97681.03 time, 97460.01 real, 2254 MB, 1.24 load
[runlim] sample:		97691.02 time, 97470.01 real, 2256 MB, 1.20 load
[runlim] sample:		97701.02 time, 97480.01 real, 2261 MB, 1.17 load
[runlim] sample:		97711.03 time, 97490.01 real, 2262 MB, 1.14 load
[runlim] sample:		97721.02 time, 97500.01 real, 2264 MB, 1.12 load
[runlim] sample:		97731.02 time, 97510.01 real, 2269 MB, 1.10 load
[runlim] sample:		97741.02 time, 97520.01 real, 2270 MB, 1.09 load
[runlim] sample:		97751.01 time, 97530.01 real, 2273 MB, 1.07 load
[runlim] sample:		97761.01 time, 97540.01 real, 2275 MB, 1.06 load
[runlim] sample:		97771.02 time, 97550.01 real, 2278 MB, 1.05 load
[runlim] sample:		97781.01 time, 97560.01 real, 2282 MB, 1.04 load
[runlim] sample:		97791.02 time, 97570.01 real, 2285 MB, 1.04 load
[runlim] sample:		97801.01 time, 97580.01 real, 2286 MB, 1.03 load
[runlim] sample:		97811.01 time, 97590.01 real, 2288 MB, 1.02 load
[runlim] sample:		97821.01 time, 97600.01 real, 2292 MB, 1.02 load
[runlim] sample:		97831.00 time, 97610.01 real, 2296 MB, 1.02 load
[runlim] sample:		97841.01 time, 97620.01 real, 2296 MB, 1.01 load
[runlim] sample:		97851.01 time, 97630.01 real, 2300 MB, 1.01 load
[runlim] sample:		97861.00 time, 97640.01 real, 2302 MB, 1.01 load
[runlim] sample:		97871.00 time, 97650.01 real, 2304 MB, 1.01 load
[runlim] sample:		97881.00 time, 97660.01 real, 2308 MB, 1.01 load
[runlim] sample:		97890.99 time, 97670.01 real, 2311 MB, 1.00 load
[runlim] sample:		97901.00 time, 97680.01 real, 2312 MB, 1.00 load
[runlim] sample:		97911.00 time, 97690.01 real, 2315 MB, 1.00 load
[runlim] sample:		97921.00 time, 97700.01 real, 2318 MB, 1.00 load
[runlim] sample:		97930.99 time, 97710.01 real, 2322 MB, 1.00 load
[runlim] sample:		97940.99 time, 97720.01 real, 2323 MB, 1.00 load
[runlim] sample:		97950.99 time, 97730.01 real, 2326 MB, 1.00 load
[runlim] sample:		97960.99 time, 97740.01 real, 2330 MB, 1.00 load
[runlim] sample:		97970.98 time, 97750.01 real, 2331 MB, 1.00 load
[runlim] sample:		97980.99 time, 97760.01 real, 2335 MB, 1.00 load
[runlim] sample:		97990.98 time, 97770.01 real, 2336 MB, 1.00 load
[runlim] sample:		98000.98 time, 97780.01 real, 2341 MB, 1.00 load
[runlim] sample:		98010.98 time, 97790.01 real, 2342 MB, 1.00 load
[runlim] sample:		98020.98 time, 97800.01 real, 2346 MB, 1.00 load
[runlim] sample:		98030.97 time, 97810.01 real, 2355 MB, 1.00 load
[runlim] sample:		98040.98 time, 97820.01 real, 2355 MB, 1.00 load
[runlim] sample:		98050.97 time, 97830.01 real, 2366 MB, 1.00 load
[runlim] sample:		98060.98 time, 97840.01 real, 2366 MB, 1.00 load
[runlim] sample:		98070.97 time, 97850.02 real, 2369 MB, 1.00 load
[runlim] sample:		98080.98 time, 97860.01 real, 2378 MB, 1.00 load

NN₁: mnist_relu_3_100_gemm.onnx
NN₂: mnist_relu_3_100_0.79_adam_1_stepsize.onnx
Prop: mnist_64_global_4.vnnlib

NN₁: mnist_relu_3_100_gemm.onnx
NN₂: mnist_relu_3_100_0.79_adam_1_stepsize.onnx
Prop: mnist_64_global_5.vnnlib
[runlim] sample:		98090.94 time, 97870.01 real, 2269 MB, 1.00 load
[runlim] sample:		98100.94 time, 97880.01 real, 2269 MB, 1.07 load
[runlim] sample:		98110.93 time, 97890.01 real, 2269 MB, 1.06 load
[runlim] sample:		98120.93 time, 97900.01 real, 2269 MB, 1.05 load
[runlim] sample:		98130.93 time, 97910.01 real, 2269 MB, 1.04 load
[runlim] sample:		98140.93 time, 97920.01 real, 2269 MB, 1.04 load
[runlim] sample:		98150.93 time, 97930.01 real, 2269 MB, 1.03 load
[runlim] sample:		98160.92 time, 97940.01 real, 2269 MB, 1.18 load
[runlim] sample:		98170.93 time, 97950.01 real, 2269 MB, 1.38 load
[runlim] sample:		98180.93 time, 97960.01 real, 2269 MB, 1.32 load
[runlim] sample:		98190.93 time, 97970.01 real, 2269 MB, 1.27 load
[runlim] sample:		98200.92 time, 97980.01 real, 2269 MB, 1.23 load
[runlim] sample:		98210.92 time, 97990.01 real, 2269 MB, 1.19 load
[runlim] sample:		98220.92 time, 98000.01 real, 2269 MB, 1.16 load
[runlim] sample:		98230.92 time, 98010.01 real, 2269 MB, 1.14 load
[runlim] sample:		98240.92 time, 98020.01 real, 2269 MB, 1.12 load
[runlim] sample:		98250.92 time, 98030.01 real, 2269 MB, 1.10 load
[runlim] sample:		98260.92 time, 98040.01 real, 2269 MB, 1.08 load
[runlim] sample:		98270.92 time, 98050.01 real, 2272 MB, 1.15 load
[runlim] sample:		98280.91 time, 98060.01 real, 2274 MB, 1.13 load
[runlim] sample:		98290.91 time, 98070.01 real, 2277 MB, 1.11 load
[runlim] sample:		98300.91 time, 98080.01 real, 2280 MB, 1.09 load
[runlim] sample:		98310.91 time, 98090.01 real, 2283 MB, 1.08 load
[runlim] sample:		98320.91 time, 98100.01 real, 2287 MB, 1.06 load
[runlim] sample:		98330.91 time, 98110.01 real, 2290 MB, 1.05 load
[runlim] sample:		98340.90 time, 98120.01 real, 2291 MB, 1.04 load
[runlim] sample:		98350.90 time, 98130.01 real, 2295 MB, 1.04 load
[runlim] sample:		98360.91 time, 98140.01 real, 2298 MB, 1.03 load
[runlim] sample:		98370.90 time, 98150.01 real, 2300 MB, 1.03 load
[runlim] sample:		98380.90 time, 98160.01 real, 2303 MB, 1.02 load
[runlim] sample:		98390.90 time, 98170.01 real, 2306 MB, 1.02 load
[runlim] sample:		98400.89 time, 98180.01 real, 2310 MB, 1.01 load
[runlim] sample:		98410.90 time, 98190.01 real, 2311 MB, 1.01 load
[runlim] sample:		98420.90 time, 98200.01 real, 2314 MB, 1.01 load
[runlim] sample:		98430.89 time, 98210.01 real, 2317 MB, 1.01 load
[runlim] sample:		98440.90 time, 98220.01 real, 2320 MB, 1.01 load
[runlim] sample:		98450.89 time, 98230.01 real, 2324 MB, 1.00 load
[runlim] sample:		98460.89 time, 98240.01 real, 2326 MB, 1.00 load
[runlim] sample:		98470.89 time, 98250.01 real, 2329 MB, 1.00 load
[runlim] sample:		98480.89 time, 98260.02 real, 2333 MB, 1.00 load
[runlim] sample:		98490.89 time, 98270.01 real, 2334 MB, 1.00 load
[runlim] sample:		98500.89 time, 98280.01 real, 2338 MB, 1.00 load
[runlim] sample:		98510.89 time, 98290.01 real, 2340 MB, 1.00 load
[runlim] sample:		98520.88 time, 98300.01 real, 2343 MB, 1.00 load
[runlim] sample:		98530.88 time, 98310.01 real, 2346 MB, 1.00 load
[runlim] sample:		98540.88 time, 98320.01 real, 2351 MB, 1.00 load
[runlim] sample:		98550.88 time, 98330.01 real, 2352 MB, 1.00 load
[runlim] sample:		98560.88 time, 98340.01 real, 2355 MB, 1.00 load
[runlim] sample:		98570.88 time, 98350.01 real, 2358 MB, 1.00 load
[runlim] sample:		98580.87 time, 98360.01 real, 2361 MB, 1.00 load
[runlim] sample:		98590.87 time, 98370.01 real, 2364 MB, 1.00 load
[runlim] sample:		98600.87 time, 98380.01 real, 2370 MB, 1.00 load
[runlim] sample:		98610.87 time, 98390.01 real, 2371 MB, 1.00 load
[runlim] sample:		98620.87 time, 98400.01 real, 2392 MB, 1.00 load
[runlim] sample:		98630.86 time, 98410.01 real, 2392 MB, 1.00 load
[runlim] sample:		98640.86 time, 98420.01 real, 2412 MB, 1.15 load
[runlim] sample:		98650.86 time, 98430.01 real, 2413 MB, 1.12 load
[runlim] sample:		98660.86 time, 98440.01 real, 2436 MB, 1.26 load
[runlim] sample:		98670.86 time, 98450.01 real, 2436 MB, 1.37 load
[runlim] sample:		98680.86 time, 98460.01 real, 2438 MB, 1.31 load

NN₁: mnist_relu_3_100_gemm.onnx
NN₂: mnist_relu_3_100_0.79_adam_1_stepsize.onnx
Prop: mnist_65_global_4.vnnlib
[runlim] sample:		98690.83 time, 98470.01 real, 2255 MB, 1.27 load
[runlim] sample:		98700.83 time, 98480.01 real, 2255 MB, 1.22 load
[runlim] sample:		98710.83 time, 98490.01 real, 2255 MB, 1.19 load
[runlim] sample:		98720.83 time, 98500.01 real, 2255 MB, 1.16 load
[runlim] sample:		98730.82 time, 98510.01 real, 2255 MB, 1.13 load
[runlim] sample:		98740.83 time, 98520.01 real, 2255 MB, 1.11 load
[runlim] sample:		98750.82 time, 98530.01 real, 2255 MB, 1.10 load
[runlim] sample:		98760.82 time, 98540.01 real, 2255 MB, 1.08 load
[runlim] sample:		98770.81 time, 98550.01 real, 2255 MB, 1.07 load
[runlim] sample:		98780.81 time, 98560.01 real, 2255 MB, 1.06 load
[runlim] sample:		98790.82 time, 98570.01 real, 2255 MB, 1.05 load
[runlim] sample:		98800.81 time, 98580.01 real, 2255 MB, 1.04 load
[runlim] sample:		98810.81 time, 98590.01 real, 2255 MB, 1.03 load
[runlim] sample:		98820.81 time, 98600.01 real, 2255 MB, 1.03 load
[runlim] sample:		98830.81 time, 98610.01 real, 2255 MB, 1.02 load
[runlim] sample:		98840.81 time, 98620.01 real, 2255 MB, 1.02 load
[runlim] sample:		98850.81 time, 98630.01 real, 2255 MB, 1.02 load
[runlim] sample:		98860.81 time, 98640.01 real, 2255 MB, 1.01 load
[runlim] sample:		98870.81 time, 98650.01 real, 2255 MB, 1.01 load
[runlim] sample:		98880.81 time, 98660.01 real, 2255 MB, 1.01 load
[runlim] sample:		98890.80 time, 98670.01 real, 2255 MB, 1.01 load
[runlim] sample:		98900.81 time, 98680.01 real, 2257 MB, 1.00 load
[runlim] sample:		98910.80 time, 98690.01 real, 2260 MB, 1.00 load
[runlim] sample:		98920.80 time, 98700.01 real, 2262 MB, 1.00 load
[runlim] sample:		98930.80 time, 98710.01 real, 2264 MB, 1.00 load
[runlim] sample:		98940.80 time, 98720.01 real, 2267 MB, 1.00 load
[runlim] sample:		98950.80 time, 98730.01 real, 2269 MB, 1.00 load
[runlim] sample:		98960.79 time, 98740.01 real, 2271 MB, 1.00 load
[runlim] sample:		98970.79 time, 98750.01 real, 2274 MB, 1.00 load
[runlim] sample:		98980.79 time, 98760.01 real, 2276 MB, 1.00 load
[runlim] sample:		98990.79 time, 98770.01 real, 2280 MB, 1.00 load
[runlim] sample:		99000.79 time, 98780.01 real, 2281 MB, 1.00 load
[runlim] sample:		99010.79 time, 98790.01 real, 2283 MB, 1.00 load
[runlim] sample:		99020.78 time, 98800.01 real, 2286 MB, 1.00 load
[runlim] sample:		99030.78 time, 98810.01 real, 2288 MB, 1.00 load
[runlim] sample:		99040.79 time, 98820.01 real, 2292 MB, 1.00 load
[runlim] sample:		99050.78 time, 98830.01 real, 2294 MB, 1.00 load
[runlim] sample:		99060.79 time, 98840.01 real, 2296 MB, 1.00 load
[runlim] sample:		99070.78 time, 98850.01 real, 2299 MB, 1.00 load
[runlim] sample:		99080.78 time, 98860.01 real, 2302 MB, 1.00 load
[runlim] sample:		99090.78 time, 98870.02 real, 2303 MB, 1.00 load
[runlim] sample:		99100.77 time, 98880.01 real, 2306 MB, 1.00 load
[runlim] sample:		99110.78 time, 98890.01 real, 2308 MB, 1.00 load
[runlim] sample:		99120.78 time, 98900.01 real, 2311 MB, 1.00 load
[runlim] sample:		99130.77 time, 98910.01 real, 2315 MB, 1.00 load
[runlim] sample:		99140.77 time, 98920.01 real, 2316 MB, 1.00 load
[runlim] sample:		99150.77 time, 98930.01 real, 2318 MB, 1.00 load
[runlim] sample:		99160.76 time, 98940.01 real, 2321 MB, 1.15 load
[runlim] sample:		99170.77 time, 98950.01 real, 2325 MB, 1.28 load
[runlim] sample:		99180.76 time, 98960.01 real, 2326 MB, 1.24 load
[runlim] sample:		99190.77 time, 98970.01 real, 2330 MB, 1.20 load
[runlim] sample:		99200.76 time, 98980.01 real, 2331 MB, 1.17 load
[runlim] sample:		99210.76 time, 98990.01 real, 2334 MB, 1.14 load
[runlim] sample:		99220.76 time, 99000.01 real, 2338 MB, 1.12 load
[runlim] sample:		99230.76 time, 99010.01 real, 2338 MB, 1.10 load
[runlim] sample:		99240.76 time, 99020.01 real, 2342 MB, 1.09 load
[runlim] sample:		99250.75 time, 99030.01 real, 2345 MB, 1.07 load
[runlim] sample:		99260.75 time, 99040.01 real, 2346 MB, 1.06 load
[runlim] sample:		99270.76 time, 99050.01 real, 2354 MB, 1.05 load
[runlim] sample:		99280.75 time, 99060.01 real, 2365 MB, 1.04 load

NN₁: mnist_relu_3_100_gemm.onnx
NN₂: mnist_relu_3_100_0.79_adam_1_stepsize.onnx
Prop: mnist_65_global_5.vnnlib
[runlim] sample:		99290.70 time, 99070.01 real, 2267 MB, 1.04 load
[runlim] sample:		99300.70 time, 99080.01 real, 2267 MB, 1.03 load
[runlim] sample:		99310.70 time, 99090.01 real, 2267 MB, 1.02 load
[runlim] sample:		99320.70 time, 99100.01 real, 2267 MB, 1.02 load
[runlim] sample:		99330.70 time, 99110.01 real, 2267 MB, 1.02 load
[runlim] sample:		99340.69 time, 99120.01 real, 2267 MB, 1.01 load
[runlim] sample:		99350.69 time, 99130.01 real, 2267 MB, 1.01 load
[runlim] sample:		99360.70 time, 99140.01 real, 2267 MB, 1.01 load
[runlim] sample:		99370.69 time, 99150.01 real, 2267 MB, 1.01 load
[runlim] sample:		99380.69 time, 99160.01 real, 2267 MB, 1.01 load
[runlim] sample:		99390.69 time, 99170.01 real, 2267 MB, 1.00 load
[runlim] sample:		99400.69 time, 99180.01 real, 2267 MB, 1.00 load
[runlim] sample:		99410.68 time, 99190.01 real, 2267 MB, 1.00 load
[runlim] sample:		99420.68 time, 99200.01 real, 2267 MB, 1.00 load
[runlim] sample:		99430.69 time, 99210.01 real, 2267 MB, 1.00 load
[runlim] sample:		99440.68 time, 99220.01 real, 2267 MB, 1.00 load
[runlim] sample:		99450.68 time, 99230.01 real, 2267 MB, 1.00 load
[runlim] sample:		99460.68 time, 99240.01 real, 2267 MB, 1.00 load
[runlim] sample:		99470.68 time, 99250.01 real, 2267 MB, 1.00 load
[runlim] sample:		99480.68 time, 99260.01 real, 2267 MB, 1.00 load
[runlim] sample:		99490.67 time, 99270.01 real, 2267 MB, 1.00 load
[runlim] sample:		99500.68 time, 99280.01 real, 2267 MB, 1.00 load
[runlim] sample:		99510.68 time, 99290.01 real, 2268 MB, 1.00 load
[runlim] sample:		99520.67 time, 99300.01 real, 2270 MB, 1.00 load
[runlim] sample:		99530.67 time, 99310.01 real, 2272 MB, 1.00 load
[runlim] sample:		99540.67 time, 99320.01 real, 2274 MB, 1.00 load
[runlim] sample:		99550.66 time, 99330.01 real, 2276 MB, 1.00 load
[runlim] sample:		99560.66 time, 99340.01 real, 2279 MB, 1.00 load
[runlim] sample:		99570.67 time, 99350.01 real, 2281 MB, 1.00 load
[runlim] sample:		99580.67 time, 99360.01 real, 2283 MB, 1.07 load
[runlim] sample:		99590.66 time, 99370.01 real, 2286 MB, 1.06 load
[runlim] sample:		99600.66 time, 99380.01 real, 2288 MB, 1.05 load
[runlim] sample:		99610.66 time, 99390.01 real, 2290 MB, 1.04 load
[runlim] sample:		99620.65 time, 99400.01 real, 2292 MB, 1.12 load
[runlim] sample:		99630.66 time, 99410.01 real, 2295 MB, 1.17 load
[runlim] sample:		99640.65 time, 99420.01 real, 2297 MB, 1.15 load
[runlim] sample:		99650.66 time, 99430.01 real, 2301 MB, 1.12 load
[runlim] sample:		99660.65 time, 99440.01 real, 2302 MB, 1.26 load
[runlim] sample:		99670.65 time, 99450.01 real, 2304 MB, 1.37 load
[runlim] sample:		99680.65 time, 99460.01 real, 2308 MB, 1.31 load
[runlim] sample:		99690.65 time, 99470.02 real, 2309 MB, 1.27 load
[runlim] sample:		99700.65 time, 99480.01 real, 2311 MB, 1.22 load
[runlim] sample:		99710.64 time, 99490.01 real, 2313 MB, 1.19 load
[runlim] sample:		99720.64 time, 99500.01 real, 2316 MB, 1.16 load
[runlim] sample:		99730.65 time, 99510.01 real, 2318 MB, 1.13 load
[runlim] sample:		99740.64 time, 99520.01 real, 2321 MB, 1.11 load
[runlim] sample:		99750.64 time, 99530.01 real, 2324 MB, 1.10 load
[runlim] sample:		99760.63 time, 99540.01 real, 2325 MB, 1.08 load
[runlim] sample:		99770.64 time, 99550.01 real, 2328 MB, 1.07 load
[runlim] sample:		99780.63 time, 99560.01 real, 2331 MB, 1.06 load
[runlim] sample:		99790.64 time, 99570.02 real, 2332 MB, 1.05 load
[runlim] sample:		99800.63 time, 99580.01 real, 2335 MB, 1.04 load
[runlim] sample:		99810.63 time, 99590.01 real, 2339 MB, 1.03 load
[runlim] sample:		99820.63 time, 99600.01 real, 2342 MB, 1.03 load
[runlim] sample:		99830.63 time, 99610.01 real, 2342 MB, 1.02 load
[runlim] sample:		99840.63 time, 99620.01 real, 2345 MB, 1.02 load
[runlim] sample:		99850.63 time, 99630.01 real, 2348 MB, 1.02 load
[runlim] sample:		99860.63 time, 99640.01 real, 2351 MB, 1.01 load
[runlim] sample:		99870.62 time, 99650.01 real, 2351 MB, 1.01 load
[runlim] sample:		99880.63 time, 99660.01 real, 2355 MB, 1.01 load

NN₁: mnist_relu_3_100_gemm.onnx
NN₂: mnist_relu_3_100_0.79_adam_1_stepsize.onnx
Prop: mnist_66_global_4.vnnlib
[runlim] sample:		99890.59 time, 99670.01 real, 2267 MB, 1.01 load
[runlim] sample:		99900.59 time, 99680.01 real, 2267 MB, 1.00 load
[runlim] sample:		99910.59 time, 99690.02 real, 2267 MB, 1.00 load
[runlim] sample:		99920.59 time, 99700.01 real, 2267 MB, 1.00 load
[runlim] sample:		99930.59 time, 99710.01 real, 2267 MB, 1.08 load
[runlim] sample:		99940.58 time, 99720.01 real, 2267 MB, 1.14 load
[runlim] sample:		99950.58 time, 99730.01 real, 2267 MB, 1.12 load
[runlim] sample:		99960.58 time, 99740.01 real, 2267 MB, 1.10 load
[runlim] sample:		99970.57 time, 99750.01 real, 2267 MB, 1.09 load
[runlim] sample:		99980.58 time, 99760.01 real, 2267 MB, 1.07 load
[runlim] sample:		99990.58 time, 99770.01 real, 2267 MB, 1.06 load
[runlim] sample:		100000.57 time, 99780.01 real, 2267 MB, 1.05 load
[runlim] sample:		100010.57 time, 99790.01 real, 2267 MB, 1.04 load
[runlim] sample:		100020.57 time, 99800.01 real, 2267 MB, 1.04 load
[runlim] sample:		100030.57 time, 99810.01 real, 2267 MB, 1.03 load
[runlim] sample:		100040.57 time, 99820.01 real, 2267 MB, 1.02 load
[runlim] sample:		100050.57 time, 99830.01 real, 2267 MB, 1.02 load
[runlim] sample:		100060.57 time, 99840.01 real, 2267 MB, 1.02 load
[runlim] sample:		100070.57 time, 99850.01 real, 2267 MB, 1.01 load
[runlim] sample:		100080.56 time, 99860.01 real, 2268 MB, 1.01 load
[runlim] sample:		100090.56 time, 99870.01 real, 2270 MB, 1.01 load
[runlim] sample:		100100.56 time, 99880.01 real, 2272 MB, 1.01 load
[runlim] sample:		100110.56 time, 99890.01 real, 2275 MB, 1.01 load
[runlim] sample:		100120.56 time, 99900.01 real, 2278 MB, 1.00 load
[runlim] sample:		100130.56 time, 99910.01 real, 2281 MB, 1.00 load
[runlim] sample:		100140.56 time, 99920.01 real, 2283 MB, 1.00 load
[runlim] sample:		100150.56 time, 99930.01 real, 2286 MB, 1.08 load
[runlim] sample:		100160.56 time, 99940.01 real, 2289 MB, 1.22 load
[runlim] sample:		100170.55 time, 99950.01 real, 2292 MB, 1.34 load
[runlim] sample:		100180.55 time, 99960.01 real, 2295 MB, 1.29 load
[runlim] sample:		100190.55 time, 99970.01 real, 2297 MB, 1.25 load
[runlim] sample:		100200.55 time, 99980.01 real, 2299 MB, 1.21 load
[runlim] sample:		100210.54 time, 99990.01 real, 2302 MB, 1.17 load
[runlim] sample:		100220.55 time, 100000.01 real, 2306 MB, 1.15 load
[runlim] sample:		100230.54 time, 100010.01 real, 2308 MB, 1.12 load
[runlim] sample:		100240.54 time, 100020.01 real, 2311 MB, 1.10 load
[runlim] sample:		100250.54 time, 100030.01 real, 2313 MB, 1.09 load
[runlim] sample:		100260.54 time, 100040.01 real, 2316 MB, 1.07 load
[runlim] sample:		100270.54 time, 100050.01 real, 2318 MB, 1.06 load
[runlim] sample:		100280.54 time, 100060.01 real, 2322 MB, 1.05 load
[runlim] sample:		100290.54 time, 100070.01 real, 2324 MB, 1.04 load
[runlim] sample:		100300.53 time, 100080.01 real, 2326 MB, 1.04 load
[runlim] sample:		100310.53 time, 100090.01 real, 2330 MB, 1.03 load
[runlim] sample:		100320.53 time, 100100.01 real, 2333 MB, 1.02 load
[runlim] sample:		100330.53 time, 100110.01 real, 2334 MB, 1.02 load
[runlim] sample:		100340.53 time, 100120.01 real, 2337 MB, 1.02 load
[runlim] sample:		100350.53 time, 100130.01 real, 2342 MB, 1.01 load
[runlim] sample:		100360.53 time, 100140.01 real, 2343 MB, 1.01 load
[runlim] sample:		100370.52 time, 100150.01 real, 2348 MB, 1.01 load
[runlim] sample:		100380.52 time, 100160.01 real, 2348 MB, 1.01 load
[runlim] sample:		100390.52 time, 100170.01 real, 2354 MB, 1.01 load
[runlim] sample:		100400.52 time, 100180.01 real, 2354 MB, 1.00 load
[runlim] sample:		100410.52 time, 100190.01 real, 2359 MB, 1.00 load
[runlim] sample:		100420.52 time, 100200.01 real, 2359 MB, 1.00 load
[runlim] sample:		100430.52 time, 100210.01 real, 2363 MB, 1.00 load
[runlim] sample:		100440.51 time, 100220.02 real, 2367 MB, 1.00 load
[runlim] sample:		100450.51 time, 100230.01 real, 2367 MB, 1.00 load
[runlim] sample:		100460.51 time, 100240.01 real, 2370 MB, 1.00 load
[runlim] sample:		100470.51 time, 100250.01 real, 2362 MB, 1.00 load
[runlim] sample:		100480.51 time, 100260.01 real, 2362 MB, 1.00 load
[runlim] sample:		100490.49 time, 100270.02 real, 2365 MB, 1.00 load

NN₁: mnist_relu_3_100_gemm.onnx
NN₂: mnist_relu_3_100_0.79_adam_1_stepsize.onnx
Prop: mnist_66_global_5.vnnlib
[runlim] sample:		100500.47 time, 100280.01 real, 2253 MB, 1.00 load
[runlim] sample:		100510.48 time, 100290.01 real, 2253 MB, 1.08 load
[runlim] sample:		100520.47 time, 100300.01 real, 2253 MB, 1.07 load
[runlim] sample:		100530.48 time, 100310.01 real, 2253 MB, 1.06 load
[runlim] sample:		100540.47 time, 100320.01 real, 2253 MB, 1.05 load
[runlim] sample:		100550.47 time, 100330.02 real, 2253 MB, 1.04 load
[runlim] sample:		100560.47 time, 100340.01 real, 2253 MB, 1.03 load
[runlim] sample:		100570.46 time, 100350.01 real, 2253 MB, 1.03 load
[runlim] sample:		100580.47 time, 100360.01 real, 2253 MB, 1.02 load
[runlim] sample:		100590.46 time, 100370.01 real, 2253 MB, 1.02 load
[runlim] sample:		100600.47 time, 100380.01 real, 2253 MB, 1.02 load
[runlim] sample:		100610.47 time, 100390.01 real, 2253 MB, 1.01 load
[runlim] sample:		100620.46 time, 100400.01 real, 2253 MB, 1.01 load
[runlim] sample:		100630.46 time, 100410.01 real, 2253 MB, 1.01 load
[runlim] sample:		100640.46 time, 100420.01 real, 2253 MB, 1.01 load
[runlim] sample:		100650.46 time, 100430.01 real, 2253 MB, 1.00 load
[runlim] sample:		100660.46 time, 100440.01 real, 2253 MB, 1.16 load
[runlim] sample:		100670.45 time, 100450.01 real, 2253 MB, 1.29 load
[runlim] sample:		100680.46 time, 100460.01 real, 2253 MB, 1.24 load
[runlim] sample:		100690.45 time, 100470.01 real, 2254 MB, 1.21 load
[runlim] sample:		100700.45 time, 100480.01 real, 2257 MB, 1.17 load
[runlim] sample:		100710.44 time, 100490.01 real, 2259 MB, 1.15 load
[runlim] sample:		100720.45 time, 100500.01 real, 2262 MB, 1.12 load
[runlim] sample:		100730.45 time, 100510.01 real, 2264 MB, 1.10 load
[runlim] sample:		100740.44 time, 100520.01 real, 2267 MB, 1.09 load
[runlim] sample:		100750.44 time, 100530.01 real, 2268 MB, 1.07 load
[runlim] sample:		100760.44 time, 100540.01 real, 2271 MB, 1.06 load
[runlim] sample:		100770.44 time, 100550.01 real, 2275 MB, 1.05 load
[runlim] sample:		100780.44 time, 100560.01 real, 2276 MB, 1.04 load
[runlim] sample:		100790.44 time, 100570.01 real, 2278 MB, 1.04 load
[runlim] sample:		100800.44 time, 100580.02 real, 2281 MB, 1.03 load
[runlim] sample:		100810.43 time, 100590.01 real, 2283 MB, 1.02 load
[runlim] sample:		100820.43 time, 100600.01 real, 2287 MB, 1.02 load
[runlim] sample:		100830.43 time, 100610.01 real, 2289 MB, 1.02 load
[runlim] sample:		100840.43 time, 100620.01 real, 2291 MB, 1.01 load
[runlim] sample:		100850.43 time, 100630.01 real, 2294 MB, 1.01 load
[runlim] sample:		100860.43 time, 100640.01 real, 2297 MB, 1.01 load
[runlim] sample:		100870.42 time, 100650.01 real, 2300 MB, 1.01 load
[runlim] sample:		100880.43 time, 100660.01 real, 2301 MB, 1.01 load
[runlim] sample:		100890.42 time, 100670.01 real, 2304 MB, 1.00 load
[runlim] sample:		100900.42 time, 100680.02 real, 2307 MB, 1.00 load
[runlim] sample:		100910.42 time, 100690.01 real, 2310 MB, 1.00 load
[runlim] sample:		100920.41 time, 100700.01 real, 2311 MB, 1.00 load
[runlim] sample:		100930.42 time, 100710.01 real, 2314 MB, 1.00 load
[runlim] sample:		100940.42 time, 100720.01 real, 2317 MB, 1.00 load
[runlim] sample:		100950.42 time, 100730.01 real, 2319 MB, 1.00 load
[runlim] sample:		100960.41 time, 100740.01 real, 2323 MB, 1.00 load
[runlim] sample:		100970.41 time, 100750.02 real, 2324 MB, 1.00 load
[runlim] sample:		100980.41 time, 100760.01 real, 2328 MB, 1.00 load
[runlim] sample:		100990.41 time, 100770.01 real, 2331 MB, 1.00 load
[runlim] sample:		101000.41 time, 100780.01 real, 2334 MB, 1.00 load
[runlim] sample:		101010.41 time, 100790.01 real, 2335 MB, 1.00 load
[runlim] sample:		101020.40 time, 100800.01 real, 2339 MB, 1.00 load
[runlim] sample:		101030.40 time, 100810.01 real, 2341 MB, 1.00 load
[runlim] sample:		101040.41 time, 100820.01 real, 2343 MB, 1.00 load
[runlim] sample:		101050.40 time, 100830.01 real, 2345 MB, 1.00 load
[runlim] sample:		101060.39 time, 100840.01 real, 2359 MB, 1.00 load
[runlim] sample:		101070.40 time, 100850.01 real, 2360 MB, 1.00 load
[runlim] sample:		101080.40 time, 100860.01 real, 2355 MB, 1.00 load
[runlim] sample:		101090.40 time, 100870.01 real, 2355 MB, 1.00 load

NN₁: mnist_relu_3_100_gemm.onnx
NN₂: mnist_relu_3_100_0.79_adam_1_stepsize.onnx
Prop: mnist_67_global_4.vnnlib

NN₁: mnist_relu_3_100_gemm.onnx
NN₂: mnist_relu_3_100_0.79_adam_1_stepsize.onnx
Prop: mnist_67_global_5.vnnlib
[runlim] sample:		101100.35 time, 100880.01 real, 2253 MB, 1.00 load
[runlim] sample:		101110.34 time, 100890.01 real, 2253 MB, 1.00 load
[runlim] sample:		101120.34 time, 100900.01 real, 2253 MB, 1.00 load
[runlim] sample:		101130.34 time, 100910.01 real, 2253 MB, 1.00 load
[runlim] sample:		101140.34 time, 100920.01 real, 2253 MB, 1.00 load
[runlim] sample:		101150.33 time, 100930.01 real, 2253 MB, 1.00 load
[runlim] sample:		101160.33 time, 100940.01 real, 2253 MB, 1.15 load
[runlim] sample:		101170.33 time, 100950.01 real, 2253 MB, 1.28 load
[runlim] sample:		101180.33 time, 100960.01 real, 2253 MB, 1.24 load
[runlim] sample:		101190.33 time, 100970.01 real, 2253 MB, 1.20 load
[runlim] sample:		101200.32 time, 100980.01 real, 2253 MB, 1.17 load
[runlim] sample:		101210.32 time, 100990.01 real, 2253 MB, 1.14 load
[runlim] sample:		101220.32 time, 101000.01 real, 2253 MB, 1.12 load
[runlim] sample:		101230.32 time, 101010.01 real, 2253 MB, 1.10 load
[runlim] sample:		101240.32 time, 101020.01 real, 2253 MB, 1.09 load
[runlim] sample:		101250.31 time, 101030.01 real, 2253 MB, 1.07 load
[runlim] sample:		101260.31 time, 101040.01 real, 2253 MB, 1.06 load
[runlim] sample:		101270.31 time, 101050.01 real, 2253 MB, 1.05 load
[runlim] sample:		101280.31 time, 101060.01 real, 2255 MB, 1.04 load
[runlim] sample:		101290.30 time, 101070.01 real, 2258 MB, 1.04 load
[runlim] sample:		101300.30 time, 101080.01 real, 2261 MB, 1.03 load
[runlim] sample:		101310.29 time, 101090.01 real, 2264 MB, 1.02 load
[runlim] sample:		101320.30 time, 101100.01 real, 2266 MB, 1.02 load
[runlim] sample:		101330.29 time, 101110.01 real, 2270 MB, 1.02 load
[runlim] sample:		101340.29 time, 101120.01 real, 2273 MB, 1.01 load
[runlim] sample:		101350.28 time, 101130.01 real, 2276 MB, 1.01 load
[runlim] sample:		101360.28 time, 101140.01 real, 2277 MB, 1.01 load
[runlim] sample:		101370.28 time, 101150.01 real, 2280 MB, 1.01 load
[runlim] sample:		101380.27 time, 101160.01 real, 2284 MB, 1.01 load
[runlim] sample:		101390.28 time, 101170.01 real, 2286 MB, 1.00 load
[runlim] sample:		101400.27 time, 101180.01 real, 2289 MB, 1.00 load
[runlim] sample:		101410.28 time, 101190.01 real, 2292 MB, 1.00 load
[runlim] sample:		101420.27 time, 101200.01 real, 2296 MB, 1.00 load
[runlim] sample:		101430.27 time, 101210.01 real, 2297 MB, 1.00 load
[runlim] sample:		101440.26 time, 101220.01 real, 2300 MB, 1.00 load
[runlim] sample:		101450.26 time, 101230.01 real, 2303 MB, 1.00 load
[runlim] sample:		101460.26 time, 101240.01 real, 2307 MB, 1.00 load
[runlim] sample:		101470.25 time, 101250.01 real, 2308 MB, 1.00 load
[runlim] sample:		101480.25 time, 101260.01 real, 2311 MB, 1.07 load
[runlim] sample:		101490.25 time, 101270.01 real, 2314 MB, 1.06 load
[runlim] sample:		101500.25 time, 101280.01 real, 2316 MB, 1.05 load
[runlim] sample:		101510.24 time, 101290.01 real, 2320 MB, 1.04 load
[runlim] sample:		101520.24 time, 101300.01 real, 2322 MB, 1.04 load
[runlim] sample:		101530.24 time, 101310.01 real, 2327 MB, 1.03 load
[runlim] sample:		101540.23 time, 101320.01 real, 2327 MB, 1.02 load
[runlim] sample:		101550.24 time, 101330.01 real, 2331 MB, 1.10 load
[runlim] sample:		101560.23 time, 101340.01 real, 2336 MB, 1.08 load
[runlim] sample:		101570.23 time, 101350.01 real, 2336 MB, 1.07 load
[runlim] sample:		101580.22 time, 101360.01 real, 2341 MB, 1.06 load
[runlim] sample:		101590.23 time, 101370.01 real, 2341 MB, 1.05 load
[runlim] sample:		101600.23 time, 101380.01 real, 2344 MB, 1.04 load
[runlim] sample:		101610.23 time, 101390.01 real, 2349 MB, 1.04 load
[runlim] sample:		101620.23 time, 101400.01 real, 2350 MB, 1.11 load
[runlim] sample:		101630.23 time, 101410.01 real, 2352 MB, 1.17 load
[runlim] sample:		101640.22 time, 101420.01 real, 2375 MB, 1.15 load
[runlim] sample:		101650.23 time, 101430.01 real, 2376 MB, 1.12 load
[runlim] sample:		101660.22 time, 101440.01 real, 2379 MB, 1.34 load
[runlim] sample:		101670.23 time, 101450.01 real, 2382 MB, 1.52 load
[runlim] sample:		101680.22 time, 101460.01 real, 2413 MB, 1.44 load
[runlim] sample:		101690.22 time, 101470.01 real, 2414 MB, 1.37 load

NN₁: mnist_relu_3_100_gemm.onnx
NN₂: mnist_relu_3_100_0.79_adam_1_stepsize.onnx
Prop: mnist_68_global_4.vnnlib

NN₁: mnist_relu_3_100_gemm.onnx
NN₂: mnist_relu_3_100_0.79_adam_1_stepsize.onnx
Prop: mnist_68_global_5.vnnlib

NN₁: mnist_relu_3_100_gemm.onnx
NN₂: mnist_relu_3_100_0.79_adam_1_stepsize.onnx
Prop: mnist_69_global_4.vnnlib

NN₁: mnist_relu_3_100_gemm.onnx
NN₂: mnist_relu_3_100_0.79_adam_1_stepsize.onnx
Prop: mnist_69_global_5.vnnlib
[runlim] sample:		101700.16 time, 101480.01 real, 2265 MB, 1.31 load
[runlim] sample:		101710.16 time, 101490.01 real, 2265 MB, 1.27 load
[runlim] sample:		101720.16 time, 101500.01 real, 2265 MB, 1.22 load
[runlim] sample:		101730.16 time, 101510.01 real, 2265 MB, 1.19 load
[runlim] sample:		101740.15 time, 101520.01 real, 2265 MB, 1.16 load
[runlim] sample:		101750.16 time, 101530.01 real, 2265 MB, 1.13 load
[runlim] sample:		101760.16 time, 101540.01 real, 2265 MB, 1.11 load
[runlim] sample:		101770.15 time, 101550.01 real, 2265 MB, 1.10 load
[runlim] sample:		101780.15 time, 101560.01 real, 2265 MB, 1.08 load
[runlim] sample:		101790.15 time, 101570.01 real, 2265 MB, 1.07 load
[runlim] sample:		101800.15 time, 101580.01 real, 2265 MB, 1.06 load
[runlim] sample:		101810.16 time, 101590.01 real, 2265 MB, 1.05 load
[runlim] sample:		101820.15 time, 101600.01 real, 2265 MB, 1.04 load
[runlim] sample:		101830.15 time, 101610.01 real, 2265 MB, 1.03 load
[runlim] sample:		101840.14 time, 101620.01 real, 2265 MB, 1.03 load
[runlim] sample:		101850.14 time, 101630.01 real, 2265 MB, 1.02 load
[runlim] sample:		101860.15 time, 101640.01 real, 2266 MB, 1.02 load
[runlim] sample:		101870.14 time, 101650.01 real, 2269 MB, 1.02 load
[runlim] sample:		101880.14 time, 101660.01 real, 2270 MB, 1.01 load
[runlim] sample:		101890.14 time, 101670.01 real, 2273 MB, 1.01 load
[runlim] sample:		101900.14 time, 101680.01 real, 2277 MB, 1.01 load
[runlim] sample:		101910.14 time, 101690.01 real, 2280 MB, 1.01 load
[runlim] sample:		101920.14 time, 101700.01 real, 2282 MB, 1.00 load
[runlim] sample:		101930.14 time, 101710.01 real, 2286 MB, 1.00 load
[runlim] sample:		101940.13 time, 101720.01 real, 2290 MB, 1.00 load
[runlim] sample:		101950.13 time, 101730.01 real, 2293 MB, 1.00 load
[runlim] sample:		101960.14 time, 101740.01 real, 2294 MB, 1.00 load
[runlim] sample:		101970.13 time, 101750.01 real, 2298 MB, 1.00 load
[runlim] sample:		101980.14 time, 101760.01 real, 2300 MB, 1.00 load
[runlim] sample:		101990.13 time, 101770.01 real, 2303 MB, 1.00 load
[runlim] sample:		102000.13 time, 101780.01 real, 2306 MB, 1.00 load
[runlim] sample:		102010.13 time, 101790.02 real, 2309 MB, 1.00 load
[runlim] sample:		102020.12 time, 101800.01 real, 2312 MB, 1.00 load
[runlim] sample:		102030.13 time, 101810.01 real, 2316 MB, 1.00 load
[runlim] sample:		102040.12 time, 101820.01 real, 2320 MB, 1.00 load
[runlim] sample:		102050.12 time, 101830.01 real, 2321 MB, 1.00 load
[runlim] sample:		102060.12 time, 101840.01 real, 2324 MB, 1.00 load
[runlim] sample:		102070.12 time, 101850.01 real, 2327 MB, 1.00 load
[runlim] sample:		102080.12 time, 101860.01 real, 2330 MB, 1.00 load
[runlim] sample:		102090.12 time, 101870.01 real, 2333 MB, 1.07 load
[runlim] sample:		102100.11 time, 101880.01 real, 2336 MB, 1.06 load
[runlim] sample:		102110.11 time, 101890.01 real, 2339 MB, 1.05 load
[runlim] sample:		102120.11 time, 101900.01 real, 2342 MB, 1.04 load
[runlim] sample:		102130.11 time, 101910.01 real, 2345 MB, 1.12 load
[runlim] sample:		102140.11 time, 101920.01 real, 2351 MB, 1.10 load
[runlim] sample:		102150.11 time, 101930.01 real, 2351 MB, 1.08 load
[runlim] sample:		102160.11 time, 101940.01 real, 2358 MB, 1.22 load
[runlim] sample:		102170.11 time, 101950.01 real, 2358 MB, 1.34 load
[runlim] sample:		102180.10 time, 101960.01 real, 2369 MB, 1.29 load
[runlim] sample:		102190.11 time, 101970.01 real, 2369 MB, 1.25 load
[runlim] sample:		102200.10 time, 101980.01 real, 2371 MB, 1.21 load
[runlim] sample:		102210.10 time, 101990.01 real, 2371 MB, 1.17 load
[runlim] sample:		102220.10 time, 102000.01 real, 2373 MB, 1.15 load
[runlim] sample:		102230.09 time, 102010.01 real, 2419 MB, 1.12 load
[runlim] sample:		102240.10 time, 102020.01 real, 2419 MB, 1.10 load
[runlim] sample:		102250.10 time, 102030.01 real, 2440 MB, 1.09 load
[runlim] sample:		102260.10 time, 102040.01 real, 2440 MB, 1.07 load
[runlim] sample:		102270.09 time, 102050.01 real, 2461 MB, 1.06 load
[runlim] sample:		102280.09 time, 102060.01 real, 2461 MB, 1.05 load
[runlim] sample:		102290.09 time, 102070.01 real, 2464 MB, 1.04 load

NN₁: mnist_relu_3_100_gemm.onnx
NN₂: mnist_relu_3_100_0.79_adam_1_stepsize.onnx
Prop: mnist_70_global_4.vnnlib

NN₁: mnist_relu_3_100_gemm.onnx
NN₂: mnist_relu_3_100_0.79_adam_1_stepsize.onnx
Prop: mnist_70_global_5.vnnlib

NN₁: mnist_relu_3_100_gemm.onnx
NN₂: mnist_relu_3_100_0.79_adam_1_stepsize.onnx
Prop: mnist_71_global_4.vnnlib

NN₁: mnist_relu_3_100_gemm.onnx
NN₂: mnist_relu_3_100_0.79_adam_1_stepsize.onnx
Prop: mnist_71_global_5.vnnlib

NN₁: mnist_relu_3_100_gemm.onnx
NN₂: mnist_relu_3_100_0.79_adam_1_stepsize.onnx
Prop: mnist_72_global_4.vnnlib

NN₁: mnist_relu_3_100_gemm.onnx
NN₂: mnist_relu_3_100_0.79_adam_1_stepsize.onnx
Prop: mnist_72_global_5.vnnlib

NN₁: mnist_relu_3_100_gemm.onnx
NN₂: mnist_relu_3_100_0.79_adam_1_stepsize.onnx
Prop: mnist_73_global_4.vnnlib

NN₁: mnist_relu_3_100_gemm.onnx
NN₂: mnist_relu_3_100_0.79_adam_1_stepsize.onnx
Prop: mnist_73_global_5.vnnlib
[runlim] sample:		102299.97 time, 102080.01 real, 2266 MB, 1.04 load
[runlim] sample:		102309.98 time, 102090.01 real, 2266 MB, 1.03 load
[runlim] sample:		102319.97 time, 102100.01 real, 2266 MB, 1.02 load
[runlim] sample:		102329.98 time, 102110.01 real, 2266 MB, 1.02 load
[runlim] sample:		102339.97 time, 102120.01 real, 2266 MB, 1.02 load
[runlim] sample:		102349.97 time, 102130.01 real, 2266 MB, 1.01 load
[runlim] sample:		102359.96 time, 102140.01 real, 2266 MB, 1.01 load
[runlim] sample:		102369.97 time, 102150.01 real, 2266 MB, 1.01 load
[runlim] sample:		102379.96 time, 102160.02 real, 2266 MB, 1.01 load
[runlim] sample:		102389.96 time, 102170.01 real, 2266 MB, 1.01 load
[runlim] sample:		102399.96 time, 102180.01 real, 2266 MB, 1.00 load
[runlim] sample:		102409.96 time, 102190.01 real, 2266 MB, 1.00 load
[runlim] sample:		102419.96 time, 102200.01 real, 2266 MB, 1.00 load
[runlim] sample:		102429.96 time, 102210.01 real, 2266 MB, 1.00 load
[runlim] sample:		102439.95 time, 102220.01 real, 2266 MB, 1.00 load
[runlim] sample:		102449.96 time, 102230.01 real, 2266 MB, 1.00 load
[runlim] sample:		102459.96 time, 102240.01 real, 2266 MB, 1.00 load
[runlim] sample:		102469.95 time, 102250.01 real, 2266 MB, 1.00 load
[runlim] sample:		102479.95 time, 102260.01 real, 2268 MB, 1.00 load
[runlim] sample:		102489.95 time, 102270.01 real, 2272 MB, 1.00 load
[runlim] sample:		102499.95 time, 102280.01 real, 2273 MB, 1.00 load
[runlim] sample:		102509.95 time, 102290.01 real, 2276 MB, 1.00 load
[runlim] sample:		102519.95 time, 102300.01 real, 2280 MB, 1.00 load
[runlim] sample:		102529.95 time, 102310.01 real, 2283 MB, 1.00 load
[runlim] sample:		102539.94 time, 102320.01 real, 2284 MB, 1.00 load
[runlim] sample:		102549.95 time, 102330.01 real, 2287 MB, 1.00 load
[runlim] sample:		102559.94 time, 102340.01 real, 2291 MB, 1.00 load
[runlim] sample:		102569.94 time, 102350.01 real, 2294 MB, 1.00 load
[runlim] sample:		102579.94 time, 102360.01 real, 2296 MB, 1.00 load
[runlim] sample:		102589.94 time, 102370.01 real, 2299 MB, 1.00 load
[runlim] sample:		102599.93 time, 102380.01 real, 2302 MB, 1.00 load
[runlim] sample:		102609.93 time, 102390.01 real, 2306 MB, 1.00 load
[runlim] sample:		102619.94 time, 102400.01 real, 2307 MB, 1.00 load
[runlim] sample:		102629.93 time, 102410.01 real, 2310 MB, 1.00 load
[runlim] sample:		102639.93 time, 102420.01 real, 2313 MB, 1.00 load
[runlim] sample:		102649.93 time, 102430.01 real, 2316 MB, 1.00 load
[runlim] sample:		102659.93 time, 102440.01 real, 2320 MB, 1.15 load
[runlim] sample:		102669.93 time, 102450.01 real, 2322 MB, 1.20 load
[runlim] sample:		102679.93 time, 102460.01 real, 2325 MB, 1.17 load
[runlim] sample:		102689.92 time, 102470.01 real, 2329 MB, 1.15 load
[runlim] sample:		102699.92 time, 102480.01 real, 2330 MB, 1.12 load
[runlim] sample:		102709.92 time, 102490.01 real, 2334 MB, 1.10 load
[runlim] sample:		102719.93 time, 102500.01 real, 2336 MB, 1.09 load
[runlim] sample:		102729.92 time, 102510.01 real, 2343 MB, 1.07 load
[runlim] sample:		102739.91 time, 102520.01 real, 2343 MB, 1.06 load
[runlim] sample:		102749.92 time, 102530.01 real, 2345 MB, 1.05 load
[runlim] sample:		102759.92 time, 102540.01 real, 2348 MB, 1.04 load
[runlim] sample:		102769.92 time, 102550.01 real, 2351 MB, 1.04 load
[runlim] sample:		102779.91 time, 102560.01 real, 2354 MB, 1.03 load
[runlim] sample:		102789.92 time, 102570.01 real, 2359 MB, 1.11 load
[runlim] sample:		102799.91 time, 102580.01 real, 2361 MB, 1.09 load
[runlim] sample:		102809.91 time, 102590.01 real, 2362 MB, 1.07 load
[runlim] sample:		102819.91 time, 102600.01 real, 2365 MB, 1.06 load
[runlim] sample:		102829.90 time, 102610.01 real, 2357 MB, 1.05 load
[runlim] sample:		102839.91 time, 102620.01 real, 2358 MB, 1.04 load
[runlim] sample:		102849.90 time, 102630.01 real, 2390 MB, 1.04 load
[runlim] sample:		102859.90 time, 102640.01 real, 2391 MB, 1.03 load
[runlim] sample:		102869.90 time, 102650.01 real, 2437 MB, 1.03 load
[runlim] sample:		102879.90 time, 102660.01 real, 2437 MB, 1.02 load
[runlim] sample:		102889.89 time, 102670.01 real, 2440 MB, 1.02 load

NN₁: mnist_relu_3_100_gemm.onnx
NN₂: mnist_relu_3_100_0.79_adam_1_stepsize.onnx
Prop: mnist_74_global_4.vnnlib
[runlim] sample:		102899.86 time, 102680.01 real, 2253 MB, 1.01 load

NN₁: mnist_relu_3_100_gemm.onnx
NN₂: mnist_relu_3_100_0.79_adam_1_stepsize.onnx
Prop: mnist_74_global_5.vnnlib
[runlim] sample:		102909.84 time, 102690.01 real, 2253 MB, 1.01 load
[runlim] sample:		102919.84 time, 102700.01 real, 2253 MB, 1.01 load
[runlim] sample:		102929.84 time, 102710.01 real, 2253 MB, 1.01 load
[runlim] sample:		102939.84 time, 102720.02 real, 2253 MB, 1.01 load
[runlim] sample:		102949.84 time, 102730.01 real, 2253 MB, 1.00 load
[runlim] sample:		102959.84 time, 102740.01 real, 2253 MB, 1.00 load
[runlim] sample:		102969.84 time, 102750.01 real, 2253 MB, 1.00 load
[runlim] sample:		102979.84 time, 102760.01 real, 2253 MB, 1.00 load
[runlim] sample:		102989.84 time, 102770.01 real, 2253 MB, 1.00 load
[runlim] sample:		102999.83 time, 102780.01 real, 2253 MB, 1.00 load
[runlim] sample:		103009.83 time, 102790.01 real, 2253 MB, 1.00 load
[runlim] sample:		103019.82 time, 102800.01 real, 2253 MB, 1.00 load
[runlim] sample:		103029.83 time, 102810.01 real, 2253 MB, 1.00 load
[runlim] sample:		103039.83 time, 102820.01 real, 2253 MB, 1.00 load
[runlim] sample:		103049.82 time, 102830.01 real, 2253 MB, 1.00 load
[runlim] sample:		103059.82 time, 102840.01 real, 2253 MB, 1.00 load
[runlim] sample:		103069.83 time, 102850.01 real, 2253 MB, 1.00 load
[runlim] sample:		103079.83 time, 102860.01 real, 2253 MB, 1.00 load
[runlim] sample:		103089.82 time, 102870.01 real, 2256 MB, 1.00 load
[runlim] sample:		103099.82 time, 102880.01 real, 2258 MB, 1.00 load
[runlim] sample:		103109.82 time, 102890.01 real, 2261 MB, 1.16 load
[runlim] sample:		103119.81 time, 102900.01 real, 2264 MB, 1.13 load
[runlim] sample:		103129.82 time, 102910.01 real, 2266 MB, 1.11 load
[runlim] sample:		103139.81 time, 102920.01 real, 2269 MB, 1.10 load
[runlim] sample:		103149.81 time, 102930.01 real, 2272 MB, 1.08 load
[runlim] sample:		103159.81 time, 102940.01 real, 2276 MB, 1.30 load
[runlim] sample:		103169.81 time, 102950.01 real, 2279 MB, 1.41 load
[runlim] sample:		103179.81 time, 102960.01 real, 2280 MB, 1.35 load
[runlim] sample:		103189.81 time, 102970.01 real, 2283 MB, 1.29 load
[runlim] sample:		103199.81 time, 102980.01 real, 2287 MB, 1.25 load
[runlim] sample:		103209.81 time, 102990.01 real, 2288 MB, 1.21 load
[runlim] sample:		103219.80 time, 103000.01 real, 2292 MB, 1.18 load
[runlim] sample:		103229.80 time, 103010.01 real, 2296 MB, 1.15 load
[runlim] sample:		103239.80 time, 103020.01 real, 2297 MB, 1.12 load
[runlim] sample:		103249.80 time, 103030.01 real, 2299 MB, 1.11 load
[runlim] sample:		103259.80 time, 103040.01 real, 2303 MB, 1.09 load
[runlim] sample:		103269.79 time, 103050.01 real, 2305 MB, 1.07 load
[runlim] sample:		103279.80 time, 103060.01 real, 2308 MB, 1.06 load
[runlim] sample:		103289.80 time, 103070.01 real, 2312 MB, 1.05 load
[runlim] sample:		103299.80 time, 103080.01 real, 2313 MB, 1.04 load
[runlim] sample:		103309.79 time, 103090.01 real, 2316 MB, 1.04 load
[runlim] sample:		103319.79 time, 103100.02 real, 2319 MB, 1.03 load
[runlim] sample:		103329.79 time, 103110.01 real, 2322 MB, 1.03 load
[runlim] sample:		103339.79 time, 103120.01 real, 2327 MB, 1.02 load
[runlim] sample:		103349.79 time, 103130.01 real, 2327 MB, 1.02 load
[runlim] sample:		103359.79 time, 103140.01 real, 2332 MB, 1.01 load
[runlim] sample:		103369.79 time, 103150.01 real, 2335 MB, 1.01 load
[runlim] sample:		103379.78 time, 103160.01 real, 2336 MB, 1.01 load
[runlim] sample:		103389.78 time, 103170.01 real, 2341 MB, 1.01 load
[runlim] sample:		103399.78 time, 103180.01 real, 2341 MB, 1.01 load
[runlim] sample:		103409.78 time, 103190.01 real, 2344 MB, 1.00 load
[runlim] sample:		103419.77 time, 103200.01 real, 2350 MB, 1.00 load
[runlim] sample:		103429.78 time, 103210.01 real, 2350 MB, 1.00 load
[runlim] sample:		103439.77 time, 103220.01 real, 2353 MB, 1.00 load
[runlim] sample:		103449.78 time, 103230.01 real, 2356 MB, 1.00 load
[runlim] sample:		103459.77 time, 103240.01 real, 2386 MB, 1.00 load
[runlim] sample:		103469.77 time, 103250.01 real, 2387 MB, 1.00 load
[runlim] sample:		103479.77 time, 103260.01 real, 2390 MB, 1.00 load
[runlim] sample:		103489.77 time, 103270.01 real, 2393 MB, 1.00 load
[runlim] sample:		103499.76 time, 103280.01 real, 2394 MB, 1.00 load

NN₁: mnist_relu_3_100_gemm.onnx
NN₂: mnist_relu_3_100_0.79_adam_1_stepsize.onnx
Prop: mnist_75_global_4.vnnlib

NN₁: mnist_relu_3_100_gemm.onnx
NN₂: mnist_relu_3_100_0.79_adam_1_stepsize.onnx
Prop: mnist_75_global_5.vnnlib
[runlim] sample:		103509.72 time, 103290.01 real, 2253 MB, 1.00 load
[runlim] sample:		103519.72 time, 103300.01 real, 2253 MB, 1.00 load
[runlim] sample:		103529.71 time, 103310.01 real, 2253 MB, 1.00 load
[runlim] sample:		103539.72 time, 103320.01 real, 2253 MB, 1.00 load
[runlim] sample:		103549.72 time, 103330.01 real, 2253 MB, 1.00 load
[runlim] sample:		103559.71 time, 103340.01 real, 2253 MB, 1.00 load
[runlim] sample:		103569.71 time, 103350.01 real, 2253 MB, 1.00 load
[runlim] sample:		103579.71 time, 103360.01 real, 2253 MB, 1.00 load
[runlim] sample:		103589.71 time, 103370.01 real, 2253 MB, 1.00 load
[runlim] sample:		103599.71 time, 103380.01 real, 2253 MB, 1.00 load
[runlim] sample:		103609.71 time, 103390.01 real, 2253 MB, 1.00 load
[runlim] sample:		103619.70 time, 103400.01 real, 2253 MB, 1.00 load
[runlim] sample:		103629.71 time, 103410.01 real, 2253 MB, 1.00 load
[runlim] sample:		103639.71 time, 103420.01 real, 2253 MB, 1.00 load
[runlim] sample:		103649.70 time, 103430.01 real, 2253 MB, 1.00 load
[runlim] sample:		103659.70 time, 103440.01 real, 2253 MB, 1.15 load
[runlim] sample:		103669.70 time, 103450.01 real, 2253 MB, 1.20 load
[runlim] sample:		103679.70 time, 103460.01 real, 2254 MB, 1.17 load
[runlim] sample:		103689.70 time, 103470.01 real, 2255 MB, 1.15 load
[runlim] sample:		103699.69 time, 103480.01 real, 2258 MB, 1.20 load
[runlim] sample:		103709.70 time, 103490.01 real, 2262 MB, 1.17 load
[runlim] sample:		103719.69 time, 103500.01 real, 2265 MB, 1.14 load
[runlim] sample:		103729.70 time, 103510.01 real, 2267 MB, 1.12 load
[runlim] sample:		103739.69 time, 103520.01 real, 2269 MB, 1.10 load
[runlim] sample:		103749.69 time, 103530.01 real, 2272 MB, 1.09 load
[runlim] sample:		103759.69 time, 103540.01 real, 2275 MB, 1.07 load
[runlim] sample:		103769.69 time, 103550.01 real, 2279 MB, 1.06 load
[runlim] sample:		103779.69 time, 103560.01 real, 2281 MB, 1.05 load
[runlim] sample:		103789.69 time, 103570.01 real, 2284 MB, 1.04 load
[runlim] sample:		103799.68 time, 103580.01 real, 2287 MB, 1.04 load
[runlim] sample:		103809.68 time, 103590.01 real, 2289 MB, 1.03 load
[runlim] sample:		103819.69 time, 103600.01 real, 2292 MB, 1.02 load
[runlim] sample:		103829.68 time, 103610.01 real, 2295 MB, 1.02 load
[runlim] sample:		103839.68 time, 103620.01 real, 2299 MB, 1.02 load
[runlim] sample:		103849.68 time, 103630.01 real, 2300 MB, 1.01 load
[runlim] sample:		103859.68 time, 103640.01 real, 2303 MB, 1.01 load
[runlim] sample:		103869.68 time, 103650.01 real, 2306 MB, 1.01 load
[runlim] sample:		103879.68 time, 103660.01 real, 2308 MB, 1.01 load
[runlim] sample:		103889.68 time, 103670.01 real, 2313 MB, 1.01 load
[runlim] sample:		103899.67 time, 103680.01 real, 2314 MB, 1.00 load
[runlim] sample:		103909.68 time, 103690.01 real, 2318 MB, 1.00 load
[runlim] sample:		103919.67 time, 103700.01 real, 2320 MB, 1.00 load
[runlim] sample:		103929.67 time, 103710.01 real, 2322 MB, 1.00 load
[runlim] sample:		103939.67 time, 103720.01 real, 2329 MB, 1.00 load
[runlim] sample:		103949.67 time, 103730.01 real, 2329 MB, 1.00 load
[runlim] sample:		103959.66 time, 103740.01 real, 2331 MB, 1.00 load
[runlim] sample:		103969.66 time, 103750.01 real, 2335 MB, 1.00 load
[runlim] sample:		103979.67 time, 103760.01 real, 2336 MB, 1.00 load
[runlim] sample:		103989.66 time, 103770.01 real, 2339 MB, 1.00 load
[runlim] sample:		103999.66 time, 103780.01 real, 2342 MB, 1.00 load
[runlim] sample:		104009.65 time, 103790.01 real, 2347 MB, 1.00 load
[runlim] sample:		104019.66 time, 103800.01 real, 2348 MB, 1.00 load
[runlim] sample:		104029.65 time, 103810.01 real, 2351 MB, 1.00 load
[runlim] sample:		104039.65 time, 103820.01 real, 2354 MB, 1.00 load
[runlim] sample:		104049.66 time, 103830.01 real, 2356 MB, 1.00 load
[runlim] sample:		104059.65 time, 103840.01 real, 2362 MB, 1.00 load
[runlim] sample:		104069.65 time, 103850.01 real, 2363 MB, 1.00 load
[runlim] sample:		104079.65 time, 103860.01 real, 2407 MB, 1.00 load
[runlim] sample:		104089.65 time, 103870.01 real, 2407 MB, 1.00 load
[runlim] sample:		104099.64 time, 103880.01 real, 2410 MB, 1.00 load

NN₁: mnist_relu_3_100_gemm.onnx
NN₂: mnist_relu_3_100_0.79_adam_1_stepsize.onnx
Prop: mnist_76_global_4.vnnlib

NN₁: mnist_relu_3_100_gemm.onnx
NN₂: mnist_relu_3_100_0.79_adam_1_stepsize.onnx
Prop: mnist_76_global_5.vnnlib
[runlim] sample:		104109.60 time, 103890.01 real, 2254 MB, 1.00 load
[runlim] sample:		104119.61 time, 103900.01 real, 2254 MB, 1.00 load
[runlim] sample:		104129.60 time, 103910.01 real, 2254 MB, 1.00 load
[runlim] sample:		104139.61 time, 103920.01 real, 2254 MB, 1.00 load
[runlim] sample:		104149.60 time, 103930.01 real, 2254 MB, 1.00 load
[runlim] sample:		104159.60 time, 103940.01 real, 2254 MB, 1.15 load
[runlim] sample:		104169.60 time, 103950.01 real, 2254 MB, 1.28 load
[runlim] sample:		104179.60 time, 103960.01 real, 2254 MB, 1.24 load
[runlim] sample:		104189.59 time, 103970.01 real, 2254 MB, 1.20 load
[runlim] sample:		104199.60 time, 103980.01 real, 2254 MB, 1.17 load
[runlim] sample:		104209.60 time, 103990.01 real, 2254 MB, 1.14 load
[runlim] sample:		104219.59 time, 104000.01 real, 2254 MB, 1.12 load
[runlim] sample:		104229.59 time, 104010.01 real, 2254 MB, 1.10 load
[runlim] sample:		104239.59 time, 104020.01 real, 2254 MB, 1.09 load
[runlim] sample:		104249.59 time, 104030.01 real, 2254 MB, 1.07 load
[runlim] sample:		104259.59 time, 104040.01 real, 2254 MB, 1.06 load
[runlim] sample:		104269.59 time, 104050.01 real, 2254 MB, 1.05 load
[runlim] sample:		104279.59 time, 104060.01 real, 2254 MB, 1.04 load
[runlim] sample:		104289.59 time, 104070.01 real, 2254 MB, 1.04 load
[runlim] sample:		104299.58 time, 104080.01 real, 2257 MB, 1.03 load
[runlim] sample:		104309.58 time, 104090.01 real, 2260 MB, 1.02 load
[runlim] sample:		104319.59 time, 104100.01 real, 2265 MB, 1.02 load
[runlim] sample:		104329.58 time, 104110.01 real, 2266 MB, 1.02 load
[runlim] sample:		104339.58 time, 104120.01 real, 2270 MB, 1.01 load
[runlim] sample:		104349.57 time, 104130.01 real, 2273 MB, 1.01 load
[runlim] sample:		104359.58 time, 104140.01 real, 2274 MB, 1.01 load
[runlim] sample:		104369.58 time, 104150.01 real, 2277 MB, 1.01 load
[runlim] sample:		104379.58 time, 104160.01 real, 2280 MB, 1.01 load
[runlim] sample:		104389.57 time, 104170.01 real, 2283 MB, 1.00 load
[runlim] sample:		104399.57 time, 104180.01 real, 2285 MB, 1.00 load
[runlim] sample:		104409.57 time, 104190.01 real, 2288 MB, 1.00 load
[runlim] sample:		104419.57 time, 104200.01 real, 2292 MB, 1.00 load
[runlim] sample:		104429.57 time, 104210.01 real, 2293 MB, 1.00 load
[runlim] sample:		104439.56 time, 104220.01 real, 2296 MB, 1.00 load
[runlim] sample:		104449.57 time, 104230.01 real, 2299 MB, 1.00 load
[runlim] sample:		104459.56 time, 104240.01 real, 2303 MB, 1.00 load
[runlim] sample:		104469.56 time, 104250.01 real, 2304 MB, 1.00 load
[runlim] sample:		104479.56 time, 104260.01 real, 2307 MB, 1.00 load
[runlim] sample:		104489.56 time, 104270.01 real, 2310 MB, 1.00 load
[runlim] sample:		104499.56 time, 104280.01 real, 2312 MB, 1.00 load
[runlim] sample:		104509.56 time, 104290.01 real, 2315 MB, 1.00 load
[runlim] sample:		104519.56 time, 104300.01 real, 2318 MB, 1.00 load
[runlim] sample:		104529.56 time, 104310.01 real, 2321 MB, 1.00 load
[runlim] sample:		104539.55 time, 104320.01 real, 2326 MB, 1.00 load
[runlim] sample:		104549.56 time, 104330.01 real, 2326 MB, 1.16 load
[runlim] sample:		104559.55 time, 104340.01 real, 2331 MB, 1.13 load
[runlim] sample:		104569.55 time, 104350.01 real, 2332 MB, 1.11 load
[runlim] sample:		104579.55 time, 104360.01 real, 2336 MB, 1.10 load
[runlim] sample:		104589.55 time, 104370.01 real, 2340 MB, 1.08 load
[runlim] sample:		104599.54 time, 104380.01 real, 2340 MB, 1.07 load
[runlim] sample:		104609.54 time, 104390.01 real, 2346 MB, 1.06 load
[runlim] sample:		104619.54 time, 104400.01 real, 2346 MB, 1.05 load
[runlim] sample:		104629.54 time, 104410.01 real, 2348 MB, 1.04 load
[runlim] sample:		104639.54 time, 104420.01 real, 2359 MB, 1.03 load
[runlim] sample:		104649.54 time, 104430.01 real, 2361 MB, 1.03 load
[runlim] sample:		104659.54 time, 104440.01 real, 2363 MB, 1.18 load
[runlim] sample:		104669.53 time, 104450.02 real, 2366 MB, 1.30 load
[runlim] sample:		104679.53 time, 104460.01 real, 2376 MB, 1.26 load
[runlim] sample:		104689.54 time, 104470.01 real, 2377 MB, 1.22 load
[runlim] sample:		104699.53 time, 104480.01 real, 2416 MB, 1.18 load

NN₁: mnist_relu_3_100_gemm.onnx
NN₂: mnist_relu_3_100_0.79_adam_1_stepsize.onnx
Prop: mnist_77_global_4.vnnlib
[runlim] sample:		104709.50 time, 104490.01 real, 2266 MB, 1.15 load
[runlim] sample:		104719.49 time, 104500.01 real, 2266 MB, 1.13 load
[runlim] sample:		104729.49 time, 104510.01 real, 2266 MB, 1.11 load
[runlim] sample:		104739.49 time, 104520.01 real, 2266 MB, 1.09 load
[runlim] sample:		104749.49 time, 104530.01 real, 2266 MB, 1.08 load
[runlim] sample:		104759.49 time, 104540.01 real, 2266 MB, 1.07 load
[runlim] sample:		104769.49 time, 104550.01 real, 2266 MB, 1.06 load
[runlim] sample:		104779.49 time, 104560.01 real, 2266 MB, 1.05 load
[runlim] sample:		104789.49 time, 104570.01 real, 2266 MB, 1.04 load
[runlim] sample:		104799.49 time, 104580.01 real, 2266 MB, 1.03 load
[runlim] sample:		104809.48 time, 104590.01 real, 2266 MB, 1.03 load
[runlim] sample:		104819.49 time, 104600.01 real, 2266 MB, 1.02 load
[runlim] sample:		104829.48 time, 104610.01 real, 2266 MB, 1.02 load
[runlim] sample:		104839.48 time, 104620.01 real, 2266 MB, 1.02 load
[runlim] sample:		104849.48 time, 104630.01 real, 2266 MB, 1.01 load
[runlim] sample:		104859.48 time, 104640.01 real, 2266 MB, 1.01 load
[runlim] sample:		104869.48 time, 104650.01 real, 2266 MB, 1.01 load
[runlim] sample:		104879.48 time, 104660.01 real, 2266 MB, 1.01 load
[runlim] sample:		104889.47 time, 104670.01 real, 2270 MB, 1.00 load
[runlim] sample:		104899.48 time, 104680.01 real, 2273 MB, 1.00 load
[runlim] sample:		104909.47 time, 104690.01 real, 2276 MB, 1.00 load
[runlim] sample:		104919.48 time, 104700.01 real, 2278 MB, 1.00 load
[runlim] sample:		104929.47 time, 104710.01 real, 2281 MB, 1.00 load
[runlim] sample:		104939.47 time, 104720.01 real, 2284 MB, 1.00 load
[runlim] sample:		104949.47 time, 104730.01 real, 2287 MB, 1.00 load
[runlim] sample:		104959.46 time, 104740.01 real, 2289 MB, 1.00 load
[runlim] sample:		104969.47 time, 104750.01 real, 2292 MB, 1.00 load
[runlim] sample:		104979.47 time, 104760.01 real, 2295 MB, 1.00 load
[runlim] sample:		104989.47 time, 104770.01 real, 2299 MB, 1.00 load
[runlim] sample:		104999.46 time, 104780.01 real, 2302 MB, 1.00 load
[runlim] sample:		105009.46 time, 104790.01 real, 2303 MB, 1.08 load
[runlim] sample:		105019.46 time, 104800.01 real, 2307 MB, 1.07 load
[runlim] sample:		105029.46 time, 104810.01 real, 2309 MB, 1.06 load
[runlim] sample:		105039.45 time, 104820.02 real, 2313 MB, 1.05 load
[runlim] sample:		105049.46 time, 104830.01 real, 2315 MB, 1.04 load
[runlim] sample:		105059.45 time, 104840.01 real, 2319 MB, 1.03 load
[runlim] sample:		105069.46 time, 104850.01 real, 2321 MB, 1.03 load
[runlim] sample:		105079.45 time, 104860.01 real, 2325 MB, 1.02 load
[runlim] sample:		105089.45 time, 104870.01 real, 2327 MB, 1.02 load
[runlim] sample:		105099.45 time, 104880.01 real, 2330 MB, 1.02 load
[runlim] sample:		105109.44 time, 104890.01 real, 2334 MB, 1.01 load
[runlim] sample:		105119.45 time, 104900.01 real, 2335 MB, 1.01 load
[runlim] sample:		105129.44 time, 104910.01 real, 2338 MB, 1.01 load
[runlim] sample:		105139.44 time, 104920.01 real, 2343 MB, 1.01 load
[runlim] sample:		105149.44 time, 104930.01 real, 2344 MB, 1.00 load
[runlim] sample:		105159.44 time, 104940.01 real, 2347 MB, 1.16 load
[runlim] sample:		105169.44 time, 104950.01 real, 2350 MB, 1.29 load
[runlim] sample:		105179.44 time, 104960.01 real, 2353 MB, 1.24 load
[runlim] sample:		105189.44 time, 104970.01 real, 2358 MB, 1.21 load
[runlim] sample:		105199.44 time, 104980.01 real, 2359 MB, 1.17 load
[runlim] sample:		105209.44 time, 104990.01 real, 2362 MB, 1.15 load
[runlim] sample:		105219.43 time, 105000.01 real, 2364 MB, 1.12 load
[runlim] sample:		105229.43 time, 105010.01 real, 2386 MB, 1.10 load
[runlim] sample:		105239.43 time, 105020.01 real, 2386 MB, 1.09 load
[runlim] sample:		105249.43 time, 105030.01 real, 2390 MB, 1.07 load
[runlim] sample:		105259.43 time, 105040.01 real, 2391 MB, 1.06 load
[runlim] sample:		105269.43 time, 105050.01 real, 2429 MB, 1.05 load
[runlim] sample:		105279.43 time, 105060.01 real, 2430 MB, 1.04 load
[runlim] sample:		105289.42 time, 105070.01 real, 2433 MB, 1.04 load
[runlim] sample:		105299.42 time, 105080.01 real, 2436 MB, 1.03 load

NN₁: mnist_relu_3_100_gemm.onnx
NN₂: mnist_relu_3_100_0.79_adam_1_stepsize.onnx
Prop: mnist_77_global_5.vnnlib
[runlim] sample:		105309.39 time, 105090.01 real, 2253 MB, 1.02 load
[runlim] sample:		105319.39 time, 105100.01 real, 2253 MB, 1.02 load
[runlim] sample:		105329.39 time, 105110.01 real, 2253 MB, 1.02 load
[runlim] sample:		105339.38 time, 105120.01 real, 2253 MB, 1.01 load
[runlim] sample:		105349.39 time, 105130.01 real, 2253 MB, 1.01 load
[runlim] sample:		105359.38 time, 105140.02 real, 2253 MB, 1.01 load
[runlim] sample:		105369.38 time, 105150.01 real, 2253 MB, 1.01 load
[runlim] sample:		105379.38 time, 105160.01 real, 2253 MB, 1.01 load
[runlim] sample:		105389.38 time, 105170.01 real, 2253 MB, 1.25 load
[runlim] sample:		105399.38 time, 105180.01 real, 2253 MB, 1.21 load
[runlim] sample:		105409.38 time, 105190.01 real, 2253 MB, 1.17 load
[runlim] sample:		105419.38 time, 105200.01 real, 2253 MB, 1.15 load
[runlim] sample:		105429.37 time, 105210.01 real, 2253 MB, 1.12 load
[runlim] sample:		105439.37 time, 105220.01 real, 2253 MB, 1.10 load
[runlim] sample:		105449.38 time, 105230.01 real, 2253 MB, 1.17 load
[runlim] sample:		105459.37 time, 105240.01 real, 2253 MB, 1.14 load
[runlim] sample:		105469.37 time, 105250.01 real, 2253 MB, 1.12 load
[runlim] sample:		105479.36 time, 105260.01 real, 2253 MB, 1.10 load
[runlim] sample:		105489.37 time, 105270.01 real, 2253 MB, 1.08 load
[runlim] sample:		105499.36 time, 105280.01 real, 2255 MB, 1.07 load
[runlim] sample:		105509.37 time, 105290.01 real, 2258 MB, 1.06 load
[runlim] sample:		105519.36 time, 105300.01 real, 2259 MB, 1.05 load
[runlim] sample:		105529.36 time, 105310.01 real, 2261 MB, 1.04 load
[runlim] sample:		105539.36 time, 105320.01 real, 2266 MB, 1.04 load
[runlim] sample:		105549.36 time, 105330.01 real, 2267 MB, 1.03 load
[runlim] sample:		105559.36 time, 105340.01 real, 2269 MB, 1.02 load
[runlim] sample:		105569.36 time, 105350.01 real, 2272 MB, 1.02 load
[runlim] sample:		105579.35 time, 105360.01 real, 2275 MB, 1.02 load
[runlim] sample:		105589.35 time, 105370.01 real, 2278 MB, 1.01 load
[runlim] sample:		105599.36 time, 105380.01 real, 2282 MB, 1.01 load
[runlim] sample:		105609.36 time, 105390.01 real, 2283 MB, 1.01 load
[runlim] sample:		105619.35 time, 105400.01 real, 2285 MB, 1.01 load
[runlim] sample:		105629.35 time, 105410.01 real, 2288 MB, 1.01 load
[runlim] sample:		105639.35 time, 105420.01 real, 2291 MB, 1.00 load
[runlim] sample:		105649.34 time, 105430.01 real, 2295 MB, 1.00 load
[runlim] sample:		105659.35 time, 105440.01 real, 2296 MB, 1.16 load
[runlim] sample:		105669.34 time, 105450.01 real, 2298 MB, 1.29 load
[runlim] sample:		105679.34 time, 105460.01 real, 2302 MB, 1.24 load
[runlim] sample:		105689.34 time, 105470.01 real, 2304 MB, 1.45 load
[runlim] sample:		105699.34 time, 105480.02 real, 2307 MB, 1.53 load
[runlim] sample:		105709.33 time, 105490.01 real, 2311 MB, 1.68 load
[runlim] sample:		105719.33 time, 105500.01 real, 2312 MB, 1.73 load
[runlim] sample:		105729.34 time, 105510.01 real, 2314 MB, 2.00 load
[runlim] sample:		105739.34 time, 105520.01 real, 2318 MB, 2.08 load
[runlim] sample:		105749.33 time, 105530.01 real, 2319 MB, 1.92 load
[runlim] sample:		105759.33 time, 105540.01 real, 2322 MB, 1.77 load
[runlim] sample:		105769.33 time, 105550.01 real, 2327 MB, 1.89 load
[runlim] sample:		105779.33 time, 105560.01 real, 2327 MB, 1.75 load
[runlim] sample:		105789.33 time, 105570.01 real, 2330 MB, 1.64 load
[runlim] sample:		105799.32 time, 105580.02 real, 2334 MB, 1.54 load
[runlim] sample:		105809.33 time, 105590.01 real, 2335 MB, 1.45 load
[runlim] sample:		105819.32 time, 105600.01 real, 2341 MB, 1.38 load
[runlim] sample:		105829.32 time, 105610.01 real, 2341 MB, 1.32 load
[runlim] sample:		105839.32 time, 105620.01 real, 2347 MB, 1.27 load
[runlim] sample:		105849.32 time, 105630.01 real, 2347 MB, 1.23 load
[runlim] sample:		105859.32 time, 105640.01 real, 2361 MB, 1.20 load
[runlim] sample:		105869.31 time, 105650.01 real, 2361 MB, 1.17 load
[runlim] sample:		105879.32 time, 105660.01 real, 2356 MB, 1.14 load
[runlim] sample:		105889.31 time, 105670.01 real, 2356 MB, 1.12 load
[runlim] sample:		105899.31 time, 105680.01 real, 2398 MB, 1.10 load

NN₁: mnist_relu_3_100_gemm.onnx
NN₂: mnist_relu_3_100_0.79_adam_1_stepsize.onnx
Prop: mnist_78_global_4.vnnlib
[runlim] sample:		105909.29 time, 105690.01 real, 2253 MB, 1.08 load
[runlim] sample:		105919.28 time, 105700.01 real, 2253 MB, 1.07 load
[runlim] sample:		105929.28 time, 105710.01 real, 2253 MB, 1.06 load
[runlim] sample:		105939.28 time, 105720.02 real, 2253 MB, 1.05 load
[runlim] sample:		105949.28 time, 105730.01 real, 2253 MB, 1.04 load
[runlim] sample:		105959.27 time, 105740.01 real, 2253 MB, 1.03 load
[runlim] sample:		105969.28 time, 105750.01 real, 2253 MB, 1.03 load
[runlim] sample:		105979.28 time, 105760.01 real, 2253 MB, 1.02 load
[runlim] sample:		105989.27 time, 105770.01 real, 2253 MB, 1.02 load
[runlim] sample:		105999.27 time, 105780.01 real, 2253 MB, 1.02 load
[runlim] sample:		106009.27 time, 105790.01 real, 2253 MB, 1.01 load
[runlim] sample:		106019.27 time, 105800.01 real, 2253 MB, 1.01 load
[runlim] sample:		106029.27 time, 105810.01 real, 2253 MB, 1.01 load
[runlim] sample:		106039.27 time, 105820.01 real, 2253 MB, 1.01 load
[runlim] sample:		106049.27 time, 105830.01 real, 2253 MB, 1.01 load
[runlim] sample:		106059.26 time, 105840.01 real, 2253 MB, 1.00 load
[runlim] sample:		106069.27 time, 105850.01 real, 2253 MB, 1.00 load
[runlim] sample:		106079.26 time, 105860.01 real, 2253 MB, 1.00 load
[runlim] sample:		106089.27 time, 105870.01 real, 2254 MB, 1.00 load
[runlim] sample:		106099.26 time, 105880.01 real, 2257 MB, 1.00 load
[runlim] sample:		106109.26 time, 105890.01 real, 2260 MB, 1.00 load
[runlim] sample:		106119.26 time, 105900.01 real, 2264 MB, 1.00 load
[runlim] sample:		106129.26 time, 105910.01 real, 2267 MB, 1.00 load
[runlim] sample:		106139.26 time, 105920.01 real, 2269 MB, 1.00 load
[runlim] sample:		106149.26 time, 105930.01 real, 2272 MB, 1.00 load
[runlim] sample:		106159.26 time, 105940.01 real, 2275 MB, 1.15 load
[runlim] sample:		106169.25 time, 105950.01 real, 2279 MB, 1.28 load
[runlim] sample:		106179.26 time, 105960.01 real, 2280 MB, 1.24 load
[runlim] sample:		106189.25 time, 105970.01 real, 2283 MB, 1.20 load
[runlim] sample:		106199.25 time, 105980.01 real, 2287 MB, 1.17 load
[runlim] sample:		106209.25 time, 105990.02 real, 2288 MB, 1.14 load
[runlim] sample:		106219.25 time, 106000.01 real, 2291 MB, 1.12 load
[runlim] sample:		106229.25 time, 106010.01 real, 2294 MB, 1.10 load
[runlim] sample:		106239.25 time, 106020.01 real, 2298 MB, 1.09 load
[runlim] sample:		106249.24 time, 106030.01 real, 2301 MB, 1.07 load
[runlim] sample:		106259.25 time, 106040.01 real, 2302 MB, 1.06 load
[runlim] sample:		106269.24 time, 106050.01 real, 2305 MB, 1.05 load
[runlim] sample:		106279.24 time, 106060.01 real, 2308 MB, 1.04 load
[runlim] sample:		106289.24 time, 106070.01 real, 2312 MB, 1.04 load
[runlim] sample:		106299.24 time, 106080.01 real, 2314 MB, 1.03 load
[runlim] sample:		106309.24 time, 106090.01 real, 2318 MB, 1.02 load
[runlim] sample:		106319.23 time, 106100.01 real, 2319 MB, 1.02 load
[runlim] sample:		106329.23 time, 106110.01 real, 2323 MB, 1.02 load
[runlim] sample:		106339.23 time, 106120.01 real, 2325 MB, 1.01 load
[runlim] sample:		106349.23 time, 106130.01 real, 2329 MB, 1.01 load
[runlim] sample:		106359.23 time, 106140.01 real, 2334 MB, 1.01 load
[runlim] sample:		106369.23 time, 106150.01 real, 2334 MB, 1.01 load
[runlim] sample:		106379.23 time, 106160.01 real, 2339 MB, 1.01 load
[runlim] sample:		106389.23 time, 106170.01 real, 2339 MB, 1.00 load
[runlim] sample:		106399.23 time, 106180.01 real, 2342 MB, 1.00 load
[runlim] sample:		106409.22 time, 106190.01 real, 2347 MB, 1.00 load
[runlim] sample:		106419.23 time, 106200.01 real, 2347 MB, 1.00 load
[runlim] sample:		106429.23 time, 106210.01 real, 2350 MB, 1.00 load
[runlim] sample:		106439.22 time, 106220.01 real, 2353 MB, 1.00 load
[runlim] sample:		106449.22 time, 106230.01 real, 2358 MB, 1.00 load
[runlim] sample:		106459.22 time, 106240.01 real, 2359 MB, 1.00 load
[runlim] sample:		106469.21 time, 106250.01 real, 2379 MB, 1.00 load
[runlim] sample:		106479.22 time, 106260.01 real, 2380 MB, 1.00 load
[runlim] sample:		106489.21 time, 106270.01 real, 2398 MB, 1.00 load
[runlim] sample:		106499.22 time, 106280.01 real, 2398 MB, 1.00 load

NN₁: mnist_relu_3_100_gemm.onnx
NN₂: mnist_relu_3_100_0.79_adam_1_stepsize.onnx
Prop: mnist_78_global_5.vnnlib
[runlim] sample:		106509.18 time, 106290.01 real, 2269 MB, 1.00 load
[runlim] sample:		106519.18 time, 106300.01 real, 2269 MB, 1.00 load
[runlim] sample:		106529.18 time, 106310.01 real, 2269 MB, 1.16 load
[runlim] sample:		106539.17 time, 106320.01 real, 2269 MB, 1.13 load
[runlim] sample:		106549.18 time, 106330.01 real, 2269 MB, 1.11 load
[runlim] sample:		106559.17 time, 106340.01 real, 2269 MB, 1.10 load
[runlim] sample:		106569.17 time, 106350.01 real, 2269 MB, 1.15 load
[runlim] sample:		106579.17 time, 106360.01 real, 2269 MB, 1.20 load
[runlim] sample:		106589.16 time, 106370.01 real, 2269 MB, 1.33 load
[runlim] sample:		106599.17 time, 106380.01 real, 2269 MB, 1.28 load
[runlim] sample:		106609.17 time, 106390.01 real, 2269 MB, 1.23 load
[runlim] sample:		106619.17 time, 106400.01 real, 2269 MB, 1.20 load
[runlim] sample:		106629.16 time, 106410.01 real, 2269 MB, 1.17 load
[runlim] sample:		106639.16 time, 106420.01 real, 2269 MB, 1.22 load
[runlim] sample:		106649.16 time, 106430.01 real, 2269 MB, 1.49 load
[runlim] sample:		106659.16 time, 106440.01 real, 2269 MB, 1.57 load
[runlim] sample:		106669.16 time, 106450.01 real, 2269 MB, 1.64 load
[runlim] sample:		106679.16 time, 106460.01 real, 2269 MB, 1.54 load
[runlim] sample:		106689.16 time, 106470.01 real, 2269 MB, 1.46 load
[runlim] sample:		106699.15 time, 106480.01 real, 2269 MB, 1.39 load
[runlim] sample:		106709.16 time, 106490.01 real, 2270 MB, 1.33 load
[runlim] sample:		106719.16 time, 106500.01 real, 2273 MB, 1.28 load
[runlim] sample:		106729.16 time, 106510.01 real, 2276 MB, 1.23 load
[runlim] sample:		106739.16 time, 106520.01 real, 2279 MB, 1.20 load
[runlim] sample:		106749.15 time, 106530.01 real, 2280 MB, 1.17 load
[runlim] sample:		106759.15 time, 106540.01 real, 2284 MB, 1.14 load
[runlim] sample:		106769.15 time, 106550.01 real, 2286 MB, 1.12 load
[runlim] sample:		106779.15 time, 106560.01 real, 2288 MB, 1.10 load
[runlim] sample:		106789.15 time, 106570.01 real, 2291 MB, 1.08 load
[runlim] sample:		106799.14 time, 106580.01 real, 2294 MB, 1.07 load
[runlim] sample:		106809.14 time, 106590.01 real, 2297 MB, 1.06 load
[runlim] sample:		106819.14 time, 106600.01 real, 2299 MB, 1.05 load
[runlim] sample:		106829.14 time, 106610.01 real, 2301 MB, 1.20 load
[runlim] sample:		106839.14 time, 106620.01 real, 2304 MB, 1.17 load
[runlim] sample:		106849.14 time, 106630.01 real, 2307 MB, 1.14 load
[runlim] sample:		106859.13 time, 106640.01 real, 2311 MB, 1.12 load
[runlim] sample:		106869.14 time, 106650.01 real, 2312 MB, 1.10 load
[runlim] sample:		106879.14 time, 106660.01 real, 2314 MB, 1.09 load
[runlim] sample:		106889.14 time, 106670.01 real, 2317 MB, 1.07 load
[runlim] sample:		106899.13 time, 106680.01 real, 2319 MB, 1.06 load
[runlim] sample:		106909.13 time, 106690.01 real, 2322 MB, 1.05 load
[runlim] sample:		106919.13 time, 106700.01 real, 2326 MB, 1.04 load
[runlim] sample:		106929.12 time, 106710.01 real, 2327 MB, 1.04 load
[runlim] sample:		106939.12 time, 106720.01 real, 2330 MB, 1.11 load
[runlim] sample:		106949.13 time, 106730.01 real, 2333 MB, 1.09 load
[runlim] sample:		106959.12 time, 106740.01 real, 2335 MB, 1.08 load
[runlim] sample:		106969.13 time, 106750.01 real, 2337 MB, 1.07 load
[runlim] sample:		106979.12 time, 106760.01 real, 2342 MB, 1.06 load
[runlim] sample:		106989.12 time, 106770.01 real, 2346 MB, 1.05 load
[runlim] sample:		106999.12 time, 106780.01 real, 2346 MB, 1.04 load
[runlim] sample:		107009.12 time, 106790.01 real, 2348 MB, 1.03 load
[runlim] sample:		107019.11 time, 106800.01 real, 2351 MB, 1.03 load
[runlim] sample:		107029.11 time, 106810.01 real, 2353 MB, 1.02 load
[runlim] sample:		107039.11 time, 106820.01 real, 2357 MB, 1.02 load
[runlim] sample:		107049.11 time, 106830.01 real, 2358 MB, 1.02 load
[runlim] sample:		107059.11 time, 106840.01 real, 2363 MB, 1.01 load
[runlim] sample:		107069.11 time, 106850.01 real, 2363 MB, 1.01 load
[runlim] sample:		107079.11 time, 106860.01 real, 2369 MB, 1.01 load
[runlim] sample:		107089.11 time, 106870.01 real, 2369 MB, 1.01 load
[runlim] sample:		107099.11 time, 106880.01 real, 2358 MB, 1.00 load

NN₁: mnist_relu_3_100_gemm.onnx
NN₂: mnist_relu_3_100_0.79_adam_1_stepsize.onnx
Prop: mnist_79_global_4.vnnlib

NN₁: mnist_relu_3_100_gemm.onnx
NN₂: mnist_relu_3_100_0.79_adam_1_stepsize.onnx
Prop: mnist_79_global_5.vnnlib

NN₁: mnist_relu_3_100_gemm.onnx
NN₂: mnist_relu_3_100_0.79_adam_1_stepsize.onnx
Prop: mnist_80_global_4.vnnlib

NN₁: mnist_relu_3_100_gemm.onnx
NN₂: mnist_relu_3_100_0.79_adam_1_stepsize.onnx
Prop: mnist_80_global_5.vnnlib
[runlim] sample:		107109.05 time, 106890.01 real, 2253 MB, 1.00 load
[runlim] sample:		107119.04 time, 106900.01 real, 2253 MB, 1.00 load
[runlim] sample:		107129.04 time, 106910.01 real, 2253 MB, 1.00 load
[runlim] sample:		107139.04 time, 106920.01 real, 2253 MB, 1.00 load
[runlim] sample:		107149.03 time, 106930.01 real, 2253 MB, 1.00 load
[runlim] sample:		107159.04 time, 106940.01 real, 2253 MB, 1.15 load
[runlim] sample:		107169.04 time, 106950.01 real, 2253 MB, 1.28 load
[runlim] sample:		107179.03 time, 106960.01 real, 2253 MB, 1.24 load
[runlim] sample:		107189.03 time, 106970.01 real, 2253 MB, 1.20 load
[runlim] sample:		107199.03 time, 106980.01 real, 2253 MB, 1.17 load
[runlim] sample:		107209.03 time, 106990.01 real, 2253 MB, 1.14 load
[runlim] sample:		107219.04 time, 107000.02 real, 2253 MB, 1.12 load
[runlim] sample:		107229.03 time, 107010.01 real, 2253 MB, 1.10 load
[runlim] sample:		107239.03 time, 107020.01 real, 2253 MB, 1.09 load
[runlim] sample:		107249.03 time, 107030.01 real, 2253 MB, 1.07 load
[runlim] sample:		107259.02 time, 107040.01 real, 2253 MB, 1.06 load
[runlim] sample:		107269.02 time, 107050.02 real, 2253 MB, 1.05 load
[runlim] sample:		107279.02 time, 107060.01 real, 2253 MB, 1.04 load
[runlim] sample:		107289.02 time, 107070.01 real, 2255 MB, 1.04 load
[runlim] sample:		107299.03 time, 107080.01 real, 2257 MB, 1.03 load
[runlim] sample:		107309.02 time, 107090.01 real, 2260 MB, 1.02 load
[runlim] sample:		107319.01 time, 107100.01 real, 2264 MB, 1.02 load
[runlim] sample:		107329.02 time, 107110.01 real, 2268 MB, 1.02 load
[runlim] sample:		107339.01 time, 107120.01 real, 2269 MB, 1.01 load
[runlim] sample:		107349.02 time, 107130.01 real, 2272 MB, 1.01 load
[runlim] sample:		107359.01 time, 107140.01 real, 2275 MB, 1.01 load
[runlim] sample:		107369.02 time, 107150.02 real, 2278 MB, 1.01 load
[runlim] sample:		107379.01 time, 107160.01 real, 2280 MB, 1.01 load
[runlim] sample:		107389.00 time, 107170.01 real, 2283 MB, 1.00 load
[runlim] sample:		107399.00 time, 107180.01 real, 2287 MB, 1.00 load
[runlim] sample:		107409.01 time, 107190.01 real, 2290 MB, 1.00 load
[runlim] sample:		107419.01 time, 107200.01 real, 2291 MB, 1.00 load
[runlim] sample:		107429.00 time, 107210.01 real, 2294 MB, 1.08 load
[runlim] sample:		107439.00 time, 107220.01 real, 2298 MB, 1.07 load
[runlim] sample:		107449.00 time, 107230.01 real, 2300 MB, 1.06 load
[runlim] sample:		107459.00 time, 107240.01 real, 2303 MB, 1.05 load
[runlim] sample:		107468.99 time, 107250.01 real, 2306 MB, 1.04 load
[runlim] sample:		107479.00 time, 107260.01 real, 2309 MB, 1.03 load
[runlim] sample:		107488.99 time, 107270.01 real, 2313 MB, 1.03 load
[runlim] sample:		107499.00 time, 107280.01 real, 2314 MB, 1.02 load
[runlim] sample:		107508.99 time, 107290.01 real, 2317 MB, 1.02 load
[runlim] sample:		107518.99 time, 107300.01 real, 2321 MB, 1.02 load
[runlim] sample:		107528.99 time, 107310.01 real, 2323 MB, 1.01 load
[runlim] sample:		107538.99 time, 107320.01 real, 2325 MB, 1.01 load
[runlim] sample:		107548.99 time, 107330.01 real, 2330 MB, 1.01 load
[runlim] sample:		107558.98 time, 107340.01 real, 2331 MB, 1.01 load
[runlim] sample:		107568.98 time, 107350.01 real, 2334 MB, 1.00 load
[runlim] sample:		107578.98 time, 107360.01 real, 2339 MB, 1.00 load
[runlim] sample:		107588.98 time, 107370.01 real, 2340 MB, 1.00 load
[runlim] sample:		107598.98 time, 107380.01 real, 2343 MB, 1.00 load
[runlim] sample:		107608.98 time, 107390.01 real, 2346 MB, 1.08 load
[runlim] sample:		107618.98 time, 107400.01 real, 2349 MB, 1.06 load
[runlim] sample:		107628.98 time, 107410.01 real, 2352 MB, 1.05 load
[runlim] sample:		107638.98 time, 107420.01 real, 2358 MB, 1.04 load
[runlim] sample:		107648.97 time, 107430.01 real, 2382 MB, 1.04 load
[runlim] sample:		107658.98 time, 107440.01 real, 2384 MB, 1.19 load
[runlim] sample:		107668.97 time, 107450.01 real, 2378 MB, 1.47 load
[runlim] sample:		107678.97 time, 107460.01 real, 2380 MB, 1.40 load
[runlim] sample:		107688.97 time, 107470.01 real, 2402 MB, 1.34 load
[runlim] sample:		107698.97 time, 107480.01 real, 2404 MB, 1.28 load

NN₁: mnist_relu_3_100_gemm.onnx
NN₂: mnist_relu_3_100_0.79_adam_1_stepsize.onnx
Prop: mnist_81_global_4.vnnlib

NN₁: mnist_relu_3_100_gemm.onnx
NN₂: mnist_relu_3_100_0.79_adam_1_stepsize.onnx
Prop: mnist_81_global_5.vnnlib
[runlim] sample:		107708.91 time, 107490.01 real, 2267 MB, 1.24 load
[runlim] sample:		107718.90 time, 107500.01 real, 2267 MB, 1.20 load
[runlim] sample:		107728.90 time, 107510.01 real, 2267 MB, 1.17 load
[runlim] sample:		107738.90 time, 107520.01 real, 2267 MB, 1.14 load
[runlim] sample:		107748.89 time, 107530.01 real, 2267 MB, 1.12 load
[runlim] sample:		107758.90 time, 107540.01 real, 2267 MB, 1.10 load
[runlim] sample:		107768.90 time, 107550.01 real, 2267 MB, 1.09 load
[runlim] sample:		107778.89 time, 107560.01 real, 2267 MB, 1.07 load
[runlim] sample:		107788.89 time, 107570.01 real, 2267 MB, 1.06 load
[runlim] sample:		107798.89 time, 107580.01 real, 2267 MB, 1.05 load
[runlim] sample:		107808.89 time, 107590.01 real, 2267 MB, 1.04 load
[runlim] sample:		107818.89 time, 107600.01 real, 2267 MB, 1.04 load
[runlim] sample:		107828.89 time, 107610.02 real, 2267 MB, 1.03 load
[runlim] sample:		107838.89 time, 107620.01 real, 2267 MB, 1.02 load
[runlim] sample:		107848.88 time, 107630.01 real, 2267 MB, 1.02 load
[runlim] sample:		107858.89 time, 107640.01 real, 2267 MB, 1.02 load
[runlim] sample:		107868.88 time, 107650.01 real, 2267 MB, 1.01 load
[runlim] sample:		107878.88 time, 107660.01 real, 2267 MB, 1.01 load
[runlim] sample:		107888.88 time, 107670.01 real, 2267 MB, 1.01 load
[runlim] sample:		107898.88 time, 107680.01 real, 2269 MB, 1.01 load
[runlim] sample:		107908.87 time, 107690.01 real, 2270 MB, 1.01 load
[runlim] sample:		107918.87 time, 107700.01 real, 2273 MB, 1.00 load
[runlim] sample:		107928.88 time, 107710.01 real, 2276 MB, 1.00 load
[runlim] sample:		107938.87 time, 107720.01 real, 2278 MB, 1.08 load
[runlim] sample:		107948.87 time, 107730.01 real, 2281 MB, 1.06 load
[runlim] sample:		107958.87 time, 107740.01 real, 2286 MB, 1.05 load
[runlim] sample:		107968.87 time, 107750.01 real, 2287 MB, 1.29 load
[runlim] sample:		107978.86 time, 107760.01 real, 2291 MB, 1.24 load
[runlim] sample:		107988.87 time, 107770.01 real, 2294 MB, 1.20 load
[runlim] sample:		107998.86 time, 107780.01 real, 2295 MB, 1.17 load
[runlim] sample:		108008.86 time, 107790.01 real, 2297 MB, 1.22 load
[runlim] sample:		108018.86 time, 107800.01 real, 2300 MB, 1.19 load
[runlim] sample:		108028.86 time, 107810.01 real, 2304 MB, 1.16 load
[runlim] sample:		108038.86 time, 107820.01 real, 2305 MB, 1.13 load
[runlim] sample:		108048.86 time, 107830.01 real, 2308 MB, 1.11 load
[runlim] sample:		108058.86 time, 107840.01 real, 2313 MB, 1.09 load
[runlim] sample:		108068.85 time, 107850.01 real, 2314 MB, 1.08 load
[runlim] sample:		108078.86 time, 107860.01 real, 2316 MB, 1.07 load
[runlim] sample:		108088.85 time, 107870.01 real, 2320 MB, 1.06 load
[runlim] sample:		108098.85 time, 107880.01 real, 2322 MB, 1.05 load
[runlim] sample:		108108.85 time, 107890.01 real, 2324 MB, 1.04 load
[runlim] sample:		108118.85 time, 107900.01 real, 2328 MB, 1.03 load
[runlim] sample:		108128.85 time, 107910.01 real, 2330 MB, 1.03 load
[runlim] sample:		108138.85 time, 107920.01 real, 2332 MB, 1.02 load
[runlim] sample:		108148.84 time, 107930.01 real, 2335 MB, 1.02 load
[runlim] sample:		108158.84 time, 107940.01 real, 2341 MB, 1.25 load
[runlim] sample:		108168.84 time, 107950.01 real, 2341 MB, 1.37 load
[runlim] sample:		108178.84 time, 107960.01 real, 2346 MB, 1.31 load
[runlim] sample:		108188.84 time, 107970.01 real, 2346 MB, 1.26 load
[runlim] sample:		108198.84 time, 107980.01 real, 2351 MB, 1.22 load
[runlim] sample:		108208.84 time, 107990.01 real, 2352 MB, 1.19 load
[runlim] sample:		108218.84 time, 108000.01 real, 2356 MB, 1.16 load
[runlim] sample:		108228.84 time, 108010.01 real, 2359 MB, 1.13 load
[runlim] sample:		108238.83 time, 108020.01 real, 2361 MB, 1.11 load
[runlim] sample:		108248.83 time, 108030.01 real, 2365 MB, 1.09 load
[runlim] sample:		108258.83 time, 108040.01 real, 2365 MB, 1.08 load
[runlim] sample:		108268.83 time, 108050.01 real, 2368 MB, 1.07 load
[runlim] sample:		108278.83 time, 108060.01 real, 2370 MB, 1.06 load
[runlim] sample:		108288.83 time, 108070.01 real, 2371 MB, 1.05 load
[runlim] sample:		108298.83 time, 108080.01 real, 2374 MB, 1.04 load
[runlim] sample:		108308.81 time, 108090.01 real, 2376 MB, 1.03 load

NN₁: mnist_relu_3_100_gemm.onnx
NN₂: mnist_relu_3_100_0.79_adam_1_stepsize.onnx
Prop: mnist_82_global_4.vnnlib

NN₁: mnist_relu_3_100_gemm.onnx
NN₂: mnist_relu_3_100_0.79_adam_1_stepsize.onnx
Prop: mnist_82_global_5.vnnlib

NN₁: mnist_relu_3_100_gemm.onnx
NN₂: mnist_relu_3_100_0.79_adam_1_stepsize.onnx
Prop: mnist_83_global_4.vnnlib

NN₁: mnist_relu_3_100_gemm.onnx
NN₂: mnist_relu_3_100_0.79_adam_1_stepsize.onnx
Prop: mnist_83_global_5.vnnlib
[runlim] sample:		108318.77 time, 108100.01 real, 2265 MB, 1.03 load
[runlim] sample:		108328.75 time, 108110.01 real, 2265 MB, 1.02 load
[runlim] sample:		108338.76 time, 108120.01 real, 2265 MB, 1.02 load
[runlim] sample:		108348.76 time, 108130.01 real, 2265 MB, 1.02 load
[runlim] sample:		108358.75 time, 108140.01 real, 2265 MB, 1.01 load
[runlim] sample:		108368.76 time, 108150.01 real, 2265 MB, 1.01 load
[runlim] sample:		108378.75 time, 108160.01 real, 2265 MB, 1.01 load
[runlim] sample:		108388.75 time, 108170.01 real, 2265 MB, 1.01 load
[runlim] sample:		108398.75 time, 108180.01 real, 2265 MB, 1.00 load
[runlim] sample:		108408.75 time, 108190.01 real, 2265 MB, 1.00 load
[runlim] sample:		108418.75 time, 108200.01 real, 2265 MB, 1.00 load
[runlim] sample:		108428.74 time, 108210.01 real, 2265 MB, 1.00 load
[runlim] sample:		108438.74 time, 108220.01 real, 2265 MB, 1.00 load
[runlim] sample:		108448.74 time, 108230.01 real, 2265 MB, 1.00 load
[runlim] sample:		108458.74 time, 108240.01 real, 2265 MB, 1.00 load
[runlim] sample:		108468.74 time, 108250.01 real, 2265 MB, 1.00 load
[runlim] sample:		108478.74 time, 108260.01 real, 2265 MB, 1.00 load
[runlim] sample:		108488.73 time, 108270.01 real, 2265 MB, 1.00 load
[runlim] sample:		108498.73 time, 108280.01 real, 2267 MB, 1.00 load
[runlim] sample:		108508.74 time, 108290.01 real, 2271 MB, 1.00 load
[runlim] sample:		108518.73 time, 108300.01 real, 2272 MB, 1.00 load
[runlim] sample:		108528.73 time, 108310.01 real, 2276 MB, 1.00 load
[runlim] sample:		108538.73 time, 108320.01 real, 2279 MB, 1.00 load
[runlim] sample:		108548.73 time, 108330.01 real, 2281 MB, 1.00 load
[runlim] sample:		108558.72 time, 108340.01 real, 2283 MB, 1.00 load
[runlim] sample:		108568.72 time, 108350.01 real, 2286 MB, 1.08 load
[runlim] sample:		108578.73 time, 108360.01 real, 2290 MB, 1.07 load
[runlim] sample:		108588.72 time, 108370.01 real, 2292 MB, 1.06 load
[runlim] sample:		108598.72 time, 108380.01 real, 2295 MB, 1.05 load
[runlim] sample:		108608.72 time, 108390.01 real, 2299 MB, 1.04 load
[runlim] sample:		108618.71 time, 108400.01 real, 2300 MB, 1.03 load
[runlim] sample:		108628.72 time, 108410.01 real, 2303 MB, 1.03 load
[runlim] sample:		108638.71 time, 108420.01 real, 2306 MB, 1.02 load
[runlim] sample:		108648.71 time, 108430.01 real, 2310 MB, 1.02 load
[runlim] sample:		108658.72 time, 108440.01 real, 2311 MB, 1.17 load
[runlim] sample:		108668.71 time, 108450.01 real, 2314 MB, 1.30 load
[runlim] sample:		108678.71 time, 108460.01 real, 2317 MB, 1.25 load
[runlim] sample:		108688.71 time, 108470.01 real, 2321 MB, 1.21 load
[runlim] sample:		108698.70 time, 108480.01 real, 2322 MB, 1.18 load
[runlim] sample:		108708.71 time, 108490.01 real, 2325 MB, 1.15 load
[runlim] sample:		108718.71 time, 108500.01 real, 2328 MB, 1.13 load
[runlim] sample:		108728.70 time, 108510.01 real, 2332 MB, 1.11 load
[runlim] sample:		108738.69 time, 108520.01 real, 2333 MB, 1.09 load
[runlim] sample:		108748.69 time, 108530.01 real, 2339 MB, 1.08 load
[runlim] sample:		108758.70 time, 108540.01 real, 2339 MB, 1.06 load
[runlim] sample:		108768.70 time, 108550.01 real, 2343 MB, 1.05 load
[runlim] sample:		108778.69 time, 108560.01 real, 2345 MB, 1.05 load
[runlim] sample:		108788.69 time, 108570.01 real, 2347 MB, 1.04 load
[runlim] sample:		108798.69 time, 108580.01 real, 2352 MB, 1.03 load
[runlim] sample:		108808.69 time, 108590.01 real, 2353 MB, 1.19 load
[runlim] sample:		108818.69 time, 108600.01 real, 2356 MB, 1.16 load
[runlim] sample:		108828.69 time, 108610.01 real, 2359 MB, 1.13 load
[runlim] sample:		108838.68 time, 108620.01 real, 2362 MB, 1.11 load
[runlim] sample:		108848.68 time, 108630.01 real, 2365 MB, 1.09 load
[runlim] sample:		108858.68 time, 108640.01 real, 2358 MB, 1.08 load
[runlim] sample:		108868.68 time, 108650.01 real, 2359 MB, 1.15 load
[runlim] sample:		108878.68 time, 108660.01 real, 2395 MB, 1.12 load
[runlim] sample:		108888.68 time, 108670.01 real, 2395 MB, 1.10 load
[runlim] sample:		108898.67 time, 108680.01 real, 2401 MB, 1.09 load
[runlim] sample:		108908.67 time, 108690.01 real, 2401 MB, 1.07 load

NN₁: mnist_relu_3_100_gemm.onnx
NN₂: mnist_relu_3_100_0.79_adam_1_stepsize.onnx
Prop: mnist_84_global_4.vnnlib
[runlim] sample:		108918.65 time, 108700.01 real, 2253 MB, 1.06 load
[runlim] sample:		108928.65 time, 108710.02 real, 2253 MB, 1.05 load
[runlim] sample:		108938.64 time, 108720.01 real, 2253 MB, 1.04 load
[runlim] sample:		108948.64 time, 108730.01 real, 2253 MB, 1.04 load
[runlim] sample:		108958.64 time, 108740.01 real, 2253 MB, 1.03 load
[runlim] sample:		108968.63 time, 108750.01 real, 2253 MB, 1.02 load
[runlim] sample:		108978.64 time, 108760.01 real, 2253 MB, 1.02 load
[runlim] sample:		108988.63 time, 108770.01 real, 2253 MB, 1.02 load
[runlim] sample:		108998.63 time, 108780.01 real, 2253 MB, 1.01 load
[runlim] sample:		109008.63 time, 108790.01 real, 2253 MB, 1.01 load
[runlim] sample:		109018.63 time, 108800.01 real, 2253 MB, 1.01 load
[runlim] sample:		109028.63 time, 108810.01 real, 2253 MB, 1.01 load
[runlim] sample:		109038.63 time, 108820.01 real, 2253 MB, 1.01 load
[runlim] sample:		109048.62 time, 108830.01 real, 2253 MB, 1.00 load
[runlim] sample:		109058.62 time, 108840.01 real, 2253 MB, 1.00 load
[runlim] sample:		109068.63 time, 108850.01 real, 2253 MB, 1.00 load
[runlim] sample:		109078.63 time, 108860.01 real, 2253 MB, 1.00 load
[runlim] sample:		109088.63 time, 108870.01 real, 2253 MB, 1.00 load
[runlim] sample:		109098.62 time, 108880.01 real, 2255 MB, 1.00 load
[runlim] sample:		109108.62 time, 108890.01 real, 2258 MB, 1.00 load
[runlim] sample:		109118.62 time, 108900.01 real, 2260 MB, 1.00 load
[runlim] sample:		109128.62 time, 108910.01 real, 2263 MB, 1.00 load
[runlim] sample:		109138.62 time, 108920.01 real, 2267 MB, 1.00 load
[runlim] sample:		109148.61 time, 108930.01 real, 2270 MB, 1.00 load
[runlim] sample:		109158.61 time, 108940.01 real, 2272 MB, 1.15 load
[runlim] sample:		109168.62 time, 108950.01 real, 2274 MB, 1.28 load
[runlim] sample:		109178.61 time, 108960.01 real, 2277 MB, 1.24 load
[runlim] sample:		109188.61 time, 108970.01 real, 2281 MB, 1.20 load
[runlim] sample:		109198.61 time, 108980.01 real, 2285 MB, 1.17 load
[runlim] sample:		109208.61 time, 108990.01 real, 2286 MB, 1.14 load
[runlim] sample:		109218.61 time, 109000.01 real, 2290 MB, 1.12 load
[runlim] sample:		109228.60 time, 109010.01 real, 2291 MB, 1.10 load
[runlim] sample:		109238.61 time, 109020.01 real, 2294 MB, 1.09 load
[runlim] sample:		109248.61 time, 109030.01 real, 2297 MB, 1.07 load
[runlim] sample:		109258.60 time, 109040.01 real, 2301 MB, 1.06 load
[runlim] sample:		109268.60 time, 109050.01 real, 2302 MB, 1.05 load
[runlim] sample:		109278.60 time, 109060.01 real, 2305 MB, 1.04 load
[runlim] sample:		109288.61 time, 109070.01 real, 2308 MB, 1.04 load
[runlim] sample:		109298.60 time, 109080.01 real, 2311 MB, 1.03 load
[runlim] sample:		109308.60 time, 109090.01 real, 2313 MB, 1.02 load
[runlim] sample:		109318.60 time, 109100.01 real, 2318 MB, 1.02 load
[runlim] sample:		109328.60 time, 109110.01 real, 2319 MB, 1.02 load
[runlim] sample:		109338.59 time, 109120.01 real, 2325 MB, 1.01 load
[runlim] sample:		109348.60 time, 109130.01 real, 2325 MB, 1.01 load
[runlim] sample:		109358.59 time, 109140.01 real, 2330 MB, 1.01 load
[runlim] sample:		109368.59 time, 109150.02 real, 2330 MB, 1.01 load
[runlim] sample:		109378.59 time, 109160.01 real, 2334 MB, 1.01 load
[runlim] sample:		109388.59 time, 109170.01 real, 2339 MB, 1.00 load
[runlim] sample:		109398.59 time, 109180.01 real, 2339 MB, 1.00 load
[runlim] sample:		109408.59 time, 109190.01 real, 2341 MB, 1.00 load
[runlim] sample:		109418.58 time, 109200.02 real, 2347 MB, 1.00 load
[runlim] sample:		109428.58 time, 109210.01 real, 2347 MB, 1.00 load
[runlim] sample:		109438.58 time, 109220.01 real, 2350 MB, 1.00 load
[runlim] sample:		109448.58 time, 109230.01 real, 2364 MB, 1.00 load
[runlim] sample:		109458.58 time, 109240.01 real, 2365 MB, 1.00 load
[runlim] sample:		109468.58 time, 109250.01 real, 2368 MB, 1.00 load
[runlim] sample:		109478.57 time, 109260.01 real, 2396 MB, 1.00 load
[runlim] sample:		109488.58 time, 109270.01 real, 2396 MB, 1.00 load
[runlim] sample:		109498.58 time, 109280.01 real, 2418 MB, 1.00 load
[runlim] sample:		109508.58 time, 109290.01 real, 2418 MB, 1.00 load

NN₁: mnist_relu_3_100_gemm.onnx
NN₂: mnist_relu_3_100_0.79_adam_1_stepsize.onnx
Prop: mnist_84_global_5.vnnlib
[runlim] sample:		109518.55 time, 109300.01 real, 2253 MB, 1.00 load
[runlim] sample:		109528.55 time, 109310.01 real, 2253 MB, 1.00 load
[runlim] sample:		109538.55 time, 109320.01 real, 2253 MB, 1.07 load
[runlim] sample:		109548.54 time, 109330.01 real, 2253 MB, 1.06 load
[runlim] sample:		109558.54 time, 109340.01 real, 2253 MB, 1.05 load
[runlim] sample:		109568.54 time, 109350.01 real, 2253 MB, 1.04 load
[runlim] sample:		109578.54 time, 109360.01 real, 2253 MB, 1.04 load
[runlim] sample:		109588.54 time, 109370.01 real, 2253 MB, 1.03 load
[runlim] sample:		109598.54 time, 109380.01 real, 2253 MB, 1.02 load
[runlim] sample:		109608.53 time, 109390.01 real, 2253 MB, 1.02 load
[runlim] sample:		109618.53 time, 109400.01 real, 2253 MB, 1.02 load
[runlim] sample:		109628.54 time, 109410.01 real, 2253 MB, 1.01 load
[runlim] sample:		109638.53 time, 109420.01 real, 2253 MB, 1.01 load
[runlim] sample:		109648.53 time, 109430.01 real, 2253 MB, 1.01 load
[runlim] sample:		109658.53 time, 109440.02 real, 2253 MB, 1.16 load
[runlim] sample:		109668.53 time, 109450.01 real, 2253 MB, 1.29 load
[runlim] sample:		109678.53 time, 109460.01 real, 2253 MB, 1.25 load
[runlim] sample:		109688.52 time, 109470.01 real, 2253 MB, 1.21 load
[runlim] sample:		109698.53 time, 109480.01 real, 2253 MB, 1.17 load
[runlim] sample:		109708.52 time, 109490.01 real, 2253 MB, 1.23 load
[runlim] sample:		109718.52 time, 109500.01 real, 2254 MB, 1.19 load
[runlim] sample:		109728.52 time, 109510.01 real, 2257 MB, 1.16 load
[runlim] sample:		109738.52 time, 109520.01 real, 2259 MB, 1.14 load
[runlim] sample:		109748.52 time, 109530.01 real, 2262 MB, 1.12 load
[runlim] sample:		109758.51 time, 109540.02 real, 2264 MB, 1.10 load
[runlim] sample:		109768.52 time, 109550.01 real, 2267 MB, 1.08 load
[runlim] sample:		109778.51 time, 109560.01 real, 2269 MB, 1.07 load
[runlim] sample:		109788.51 time, 109570.01 real, 2273 MB, 1.06 load
[runlim] sample:		109798.51 time, 109580.01 real, 2275 MB, 1.05 load
[runlim] sample:		109808.51 time, 109590.01 real, 2277 MB, 1.04 load
[runlim] sample:		109818.51 time, 109600.01 real, 2280 MB, 1.03 load
[runlim] sample:		109828.51 time, 109610.01 real, 2282 MB, 1.03 load
[runlim] sample:		109838.51 time, 109620.01 real, 2286 MB, 1.02 load
[runlim] sample:		109848.50 time, 109630.02 real, 2287 MB, 1.02 load
[runlim] sample:		109858.51 time, 109640.01 real, 2290 MB, 1.02 load
[runlim] sample:		109868.50 time, 109650.01 real, 2293 MB, 1.01 load
[runlim] sample:		109878.50 time, 109660.01 real, 2296 MB, 1.01 load
[runlim] sample:		109888.50 time, 109670.01 real, 2299 MB, 1.01 load
[runlim] sample:		109898.50 time, 109680.01 real, 2300 MB, 1.01 load
[runlim] sample:		109908.50 time, 109690.01 real, 2303 MB, 1.00 load
[runlim] sample:		109918.50 time, 109700.01 real, 2305 MB, 1.00 load
[runlim] sample:		109928.50 time, 109710.01 real, 2309 MB, 1.00 load
[runlim] sample:		109938.50 time, 109720.01 real, 2310 MB, 1.00 load
[runlim] sample:		109948.49 time, 109730.01 real, 2313 MB, 1.00 load
[runlim] sample:		109958.49 time, 109740.01 real, 2317 MB, 1.00 load
[runlim] sample:		109968.48 time, 109750.01 real, 2318 MB, 1.00 load
[runlim] sample:		109978.49 time, 109760.01 real, 2321 MB, 1.00 load
[runlim] sample:		109988.48 time, 109770.01 real, 2323 MB, 1.00 load
[runlim] sample:		109998.49 time, 109780.01 real, 2326 MB, 1.00 load
[runlim] sample:		110008.48 time, 109790.02 real, 2330 MB, 1.00 load
[runlim] sample:		110018.48 time, 109800.01 real, 2333 MB, 1.00 load
[runlim] sample:		110028.49 time, 109810.01 real, 2333 MB, 1.00 load
[runlim] sample:		110038.48 time, 109820.01 real, 2337 MB, 1.00 load
[runlim] sample:		110048.48 time, 109830.01 real, 2341 MB, 1.00 load
[runlim] sample:		110058.47 time, 109840.01 real, 2341 MB, 1.00 load
[runlim] sample:		110068.48 time, 109850.01 real, 2344 MB, 1.00 load
[runlim] sample:		110078.48 time, 109860.01 real, 2355 MB, 1.00 load
[runlim] sample:		110088.47 time, 109870.01 real, 2355 MB, 1.00 load
[runlim] sample:		110098.48 time, 109880.01 real, 2373 MB, 1.00 load
[runlim] sample:		110108.47 time, 109890.01 real, 2373 MB, 1.00 load

NN₁: mnist_relu_3_100_gemm.onnx
NN₂: mnist_relu_3_100_0.79_adam_1_stepsize.onnx
Prop: mnist_85_global_4.vnnlib

NN₁: mnist_relu_3_100_gemm.onnx
NN₂: mnist_relu_3_100_0.79_adam_1_stepsize.onnx
Prop: mnist_85_global_5.vnnlib

NN₁: mnist_relu_3_100_gemm.onnx
NN₂: mnist_relu_3_100_0.79_adam_1_stepsize.onnx
Prop: mnist_86_global_4.vnnlib

NN₁: mnist_relu_3_100_gemm.onnx
NN₂: mnist_relu_3_100_0.79_adam_1_stepsize.onnx
Prop: mnist_86_global_5.vnnlib

NN₁: mnist_relu_3_100_gemm.onnx
NN₂: mnist_relu_3_100_0.79_adam_1_stepsize.onnx
Prop: mnist_87_global_4.vnnlib

NN₁: mnist_relu_3_100_gemm.onnx
NN₂: mnist_relu_3_100_0.79_adam_1_stepsize.onnx
Prop: mnist_87_global_5.vnnlib
[runlim] sample:		110118.40 time, 109900.01 real, 2253 MB, 1.00 load
[runlim] sample:		110128.39 time, 109910.01 real, 2253 MB, 1.00 load
[runlim] sample:		110138.39 time, 109920.01 real, 2253 MB, 1.00 load
[runlim] sample:		110148.40 time, 109930.01 real, 2253 MB, 1.00 load
[runlim] sample:		110158.39 time, 109940.01 real, 2253 MB, 1.15 load
[runlim] sample:		110168.39 time, 109950.01 real, 2253 MB, 1.20 load
[runlim] sample:		110178.39 time, 109960.01 real, 2253 MB, 1.17 load
[runlim] sample:		110188.40 time, 109970.01 real, 2253 MB, 1.15 load
[runlim] sample:		110198.39 time, 109980.01 real, 2253 MB, 1.12 load
[runlim] sample:		110208.39 time, 109990.01 real, 2253 MB, 1.10 load
[runlim] sample:		110218.39 time, 110000.01 real, 2253 MB, 1.09 load
[runlim] sample:		110228.39 time, 110010.01 real, 2253 MB, 1.07 load
[runlim] sample:		110238.39 time, 110020.01 real, 2253 MB, 1.06 load
[runlim] sample:		110248.39 time, 110030.01 real, 2253 MB, 1.05 load
[runlim] sample:		110258.39 time, 110040.01 real, 2253 MB, 1.04 load
[runlim] sample:		110268.38 time, 110050.01 real, 2253 MB, 1.04 load
[runlim] sample:		110278.38 time, 110060.01 real, 2253 MB, 1.03 load
[runlim] sample:		110288.39 time, 110070.01 real, 2253 MB, 1.02 load
[runlim] sample:		110298.39 time, 110080.01 real, 2255 MB, 1.02 load
[runlim] sample:		110308.39 time, 110090.01 real, 2259 MB, 1.02 load
[runlim] sample:		110318.38 time, 110100.01 real, 2263 MB, 1.01 load
[runlim] sample:		110328.38 time, 110110.01 real, 2264 MB, 1.01 load
[runlim] sample:		110338.38 time, 110120.01 real, 2266 MB, 1.01 load
[runlim] sample:		110348.39 time, 110130.01 real, 2270 MB, 1.01 load
[runlim] sample:		110358.38 time, 110140.01 real, 2273 MB, 1.01 load
[runlim] sample:		110368.38 time, 110150.01 real, 2277 MB, 1.08 load
[runlim] sample:		110378.38 time, 110160.01 real, 2278 MB, 1.07 load
[runlim] sample:		110388.37 time, 110170.01 real, 2281 MB, 1.06 load
[runlim] sample:		110398.38 time, 110180.01 real, 2285 MB, 1.05 load
[runlim] sample:		110408.38 time, 110190.01 real, 2286 MB, 1.04 load
[runlim] sample:		110418.37 time, 110200.01 real, 2289 MB, 1.03 load
[runlim] sample:		110428.38 time, 110210.01 real, 2292 MB, 1.03 load
[runlim] sample:		110438.37 time, 110220.01 real, 2296 MB, 1.02 load
[runlim] sample:		110448.38 time, 110230.01 real, 2298 MB, 1.02 load
[runlim] sample:		110458.37 time, 110240.01 real, 2300 MB, 1.02 load
[runlim] sample:		110468.37 time, 110250.01 real, 2303 MB, 1.01 load
[runlim] sample:		110478.37 time, 110260.01 real, 2306 MB, 1.01 load
[runlim] sample:		110488.37 time, 110270.01 real, 2309 MB, 1.01 load
[runlim] sample:		110498.37 time, 110280.01 real, 2312 MB, 1.01 load
[runlim] sample:		110508.37 time, 110290.01 real, 2315 MB, 1.00 load
[runlim] sample:		110518.36 time, 110300.01 real, 2319 MB, 1.00 load
[runlim] sample:		110528.36 time, 110310.01 real, 2320 MB, 1.00 load
[runlim] sample:		110538.37 time, 110320.01 real, 2324 MB, 1.00 load
[runlim] sample:		110548.36 time, 110330.01 real, 2326 MB, 1.00 load
[runlim] sample:		110558.37 time, 110340.01 real, 2329 MB, 1.00 load
[runlim] sample:		110568.36 time, 110350.01 real, 2334 MB, 1.00 load
[runlim] sample:		110578.37 time, 110360.01 real, 2335 MB, 1.00 load
[runlim] sample:		110588.36 time, 110370.01 real, 2338 MB, 1.00 load
[runlim] sample:		110598.36 time, 110380.01 real, 2341 MB, 1.00 load
[runlim] sample:		110608.36 time, 110390.01 real, 2344 MB, 1.00 load
[runlim] sample:		110618.36 time, 110400.01 real, 2358 MB, 1.00 load
[runlim] sample:		110628.36 time, 110410.01 real, 2358 MB, 1.00 load
[runlim] sample:		110638.36 time, 110420.02 real, 2359 MB, 1.00 load
[runlim] sample:		110648.36 time, 110430.01 real, 2362 MB, 1.00 load
[runlim] sample:		110658.36 time, 110440.01 real, 2387 MB, 1.08 load
[runlim] sample:		110668.36 time, 110450.01 real, 2388 MB, 1.22 load
[runlim] sample:		110678.36 time, 110460.02 real, 2413 MB, 1.26 load
[runlim] sample:		110688.35 time, 110470.02 real, 2414 MB, 1.22 load
[runlim] sample:		110698.35 time, 110480.01 real, 2429 MB, 1.19 load
[runlim] sample:		110708.35 time, 110490.01 real, 2430 MB, 1.16 load

NN₁: mnist_relu_3_100_gemm.onnx
NN₂: mnist_relu_3_100_0.79_adam_1_stepsize.onnx
Prop: mnist_88_global_4.vnnlib

NN₁: mnist_relu_3_100_gemm.onnx
NN₂: mnist_relu_3_100_0.79_adam_1_stepsize.onnx
Prop: mnist_88_global_5.vnnlib
[runlim] sample:		110718.31 time, 110500.01 real, 2253 MB, 1.13 load
[runlim] sample:		110728.32 time, 110510.01 real, 2253 MB, 1.11 load
[runlim] sample:		110738.31 time, 110520.01 real, 2253 MB, 1.09 load
[runlim] sample:		110748.31 time, 110530.01 real, 2253 MB, 1.08 load
[runlim] sample:		110758.31 time, 110540.01 real, 2253 MB, 1.07 load
[runlim] sample:		110768.31 time, 110550.01 real, 2253 MB, 1.06 load
[runlim] sample:		110778.31 time, 110560.01 real, 2253 MB, 1.05 load
[runlim] sample:		110788.31 time, 110570.01 real, 2253 MB, 1.04 load
[runlim] sample:		110798.31 time, 110580.01 real, 2253 MB, 1.03 load
[runlim] sample:		110808.31 time, 110590.01 real, 2253 MB, 1.03 load
[runlim] sample:		110818.30 time, 110600.01 real, 2253 MB, 1.02 load
[runlim] sample:		110828.31 time, 110610.01 real, 2253 MB, 1.02 load
[runlim] sample:		110838.31 time, 110620.01 real, 2253 MB, 1.02 load
[runlim] sample:		110848.31 time, 110630.01 real, 2253 MB, 1.01 load
[runlim] sample:		110858.31 time, 110640.01 real, 2253 MB, 1.01 load
[runlim] sample:		110868.30 time, 110650.01 real, 2253 MB, 1.01 load
[runlim] sample:		110878.30 time, 110660.01 real, 2253 MB, 1.01 load
[runlim] sample:		110888.31 time, 110670.01 real, 2253 MB, 1.00 load
[runlim] sample:		110898.30 time, 110680.01 real, 2254 MB, 1.00 load
[runlim] sample:		110908.30 time, 110690.01 real, 2257 MB, 1.00 load
[runlim] sample:		110918.30 time, 110700.01 real, 2261 MB, 1.00 load
[runlim] sample:		110928.30 time, 110710.01 real, 2265 MB, 1.00 load
[runlim] sample:		110938.30 time, 110720.01 real, 2265 MB, 1.00 load
[runlim] sample:		110948.30 time, 110730.01 real, 2268 MB, 1.00 load
[runlim] sample:		110958.30 time, 110740.01 real, 2271 MB, 1.00 load
[runlim] sample:		110968.29 time, 110750.01 real, 2275 MB, 1.00 load
[runlim] sample:		110978.29 time, 110760.01 real, 2278 MB, 1.00 load
[runlim] sample:		110988.30 time, 110770.01 real, 2279 MB, 1.00 load
[runlim] sample:		110998.29 time, 110780.01 real, 2283 MB, 1.00 load
[runlim] sample:		111008.29 time, 110790.01 real, 2286 MB, 1.00 load
[runlim] sample:		111018.30 time, 110800.01 real, 2288 MB, 1.00 load
[runlim] sample:		111028.29 time, 110810.01 real, 2290 MB, 1.00 load
[runlim] sample:		111038.29 time, 110820.01 real, 2294 MB, 1.00 load
[runlim] sample:		111048.29 time, 110830.01 real, 2298 MB, 1.00 load
[runlim] sample:		111058.29 time, 110840.01 real, 2299 MB, 1.00 load
[runlim] sample:		111068.29 time, 110850.01 real, 2304 MB, 1.00 load
[runlim] sample:		111078.29 time, 110860.01 real, 2304 MB, 1.00 load
[runlim] sample:		111088.29 time, 110870.01 real, 2307 MB, 1.00 load
[runlim] sample:		111098.29 time, 110880.01 real, 2310 MB, 1.00 load
[runlim] sample:		111108.29 time, 110890.01 real, 2313 MB, 1.00 load
[runlim] sample:		111118.28 time, 110900.01 real, 2316 MB, 1.00 load
[runlim] sample:		111128.29 time, 110910.01 real, 2320 MB, 1.00 load
[runlim] sample:		111138.28 time, 110920.02 real, 2321 MB, 1.00 load
[runlim] sample:		111148.28 time, 110930.01 real, 2326 MB, 1.00 load
[runlim] sample:		111158.28 time, 110940.01 real, 2327 MB, 1.08 load
[runlim] sample:		111168.28 time, 110950.01 real, 2330 MB, 1.22 load
[runlim] sample:		111178.28 time, 110960.01 real, 2334 MB, 1.26 load
[runlim] sample:		111188.28 time, 110970.01 real, 2336 MB, 1.22 load
[runlim] sample:		111198.28 time, 110980.01 real, 2339 MB, 1.19 load
[runlim] sample:		111208.28 time, 110990.01 real, 2341 MB, 1.16 load
[runlim] sample:		111218.27 time, 111000.01 real, 2344 MB, 1.13 load
[runlim] sample:		111228.28 time, 111010.01 real, 2347 MB, 1.11 load
[runlim] sample:		111238.28 time, 111020.01 real, 2363 MB, 1.09 load
[runlim] sample:		111248.27 time, 111030.01 real, 2363 MB, 1.08 load
[runlim] sample:		111258.28 time, 111040.01 real, 2366 MB, 1.07 load
[runlim] sample:		111268.28 time, 111050.01 real, 2375 MB, 1.06 load
[runlim] sample:		111278.27 time, 111060.01 real, 2375 MB, 1.05 load
[runlim] sample:		111288.26 time, 111070.01 real, 2394 MB, 1.04 load
[runlim] sample:		111298.27 time, 111080.01 real, 2394 MB, 1.03 load
[runlim] sample:		111308.27 time, 111090.01 real, 2411 MB, 1.03 load

NN₁: mnist_relu_3_100_gemm.onnx
NN₂: mnist_relu_3_100_0.79_adam_1_stepsize.onnx
Prop: mnist_89_global_4.vnnlib

NN₁: mnist_relu_3_100_gemm.onnx
NN₂: mnist_relu_3_100_0.79_adam_1_stepsize.onnx
Prop: mnist_89_global_5.vnnlib
[runlim] sample:		111318.23 time, 111100.01 real, 2267 MB, 1.02 load
[runlim] sample:		111328.23 time, 111110.01 real, 2267 MB, 1.02 load
[runlim] sample:		111338.22 time, 111120.01 real, 2267 MB, 1.02 load
[runlim] sample:		111348.23 time, 111130.01 real, 2267 MB, 1.01 load
[runlim] sample:		111358.23 time, 111140.01 real, 2267 MB, 1.01 load
[runlim] sample:		111368.22 time, 111150.01 real, 2267 MB, 1.01 load
[runlim] sample:		111378.23 time, 111160.01 real, 2267 MB, 1.01 load
[runlim] sample:		111388.22 time, 111170.01 real, 2267 MB, 1.00 load
[runlim] sample:		111398.22 time, 111180.01 real, 2267 MB, 1.00 load
[runlim] sample:		111408.22 time, 111190.01 real, 2267 MB, 1.00 load
[runlim] sample:		111418.22 time, 111200.01 real, 2267 MB, 1.00 load
[runlim] sample:		111428.22 time, 111210.01 real, 2267 MB, 1.00 load
[runlim] sample:		111438.22 time, 111220.01 real, 2267 MB, 1.00 load
[runlim] sample:		111448.21 time, 111230.01 real, 2267 MB, 1.00 load
[runlim] sample:		111458.21 time, 111240.01 real, 2267 MB, 1.00 load
[runlim] sample:		111468.21 time, 111250.01 real, 2267 MB, 1.00 load
[runlim] sample:		111478.22 time, 111260.01 real, 2267 MB, 1.00 load
[runlim] sample:		111488.21 time, 111270.01 real, 2267 MB, 1.00 load
[runlim] sample:		111498.21 time, 111280.01 real, 2267 MB, 1.00 load
[runlim] sample:		111508.22 time, 111290.01 real, 2268 MB, 1.00 load
[runlim] sample:		111518.22 time, 111300.01 real, 2272 MB, 1.00 load
[runlim] sample:		111528.21 time, 111310.01 real, 2273 MB, 1.07 load
[runlim] sample:		111538.22 time, 111320.01 real, 2276 MB, 1.06 load
[runlim] sample:		111548.21 time, 111330.01 real, 2279 MB, 1.05 load
[runlim] sample:		111558.21 time, 111340.01 real, 2282 MB, 1.04 load
[runlim] sample:		111568.21 time, 111350.01 real, 2284 MB, 1.04 load
[runlim] sample:		111578.21 time, 111360.01 real, 2288 MB, 1.03 load
[runlim] sample:		111588.21 time, 111370.01 real, 2290 MB, 1.11 load
[runlim] sample:		111598.20 time, 111380.01 real, 2293 MB, 1.09 load
[runlim] sample:		111608.21 time, 111390.01 real, 2295 MB, 1.07 load
[runlim] sample:		111618.20 time, 111400.01 real, 2298 MB, 1.06 load
[runlim] sample:		111628.21 time, 111410.01 real, 2302 MB, 1.13 load
[runlim] sample:		111638.21 time, 111420.01 real, 2303 MB, 1.11 load
[runlim] sample:		111648.20 time, 111430.01 real, 2306 MB, 1.09 load
[runlim] sample:		111658.20 time, 111440.01 real, 2310 MB, 1.16 load
[runlim] sample:		111668.20 time, 111450.01 real, 2312 MB, 1.29 load
[runlim] sample:		111678.20 time, 111460.01 real, 2314 MB, 1.32 load
[runlim] sample:		111688.20 time, 111470.01 real, 2318 MB, 1.27 load
[runlim] sample:		111698.20 time, 111480.01 real, 2321 MB, 1.23 load
[runlim] sample:		111708.20 time, 111490.01 real, 2322 MB, 1.19 load
[runlim] sample:		111718.20 time, 111500.01 real, 2326 MB, 1.16 load
[runlim] sample:		111728.20 time, 111510.01 real, 2329 MB, 1.14 load
[runlim] sample:		111738.20 time, 111520.01 real, 2330 MB, 1.11 load
[runlim] sample:		111748.19 time, 111530.02 real, 2333 MB, 1.10 load
[runlim] sample:		111758.20 time, 111540.01 real, 2336 MB, 1.08 load
[runlim] sample:		111768.19 time, 111550.01 real, 2341 MB, 1.07 load
[runlim] sample:		111778.19 time, 111560.01 real, 2341 MB, 1.06 load
[runlim] sample:		111788.19 time, 111570.01 real, 2347 MB, 1.05 load
[runlim] sample:		111798.19 time, 111580.01 real, 2347 MB, 1.04 load
[runlim] sample:		111808.19 time, 111590.01 real, 2352 MB, 1.03 load
[runlim] sample:		111818.19 time, 111600.01 real, 2352 MB, 1.03 load
[runlim] sample:		111828.19 time, 111610.01 real, 2356 MB, 1.02 load
[runlim] sample:		111838.19 time, 111620.01 real, 2361 MB, 1.02 load
[runlim] sample:		111848.18 time, 111630.01 real, 2361 MB, 1.02 load
[runlim] sample:		111858.19 time, 111640.01 real, 2365 MB, 1.01 load
[runlim] sample:		111868.18 time, 111650.01 real, 2366 MB, 1.01 load
[runlim] sample:		111878.18 time, 111660.01 real, 2370 MB, 1.01 load
[runlim] sample:		111888.18 time, 111670.01 real, 2365 MB, 1.01 load
[runlim] sample:		111898.18 time, 111680.01 real, 2367 MB, 1.00 load
[runlim] sample:		111908.19 time, 111690.01 real, 2370 MB, 1.00 load
[runlim] sample:		111918.17 time, 111700.02 real, 2373 MB, 1.00 load

NN₁: mnist_relu_3_100_gemm.onnx
NN₂: mnist_relu_3_100_0.79_adam_1_stepsize.onnx
Prop: mnist_90_global_4.vnnlib

NN₁: mnist_relu_3_100_gemm.onnx
NN₂: mnist_relu_3_100_0.79_adam_1_stepsize.onnx
Prop: mnist_90_global_5.vnnlib
[runlim] sample:		111928.14 time, 111710.01 real, 2260 MB, 1.00 load
[runlim] sample:		111938.15 time, 111720.01 real, 2260 MB, 1.00 load
[runlim] sample:		111948.14 time, 111730.01 real, 2260 MB, 1.00 load
[runlim] sample:		111958.14 time, 111740.01 real, 2260 MB, 1.00 load
[runlim] sample:		111968.14 time, 111750.01 real, 2260 MB, 1.00 load
[runlim] sample:		111978.14 time, 111760.01 real, 2260 MB, 1.00 load
[runlim] sample:		111988.14 time, 111770.02 real, 2260 MB, 1.00 load
[runlim] sample:		111998.14 time, 111780.01 real, 2260 MB, 1.00 load
[runlim] sample:		112008.14 time, 111790.01 real, 2260 MB, 1.00 load
[runlim] sample:		112018.14 time, 111800.01 real, 2260 MB, 1.00 load
[runlim] sample:		112028.13 time, 111810.01 real, 2260 MB, 1.00 load
[runlim] sample:		112038.14 time, 111820.01 real, 2260 MB, 1.00 load
[runlim] sample:		112048.14 time, 111830.01 real, 2260 MB, 1.00 load
[runlim] sample:		112058.14 time, 111840.01 real, 2260 MB, 1.00 load
[runlim] sample:		112068.14 time, 111850.01 real, 2260 MB, 1.00 load
[runlim] sample:		112078.13 time, 111860.01 real, 2260 MB, 1.00 load
[runlim] sample:		112088.14 time, 111870.01 real, 2260 MB, 1.00 load
[runlim] sample:		112098.13 time, 111880.01 real, 2260 MB, 1.00 load
[runlim] sample:		112108.13 time, 111890.01 real, 2260 MB, 1.00 load
[runlim] sample:		112118.13 time, 111900.01 real, 2263 MB, 1.00 load
[runlim] sample:		112128.13 time, 111910.01 real, 2264 MB, 1.00 load
[runlim] sample:		112138.13 time, 111920.01 real, 2267 MB, 1.00 load
[runlim] sample:		112148.13 time, 111930.01 real, 2271 MB, 1.00 load
[runlim] sample:		112158.13 time, 111940.01 real, 2272 MB, 1.08 load
[runlim] sample:		112168.13 time, 111950.01 real, 2275 MB, 1.22 load
[runlim] sample:		112178.12 time, 111960.01 real, 2277 MB, 1.26 load
[runlim] sample:		112188.12 time, 111970.01 real, 2280 MB, 1.22 load
[runlim] sample:		112198.12 time, 111980.01 real, 2283 MB, 1.19 load
[runlim] sample:		112208.12 time, 111990.01 real, 2287 MB, 1.16 load
[runlim] sample:		112218.12 time, 112000.01 real, 2290 MB, 1.13 load
[runlim] sample:		112228.12 time, 112010.01 real, 2291 MB, 1.11 load
[runlim] sample:		112238.12 time, 112020.01 real, 2293 MB, 1.09 load
[runlim] sample:		112248.12 time, 112030.01 real, 2296 MB, 1.08 load
[runlim] sample:		112258.12 time, 112040.01 real, 2300 MB, 1.07 load
[runlim] sample:		112268.12 time, 112050.01 real, 2301 MB, 1.06 load
[runlim] sample:		112278.12 time, 112060.01 real, 2304 MB, 1.05 load
[runlim] sample:		112288.11 time, 112070.01 real, 2308 MB, 1.04 load
[runlim] sample:		112298.12 time, 112080.01 real, 2309 MB, 1.03 load
[runlim] sample:		112308.12 time, 112090.01 real, 2312 MB, 1.03 load
[runlim] sample:		112318.11 time, 112100.01 real, 2316 MB, 1.02 load
[runlim] sample:		112328.12 time, 112110.01 real, 2319 MB, 1.02 load
[runlim] sample:		112338.11 time, 112120.01 real, 2320 MB, 1.02 load
[runlim] sample:		112348.12 time, 112130.01 real, 2323 MB, 1.01 load
[runlim] sample:		112358.11 time, 112140.01 real, 2326 MB, 1.01 load
[runlim] sample:		112368.11 time, 112150.01 real, 2331 MB, 1.01 load
[runlim] sample:		112378.11 time, 112160.01 real, 2332 MB, 1.01 load
[runlim] sample:		112388.11 time, 112170.01 real, 2333 MB, 1.00 load
[runlim] sample:		112398.11 time, 112180.01 real, 2338 MB, 1.00 load
[runlim] sample:		112408.11 time, 112190.01 real, 2339 MB, 1.00 load
[runlim] sample:		112418.11 time, 112200.01 real, 2344 MB, 1.00 load
[runlim] sample:		112428.11 time, 112210.01 real, 2344 MB, 1.00 load
[runlim] sample:		112438.11 time, 112220.01 real, 2349 MB, 1.00 load
[runlim] sample:		112448.10 time, 112230.01 real, 2350 MB, 1.00 load
[runlim] sample:		112458.10 time, 112240.01 real, 2354 MB, 1.00 load
[runlim] sample:		112468.10 time, 112250.01 real, 2355 MB, 1.00 load
[runlim] sample:		112478.11 time, 112260.01 real, 2359 MB, 1.00 load
[runlim] sample:		112488.10 time, 112270.01 real, 2357 MB, 1.00 load
[runlim] sample:		112498.10 time, 112280.01 real, 2357 MB, 1.00 load
[runlim] sample:		112508.10 time, 112290.01 real, 2358 MB, 1.00 load
[runlim] sample:		112518.10 time, 112300.01 real, 2375 MB, 1.00 load

NN₁: mnist_relu_3_100_gemm.onnx
NN₂: mnist_relu_3_100_0.79_adam_1_stepsize.onnx
Prop: mnist_91_global_4.vnnlib

NN₁: mnist_relu_3_100_gemm.onnx
NN₂: mnist_relu_3_100_0.79_adam_1_stepsize.onnx
Prop: mnist_91_global_5.vnnlib
[runlim] sample:		112528.06 time, 112310.01 real, 2265 MB, 1.00 load
[runlim] sample:		112538.06 time, 112320.01 real, 2265 MB, 1.00 load
[runlim] sample:		112548.06 time, 112330.01 real, 2265 MB, 1.00 load
[runlim] sample:		112558.06 time, 112340.01 real, 2265 MB, 1.00 load
[runlim] sample:		112568.06 time, 112350.01 real, 2265 MB, 1.00 load
[runlim] sample:		112578.06 time, 112360.01 real, 2265 MB, 1.00 load
[runlim] sample:		112588.06 time, 112370.01 real, 2265 MB, 1.00 load
[runlim] sample:		112598.06 time, 112380.01 real, 2265 MB, 1.00 load
[runlim] sample:		112608.06 time, 112390.01 real, 2265 MB, 1.00 load
[runlim] sample:		112618.06 time, 112400.01 real, 2265 MB, 1.00 load
[runlim] sample:		112628.06 time, 112410.01 real, 2265 MB, 1.00 load
[runlim] sample:		112638.06 time, 112420.01 real, 2265 MB, 1.00 load
[runlim] sample:		112648.06 time, 112430.01 real, 2265 MB, 1.00 load
[runlim] sample:		112658.05 time, 112440.01 real, 2265 MB, 1.08 load
[runlim] sample:		112668.05 time, 112450.02 real, 2265 MB, 1.22 load
[runlim] sample:		112678.05 time, 112460.01 real, 2265 MB, 1.26 load
[runlim] sample:		112688.05 time, 112470.01 real, 2265 MB, 1.22 load
[runlim] sample:		112698.05 time, 112480.01 real, 2265 MB, 1.19 load
[runlim] sample:		112708.05 time, 112490.01 real, 2265 MB, 1.16 load
[runlim] sample:		112718.05 time, 112500.01 real, 2267 MB, 1.13 load
[runlim] sample:		112728.04 time, 112510.01 real, 2270 MB, 1.11 load
[runlim] sample:		112738.05 time, 112520.01 real, 2273 MB, 1.09 load
[runlim] sample:		112748.04 time, 112530.01 real, 2277 MB, 1.08 load
[runlim] sample:		112758.04 time, 112540.01 real, 2278 MB, 1.07 load
[runlim] sample:		112768.04 time, 112550.01 real, 2281 MB, 1.06 load
[runlim] sample:		112778.05 time, 112560.01 real, 2284 MB, 1.05 load
[runlim] sample:		112788.05 time, 112570.01 real, 2288 MB, 1.04 load
[runlim] sample:		112798.04 time, 112580.01 real, 2289 MB, 1.03 load
[runlim] sample:		112808.04 time, 112590.01 real, 2292 MB, 1.03 load
[runlim] sample:		112818.04 time, 112600.01 real, 2295 MB, 1.02 load
[runlim] sample:		112828.04 time, 112610.01 real, 2298 MB, 1.02 load
[runlim] sample:		112838.04 time, 112620.01 real, 2301 MB, 1.02 load
[runlim] sample:		112848.04 time, 112630.01 real, 2305 MB, 1.01 load
[runlim] sample:		112858.04 time, 112640.01 real, 2306 MB, 1.01 load
[runlim] sample:		112868.03 time, 112650.01 real, 2309 MB, 1.01 load
[runlim] sample:		112878.03 time, 112660.01 real, 2312 MB, 1.01 load
[runlim] sample:		112888.03 time, 112670.02 real, 2314 MB, 1.00 load
[runlim] sample:		112898.03 time, 112680.01 real, 2318 MB, 1.00 load
[runlim] sample:		112908.03 time, 112690.01 real, 2319 MB, 1.00 load
[runlim] sample:		112918.02 time, 112700.01 real, 2322 MB, 1.00 load
[runlim] sample:		112928.02 time, 112710.01 real, 2325 MB, 1.00 load
[runlim] sample:		112938.03 time, 112720.01 real, 2328 MB, 1.00 load
[runlim] sample:		112948.02 time, 112730.01 real, 2331 MB, 1.00 load
[runlim] sample:		112958.03 time, 112740.01 real, 2333 MB, 1.00 load
[runlim] sample:		112968.03 time, 112750.01 real, 2338 MB, 1.00 load
[runlim] sample:		112978.02 time, 112760.01 real, 2343 MB, 1.00 load
[runlim] sample:		112988.03 time, 112770.01 real, 2343 MB, 1.00 load
[runlim] sample:		112998.02 time, 112780.01 real, 2348 MB, 1.00 load
[runlim] sample:		113008.02 time, 112790.01 real, 2348 MB, 1.00 load
[runlim] sample:		113018.02 time, 112800.01 real, 2350 MB, 1.00 load
[runlim] sample:		113028.02 time, 112810.01 real, 2353 MB, 1.00 load
[runlim] sample:		113038.01 time, 112820.01 real, 2357 MB, 1.00 load
[runlim] sample:		113048.02 time, 112830.02 real, 2358 MB, 1.00 load
[runlim] sample:		113058.02 time, 112840.01 real, 2361 MB, 1.00 load
[runlim] sample:		113068.02 time, 112850.01 real, 2364 MB, 1.00 load
[runlim] sample:		113078.02 time, 112860.01 real, 2359 MB, 1.00 load
[runlim] sample:		113088.01 time, 112870.01 real, 2359 MB, 1.00 load
[runlim] sample:		113098.02 time, 112880.01 real, 2361 MB, 1.00 load
[runlim] sample:		113108.02 time, 112890.01 real, 2379 MB, 1.00 load
[runlim] sample:		113118.01 time, 112900.01 real, 2380 MB, 1.00 load

NN₁: mnist_relu_3_100_gemm.onnx
NN₂: mnist_relu_3_100_0.79_adam_1_stepsize.onnx
Prop: mnist_92_global_4.vnnlib
[runlim] sample:		113127.99 time, 112910.01 real, 2267 MB, 1.00 load
[runlim] sample:		113137.99 time, 112920.02 real, 2267 MB, 1.00 load
[runlim] sample:		113147.98 time, 112930.01 real, 2267 MB, 1.00 load
[runlim] sample:		113157.99 time, 112940.01 real, 2267 MB, 1.08 load
[runlim] sample:		113167.98 time, 112950.01 real, 2267 MB, 1.22 load
[runlim] sample:		113177.98 time, 112960.01 real, 2267 MB, 1.26 load
[runlim] sample:		113187.98 time, 112970.01 real, 2267 MB, 1.22 load
[runlim] sample:		113197.99 time, 112980.01 real, 2267 MB, 1.19 load
[runlim] sample:		113207.99 time, 112990.01 real, 2267 MB, 1.16 load
[runlim] sample:		113217.98 time, 113000.01 real, 2267 MB, 1.13 load
[runlim] sample:		113227.98 time, 113010.01 real, 2267 MB, 1.11 load
[runlim] sample:		113237.98 time, 113020.01 real, 2267 MB, 1.09 load
[runlim] sample:		113247.98 time, 113030.01 real, 2267 MB, 1.08 load
[runlim] sample:		113257.98 time, 113040.01 real, 2267 MB, 1.07 load
[runlim] sample:		113267.97 time, 113050.01 real, 2267 MB, 1.06 load
[runlim] sample:		113277.98 time, 113060.02 real, 2267 MB, 1.05 load
[runlim] sample:		113287.97 time, 113070.01 real, 2267 MB, 1.04 load
[runlim] sample:		113297.97 time, 113080.01 real, 2267 MB, 1.03 load
[runlim] sample:		113307.97 time, 113090.01 real, 2267 MB, 1.03 load
[runlim] sample:		113317.98 time, 113100.01 real, 2268 MB, 1.02 load
[runlim] sample:		113327.97 time, 113110.01 real, 2270 MB, 1.02 load
[runlim] sample:		113337.97 time, 113120.01 real, 2271 MB, 1.02 load
[runlim] sample:		113347.97 time, 113130.01 real, 2274 MB, 1.01 load
[runlim] sample:		113357.98 time, 113140.01 real, 2277 MB, 1.01 load
[runlim] sample:		113367.97 time, 113150.01 real, 2279 MB, 1.01 load
[runlim] sample:		113377.97 time, 113160.01 real, 2282 MB, 1.01 load
[runlim] sample:		113387.97 time, 113170.01 real, 2285 MB, 1.00 load
[runlim] sample:		113397.97 time, 113180.01 real, 2287 MB, 1.00 load
[runlim] sample:		113407.96 time, 113190.01 real, 2289 MB, 1.00 load
[runlim] sample:		113417.97 time, 113200.01 real, 2294 MB, 1.00 load
[runlim] sample:		113427.96 time, 113210.01 real, 2295 MB, 1.00 load
[runlim] sample:		113437.97 time, 113220.01 real, 2297 MB, 1.00 load
[runlim] sample:		113447.97 time, 113230.01 real, 2300 MB, 1.00 load
[runlim] sample:		113457.96 time, 113240.01 real, 2303 MB, 1.00 load
[runlim] sample:		113467.97 time, 113250.01 real, 2307 MB, 1.00 load
[runlim] sample:		113477.96 time, 113260.01 real, 2308 MB, 1.00 load
[runlim] sample:		113487.96 time, 113270.01 real, 2310 MB, 1.00 load
[runlim] sample:		113497.96 time, 113280.01 real, 2313 MB, 1.00 load
[runlim] sample:		113507.96 time, 113290.01 real, 2315 MB, 1.00 load
[runlim] sample:		113517.96 time, 113300.01 real, 2318 MB, 1.00 load
[runlim] sample:		113527.96 time, 113310.01 real, 2322 MB, 1.00 load
[runlim] sample:		113537.95 time, 113320.01 real, 2323 MB, 1.00 load
[runlim] sample:		113547.95 time, 113330.01 real, 2326 MB, 1.00 load
[runlim] sample:		113557.96 time, 113340.01 real, 2329 MB, 1.00 load
[runlim] sample:		113567.95 time, 113350.01 real, 2333 MB, 1.00 load
[runlim] sample:		113577.96 time, 113360.01 real, 2334 MB, 1.00 load
[runlim] sample:		113587.95 time, 113370.01 real, 2338 MB, 1.00 load
[runlim] sample:		113597.95 time, 113380.01 real, 2342 MB, 1.00 load
[runlim] sample:		113607.95 time, 113390.01 real, 2342 MB, 1.00 load
[runlim] sample:		113617.95 time, 113400.01 real, 2347 MB, 1.00 load
[runlim] sample:		113627.95 time, 113410.01 real, 2347 MB, 1.00 load
[runlim] sample:		113637.94 time, 113420.01 real, 2352 MB, 1.00 load
[runlim] sample:		113647.95 time, 113430.01 real, 2352 MB, 1.00 load
[runlim] sample:		113657.94 time, 113440.01 real, 2354 MB, 1.08 load
[runlim] sample:		113667.95 time, 113450.01 real, 2358 MB, 1.22 load
[runlim] sample:		113677.94 time, 113460.01 real, 2361 MB, 1.26 load
[runlim] sample:		113687.95 time, 113470.01 real, 2364 MB, 1.22 load
[runlim] sample:		113697.94 time, 113480.01 real, 2354 MB, 1.19 load
[runlim] sample:		113707.95 time, 113490.01 real, 2354 MB, 1.16 load
[runlim] sample:		113717.94 time, 113500.01 real, 2359 MB, 1.13 load

NN₁: mnist_relu_3_100_gemm.onnx
NN₂: mnist_relu_3_100_0.79_adam_1_stepsize.onnx
Prop: mnist_92_global_5.vnnlib
[runlim] sample:		113727.90 time, 113510.01 real, 2253 MB, 1.11 load
[runlim] sample:		113737.91 time, 113520.01 real, 2253 MB, 1.09 load
[runlim] sample:		113747.90 time, 113530.01 real, 2253 MB, 1.08 load
[runlim] sample:		113757.90 time, 113540.01 real, 2253 MB, 1.07 load
[runlim] sample:		113767.90 time, 113550.01 real, 2253 MB, 1.06 load
[runlim] sample:		113777.90 time, 113560.01 real, 2253 MB, 1.05 load
[runlim] sample:		113787.90 time, 113570.01 real, 2253 MB, 1.04 load
[runlim] sample:		113797.90 time, 113580.01 real, 2253 MB, 1.03 load
[runlim] sample:		113807.90 time, 113590.01 real, 2253 MB, 1.03 load
[runlim] sample:		113817.90 time, 113600.01 real, 2253 MB, 1.02 load
[runlim] sample:		113827.90 time, 113610.01 real, 2253 MB, 1.02 load
[runlim] sample:		113837.90 time, 113620.01 real, 2253 MB, 1.02 load
[runlim] sample:		113847.90 time, 113630.01 real, 2253 MB, 1.09 load
[runlim] sample:		113857.89 time, 113640.01 real, 2253 MB, 1.07 load
[runlim] sample:		113867.90 time, 113650.01 real, 2253 MB, 1.06 load
[runlim] sample:		113877.90 time, 113660.01 real, 2253 MB, 1.05 load
[runlim] sample:		113887.90 time, 113670.01 real, 2253 MB, 1.04 load
[runlim] sample:		113897.89 time, 113680.01 real, 2253 MB, 1.04 load
[runlim] sample:		113907.90 time, 113690.01 real, 2253 MB, 1.03 load
[runlim] sample:		113917.90 time, 113700.01 real, 2253 MB, 1.02 load
[runlim] sample:		113927.89 time, 113710.01 real, 2253 MB, 1.02 load
[runlim] sample:		113937.89 time, 113720.01 real, 2253 MB, 1.02 load
[runlim] sample:		113947.89 time, 113730.01 real, 2254 MB, 1.01 load
[runlim] sample:		113957.89 time, 113740.01 real, 2256 MB, 1.01 load
[runlim] sample:		113967.89 time, 113750.01 real, 2259 MB, 1.01 load
[runlim] sample:		113977.89 time, 113760.01 real, 2261 MB, 1.01 load
[runlim] sample:		113987.89 time, 113770.01 real, 2263 MB, 1.01 load
[runlim] sample:		113997.89 time, 113780.01 real, 2266 MB, 1.00 load
[runlim] sample:		114007.88 time, 113790.01 real, 2268 MB, 1.00 load
[runlim] sample:		114017.89 time, 113800.01 real, 2270 MB, 1.00 load
[runlim] sample:		114027.89 time, 113810.01 real, 2273 MB, 1.00 load
[runlim] sample:		114037.88 time, 113820.01 real, 2275 MB, 1.00 load
[runlim] sample:		114047.88 time, 113830.01 real, 2278 MB, 1.00 load
[runlim] sample:		114057.88 time, 113840.01 real, 2280 MB, 1.00 load
[runlim] sample:		114067.88 time, 113850.02 real, 2281 MB, 1.00 load
[runlim] sample:		114077.88 time, 113860.01 real, 2284 MB, 1.00 load
[runlim] sample:		114087.88 time, 113870.01 real, 2286 MB, 1.00 load
[runlim] sample:		114097.88 time, 113880.01 real, 2288 MB, 1.00 load
[runlim] sample:		114107.88 time, 113890.01 real, 2291 MB, 1.00 load
[runlim] sample:		114117.88 time, 113900.01 real, 2293 MB, 1.00 load
[runlim] sample:		114127.87 time, 113910.01 real, 2295 MB, 1.00 load
[runlim] sample:		114137.88 time, 113920.01 real, 2298 MB, 1.00 load
[runlim] sample:		114147.88 time, 113930.01 real, 2300 MB, 1.00 load
[runlim] sample:		114157.87 time, 113940.01 real, 2303 MB, 1.08 load
[runlim] sample:		114167.87 time, 113950.01 real, 2305 MB, 1.22 load
[runlim] sample:		114177.87 time, 113960.01 real, 2308 MB, 1.26 load
[runlim] sample:		114187.87 time, 113970.01 real, 2311 MB, 1.22 load
[runlim] sample:		114197.87 time, 113980.01 real, 2312 MB, 1.19 load
[runlim] sample:		114207.87 time, 113990.01 real, 2314 MB, 1.16 load
[runlim] sample:		114217.87 time, 114000.01 real, 2317 MB, 1.13 load
[runlim] sample:		114227.87 time, 114010.01 real, 2322 MB, 1.11 load
[runlim] sample:		114237.86 time, 114020.01 real, 2322 MB, 1.09 load
[runlim] sample:		114247.87 time, 114030.01 real, 2325 MB, 1.08 load
[runlim] sample:		114257.87 time, 114040.01 real, 2328 MB, 1.07 load
[runlim] sample:		114267.86 time, 114050.01 real, 2331 MB, 1.06 load
[runlim] sample:		114277.86 time, 114060.01 real, 2331 MB, 1.05 load
[runlim] sample:		114287.86 time, 114070.01 real, 2334 MB, 1.04 load
[runlim] sample:		114297.87 time, 114080.01 real, 2337 MB, 1.03 load
[runlim] sample:		114307.86 time, 114090.01 real, 2338 MB, 1.03 load
[runlim] sample:		114317.86 time, 114100.01 real, 2341 MB, 1.02 load

NN₁: mnist_relu_3_100_gemm.onnx
NN₂: mnist_relu_3_100_0.79_adam_1_stepsize.onnx
Prop: mnist_93_global_4.vnnlib
[runlim] sample:		114327.84 time, 114110.02 real, 2253 MB, 1.02 load

NN₁: mnist_relu_3_100_gemm.onnx
NN₂: mnist_relu_3_100_0.79_adam_1_stepsize.onnx
Prop: mnist_93_global_5.vnnlib
[runlim] sample:		114337.82 time, 114120.01 real, 2253 MB, 1.02 load
[runlim] sample:		114347.83 time, 114130.01 real, 2253 MB, 1.01 load
[runlim] sample:		114357.82 time, 114140.01 real, 2253 MB, 1.01 load
[runlim] sample:		114367.82 time, 114150.01 real, 2253 MB, 1.01 load
[runlim] sample:		114377.82 time, 114160.01 real, 2253 MB, 1.01 load
[runlim] sample:		114387.82 time, 114170.01 real, 2253 MB, 1.00 load
[runlim] sample:		114397.82 time, 114180.01 real, 2253 MB, 1.00 load
[runlim] sample:		114407.82 time, 114190.01 real, 2253 MB, 1.00 load
[runlim] sample:		114417.82 time, 114200.01 real, 2253 MB, 1.00 load
[runlim] sample:		114427.82 time, 114210.01 real, 2253 MB, 1.00 load
[runlim] sample:		114437.82 time, 114220.02 real, 2253 MB, 1.00 load
[runlim] sample:		114447.82 time, 114230.01 real, 2253 MB, 1.00 load
[runlim] sample:		114457.81 time, 114240.01 real, 2253 MB, 1.00 load
[runlim] sample:		114467.82 time, 114250.01 real, 2253 MB, 1.00 load
[runlim] sample:		114477.82 time, 114260.01 real, 2253 MB, 1.00 load
[runlim] sample:		114487.81 time, 114270.01 real, 2253 MB, 1.00 load
[runlim] sample:		114497.81 time, 114280.01 real, 2253 MB, 1.00 load
[runlim] sample:		114507.81 time, 114290.01 real, 2256 MB, 1.00 load
[runlim] sample:		114517.81 time, 114300.01 real, 2257 MB, 1.00 load
[runlim] sample:		114527.81 time, 114310.01 real, 2260 MB, 1.00 load
[runlim] sample:		114537.81 time, 114320.01 real, 2263 MB, 1.00 load
[runlim] sample:		114547.81 time, 114330.01 real, 2266 MB, 1.00 load
[runlim] sample:		114557.80 time, 114340.01 real, 2270 MB, 1.00 load
[runlim] sample:		114567.81 time, 114350.01 real, 2273 MB, 1.00 load
[runlim] sample:		114577.80 time, 114360.01 real, 2276 MB, 1.00 load
[runlim] sample:		114587.81 time, 114370.01 real, 2278 MB, 1.00 load
[runlim] sample:		114597.80 time, 114380.01 real, 2280 MB, 1.00 load
[runlim] sample:		114607.81 time, 114390.01 real, 2284 MB, 1.00 load
[runlim] sample:		114617.81 time, 114400.01 real, 2288 MB, 1.00 load
[runlim] sample:		114627.80 time, 114410.01 real, 2289 MB, 1.00 load
[runlim] sample:		114637.81 time, 114420.01 real, 2292 MB, 1.00 load
[runlim] sample:		114647.80 time, 114430.01 real, 2295 MB, 1.00 load
[runlim] sample:		114657.80 time, 114440.01 real, 2298 MB, 1.08 load
[runlim] sample:		114667.80 time, 114450.01 real, 2301 MB, 1.22 load
[runlim] sample:		114677.80 time, 114460.01 real, 2303 MB, 1.26 load
[runlim] sample:		114687.80 time, 114470.01 real, 2307 MB, 1.22 load
[runlim] sample:		114697.80 time, 114480.01 real, 2309 MB, 1.19 load
[runlim] sample:		114707.80 time, 114490.01 real, 2313 MB, 1.16 load
[runlim] sample:		114717.80 time, 114500.01 real, 2315 MB, 1.13 load
[runlim] sample:		114727.80 time, 114510.01 real, 2318 MB, 1.11 load
[runlim] sample:		114737.79 time, 114520.01 real, 2323 MB, 1.09 load
[runlim] sample:		114747.80 time, 114530.01 real, 2323 MB, 1.08 load
[runlim] sample:		114757.79 time, 114540.01 real, 2329 MB, 1.07 load
[runlim] sample:		114767.79 time, 114550.01 real, 2329 MB, 1.06 load
[runlim] sample:		114777.79 time, 114560.01 real, 2335 MB, 1.05 load
[runlim] sample:		114787.79 time, 114570.01 real, 2335 MB, 1.04 load
[runlim] sample:		114797.79 time, 114580.01 real, 2338 MB, 1.03 load
[runlim] sample:		114807.79 time, 114590.01 real, 2344 MB, 1.03 load
[runlim] sample:		114817.79 time, 114600.01 real, 2344 MB, 1.02 load
[runlim] sample:		114827.79 time, 114610.01 real, 2347 MB, 1.02 load
[runlim] sample:		114837.78 time, 114620.01 real, 2350 MB, 1.02 load
[runlim] sample:		114847.78 time, 114630.01 real, 2353 MB, 1.01 load
[runlim] sample:		114857.79 time, 114640.01 real, 2356 MB, 1.01 load
[runlim] sample:		114867.79 time, 114650.01 real, 2389 MB, 1.01 load
[runlim] sample:		114877.78 time, 114660.01 real, 2390 MB, 1.01 load
[runlim] sample:		114887.78 time, 114670.01 real, 2391 MB, 1.00 load
[runlim] sample:		114897.78 time, 114680.01 real, 2391 MB, 1.00 load
[runlim] sample:		114907.78 time, 114690.01 real, 2421 MB, 1.00 load
[runlim] sample:		114917.78 time, 114700.01 real, 2423 MB, 1.00 load
[runlim] sample:		114927.78 time, 114710.01 real, 2431 MB, 1.00 load

NN₁: mnist_relu_3_100_gemm.onnx
NN₂: mnist_relu_3_100_0.79_adam_1_stepsize.onnx
Prop: mnist_94_global_4.vnnlib

NN₁: mnist_relu_3_100_gemm.onnx
NN₂: mnist_relu_3_100_0.79_adam_1_stepsize.onnx
Prop: mnist_94_global_5.vnnlib
[runlim] sample:		114937.75 time, 114720.01 real, 2253 MB, 1.00 load
[runlim] sample:		114947.74 time, 114730.01 real, 2253 MB, 1.00 load
[runlim] sample:		114957.74 time, 114740.01 real, 2253 MB, 1.00 load
[runlim] sample:		114967.74 time, 114750.01 real, 2253 MB, 1.00 load
[runlim] sample:		114977.74 time, 114760.01 real, 2253 MB, 1.00 load
[runlim] sample:		114987.74 time, 114770.01 real, 2253 MB, 1.00 load
[runlim] sample:		114997.74 time, 114780.01 real, 2253 MB, 1.00 load
[runlim] sample:		115007.74 time, 114790.01 real, 2253 MB, 1.00 load
[runlim] sample:		115017.74 time, 114800.01 real, 2253 MB, 1.00 load
[runlim] sample:		115027.73 time, 114810.01 real, 2253 MB, 1.00 load
[runlim] sample:		115037.73 time, 114820.01 real, 2253 MB, 1.00 load
[runlim] sample:		115047.74 time, 114830.01 real, 2253 MB, 1.00 load
[runlim] sample:		115057.74 time, 114840.01 real, 2253 MB, 1.00 load
[runlim] sample:		115067.73 time, 114850.01 real, 2253 MB, 1.00 load
[runlim] sample:		115077.73 time, 114860.01 real, 2253 MB, 1.00 load
[runlim] sample:		115087.73 time, 114870.01 real, 2253 MB, 1.00 load
[runlim] sample:		115097.73 time, 114880.01 real, 2253 MB, 1.00 load
[runlim] sample:		115107.73 time, 114890.01 real, 2253 MB, 1.00 load
[runlim] sample:		115117.73 time, 114900.01 real, 2256 MB, 1.00 load
[runlim] sample:		115127.73 time, 114910.01 real, 2259 MB, 1.00 load
[runlim] sample:		115137.73 time, 114920.01 real, 2263 MB, 1.00 load
[runlim] sample:		115147.72 time, 114930.02 real, 2264 MB, 1.00 load
[runlim] sample:		115157.73 time, 114940.01 real, 2267 MB, 1.08 load
[runlim] sample:		115167.72 time, 114950.01 real, 2270 MB, 1.22 load
[runlim] sample:		115177.73 time, 114960.01 real, 2274 MB, 1.26 load
[runlim] sample:		115187.72 time, 114970.01 real, 2277 MB, 1.22 load
[runlim] sample:		115197.72 time, 114980.01 real, 2278 MB, 1.19 load
[runlim] sample:		115207.72 time, 114990.01 real, 2282 MB, 1.16 load
[runlim] sample:		115217.72 time, 115000.01 real, 2286 MB, 1.13 load
[runlim] sample:		115227.72 time, 115010.01 real, 2287 MB, 1.11 load
[runlim] sample:		115237.72 time, 115020.01 real, 2290 MB, 1.09 load
[runlim] sample:		115247.72 time, 115030.01 real, 2293 MB, 1.08 load
[runlim] sample:		115257.72 time, 115040.01 real, 2296 MB, 1.07 load
[runlim] sample:		115267.71 time, 115050.01 real, 2298 MB, 1.14 load
[runlim] sample:		115277.71 time, 115060.01 real, 2301 MB, 1.12 load
[runlim] sample:		115287.72 time, 115070.01 real, 2304 MB, 1.10 load
[runlim] sample:		115297.72 time, 115080.01 real, 2307 MB, 1.08 load
[runlim] sample:		115307.71 time, 115090.01 real, 2309 MB, 1.07 load
[runlim] sample:		115317.71 time, 115100.01 real, 2313 MB, 1.06 load
[runlim] sample:		115327.71 time, 115110.01 real, 2315 MB, 1.05 load
[runlim] sample:		115337.71 time, 115120.01 real, 2320 MB, 1.04 load
[runlim] sample:		115347.71 time, 115130.01 real, 2321 MB, 1.03 load
[runlim] sample:		115357.71 time, 115140.01 real, 2326 MB, 1.03 load
[runlim] sample:		115367.71 time, 115150.01 real, 2326 MB, 1.02 load
[runlim] sample:		115377.71 time, 115160.01 real, 2331 MB, 1.02 load
[runlim] sample:		115387.71 time, 115170.01 real, 2332 MB, 1.02 load
[runlim] sample:		115397.71 time, 115180.01 real, 2335 MB, 1.01 load
[runlim] sample:		115407.70 time, 115190.01 real, 2341 MB, 1.01 load
[runlim] sample:		115417.70 time, 115200.01 real, 2341 MB, 1.01 load
[runlim] sample:		115427.71 time, 115210.02 real, 2343 MB, 1.01 load
[runlim] sample:		115437.70 time, 115220.01 real, 2346 MB, 1.00 load
[runlim] sample:		115447.70 time, 115230.01 real, 2349 MB, 1.00 load
[runlim] sample:		115457.70 time, 115240.01 real, 2370 MB, 1.00 load
[runlim] sample:		115467.70 time, 115250.01 real, 2370 MB, 1.00 load
[runlim] sample:		115477.70 time, 115260.01 real, 2373 MB, 1.00 load
[runlim] sample:		115487.70 time, 115270.01 real, 2376 MB, 1.00 load
[runlim] sample:		115497.70 time, 115280.01 real, 2377 MB, 1.00 load
[runlim] sample:		115507.69 time, 115290.01 real, 2414 MB, 1.00 load
[runlim] sample:		115517.70 time, 115300.01 real, 2415 MB, 1.00 load
[runlim] sample:		115527.69 time, 115310.01 real, 2433 MB, 1.00 load

NN₁: mnist_relu_3_100_gemm.onnx
NN₂: mnist_relu_3_100_0.79_adam_1_stepsize.onnx
Prop: mnist_95_global_4.vnnlib

NN₁: mnist_relu_3_100_gemm.onnx
NN₂: mnist_relu_3_100_0.79_adam_1_stepsize.onnx
Prop: mnist_95_global_5.vnnlib

NN₁: mnist_relu_3_100_gemm.onnx
NN₂: mnist_relu_3_100_0.79_adam_1_stepsize.onnx
Prop: mnist_96_global_4.vnnlib
[runlim] sample:		115537.65 time, 115320.01 real, 2267 MB, 1.00 load
[runlim] sample:		115547.65 time, 115330.01 real, 2267 MB, 1.00 load
[runlim] sample:		115557.65 time, 115340.01 real, 2267 MB, 1.00 load
[runlim] sample:		115567.65 time, 115350.01 real, 2267 MB, 1.00 load
[runlim] sample:		115577.65 time, 115360.01 real, 2267 MB, 1.00 load
[runlim] sample:		115587.64 time, 115370.01 real, 2267 MB, 1.00 load
[runlim] sample:		115597.65 time, 115380.01 real, 2267 MB, 1.00 load
[runlim] sample:		115607.65 time, 115390.01 real, 2267 MB, 1.00 load
[runlim] sample:		115617.64 time, 115400.01 real, 2267 MB, 1.00 load
[runlim] sample:		115627.64 time, 115410.01 real, 2267 MB, 1.00 load
[runlim] sample:		115637.64 time, 115420.01 real, 2267 MB, 1.08 load
[runlim] sample:		115647.64 time, 115430.01 real, 2267 MB, 1.07 load
[runlim] sample:		115657.64 time, 115440.01 real, 2267 MB, 1.14 load
[runlim] sample:		115667.64 time, 115450.01 real, 2267 MB, 1.27 load
[runlim] sample:		115677.64 time, 115460.01 real, 2267 MB, 1.30 load
[runlim] sample:		115687.64 time, 115470.01 real, 2267 MB, 1.26 load
[runlim] sample:		115697.63 time, 115480.01 real, 2267 MB, 1.22 load
[runlim] sample:		115707.63 time, 115490.01 real, 2267 MB, 1.18 load
[runlim] sample:		115717.64 time, 115500.01 real, 2267 MB, 1.15 load
[runlim] sample:		115727.63 time, 115510.01 real, 2269 MB, 1.13 load
[runlim] sample:		115737.63 time, 115520.01 real, 2271 MB, 1.11 load
[runlim] sample:		115747.63 time, 115530.01 real, 2274 MB, 1.09 load
[runlim] sample:		115757.63 time, 115540.01 real, 2277 MB, 1.15 load
[runlim] sample:		115767.63 time, 115550.01 real, 2279 MB, 1.13 load
[runlim] sample:		115777.63 time, 115560.01 real, 2282 MB, 1.11 load
[runlim] sample:		115787.63 time, 115570.01 real, 2285 MB, 1.09 load
[runlim] sample:		115797.63 time, 115580.01 real, 2289 MB, 1.08 load
[runlim] sample:		115807.63 time, 115590.01 real, 2290 MB, 1.06 load
[runlim] sample:		115817.63 time, 115600.01 real, 2293 MB, 1.05 load
[runlim] sample:		115827.62 time, 115610.01 real, 2296 MB, 1.05 load
[runlim] sample:		115837.63 time, 115620.01 real, 2299 MB, 1.04 load
[runlim] sample:		115847.62 time, 115630.01 real, 2302 MB, 1.03 load
[runlim] sample:		115857.63 time, 115640.01 real, 2303 MB, 1.03 load
[runlim] sample:		115867.63 time, 115650.01 real, 2307 MB, 1.02 load
[runlim] sample:		115877.62 time, 115660.01 real, 2309 MB, 1.02 load
[runlim] sample:		115887.63 time, 115670.01 real, 2311 MB, 1.02 load
[runlim] sample:		115897.62 time, 115680.01 real, 2315 MB, 1.01 load
[runlim] sample:		115907.62 time, 115690.01 real, 2317 MB, 1.01 load
[runlim] sample:		115917.62 time, 115700.01 real, 2319 MB, 1.01 load
[runlim] sample:		115927.62 time, 115710.01 real, 2323 MB, 1.01 load
[runlim] sample:		115937.61 time, 115720.01 real, 2326 MB, 1.00 load
[runlim] sample:		115947.62 time, 115730.01 real, 2327 MB, 1.00 load
[runlim] sample:		115957.61 time, 115740.01 real, 2330 MB, 1.00 load
[runlim] sample:		115967.62 time, 115750.01 real, 2334 MB, 1.00 load
[runlim] sample:		115977.61 time, 115760.01 real, 2335 MB, 1.00 load
[runlim] sample:		115987.62 time, 115770.02 real, 2338 MB, 1.00 load
[runlim] sample:		115997.61 time, 115780.01 real, 2342 MB, 1.00 load
[runlim] sample:		116007.62 time, 115790.01 real, 2343 MB, 1.00 load
[runlim] sample:		116017.61 time, 115800.01 real, 2348 MB, 1.00 load
[runlim] sample:		116027.61 time, 115810.01 real, 2349 MB, 1.00 load
[runlim] sample:		116037.61 time, 115820.01 real, 2353 MB, 1.00 load
[runlim] sample:		116047.61 time, 115830.01 real, 2354 MB, 1.00 load
[runlim] sample:		116057.60 time, 115840.01 real, 2358 MB, 1.00 load
[runlim] sample:		116067.61 time, 115850.01 real, 2361 MB, 1.00 load
[runlim] sample:		116077.61 time, 115860.01 real, 2363 MB, 1.00 load
[runlim] sample:		116087.61 time, 115870.01 real, 2368 MB, 1.00 load
[runlim] sample:		116097.61 time, 115880.01 real, 2368 MB, 1.00 load
[runlim] sample:		116107.61 time, 115890.01 real, 2370 MB, 1.00 load
[runlim] sample:		116117.60 time, 115900.01 real, 2373 MB, 1.00 load
[runlim] sample:		116127.60 time, 115910.01 real, 2376 MB, 1.00 load

NN₁: mnist_relu_3_100_gemm.onnx
NN₂: mnist_relu_3_100_0.79_adam_1_stepsize.onnx
Prop: mnist_96_global_5.vnnlib
[runlim] sample:		116137.53 time, 115920.01 real, 2267 MB, 1.00 load
[runlim] sample:		116147.53 time, 115930.01 real, 2267 MB, 1.00 load
[runlim] sample:		116157.53 time, 115940.01 real, 2267 MB, 1.08 load
[runlim] sample:		116167.53 time, 115950.01 real, 2267 MB, 1.22 load
[runlim] sample:		116177.53 time, 115960.01 real, 2267 MB, 1.26 load
[runlim] sample:		116187.53 time, 115970.01 real, 2267 MB, 1.22 load
[runlim] sample:		116197.53 time, 115980.01 real, 2267 MB, 1.19 load
[runlim] sample:		116207.53 time, 115990.01 real, 2267 MB, 1.16 load
[runlim] sample:		116217.53 time, 116000.01 real, 2267 MB, 1.28 load
[runlim] sample:		116227.53 time, 116010.01 real, 2267 MB, 1.24 load
[runlim] sample:		116237.53 time, 116020.01 real, 2267 MB, 1.20 load
[runlim] sample:		116247.52 time, 116030.01 real, 2267 MB, 1.17 load
[runlim] sample:		116257.52 time, 116040.01 real, 2267 MB, 1.14 load
[runlim] sample:		116267.52 time, 116050.01 real, 2267 MB, 1.12 load
[runlim] sample:		116277.53 time, 116060.01 real, 2267 MB, 1.10 load
[runlim] sample:		116287.52 time, 116070.01 real, 2267 MB, 1.08 load
[runlim] sample:		116297.53 time, 116080.01 real, 2267 MB, 1.07 load
[runlim] sample:		116307.52 time, 116090.01 real, 2267 MB, 1.14 load
[runlim] sample:		116317.52 time, 116100.01 real, 2267 MB, 1.12 load
[runlim] sample:		116327.52 time, 116110.01 real, 2267 MB, 1.10 load
[runlim] sample:		116337.52 time, 116120.02 real, 2268 MB, 1.08 load
[runlim] sample:		116347.52 time, 116130.01 real, 2271 MB, 1.15 load
[runlim] sample:		116357.52 time, 116140.01 real, 2273 MB, 1.13 load
[runlim] sample:		116367.51 time, 116150.01 real, 2275 MB, 1.35 load
[runlim] sample:		116377.52 time, 116160.01 real, 2278 MB, 1.29 load
[runlim] sample:		116387.52 time, 116170.01 real, 2280 MB, 1.25 load
[runlim] sample:		116397.52 time, 116180.01 real, 2283 MB, 1.21 load
[runlim] sample:		116407.51 time, 116190.01 real, 2285 MB, 1.18 load
[runlim] sample:		116417.51 time, 116200.01 real, 2288 MB, 1.15 load
[runlim] sample:		116427.51 time, 116210.01 real, 2289 MB, 1.13 load
[runlim] sample:		116437.51 time, 116220.01 real, 2292 MB, 1.11 load
[runlim] sample:		116447.51 time, 116230.01 real, 2294 MB, 1.09 load
[runlim] sample:		116457.51 time, 116240.01 real, 2297 MB, 1.08 load
[runlim] sample:		116467.50 time, 116250.01 real, 2299 MB, 1.06 load
[runlim] sample:		116477.51 time, 116260.01 real, 2304 MB, 1.05 load
[runlim] sample:		116487.51 time, 116270.01 real, 2305 MB, 1.04 load
[runlim] sample:		116497.51 time, 116280.01 real, 2307 MB, 1.04 load
[runlim] sample:		116507.51 time, 116290.01 real, 2310 MB, 1.03 load
[runlim] sample:		116517.51 time, 116300.01 real, 2313 MB, 1.03 load
[runlim] sample:		116527.50 time, 116310.01 real, 2315 MB, 1.02 load
[runlim] sample:		116537.51 time, 116320.01 real, 2317 MB, 1.02 load
[runlim] sample:		116547.50 time, 116330.01 real, 2320 MB, 1.01 load
[runlim] sample:		116557.50 time, 116340.01 real, 2323 MB, 1.01 load
[runlim] sample:		116567.50 time, 116350.01 real, 2326 MB, 1.08 load
[runlim] sample:		116577.50 time, 116360.01 real, 2327 MB, 1.07 load
[runlim] sample:		116587.50 time, 116370.01 real, 2329 MB, 1.06 load
[runlim] sample:		116597.50 time, 116380.01 real, 2333 MB, 1.05 load
[runlim] sample:		116607.50 time, 116390.01 real, 2334 MB, 1.04 load
[runlim] sample:		116617.50 time, 116400.01 real, 2338 MB, 1.03 load
[runlim] sample:		116627.50 time, 116410.01 real, 2342 MB, 1.03 load
[runlim] sample:		116637.50 time, 116420.01 real, 2342 MB, 1.02 load
[runlim] sample:		116647.49 time, 116430.01 real, 2346 MB, 1.10 load
[runlim] sample:		116657.50 time, 116440.01 real, 2347 MB, 1.25 load
[runlim] sample:		116667.49 time, 116450.01 real, 2350 MB, 1.51 load
[runlim] sample:		116677.49 time, 116460.01 real, 2354 MB, 1.58 load
[runlim] sample:		116687.49 time, 116470.01 real, 2357 MB, 1.57 load
[runlim] sample:		116697.49 time, 116480.01 real, 2357 MB, 1.48 load
[runlim] sample:		116707.49 time, 116490.01 real, 2361 MB, 1.41 load
[runlim] sample:		116717.49 time, 116500.01 real, 2366 MB, 1.42 load
[runlim] sample:		116727.48 time, 116510.01 real, 2366 MB, 1.36 load

NN₁: mnist_relu_3_100_gemm.onnx
NN₂: mnist_relu_3_100_0.79_adam_1_stepsize.onnx
Prop: mnist_97_global_4.vnnlib

NN₁: mnist_relu_3_100_gemm.onnx
NN₂: mnist_relu_3_100_0.79_adam_1_stepsize.onnx
Prop: mnist_97_global_5.vnnlib
[runlim] sample:		116737.45 time, 116520.01 real, 2253 MB, 1.30 load
[runlim] sample:		116747.45 time, 116530.01 real, 2253 MB, 1.26 load
[runlim] sample:		116757.45 time, 116540.01 real, 2253 MB, 1.22 load
[runlim] sample:		116767.45 time, 116550.01 real, 2253 MB, 1.18 load
[runlim] sample:		116777.45 time, 116560.01 real, 2253 MB, 1.15 load
[runlim] sample:		116787.45 time, 116570.01 real, 2253 MB, 1.13 load
[runlim] sample:		116797.45 time, 116580.01 real, 2253 MB, 1.11 load
[runlim] sample:		116807.44 time, 116590.01 real, 2253 MB, 1.09 load
[runlim] sample:		116817.45 time, 116600.01 real, 2253 MB, 1.08 load
[runlim] sample:		116827.44 time, 116610.01 real, 2253 MB, 1.07 load
[runlim] sample:		116837.44 time, 116620.01 real, 2253 MB, 1.06 load
[runlim] sample:		116847.44 time, 116630.01 real, 2253 MB, 1.05 load
[runlim] sample:		116857.45 time, 116640.01 real, 2253 MB, 1.04 load
[runlim] sample:		116867.44 time, 116650.01 real, 2253 MB, 1.03 load
[runlim] sample:		116877.44 time, 116660.01 real, 2253 MB, 1.03 load
[runlim] sample:		116887.44 time, 116670.01 real, 2253 MB, 1.02 load
[runlim] sample:		116897.44 time, 116680.01 real, 2253 MB, 1.02 load
[runlim] sample:		116907.44 time, 116690.01 real, 2253 MB, 1.02 load
[runlim] sample:		116917.44 time, 116700.02 real, 2253 MB, 1.01 load
[runlim] sample:		116927.44 time, 116710.01 real, 2256 MB, 1.01 load
[runlim] sample:		116937.44 time, 116720.01 real, 2259 MB, 1.01 load
[runlim] sample:		116947.43 time, 116730.01 real, 2262 MB, 1.01 load
[runlim] sample:		116957.44 time, 116740.01 real, 2264 MB, 1.00 load
[runlim] sample:		116967.44 time, 116750.01 real, 2267 MB, 1.00 load
[runlim] sample:		116977.43 time, 116760.01 real, 2271 MB, 1.00 load
[runlim] sample:		116987.44 time, 116770.01 real, 2272 MB, 1.00 load
[runlim] sample:		116997.43 time, 116780.01 real, 2275 MB, 1.00 load
[runlim] sample:		117007.43 time, 116790.01 real, 2278 MB, 1.00 load
[runlim] sample:		117017.43 time, 116800.01 real, 2282 MB, 1.00 load
[runlim] sample:		117027.43 time, 116810.01 real, 2283 MB, 1.00 load
[runlim] sample:		117037.43 time, 116820.01 real, 2287 MB, 1.00 load
[runlim] sample:		117047.42 time, 116830.01 real, 2289 MB, 1.00 load
[runlim] sample:		117057.43 time, 116840.01 real, 2292 MB, 1.00 load
[runlim] sample:		117067.42 time, 116850.01 real, 2295 MB, 1.00 load
[runlim] sample:		117077.42 time, 116860.01 real, 2298 MB, 1.00 load
[runlim] sample:		117087.43 time, 116870.01 real, 2300 MB, 1.00 load
[runlim] sample:		117097.43 time, 116880.01 real, 2302 MB, 1.00 load
[runlim] sample:		117107.42 time, 116890.01 real, 2305 MB, 1.00 load
[runlim] sample:		117117.42 time, 116900.01 real, 2308 MB, 1.00 load
[runlim] sample:		117127.42 time, 116910.01 real, 2311 MB, 1.00 load
[runlim] sample:		117137.42 time, 116920.01 real, 2313 MB, 1.00 load
[runlim] sample:		117147.41 time, 116930.01 real, 2317 MB, 1.00 load
[runlim] sample:		117157.42 time, 116940.01 real, 2319 MB, 1.08 load
[runlim] sample:		117167.42 time, 116950.01 real, 2325 MB, 1.22 load
[runlim] sample:		117177.41 time, 116960.01 real, 2325 MB, 1.26 load
[runlim] sample:		117187.41 time, 116970.01 real, 2330 MB, 1.22 load
[runlim] sample:		117197.41 time, 116980.01 real, 2330 MB, 1.19 load
[runlim] sample:		117207.41 time, 116990.01 real, 2335 MB, 1.16 load
[runlim] sample:		117217.41 time, 117000.01 real, 2339 MB, 1.13 load
[runlim] sample:		117227.42 time, 117010.01 real, 2339 MB, 1.11 load
[runlim] sample:		117237.41 time, 117020.01 real, 2341 MB, 1.09 load
[runlim] sample:		117247.41 time, 117030.01 real, 2346 MB, 1.08 load
[runlim] sample:		117257.41 time, 117040.01 real, 2347 MB, 1.07 load
[runlim] sample:		117267.41 time, 117050.01 real, 2349 MB, 1.06 load
[runlim] sample:		117277.41 time, 117060.01 real, 2369 MB, 1.05 load
[runlim] sample:		117287.41 time, 117070.01 real, 2370 MB, 1.04 load
[runlim] sample:		117297.40 time, 117080.01 real, 2373 MB, 1.03 load
[runlim] sample:		117307.40 time, 117090.01 real, 2396 MB, 1.03 load
[runlim] sample:		117317.41 time, 117100.01 real, 2396 MB, 1.02 load
[runlim] sample:		117327.40 time, 117110.01 real, 2417 MB, 1.02 load

NN₁: mnist_relu_3_100_gemm.onnx
NN₂: mnist_relu_3_100_0.79_adam_1_stepsize.onnx
Prop: mnist_98_global_4.vnnlib
[runlim] sample:		117337.37 time, 117120.01 real, 2253 MB, 1.02 load
[runlim] sample:		117347.37 time, 117130.01 real, 2253 MB, 1.01 load
[runlim] sample:		117357.37 time, 117140.01 real, 2253 MB, 1.01 load
[runlim] sample:		117367.37 time, 117150.01 real, 2253 MB, 1.01 load
[runlim] sample:		117377.37 time, 117160.01 real, 2253 MB, 1.01 load
[runlim] sample:		117387.37 time, 117170.01 real, 2253 MB, 1.00 load
[runlim] sample:		117397.36 time, 117180.01 real, 2253 MB, 1.00 load
[runlim] sample:		117407.36 time, 117190.01 real, 2253 MB, 1.00 load
[runlim] sample:		117417.36 time, 117200.01 real, 2253 MB, 1.00 load
[runlim] sample:		117427.36 time, 117210.01 real, 2253 MB, 1.08 load
[runlim] sample:		117437.36 time, 117220.01 real, 2253 MB, 1.07 load
[runlim] sample:		117447.37 time, 117230.01 real, 2253 MB, 1.06 load
[runlim] sample:		117457.36 time, 117240.01 real, 2253 MB, 1.05 load
[runlim] sample:		117467.36 time, 117250.01 real, 2253 MB, 1.04 load
[runlim] sample:		117477.36 time, 117260.01 real, 2253 MB, 1.03 load
[runlim] sample:		117487.36 time, 117270.01 real, 2253 MB, 1.03 load
[runlim] sample:		117497.36 time, 117280.01 real, 2253 MB, 1.02 load
[runlim] sample:		117507.36 time, 117290.01 real, 2253 MB, 1.02 load
[runlim] sample:		117517.36 time, 117300.01 real, 2254 MB, 1.02 load
[runlim] sample:		117527.36 time, 117310.01 real, 2257 MB, 1.01 load
[runlim] sample:		117537.36 time, 117320.01 real, 2259 MB, 1.01 load
[runlim] sample:		117547.35 time, 117330.01 real, 2263 MB, 1.01 load
[runlim] sample:		117557.36 time, 117340.01 real, 2265 MB, 1.01 load
[runlim] sample:		117567.35 time, 117350.01 real, 2268 MB, 1.00 load
[runlim] sample:		117577.35 time, 117360.01 real, 2271 MB, 1.00 load
[runlim] sample:		117587.35 time, 117370.01 real, 2274 MB, 1.00 load
[runlim] sample:		117597.35 time, 117380.01 real, 2278 MB, 1.00 load
[runlim] sample:		117607.35 time, 117390.01 real, 2279 MB, 1.00 load
[runlim] sample:		117617.35 time, 117400.01 real, 2283 MB, 1.00 load
[runlim] sample:		117627.34 time, 117410.01 real, 2284 MB, 1.00 load
[runlim] sample:		117637.35 time, 117420.01 real, 2287 MB, 1.00 load
[runlim] sample:		117647.34 time, 117430.01 real, 2291 MB, 1.00 load
[runlim] sample:		117657.35 time, 117440.01 real, 2295 MB, 1.08 load
[runlim] sample:		117667.34 time, 117450.01 real, 2295 MB, 1.22 load
[runlim] sample:		117677.34 time, 117460.01 real, 2298 MB, 1.26 load
[runlim] sample:		117687.35 time, 117470.01 real, 2302 MB, 1.22 load
[runlim] sample:		117697.34 time, 117480.01 real, 2304 MB, 1.19 load
[runlim] sample:		117707.34 time, 117490.01 real, 2307 MB, 1.16 load
[runlim] sample:		117717.34 time, 117500.01 real, 2310 MB, 1.13 load
[runlim] sample:		117727.34 time, 117510.01 real, 2312 MB, 1.11 load
[runlim] sample:		117737.34 time, 117520.01 real, 2317 MB, 1.09 load
[runlim] sample:		117747.34 time, 117530.01 real, 2318 MB, 1.08 load
[runlim] sample:		117757.33 time, 117540.01 real, 2322 MB, 1.07 load
[runlim] sample:		117767.34 time, 117550.01 real, 2323 MB, 1.06 load
[runlim] sample:		117777.33 time, 117560.01 real, 2328 MB, 1.05 load
[runlim] sample:		117787.34 time, 117570.01 real, 2329 MB, 1.04 load
[runlim] sample:		117797.34 time, 117580.01 real, 2334 MB, 1.03 load
[runlim] sample:		117807.33 time, 117590.01 real, 2335 MB, 1.03 load
[runlim] sample:		117817.33 time, 117600.01 real, 2337 MB, 1.02 load
[runlim] sample:		117827.33 time, 117610.01 real, 2342 MB, 1.02 load
[runlim] sample:		117837.33 time, 117620.01 real, 2343 MB, 1.02 load
[runlim] sample:		117847.33 time, 117630.01 real, 2346 MB, 1.01 load
[runlim] sample:		117857.33 time, 117640.01 real, 2349 MB, 1.01 load
[runlim] sample:		117867.33 time, 117650.01 real, 2352 MB, 1.01 load
[runlim] sample:		117877.32 time, 117660.01 real, 2373 MB, 1.01 load
[runlim] sample:		117887.33 time, 117670.01 real, 2358 MB, 1.00 load
[runlim] sample:		117897.33 time, 117680.01 real, 2360 MB, 1.00 load
[runlim] sample:		117907.32 time, 117690.01 real, 2401 MB, 1.00 load
[runlim] sample:		117917.33 time, 117700.01 real, 2403 MB, 1.00 load
[runlim] sample:		117927.33 time, 117710.01 real, 2406 MB, 1.00 load

NN₁: mnist_relu_3_100_gemm.onnx
NN₂: mnist_relu_3_100_0.79_adam_1_stepsize.onnx
Prop: mnist_98_global_5.vnnlib
[runlim] sample:		117937.29 time, 117720.01 real, 2253 MB, 1.00 load
[runlim] sample:		117947.28 time, 117730.01 real, 2253 MB, 1.00 load
[runlim] sample:		117957.29 time, 117740.01 real, 2253 MB, 1.00 load
[runlim] sample:		117967.29 time, 117750.01 real, 2253 MB, 1.00 load
[runlim] sample:		117977.28 time, 117760.01 real, 2253 MB, 1.00 load
[runlim] sample:		117987.29 time, 117770.01 real, 2253 MB, 1.07 load
[runlim] sample:		117997.28 time, 117780.01 real, 2253 MB, 1.06 load
[runlim] sample:		118007.28 time, 117790.01 real, 2253 MB, 1.05 load
[runlim] sample:		118017.28 time, 117800.01 real, 2253 MB, 1.04 load
[runlim] sample:		118027.28 time, 117810.01 real, 2253 MB, 1.04 load
[runlim] sample:		118037.28 time, 117820.01 real, 2253 MB, 1.03 load
[runlim] sample:		118047.28 time, 117830.01 real, 2253 MB, 1.02 load
[runlim] sample:		118057.28 time, 117840.01 real, 2253 MB, 1.02 load
[runlim] sample:		118067.28 time, 117850.01 real, 2253 MB, 1.02 load
[runlim] sample:		118077.28 time, 117860.01 real, 2253 MB, 1.01 load
[runlim] sample:		118087.28 time, 117870.01 real, 2253 MB, 1.01 load
[runlim] sample:		118097.28 time, 117880.01 real, 2253 MB, 1.01 load
[runlim] sample:		118107.27 time, 117890.01 real, 2253 MB, 1.01 load
[runlim] sample:		118117.28 time, 117900.01 real, 2253 MB, 1.01 load
[runlim] sample:		118127.28 time, 117910.01 real, 2254 MB, 1.00 load
[runlim] sample:		118137.28 time, 117920.01 real, 2257 MB, 1.00 load
[runlim] sample:		118147.27 time, 117930.01 real, 2258 MB, 1.00 load
[runlim] sample:		118157.27 time, 117940.01 real, 2260 MB, 1.08 load
[runlim] sample:		118167.27 time, 117950.01 real, 2264 MB, 1.22 load
[runlim] sample:		118177.27 time, 117960.01 real, 2265 MB, 1.26 load
[runlim] sample:		118187.27 time, 117970.01 real, 2268 MB, 1.22 load
[runlim] sample:		118197.27 time, 117980.01 real, 2271 MB, 1.34 load
[runlim] sample:		118207.27 time, 117990.01 real, 2274 MB, 1.28 load
[runlim] sample:		118217.27 time, 118000.01 real, 2277 MB, 1.24 load
[runlim] sample:		118227.27 time, 118010.01 real, 2279 MB, 1.20 load
[runlim] sample:		118237.27 time, 118020.01 real, 2281 MB, 1.17 load
[runlim] sample:		118247.26 time, 118030.01 real, 2284 MB, 1.14 load
[runlim] sample:		118257.26 time, 118040.01 real, 2287 MB, 1.12 load
[runlim] sample:		118267.26 time, 118050.01 real, 2291 MB, 1.10 load
[runlim] sample:		118277.27 time, 118060.01 real, 2292 MB, 1.09 load
[runlim] sample:		118287.26 time, 118070.01 real, 2294 MB, 1.07 load
[runlim] sample:		118297.26 time, 118080.01 real, 2297 MB, 1.06 load
[runlim] sample:		118307.26 time, 118090.01 real, 2299 MB, 1.05 load
[runlim] sample:		118317.26 time, 118100.01 real, 2302 MB, 1.04 load
[runlim] sample:		118327.26 time, 118110.01 real, 2305 MB, 1.04 load
[runlim] sample:		118337.26 time, 118120.01 real, 2307 MB, 1.03 load
[runlim] sample:		118347.25 time, 118130.01 real, 2311 MB, 1.02 load
[runlim] sample:		118357.25 time, 118140.01 real, 2314 MB, 1.02 load
[runlim] sample:		118367.26 time, 118150.01 real, 2315 MB, 1.02 load
[runlim] sample:		118377.25 time, 118160.01 real, 2318 MB, 1.01 load
[runlim] sample:		118387.26 time, 118170.01 real, 2324 MB, 1.01 load
[runlim] sample:		118397.25 time, 118180.01 real, 2324 MB, 1.01 load
[runlim] sample:		118407.25 time, 118190.01 real, 2328 MB, 1.01 load
[runlim] sample:		118417.25 time, 118200.01 real, 2328 MB, 1.01 load
[runlim] sample:		118427.25 time, 118210.01 real, 2334 MB, 1.00 load
[runlim] sample:		118437.25 time, 118220.01 real, 2334 MB, 1.00 load
[runlim] sample:		118447.25 time, 118230.01 real, 2336 MB, 1.00 load
[runlim] sample:		118457.25 time, 118240.01 real, 2341 MB, 1.00 load
[runlim] sample:		118467.25 time, 118250.01 real, 2341 MB, 1.00 load
[runlim] sample:		118477.25 time, 118260.01 real, 2351 MB, 1.00 load
[runlim] sample:		118487.24 time, 118270.01 real, 2351 MB, 1.00 load
[runlim] sample:		118497.25 time, 118280.01 real, 2360 MB, 1.00 load
[runlim] sample:		118507.24 time, 118290.01 real, 2360 MB, 1.00 load
[runlim] sample:		118517.24 time, 118300.01 real, 2373 MB, 1.00 load
[runlim] sample:		118527.24 time, 118310.01 real, 2374 MB, 1.00 load

NN₁: mnist_relu_3_100_gemm.onnx
NN₂: mnist_relu_3_100_0.79_adam_1_stepsize.onnx
Prop: mnist_99_global_4.vnnlib

NN₁: mnist_relu_3_100_gemm.onnx
NN₂: mnist_relu_3_100_0.79_adam_1_stepsize.onnx
Prop: mnist_99_global_5.vnnlib
[runlim] sample:		118537.20 time, 118320.01 real, 2253 MB, 1.00 load
[runlim] sample:		118547.20 time, 118330.01 real, 2253 MB, 1.08 load
[runlim] sample:		118557.20 time, 118340.01 real, 2253 MB, 1.07 load
[runlim] sample:		118567.19 time, 118350.01 real, 2253 MB, 1.14 load
[runlim] sample:		118577.20 time, 118360.01 real, 2253 MB, 1.12 load
[runlim] sample:		118587.20 time, 118370.01 real, 2253 MB, 1.10 load
[runlim] sample:		118597.20 time, 118380.01 real, 2253 MB, 1.08 load
[runlim] sample:		118607.20 time, 118390.01 real, 2253 MB, 1.07 load
[runlim] sample:		118617.20 time, 118400.01 real, 2253 MB, 1.06 load
[runlim] sample:		118627.19 time, 118410.01 real, 2253 MB, 1.05 load
[runlim] sample:		118637.20 time, 118420.01 real, 2253 MB, 1.04 load
[runlim] sample:		118647.19 time, 118430.01 real, 2253 MB, 1.03 load
[runlim] sample:		118657.20 time, 118440.01 real, 2253 MB, 1.11 load
[runlim] sample:		118667.19 time, 118450.01 real, 2253 MB, 1.25 load
[runlim] sample:		118677.19 time, 118460.01 real, 2253 MB, 1.28 load
[runlim] sample:		118687.19 time, 118470.01 real, 2253 MB, 1.24 load
[runlim] sample:		118697.19 time, 118480.01 real, 2253 MB, 1.20 load
[runlim] sample:		118707.19 time, 118490.01 real, 2253 MB, 1.17 load
[runlim] sample:		118717.19 time, 118500.01 real, 2256 MB, 1.14 load
[runlim] sample:		118727.19 time, 118510.01 real, 2259 MB, 1.12 load
[runlim] sample:		118737.19 time, 118520.01 real, 2262 MB, 1.10 load
[runlim] sample:		118747.18 time, 118530.01 real, 2266 MB, 1.09 load
[runlim] sample:		118757.19 time, 118540.01 real, 2267 MB, 1.07 load
[runlim] sample:		118767.18 time, 118550.01 real, 2270 MB, 1.06 load
[runlim] sample:		118777.19 time, 118560.01 real, 2273 MB, 1.05 load
[runlim] sample:		118787.19 time, 118570.01 real, 2276 MB, 1.04 load
[runlim] sample:		118797.19 time, 118580.01 real, 2279 MB, 1.11 load
[runlim] sample:		118807.18 time, 118590.01 real, 2282 MB, 1.09 load
[runlim] sample:		118817.18 time, 118600.01 real, 2285 MB, 1.08 load
[runlim] sample:		118827.18 time, 118610.01 real, 2287 MB, 1.07 load
[runlim] sample:		118837.18 time, 118620.01 real, 2290 MB, 1.06 load
[runlim] sample:		118847.18 time, 118630.01 real, 2293 MB, 1.05 load
[runlim] sample:		118857.18 time, 118640.01 real, 2297 MB, 1.04 load
[runlim] sample:		118867.18 time, 118650.01 real, 2299 MB, 1.03 load
[runlim] sample:		118877.18 time, 118660.01 real, 2304 MB, 1.03 load
[runlim] sample:		118887.18 time, 118670.01 real, 2305 MB, 1.02 load
[runlim] sample:		118897.17 time, 118680.01 real, 2309 MB, 1.02 load
[runlim] sample:		118907.18 time, 118690.01 real, 2311 MB, 1.02 load
[runlim] sample:		118917.17 time, 118700.01 real, 2314 MB, 1.01 load
[runlim] sample:		118927.17 time, 118710.01 real, 2317 MB, 1.01 load
[runlim] sample:		118937.17 time, 118720.01 real, 2321 MB, 1.01 load
[runlim] sample:		118947.17 time, 118730.01 real, 2323 MB, 1.01 load
[runlim] sample:		118957.17 time, 118740.01 real, 2326 MB, 1.00 load
[runlim] sample:		118967.18 time, 118750.01 real, 2329 MB, 1.00 load
[runlim] sample:		118977.17 time, 118760.01 real, 2335 MB, 1.00 load
[runlim] sample:		118987.17 time, 118770.02 real, 2335 MB, 1.00 load
[runlim] sample:		118997.17 time, 118780.01 real, 2337 MB, 1.00 load
[runlim] sample:		119007.17 time, 118790.01 real, 2340 MB, 1.00 load
[runlim] sample:		119017.17 time, 118800.01 real, 2343 MB, 1.00 load
[runlim] sample:		119027.16 time, 118810.01 real, 2346 MB, 1.00 load
[runlim] sample:		119037.16 time, 118820.01 real, 2370 MB, 1.07 load
[runlim] sample:		119047.17 time, 118830.01 real, 2372 MB, 1.06 load
[runlim] sample:		119057.17 time, 118840.01 real, 2392 MB, 1.05 load
[runlim] sample:		119067.16 time, 118850.02 real, 2393 MB, 1.04 load
[runlim] sample:		119077.16 time, 118860.01 real, 2415 MB, 1.04 load
[runlim] sample:		119087.16 time, 118870.01 real, 2416 MB, 1.03 load
[runlim] sample:		119097.16 time, 118880.01 real, 2419 MB, 1.10 load
[runlim] sample:		119107.16 time, 118890.01 real, 2447 MB, 1.08 load
[runlim] sample:		119117.16 time, 118900.01 real, 2448 MB, 1.15 load
[runlim] sample:		119127.16 time, 118910.01 real, 2439 MB, 1.13 load
[runlim] end:			Mon Sep 14 06:44:33 2026
[runlim] status:		ok
[runlim] result:		0
[runlim] children:		1
[runlim] processes:		2
[runlim] real:			118919.62 seconds
[runlim] time:			119136.74 seconds
[runlim] space:			2532 MB
[runlim] load:			2.08 maximum
[runlim] samples:		1189197
