[runlim] version:		2.0.0rc12
[runlim] host:			compute9
[runlim] time limit:		311040000 seconds
[runlim] real time limit:	311040000 seconds
[runlim] space limit:		62872 MB
[runlim] argv[0]:		julia
[runlim] argv[1]:		run_experiments_epsilon.jl
[runlim] argv[2]:		MNIST
[runlim] argv[3]:		INPUT-DIFF
[runlim] argv[4]:		mnist-prune-global_4-5.csv
[runlim] argv[5]:		run VeryDiff
[runlim] start:			Sat Jun 20 02:47:40 2026
[runlim] child:			576309
  Activating project at `~/VeryDiff`
[runlim] sample:		1.74 time, 10.01 real, 489 MB, 0.15 load
Set parameter WLSAccessID
Set parameter WLSSecret
Set parameter LicenseID to value 2728393
Academic license 2728393 - for non-commercial use only - registered to uz___@student.kit.edu

Running MNIST all...
Configuration: LP-ZC-DU-Input-DiffZono-RS-DB

Warmup...

NN₁: mnist_relu_2_512_gemm.onnx
NN₂: mnist_relu_2_512_0.79.onnx
Prop: mnist_0_global_3.vnnlib
[runlim] sample:		11.28 time, 20.01 real, 1301 MB, 0.28 load
[runlim] sample:		21.26 time, 30.01 real, 1414 MB, 0.39 load
[runlim] sample:		31.24 time, 40.01 real, 1480 MB, 0.49 load
[runlim] sample:		41.24 time, 50.01 real, 1602 MB, 0.57 load
[runlim] sample:		51.25 time, 60.01 real, 1609 MB, 0.63 load
[runlim] sample:		61.24 time, 70.01 real, 1638 MB, 0.69 load
[runlim] sample:		71.25 time, 80.01 real, 1652 MB, 0.81 load
[runlim] sample:		81.26 time, 90.01 real, 1637 MB, 0.84 load
[runlim] sample:		91.26 time, 100.01 real, 1660 MB, 0.87 load
[runlim] sample:		101.26 time, 110.01 real, 1667 MB, 0.89 load
[runlim] sample:		111.26 time, 120.01 real, 1677 MB, 0.90 load
[runlim] sample:		121.26 time, 130.01 real, 1667 MB, 0.92 load
[runlim] sample:		131.27 time, 140.01 real, 1688 MB, 0.93 load

Warmup End

NN₁: mnist_relu_2_512_gemm.onnx
NN₂: mnist_relu_2_512_0.79.onnx
Prop: mnist_0_global_4.vnnlib
[runlim] sample:		141.26 time, 150.01 real, 1646 MB, 0.94 load
[runlim] sample:		151.27 time, 160.01 real, 1646 MB, 0.95 load
[runlim] sample:		161.27 time, 170.01 real, 1646 MB, 0.96 load

NN₁: mnist_relu_2_512_gemm.onnx
NN₂: mnist_relu_2_512_0.79.onnx
Prop: mnist_0_global_5.vnnlib

NN₁: mnist_relu_2_512_gemm.onnx
NN₂: mnist_relu_2_512_0.79.onnx
Prop: mnist_1_global_4.vnnlib

NN₁: mnist_relu_2_512_gemm.onnx
NN₂: mnist_relu_2_512_0.79.onnx
Prop: mnist_1_global_5.vnnlib

NN₁: mnist_relu_2_512_gemm.onnx
NN₂: mnist_relu_2_512_0.79.onnx
Prop: mnist_2_global_4.vnnlib
[runlim] sample:		171.26 time, 180.01 real, 1664 MB, 0.97 load
[runlim] sample:		181.26 time, 190.01 real, 1664 MB, 0.97 load
[runlim] sample:		191.26 time, 200.01 real, 1664 MB, 0.98 load
[runlim] sample:		201.27 time, 210.01 real, 1668 MB, 0.98 load
[runlim] sample:		211.27 time, 220.01 real, 1673 MB, 0.98 load
[runlim] sample:		221.28 time, 230.01 real, 1661 MB, 0.99 load
[runlim] sample:		231.28 time, 240.01 real, 1684 MB, 0.99 load
[runlim] sample:		241.28 time, 250.01 real, 1691 MB, 0.99 load
[runlim] sample:		251.28 time, 260.01 real, 1702 MB, 0.99 load
[runlim] sample:		261.29 time, 270.01 real, 1691 MB, 1.00 load
[runlim] sample:		271.29 time, 280.01 real, 1689 MB, 1.00 load
[runlim] sample:		281.20 time, 290.01 real, 1690 MB, 0.92 load
[runlim] sample:		291.21 time, 300.01 real, 1724 MB, 0.94 load

NN₁: mnist_relu_2_512_gemm.onnx
NN₂: mnist_relu_2_512_0.79.onnx
Prop: mnist_3_global_5.vnnlib
[runlim] sample:		301.19 time, 310.01 real, 1653 MB, 0.95 load
[runlim] sample:		311.20 time, 320.01 real, 1653 MB, 0.95 load
[runlim] sample:		321.20 time, 330.01 real, 1653 MB, 0.96 load
[runlim] sample:		331.20 time, 340.01 real, 1653 MB, 0.97 load
[runlim] sample:		341.21 time, 350.01 real, 1653 MB, 0.97 load
[runlim] sample:		351.21 time, 360.01 real, 1663 MB, 0.98 load
[runlim] sample:		361.21 time, 370.01 real, 1667 MB, 0.98 load
[runlim] sample:		371.22 time, 380.01 real, 1653 MB, 0.98 load
[runlim] sample:		381.22 time, 390.01 real, 1686 MB, 0.99 load
[runlim] sample:		391.23 time, 400.01 real, 1692 MB, 0.99 load
[runlim] sample:		401.23 time, 410.01 real, 1700 MB, 0.99 load
[runlim] sample:		411.24 time, 420.01 real, 1703 MB, 0.99 load
[runlim] sample:		421.24 time, 430.01 real, 1711 MB, 1.00 load
[runlim] sample:		431.25 time, 440.01 real, 1719 MB, 1.15 load
[runlim] sample:		441.24 time, 450.01 real, 1726 MB, 1.13 load
[runlim] sample:		451.25 time, 460.01 real, 1744 MB, 1.11 load
[runlim] sample:		461.25 time, 470.01 real, 1746 MB, 1.09 load
[runlim] sample:		471.25 time, 480.01 real, 1751 MB, 1.08 load
[runlim] sample:		481.26 time, 490.01 real, 1764 MB, 1.06 load
[runlim] sample:		491.26 time, 500.01 real, 1769 MB, 1.05 load
[runlim] sample:		501.27 time, 510.01 real, 1779 MB, 1.04 load
[runlim] sample:		511.27 time, 520.01 real, 1769 MB, 1.04 load
[runlim] sample:		521.28 time, 530.01 real, 1770 MB, 1.03 load
[runlim] sample:		531.28 time, 540.01 real, 1769 MB, 1.03 load
[runlim] sample:		541.28 time, 550.01 real, 1806 MB, 1.02 load
[runlim] sample:		551.18 time, 560.01 real, 1815 MB, 1.02 load
[runlim] sample:		561.18 time, 570.01 real, 1826 MB, 1.01 load
[runlim] sample:		571.19 time, 580.01 real, 1834 MB, 1.01 load
[runlim] sample:		581.19 time, 590.01 real, 1834 MB, 1.01 load
[runlim] sample:		591.19 time, 600.01 real, 1851 MB, 1.01 load
[runlim] sample:		601.19 time, 610.01 real, 1851 MB, 1.01 load
[runlim] sample:		611.19 time, 620.01 real, 1860 MB, 1.00 load
[runlim] sample:		621.20 time, 630.01 real, 1854 MB, 1.00 load
[runlim] sample:		631.21 time, 640.01 real, 1854 MB, 1.00 load
[runlim] sample:		641.21 time, 650.01 real, 1866 MB, 1.00 load
[runlim] sample:		651.22 time, 660.01 real, 1898 MB, 1.00 load
[runlim] sample:		661.22 time, 670.01 real, 1902 MB, 1.00 load
[runlim] sample:		671.22 time, 680.01 real, 1913 MB, 1.00 load
[runlim] sample:		681.22 time, 690.01 real, 1891 MB, 1.00 load
[runlim] sample:		691.23 time, 700.01 real, 1918 MB, 1.00 load
[runlim] sample:		701.24 time, 710.01 real, 1915 MB, 1.00 load
[runlim] sample:		711.23 time, 720.01 real, 1942 MB, 1.00 load
[runlim] sample:		721.24 time, 730.01 real, 1942 MB, 1.00 load
[runlim] sample:		731.24 time, 740.01 real, 1953 MB, 1.00 load
[runlim] sample:		741.24 time, 750.01 real, 1964 MB, 1.08 load
[runlim] sample:		751.25 time, 760.01 real, 1976 MB, 1.30 load
[runlim] sample:		761.26 time, 770.01 real, 1952 MB, 1.33 load
[runlim] sample:		771.26 time, 780.01 real, 1954 MB, 1.28 load
[runlim] sample:		781.26 time, 790.01 real, 1994 MB, 1.24 load
[runlim] sample:		791.26 time, 800.01 real, 1994 MB, 1.20 load
[runlim] sample:		801.26 time, 810.01 real, 1990 MB, 1.17 load
[runlim] sample:		811.27 time, 820.01 real, 2016 MB, 1.14 load
[runlim] sample:		821.17 time, 830.01 real, 2025 MB, 1.12 load
[runlim] sample:		831.17 time, 840.01 real, 2025 MB, 1.10 load
[runlim] sample:		841.18 time, 850.01 real, 2248 MB, 1.08 load
[runlim] sample:		851.18 time, 860.01 real, 2287 MB, 1.07 load
[runlim] sample:		861.18 time, 870.01 real, 2290 MB, 1.06 load
[runlim] sample:		871.19 time, 880.01 real, 2309 MB, 1.05 load
[runlim] sample:		881.20 time, 890.01 real, 2309 MB, 1.04 load
[runlim] sample:		891.20 time, 900.01 real, 2306 MB, 1.04 load

NN₁: mnist_relu_2_512_gemm.onnx
NN₂: mnist_relu_2_512_0.79.onnx
Prop: mnist_4_global_4.vnnlib
[runlim] sample:		901.20 time, 910.01 real, 2001 MB, 1.03 load
[runlim] sample:		911.20 time, 920.01 real, 2001 MB, 1.02 load
[runlim] sample:		921.21 time, 930.01 real, 2001 MB, 1.02 load
[runlim] sample:		931.20 time, 940.01 real, 2001 MB, 1.17 load
[runlim] sample:		941.21 time, 950.01 real, 2001 MB, 1.14 load
[runlim] sample:		951.21 time, 960.01 real, 2001 MB, 1.12 load
[runlim] sample:		961.22 time, 970.01 real, 2001 MB, 1.10 load
[runlim] sample:		971.22 time, 980.01 real, 2001 MB, 1.09 load
[runlim] sample:		981.22 time, 990.01 real, 2001 MB, 1.07 load
[runlim] sample:		991.23 time, 1000.01 real, 2001 MB, 1.06 load
[runlim] sample:		1001.24 time, 1010.01 real, 2001 MB, 1.05 load
[runlim] sample:		1011.24 time, 1020.01 real, 2001 MB, 1.04 load
[runlim] sample:		1021.25 time, 1030.01 real, 2001 MB, 1.04 load
[runlim] sample:		1031.25 time, 1040.01 real, 2001 MB, 1.03 load
[runlim] sample:		1041.26 time, 1050.01 real, 2001 MB, 1.02 load
[runlim] sample:		1051.25 time, 1060.01 real, 2001 MB, 1.02 load
[runlim] sample:		1061.26 time, 1070.01 real, 2001 MB, 1.02 load
[runlim] sample:		1071.27 time, 1080.01 real, 2001 MB, 1.01 load
[runlim] sample:		1081.27 time, 1090.01 real, 2001 MB, 1.01 load
[runlim] sample:		1091.21 time, 1100.01 real, 2001 MB, 1.01 load
[runlim] sample:		1101.21 time, 1110.01 real, 2001 MB, 1.01 load
[runlim] sample:		1111.21 time, 1120.01 real, 2001 MB, 1.01 load
[runlim] sample:		1121.22 time, 1130.01 real, 2001 MB, 1.00 load
[runlim] sample:		1131.22 time, 1140.01 real, 2001 MB, 1.00 load
[runlim] sample:		1141.22 time, 1150.01 real, 2001 MB, 1.00 load
[runlim] sample:		1151.23 time, 1160.01 real, 2001 MB, 1.00 load
[runlim] sample:		1161.23 time, 1170.01 real, 2001 MB, 1.00 load
[runlim] sample:		1171.24 time, 1180.01 real, 2001 MB, 1.00 load
[runlim] sample:		1181.24 time, 1190.01 real, 2001 MB, 1.00 load
[runlim] sample:		1191.25 time, 1200.01 real, 2001 MB, 1.15 load
[runlim] sample:		1201.25 time, 1210.01 real, 2001 MB, 1.13 load
[runlim] sample:		1211.26 time, 1220.01 real, 2001 MB, 1.11 load
[runlim] sample:		1221.26 time, 1230.01 real, 2001 MB, 1.09 load
[runlim] sample:		1231.27 time, 1240.01 real, 2001 MB, 1.08 load
[runlim] sample:		1241.26 time, 1250.01 real, 2001 MB, 1.06 load
[runlim] sample:		1251.28 time, 1260.01 real, 2001 MB, 1.05 load
[runlim] sample:		1261.28 time, 1270.01 real, 2001 MB, 1.05 load
[runlim] sample:		1271.28 time, 1280.01 real, 2001 MB, 1.04 load
[runlim] sample:		1281.29 time, 1290.01 real, 2001 MB, 1.03 load
[runlim] sample:		1291.29 time, 1300.01 real, 2001 MB, 1.03 load
[runlim] sample:		1301.29 time, 1310.01 real, 2001 MB, 1.02 load
[runlim] sample:		1311.30 time, 1320.01 real, 2001 MB, 1.02 load
[runlim] sample:		1321.30 time, 1330.01 real, 2001 MB, 1.02 load
[runlim] sample:		1331.31 time, 1340.01 real, 2001 MB, 1.09 load
[runlim] sample:		1341.31 time, 1350.01 real, 2001 MB, 1.08 load
[runlim] sample:		1351.31 time, 1360.01 real, 2001 MB, 1.07 load
[runlim] sample:		1361.24 time, 1370.01 real, 2001 MB, 1.06 load
[runlim] sample:		1371.24 time, 1380.01 real, 2001 MB, 1.05 load
[runlim] sample:		1381.24 time, 1390.01 real, 2001 MB, 1.04 load
[runlim] sample:		1391.25 time, 1400.01 real, 2001 MB, 1.03 load
[runlim] sample:		1401.25 time, 1410.01 real, 2001 MB, 1.03 load
[runlim] sample:		1411.26 time, 1420.01 real, 2001 MB, 1.02 load
[runlim] sample:		1421.26 time, 1430.01 real, 2001 MB, 1.02 load
[runlim] sample:		1431.27 time, 1440.01 real, 2001 MB, 1.17 load
[runlim] sample:		1441.27 time, 1450.01 real, 2001 MB, 1.22 load
[runlim] sample:		1451.27 time, 1460.01 real, 2010 MB, 1.18 load
[runlim] sample:		1461.27 time, 1470.01 real, 2010 MB, 1.16 load
[runlim] sample:		1471.28 time, 1480.01 real, 2001 MB, 1.13 load
[runlim] sample:		1481.28 time, 1490.01 real, 2008 MB, 1.11 load
[runlim] sample:		1491.28 time, 1500.01 real, 2014 MB, 1.09 load

NN₁: mnist_relu_2_512_gemm.onnx
NN₂: mnist_relu_2_512_0.79.onnx
Prop: mnist_4_global_5.vnnlib
[runlim] sample:		1501.29 time, 1510.01 real, 2014 MB, 1.08 load
[runlim] sample:		1511.28 time, 1520.01 real, 2014 MB, 1.07 load
[runlim] sample:		1521.29 time, 1530.01 real, 2014 MB, 1.06 load
[runlim] sample:		1531.29 time, 1540.01 real, 2014 MB, 1.05 load
[runlim] sample:		1541.30 time, 1550.01 real, 2014 MB, 1.04 load
[runlim] sample:		1551.31 time, 1560.01 real, 2014 MB, 1.03 load
[runlim] sample:		1561.31 time, 1570.01 real, 2014 MB, 1.03 load
[runlim] sample:		1571.31 time, 1580.01 real, 2014 MB, 1.02 load
[runlim] sample:		1581.32 time, 1590.01 real, 2014 MB, 1.02 load
[runlim] sample:		1591.32 time, 1600.01 real, 2014 MB, 1.02 load
[runlim] sample:		1601.33 time, 1610.01 real, 2014 MB, 1.01 load
[runlim] sample:		1611.34 time, 1620.01 real, 2014 MB, 1.01 load
[runlim] sample:		1621.34 time, 1630.01 real, 2014 MB, 1.01 load
[runlim] sample:		1631.24 time, 1640.01 real, 2014 MB, 1.01 load
[runlim] sample:		1641.25 time, 1650.01 real, 2014 MB, 1.00 load
[runlim] sample:		1651.26 time, 1660.01 real, 2014 MB, 1.00 load
[runlim] sample:		1661.26 time, 1670.01 real, 2014 MB, 1.00 load
[runlim] sample:		1671.27 time, 1680.01 real, 2014 MB, 1.00 load
[runlim] sample:		1681.28 time, 1690.01 real, 2014 MB, 1.00 load
[runlim] sample:		1691.28 time, 1700.01 real, 2014 MB, 1.00 load
[runlim] sample:		1701.30 time, 1710.01 real, 2014 MB, 1.00 load
[runlim] sample:		1711.30 time, 1720.01 real, 2014 MB, 1.00 load
[runlim] sample:		1721.32 time, 1730.01 real, 2014 MB, 1.00 load
[runlim] sample:		1731.32 time, 1740.01 real, 2014 MB, 1.00 load
[runlim] sample:		1741.33 time, 1750.01 real, 2014 MB, 1.00 load
[runlim] sample:		1751.34 time, 1760.01 real, 2014 MB, 1.00 load
[runlim] sample:		1761.34 time, 1770.01 real, 2014 MB, 1.00 load
[runlim] sample:		1771.34 time, 1780.01 real, 2014 MB, 1.00 load
[runlim] sample:		1781.35 time, 1790.01 real, 2014 MB, 1.00 load
[runlim] sample:		1791.36 time, 1800.01 real, 2014 MB, 1.00 load
[runlim] sample:		1801.36 time, 1810.01 real, 2014 MB, 1.00 load
[runlim] sample:		1811.37 time, 1820.01 real, 2014 MB, 1.00 load
[runlim] sample:		1821.37 time, 1830.01 real, 2014 MB, 1.00 load
[runlim] sample:		1831.38 time, 1840.01 real, 2014 MB, 1.00 load
[runlim] sample:		1841.38 time, 1850.01 real, 2014 MB, 1.00 load
[runlim] sample:		1851.38 time, 1860.01 real, 2014 MB, 1.00 load
[runlim] sample:		1861.39 time, 1870.01 real, 2014 MB, 1.00 load
[runlim] sample:		1871.40 time, 1880.01 real, 2014 MB, 1.00 load
[runlim] sample:		1881.40 time, 1890.01 real, 2014 MB, 1.00 load
[runlim] sample:		1891.41 time, 1900.01 real, 2014 MB, 1.00 load
[runlim] sample:		1901.31 time, 1910.01 real, 2014 MB, 1.00 load
[runlim] sample:		1911.31 time, 1920.01 real, 2014 MB, 1.00 load
[runlim] sample:		1921.32 time, 1930.01 real, 2014 MB, 1.00 load
[runlim] sample:		1931.33 time, 1940.01 real, 2014 MB, 1.31 load
[runlim] sample:		1941.32 time, 1950.01 real, 2014 MB, 1.33 load
[runlim] sample:		1951.34 time, 1960.01 real, 2014 MB, 1.28 load
[runlim] sample:		1961.34 time, 1970.01 real, 2014 MB, 1.24 load
[runlim] sample:		1971.35 time, 1980.01 real, 2014 MB, 1.20 load
[runlim] sample:		1981.35 time, 1990.01 real, 2014 MB, 1.17 load
[runlim] sample:		1991.36 time, 2000.01 real, 2014 MB, 1.14 load
[runlim] sample:		2001.36 time, 2010.01 real, 2014 MB, 1.12 load
[runlim] sample:		2011.36 time, 2020.01 real, 2014 MB, 1.10 load
[runlim] sample:		2021.36 time, 2030.01 real, 2014 MB, 1.09 load
[runlim] sample:		2031.37 time, 2040.01 real, 2014 MB, 1.07 load
[runlim] sample:		2041.37 time, 2050.01 real, 2014 MB, 1.06 load
[runlim] sample:		2051.38 time, 2060.01 real, 2014 MB, 1.05 load
[runlim] sample:		2061.39 time, 2070.01 real, 2014 MB, 1.12 load
[runlim] sample:		2071.39 time, 2080.01 real, 2016 MB, 1.10 load
[runlim] sample:		2081.39 time, 2090.01 real, 2021 MB, 1.09 load
[runlim] sample:		2091.40 time, 2100.01 real, 2031 MB, 1.07 load

NN₁: mnist_relu_2_512_gemm.onnx
NN₂: mnist_relu_2_512_0.79.onnx
Prop: mnist_5_global_4.vnnlib
[runlim] sample:		2101.39 time, 2110.01 real, 2009 MB, 1.06 load
[runlim] sample:		2111.40 time, 2120.01 real, 2009 MB, 1.05 load
[runlim] sample:		2121.40 time, 2130.01 real, 2009 MB, 1.04 load
[runlim] sample:		2131.40 time, 2140.01 real, 2009 MB, 1.04 load
[runlim] sample:		2141.40 time, 2150.01 real, 2009 MB, 1.03 load
[runlim] sample:		2151.42 time, 2160.01 real, 2009 MB, 1.02 load
[runlim] sample:		2161.41 time, 2170.01 real, 2009 MB, 1.02 load
[runlim] sample:		2171.33 time, 2180.01 real, 2009 MB, 1.02 load
[runlim] sample:		2181.33 time, 2190.01 real, 2009 MB, 1.01 load
[runlim] sample:		2191.33 time, 2200.01 real, 2009 MB, 1.01 load
[runlim] sample:		2201.34 time, 2210.01 real, 2009 MB, 1.01 load
[runlim] sample:		2211.34 time, 2220.01 real, 2009 MB, 1.01 load
[runlim] sample:		2221.35 time, 2230.01 real, 2009 MB, 1.01 load
[runlim] sample:		2231.35 time, 2240.01 real, 2009 MB, 1.00 load
[runlim] sample:		2241.35 time, 2250.01 real, 2009 MB, 1.00 load
[runlim] sample:		2251.36 time, 2260.01 real, 2009 MB, 1.00 load
[runlim] sample:		2261.36 time, 2270.01 real, 2009 MB, 1.00 load
[runlim] sample:		2271.36 time, 2280.01 real, 2009 MB, 1.00 load
[runlim] sample:		2281.36 time, 2290.01 real, 2009 MB, 1.00 load
[runlim] sample:		2291.37 time, 2300.01 real, 2009 MB, 1.00 load
[runlim] sample:		2301.37 time, 2310.01 real, 2009 MB, 1.00 load
[runlim] sample:		2311.37 time, 2320.01 real, 2009 MB, 1.00 load
[runlim] sample:		2321.38 time, 2330.01 real, 2009 MB, 1.00 load
[runlim] sample:		2331.38 time, 2340.01 real, 2009 MB, 1.00 load
[runlim] sample:		2341.38 time, 2350.01 real, 2009 MB, 1.00 load
[runlim] sample:		2351.38 time, 2360.01 real, 2009 MB, 1.00 load
[runlim] sample:		2361.39 time, 2370.01 real, 2009 MB, 1.00 load
[runlim] sample:		2371.39 time, 2380.01 real, 2009 MB, 1.00 load
[runlim] sample:		2381.40 time, 2390.01 real, 2009 MB, 1.00 load
[runlim] sample:		2391.40 time, 2400.01 real, 2009 MB, 1.00 load
[runlim] sample:		2401.40 time, 2410.01 real, 2009 MB, 1.00 load
[runlim] sample:		2411.41 time, 2420.01 real, 2009 MB, 1.00 load
[runlim] sample:		2421.42 time, 2430.01 real, 2009 MB, 1.00 load
[runlim] sample:		2431.42 time, 2440.01 real, 2009 MB, 1.15 load
[runlim] sample:		2441.32 time, 2450.01 real, 2009 MB, 1.13 load
[runlim] sample:		2451.33 time, 2460.01 real, 2009 MB, 1.11 load
[runlim] sample:		2461.33 time, 2470.01 real, 2009 MB, 1.09 load
[runlim] sample:		2471.33 time, 2480.01 real, 2009 MB, 1.08 load
[runlim] sample:		2481.34 time, 2490.01 real, 2009 MB, 1.06 load
[runlim] sample:		2491.34 time, 2500.01 real, 2009 MB, 1.05 load
[runlim] sample:		2501.35 time, 2510.01 real, 2009 MB, 1.05 load
[runlim] sample:		2511.35 time, 2520.01 real, 2009 MB, 1.04 load
[runlim] sample:		2521.35 time, 2530.01 real, 2009 MB, 1.03 load
[runlim] sample:		2531.36 time, 2540.01 real, 2009 MB, 1.03 load
[runlim] sample:		2541.36 time, 2550.01 real, 2009 MB, 1.02 load
[runlim] sample:		2551.37 time, 2560.01 real, 2009 MB, 1.02 load
[runlim] sample:		2561.37 time, 2570.01 real, 2009 MB, 1.02 load
[runlim] sample:		2571.37 time, 2580.01 real, 2009 MB, 1.01 load
[runlim] sample:		2581.37 time, 2590.01 real, 2009 MB, 1.01 load
[runlim] sample:		2591.38 time, 2600.01 real, 2009 MB, 1.01 load
[runlim] sample:		2601.38 time, 2610.01 real, 2009 MB, 1.01 load
[runlim] sample:		2611.38 time, 2620.01 real, 2009 MB, 1.00 load
[runlim] sample:		2621.39 time, 2630.01 real, 2009 MB, 1.00 load
[runlim] sample:		2631.39 time, 2640.01 real, 2009 MB, 1.00 load
[runlim] sample:		2641.39 time, 2650.01 real, 2009 MB, 1.00 load
[runlim] sample:		2651.39 time, 2660.01 real, 2009 MB, 1.00 load
[runlim] sample:		2661.40 time, 2670.01 real, 2009 MB, 1.00 load
[runlim] sample:		2671.40 time, 2680.01 real, 2009 MB, 1.00 load
[runlim] sample:		2681.40 time, 2690.01 real, 2010 MB, 1.00 load
[runlim] sample:		2691.41 time, 2700.01 real, 2016 MB, 1.00 load

NN₁: mnist_relu_2_512_gemm.onnx
NN₂: mnist_relu_2_512_0.79.onnx
Prop: mnist_5_global_5.vnnlib

NN₁: mnist_relu_2_512_gemm.onnx
NN₂: mnist_relu_2_512_0.79.onnx
Prop: mnist_6_global_4.vnnlib
[runlim] sample:		2701.40 time, 2710.01 real, 2008 MB, 1.00 load
[runlim] sample:		2711.34 time, 2720.01 real, 2008 MB, 1.00 load
[runlim] sample:		2721.34 time, 2730.01 real, 2008 MB, 1.00 load
[runlim] sample:		2731.35 time, 2740.01 real, 2008 MB, 1.00 load

NN₁: mnist_relu_2_512_gemm.onnx
NN₂: mnist_relu_2_512_0.79.onnx
Prop: mnist_6_global_5.vnnlib
[runlim] sample:		2741.34 time, 2750.01 real, 2008 MB, 1.00 load

NN₁: mnist_relu_2_512_gemm.onnx
NN₂: mnist_relu_2_512_0.79.onnx
Prop: mnist_7_global_4.vnnlib
[runlim] sample:		2751.35 time, 2760.01 real, 2008 MB, 1.00 load
[runlim] sample:		2761.34 time, 2770.01 real, 2008 MB, 1.00 load
[runlim] sample:		2771.36 time, 2780.01 real, 2008 MB, 1.00 load
[runlim] sample:		2781.35 time, 2790.01 real, 2008 MB, 1.00 load
[runlim] sample:		2791.36 time, 2800.01 real, 2008 MB, 1.00 load
[runlim] sample:		2801.36 time, 2810.01 real, 2008 MB, 1.00 load
[runlim] sample:		2811.37 time, 2820.01 real, 2008 MB, 1.00 load
[runlim] sample:		2821.37 time, 2830.01 real, 2008 MB, 1.00 load
[runlim] sample:		2831.38 time, 2840.01 real, 2008 MB, 1.00 load
[runlim] sample:		2841.38 time, 2850.01 real, 2008 MB, 1.00 load
[runlim] sample:		2851.39 time, 2860.01 real, 2008 MB, 1.00 load
[runlim] sample:		2861.39 time, 2870.01 real, 2008 MB, 1.00 load
[runlim] sample:		2871.40 time, 2880.01 real, 2008 MB, 1.00 load
[runlim] sample:		2881.40 time, 2890.01 real, 2008 MB, 1.00 load
[runlim] sample:		2891.41 time, 2900.01 real, 2008 MB, 1.00 load
[runlim] sample:		2901.40 time, 2910.01 real, 2008 MB, 1.00 load
[runlim] sample:		2911.42 time, 2920.01 real, 2008 MB, 1.00 load
[runlim] sample:		2921.41 time, 2930.01 real, 2008 MB, 1.00 load
[runlim] sample:		2931.42 time, 2940.01 real, 2008 MB, 1.15 load
[runlim] sample:		2941.42 time, 2950.01 real, 2008 MB, 1.20 load
[runlim] sample:		2951.43 time, 2960.01 real, 2008 MB, 1.17 load
[runlim] sample:		2961.44 time, 2970.01 real, 2008 MB, 1.15 load
[runlim] sample:		2971.44 time, 2980.01 real, 2008 MB, 1.12 load
[runlim] sample:		2981.34 time, 2990.01 real, 2008 MB, 1.10 load
[runlim] sample:		2991.35 time, 3000.01 real, 2008 MB, 1.09 load
[runlim] sample:		3001.36 time, 3010.01 real, 2008 MB, 1.07 load
[runlim] sample:		3011.37 time, 3020.01 real, 2008 MB, 1.06 load
[runlim] sample:		3021.37 time, 3030.01 real, 2008 MB, 1.05 load
[runlim] sample:		3031.38 time, 3040.01 real, 2008 MB, 1.04 load
[runlim] sample:		3041.38 time, 3050.01 real, 2008 MB, 1.04 load
[runlim] sample:		3051.40 time, 3060.01 real, 2008 MB, 1.03 load
[runlim] sample:		3061.40 time, 3070.01 real, 2008 MB, 1.02 load
[runlim] sample:		3071.41 time, 3080.01 real, 2008 MB, 1.02 load
[runlim] sample:		3081.42 time, 3090.01 real, 2008 MB, 1.02 load
[runlim] sample:		3091.42 time, 3100.01 real, 2008 MB, 1.01 load
[runlim] sample:		3101.44 time, 3110.01 real, 2008 MB, 1.01 load
[runlim] sample:		3111.45 time, 3120.01 real, 2008 MB, 1.01 load
[runlim] sample:		3121.45 time, 3130.01 real, 2008 MB, 1.01 load
[runlim] sample:		3131.46 time, 3140.01 real, 2008 MB, 1.01 load
[runlim] sample:		3141.46 time, 3150.01 real, 2008 MB, 1.00 load
[runlim] sample:		3151.47 time, 3160.01 real, 2008 MB, 1.00 load
[runlim] sample:		3161.48 time, 3170.01 real, 2008 MB, 1.00 load
[runlim] sample:		3171.49 time, 3180.01 real, 2008 MB, 1.00 load
[runlim] sample:		3181.49 time, 3190.01 real, 2008 MB, 1.00 load
[runlim] sample:		3191.50 time, 3200.01 real, 2008 MB, 1.00 load
[runlim] sample:		3201.51 time, 3210.01 real, 2008 MB, 1.00 load
[runlim] sample:		3211.52 time, 3220.01 real, 2008 MB, 1.00 load
[runlim] sample:		3221.52 time, 3230.01 real, 2008 MB, 1.00 load
[runlim] sample:		3231.53 time, 3240.01 real, 2008 MB, 1.00 load
[runlim] sample:		3241.53 time, 3250.01 real, 2008 MB, 1.00 load
[runlim] sample:		3251.45 time, 3260.01 real, 2008 MB, 1.00 load
[runlim] sample:		3261.45 time, 3270.01 real, 2008 MB, 1.00 load
[runlim] sample:		3271.46 time, 3280.01 real, 2008 MB, 1.00 load
[runlim] sample:		3281.47 time, 3290.01 real, 2008 MB, 1.00 load
[runlim] sample:		3291.48 time, 3300.01 real, 2008 MB, 1.00 load
[runlim] sample:		3301.48 time, 3310.01 real, 2008 MB, 1.00 load
[runlim] sample:		3311.49 time, 3320.01 real, 2008 MB, 1.00 load
[runlim] sample:		3321.50 time, 3330.01 real, 2014 MB, 1.00 load
[runlim] sample:		3331.51 time, 3340.01 real, 2001 MB, 1.00 load
[runlim] sample:		3341.52 time, 3350.01 real, 2001 MB, 1.00 load

NN₁: mnist_relu_2_512_gemm.onnx
NN₂: mnist_relu_2_512_0.79.onnx
Prop: mnist_7_global_5.vnnlib
[runlim] sample:		3351.51 time, 3360.01 real, 2001 MB, 1.00 load
[runlim] sample:		3361.52 time, 3370.01 real, 2001 MB, 1.00 load
[runlim] sample:		3371.52 time, 3380.01 real, 2001 MB, 1.00 load
[runlim] sample:		3381.53 time, 3390.01 real, 2001 MB, 1.00 load
[runlim] sample:		3391.54 time, 3400.01 real, 2001 MB, 1.00 load
[runlim] sample:		3401.55 time, 3410.01 real, 2001 MB, 1.00 load
[runlim] sample:		3411.56 time, 3420.01 real, 2001 MB, 1.00 load
[runlim] sample:		3421.57 time, 3430.01 real, 2001 MB, 1.00 load
[runlim] sample:		3431.57 time, 3440.01 real, 2001 MB, 1.15 load
[runlim] sample:		3441.58 time, 3450.01 real, 2001 MB, 1.13 load
[runlim] sample:		3451.59 time, 3460.01 real, 2001 MB, 1.11 load
[runlim] sample:		3461.60 time, 3470.01 real, 2001 MB, 1.09 load
[runlim] sample:		3471.60 time, 3480.01 real, 2001 MB, 1.08 load
[runlim] sample:		3481.62 time, 3490.01 real, 2001 MB, 1.06 load
[runlim] sample:		3491.62 time, 3500.01 real, 2001 MB, 1.05 load
[runlim] sample:		3501.63 time, 3510.01 real, 2001 MB, 1.05 load
[runlim] sample:		3511.63 time, 3520.01 real, 2001 MB, 1.04 load
[runlim] sample:		3521.58 time, 3530.01 real, 2001 MB, 1.03 load
[runlim] sample:		3531.58 time, 3540.01 real, 2001 MB, 1.03 load
[runlim] sample:		3541.59 time, 3550.01 real, 2001 MB, 1.02 load
[runlim] sample:		3551.60 time, 3560.01 real, 2001 MB, 1.02 load
[runlim] sample:		3561.60 time, 3570.01 real, 2001 MB, 1.02 load
[runlim] sample:		3571.61 time, 3580.01 real, 2001 MB, 1.01 load
[runlim] sample:		3581.63 time, 3590.01 real, 2001 MB, 1.01 load
[runlim] sample:		3591.63 time, 3600.01 real, 2001 MB, 1.01 load
[runlim] sample:		3601.63 time, 3610.01 real, 2001 MB, 1.01 load
[runlim] sample:		3611.64 time, 3620.01 real, 2001 MB, 1.00 load
[runlim] sample:		3621.65 time, 3630.01 real, 2001 MB, 1.00 load
[runlim] sample:		3631.66 time, 3640.01 real, 2001 MB, 1.00 load
[runlim] sample:		3641.66 time, 3650.01 real, 2001 MB, 1.00 load
[runlim] sample:		3651.67 time, 3660.01 real, 2001 MB, 1.00 load
[runlim] sample:		3661.68 time, 3670.01 real, 2001 MB, 1.00 load
[runlim] sample:		3671.68 time, 3680.01 real, 2001 MB, 1.00 load
[runlim] sample:		3681.69 time, 3690.01 real, 2001 MB, 1.00 load
[runlim] sample:		3691.70 time, 3700.01 real, 2001 MB, 1.00 load
[runlim] sample:		3701.71 time, 3710.01 real, 2001 MB, 1.00 load
[runlim] sample:		3711.71 time, 3720.01 real, 2001 MB, 1.00 load
[runlim] sample:		3721.73 time, 3730.01 real, 2001 MB, 1.00 load
[runlim] sample:		3731.73 time, 3740.01 real, 2001 MB, 1.00 load
[runlim] sample:		3741.74 time, 3750.01 real, 2001 MB, 1.00 load
[runlim] sample:		3751.74 time, 3760.01 real, 2001 MB, 1.00 load
[runlim] sample:		3761.75 time, 3770.01 real, 2001 MB, 1.00 load
[runlim] sample:		3771.77 time, 3780.01 real, 2001 MB, 1.00 load
[runlim] sample:		3781.77 time, 3790.01 real, 2001 MB, 1.00 load
[runlim] sample:		3791.67 time, 3800.01 real, 2001 MB, 1.00 load
[runlim] sample:		3801.68 time, 3810.01 real, 2001 MB, 1.00 load
[runlim] sample:		3811.68 time, 3820.01 real, 2001 MB, 1.00 load
[runlim] sample:		3821.70 time, 3830.01 real, 2001 MB, 1.00 load
[runlim] sample:		3831.70 time, 3840.01 real, 2001 MB, 1.00 load
[runlim] sample:		3841.71 time, 3850.01 real, 2001 MB, 1.00 load
[runlim] sample:		3851.71 time, 3860.01 real, 2001 MB, 1.00 load
[runlim] sample:		3861.73 time, 3870.01 real, 2001 MB, 1.00 load
[runlim] sample:		3871.73 time, 3880.01 real, 2001 MB, 1.00 load
[runlim] sample:		3881.74 time, 3890.01 real, 2007 MB, 1.00 load
[runlim] sample:		3891.75 time, 3900.01 real, 2012 MB, 1.00 load
[runlim] sample:		3901.76 time, 3910.01 real, 2007 MB, 1.00 load
[runlim] sample:		3911.77 time, 3920.01 real, 2009 MB, 1.00 load
[runlim] sample:		3921.77 time, 3930.01 real, 2252 MB, 1.00 load
[runlim] sample:		3931.77 time, 3940.01 real, 2285 MB, 1.15 load
[runlim] sample:		3941.78 time, 3950.01 real, 2297 MB, 1.13 load

NN₁: mnist_relu_2_512_gemm.onnx
NN₂: mnist_relu_2_512_0.79.onnx
Prop: mnist_8_global_4.vnnlib

NN₁: mnist_relu_2_512_gemm.onnx
NN₂: mnist_relu_2_512_0.79.onnx
Prop: mnist_8_global_5.vnnlib

NN₁: mnist_relu_2_512_gemm.onnx
NN₂: mnist_relu_2_512_0.79.onnx
Prop: mnist_9_global_4.vnnlib
[runlim] sample:		3951.77 time, 3960.01 real, 2001 MB, 1.11 load
[runlim] sample:		3961.79 time, 3970.01 real, 2001 MB, 1.09 load
[runlim] sample:		3971.79 time, 3980.01 real, 2001 MB, 1.08 load
[runlim] sample:		3981.80 time, 3990.01 real, 2001 MB, 1.06 load
[runlim] sample:		3991.81 time, 4000.01 real, 2001 MB, 1.05 load
[runlim] sample:		4001.82 time, 4010.01 real, 2001 MB, 1.05 load
[runlim] sample:		4011.83 time, 4020.01 real, 2001 MB, 1.04 load
[runlim] sample:		4021.83 time, 4030.01 real, 2001 MB, 1.03 load
[runlim] sample:		4031.84 time, 4040.01 real, 2001 MB, 1.03 load
[runlim] sample:		4041.85 time, 4050.01 real, 2001 MB, 1.02 load
[runlim] sample:		4051.85 time, 4060.01 real, 2001 MB, 1.02 load
[runlim] sample:		4061.81 time, 4070.01 real, 2001 MB, 1.02 load
[runlim] sample:		4071.82 time, 4080.01 real, 2001 MB, 1.01 load
[runlim] sample:		4081.82 time, 4090.01 real, 2001 MB, 1.01 load
[runlim] sample:		4091.83 time, 4100.01 real, 2001 MB, 1.01 load
[runlim] sample:		4101.84 time, 4110.01 real, 2001 MB, 1.01 load
[runlim] sample:		4111.84 time, 4120.01 real, 2001 MB, 1.00 load
[runlim] sample:		4121.85 time, 4130.01 real, 2001 MB, 1.00 load
[runlim] sample:		4131.85 time, 4140.01 real, 2001 MB, 1.00 load
[runlim] sample:		4141.86 time, 4150.01 real, 2001 MB, 1.00 load
[runlim] sample:		4151.88 time, 4160.01 real, 2001 MB, 1.00 load
[runlim] sample:		4161.89 time, 4170.01 real, 2001 MB, 1.00 load
[runlim] sample:		4171.89 time, 4180.01 real, 2001 MB, 1.00 load
[runlim] sample:		4181.89 time, 4190.01 real, 2001 MB, 1.00 load
[runlim] sample:		4191.91 time, 4200.01 real, 2001 MB, 1.00 load
[runlim] sample:		4201.91 time, 4210.01 real, 2001 MB, 1.00 load
[runlim] sample:		4211.92 time, 4220.01 real, 2001 MB, 1.00 load
[runlim] sample:		4221.93 time, 4230.01 real, 2001 MB, 1.00 load
[runlim] sample:		4231.94 time, 4240.01 real, 2001 MB, 1.00 load
[runlim] sample:		4241.95 time, 4250.01 real, 2001 MB, 1.00 load
[runlim] sample:		4251.95 time, 4260.01 real, 2001 MB, 1.00 load
[runlim] sample:		4261.96 time, 4270.01 real, 2001 MB, 1.00 load
[runlim] sample:		4271.96 time, 4280.01 real, 2001 MB, 1.00 load
[runlim] sample:		4281.97 time, 4290.01 real, 2001 MB, 1.07 load
[runlim] sample:		4291.99 time, 4300.01 real, 2001 MB, 1.06 load
[runlim] sample:		4301.99 time, 4310.01 real, 2001 MB, 1.05 load
[runlim] sample:		4312.00 time, 4320.01 real, 2001 MB, 1.04 load
[runlim] sample:		4322.01 time, 4330.01 real, 2001 MB, 1.04 load
[runlim] sample:		4332.02 time, 4340.01 real, 2001 MB, 1.03 load
[runlim] sample:		4342.03 time, 4350.01 real, 2001 MB, 1.02 load
[runlim] sample:		4352.03 time, 4360.01 real, 2001 MB, 1.02 load
[runlim] sample:		4362.04 time, 4370.01 real, 2001 MB, 1.02 load
[runlim] sample:		4372.05 time, 4380.01 real, 2001 MB, 1.01 load
[runlim] sample:		4382.06 time, 4390.01 real, 2001 MB, 1.01 load
[runlim] sample:		4392.06 time, 4400.01 real, 2001 MB, 1.01 load
[runlim] sample:		4402.07 time, 4410.01 real, 2001 MB, 1.01 load
[runlim] sample:		4412.08 time, 4420.01 real, 2001 MB, 1.01 load
[runlim] sample:		4422.08 time, 4430.01 real, 2001 MB, 1.00 load
[runlim] sample:		4432.10 time, 4440.01 real, 2001 MB, 1.16 load
[runlim] sample:		4442.10 time, 4450.01 real, 2001 MB, 1.13 load
[runlim] sample:		4452.11 time, 4460.01 real, 2007 MB, 1.11 load
[runlim] sample:		4462.11 time, 4470.01 real, 2007 MB, 1.10 load
[runlim] sample:		4472.12 time, 4480.01 real, 2016 MB, 1.08 load
[runlim] sample:		4482.13 time, 4490.01 real, 2009 MB, 1.07 load
[runlim] sample:		4492.14 time, 4500.01 real, 2009 MB, 1.06 load
[runlim] sample:		4502.14 time, 4510.01 real, 2279 MB, 1.05 load
[runlim] sample:		4512.15 time, 4520.01 real, 2295 MB, 1.04 load
[runlim] sample:		4522.16 time, 4530.01 real, 2280 MB, 1.03 load
[runlim] sample:		4532.17 time, 4540.01 real, 2280 MB, 1.03 load
[runlim] sample:		4542.18 time, 4550.01 real, 2291 MB, 1.02 load

NN₁: mnist_relu_2_512_gemm.onnx
NN₂: mnist_relu_2_512_0.79.onnx
Prop: mnist_9_global_5.vnnlib
[runlim] sample:		4552.18 time, 4560.01 real, 2084 MB, 1.02 load
[runlim] sample:		4562.18 time, 4570.01 real, 2084 MB, 1.02 load
[runlim] sample:		4572.19 time, 4580.01 real, 2084 MB, 1.01 load
[runlim] sample:		4582.20 time, 4590.01 real, 2084 MB, 1.01 load
[runlim] sample:		4592.21 time, 4600.01 real, 2084 MB, 1.01 load
[runlim] sample:		4602.15 time, 4610.01 real, 2084 MB, 1.01 load
[runlim] sample:		4612.15 time, 4620.01 real, 2084 MB, 1.00 load
[runlim] sample:		4622.16 time, 4630.01 real, 2084 MB, 1.00 load
[runlim] sample:		4632.16 time, 4640.01 real, 2084 MB, 1.00 load
[runlim] sample:		4642.17 time, 4650.01 real, 2084 MB, 1.00 load
[runlim] sample:		4652.17 time, 4660.01 real, 2084 MB, 1.00 load
[runlim] sample:		4662.17 time, 4670.01 real, 2084 MB, 1.00 load
[runlim] sample:		4672.18 time, 4680.01 real, 2084 MB, 1.00 load
[runlim] sample:		4682.19 time, 4690.01 real, 2084 MB, 1.00 load
[runlim] sample:		4692.19 time, 4700.01 real, 2084 MB, 1.00 load
[runlim] sample:		4702.19 time, 4710.01 real, 2084 MB, 1.00 load
[runlim] sample:		4712.20 time, 4720.01 real, 2084 MB, 1.08 load
[runlim] sample:		4722.20 time, 4730.01 real, 2084 MB, 1.07 load
[runlim] sample:		4732.20 time, 4740.01 real, 2084 MB, 1.06 load
[runlim] sample:		4742.21 time, 4750.01 real, 2084 MB, 1.05 load
[runlim] sample:		4752.21 time, 4760.01 real, 2084 MB, 1.04 load
[runlim] sample:		4762.22 time, 4770.01 real, 2084 MB, 1.03 load
[runlim] sample:		4772.22 time, 4780.01 real, 2084 MB, 1.03 load
[runlim] sample:		4782.23 time, 4790.01 real, 2084 MB, 1.02 load
[runlim] sample:		4792.23 time, 4800.01 real, 2084 MB, 1.02 load
[runlim] sample:		4802.24 time, 4810.01 real, 2084 MB, 1.02 load
[runlim] sample:		4812.24 time, 4820.01 real, 2084 MB, 1.01 load
[runlim] sample:		4822.24 time, 4830.01 real, 2084 MB, 1.01 load
[runlim] sample:		4832.25 time, 4840.01 real, 2084 MB, 1.01 load
[runlim] sample:		4842.25 time, 4850.01 real, 2084 MB, 1.01 load
[runlim] sample:		4852.25 time, 4860.01 real, 2084 MB, 1.00 load
[runlim] sample:		4862.26 time, 4870.01 real, 2084 MB, 1.00 load
[runlim] sample:		4872.18 time, 4880.01 real, 2084 MB, 1.00 load
[runlim] sample:		4882.18 time, 4890.01 real, 2084 MB, 1.00 load
[runlim] sample:		4892.19 time, 4900.01 real, 2084 MB, 1.00 load
[runlim] sample:		4902.18 time, 4910.01 real, 2084 MB, 1.00 load
[runlim] sample:		4912.19 time, 4920.01 real, 2084 MB, 1.00 load
[runlim] sample:		4922.20 time, 4930.01 real, 2084 MB, 1.00 load
[runlim] sample:		4932.20 time, 4940.01 real, 2084 MB, 1.15 load
[runlim] sample:		4942.20 time, 4950.01 real, 2084 MB, 1.13 load
[runlim] sample:		4952.21 time, 4960.01 real, 2084 MB, 1.11 load
[runlim] sample:		4962.21 time, 4970.01 real, 2084 MB, 1.09 load
[runlim] sample:		4972.21 time, 4980.01 real, 2084 MB, 1.08 load
[runlim] sample:		4982.22 time, 4990.01 real, 2084 MB, 1.06 load
[runlim] sample:		4992.22 time, 5000.01 real, 2084 MB, 1.05 load
[runlim] sample:		5002.23 time, 5010.01 real, 2084 MB, 1.05 load
[runlim] sample:		5012.23 time, 5020.01 real, 2084 MB, 1.04 load
[runlim] sample:		5022.23 time, 5030.01 real, 2084 MB, 1.03 load
[runlim] sample:		5032.25 time, 5040.01 real, 2084 MB, 1.03 load
[runlim] sample:		5042.24 time, 5050.01 real, 2084 MB, 1.02 load
[runlim] sample:		5052.25 time, 5060.01 real, 2084 MB, 1.02 load
[runlim] sample:		5062.26 time, 5070.01 real, 2084 MB, 1.02 load
[runlim] sample:		5072.26 time, 5080.01 real, 2084 MB, 1.01 load
[runlim] sample:		5082.26 time, 5090.01 real, 2084 MB, 1.01 load
[runlim] sample:		5092.27 time, 5100.01 real, 2084 MB, 1.01 load
[runlim] sample:		5102.27 time, 5110.01 real, 2084 MB, 1.01 load
[runlim] sample:		5112.27 time, 5120.01 real, 2084 MB, 1.00 load
[runlim] sample:		5122.27 time, 5130.01 real, 2084 MB, 1.00 load
[runlim] sample:		5132.28 time, 5140.01 real, 2084 MB, 1.00 load
[runlim] sample:		5142.17 time, 5150.01 real, 2084 MB, 1.00 load
[runlim] sample:		5152.15 time, 5160.01 real, 2084 MB, 1.00 load

NN₁: mnist_relu_2_512_gemm.onnx
NN₂: mnist_relu_2_512_0.79.onnx
Prop: mnist_10_global_4.vnnlib
[runlim] sample:		5162.14 time, 5170.01 real, 2084 MB, 1.00 load
[runlim] sample:		5172.15 time, 5180.01 real, 2084 MB, 1.00 load
[runlim] sample:		5182.15 time, 5190.01 real, 2084 MB, 1.00 load
[runlim] sample:		5192.15 time, 5200.01 real, 2084 MB, 1.00 load
[runlim] sample:		5202.16 time, 5210.01 real, 2084 MB, 1.00 load
[runlim] sample:		5212.17 time, 5220.01 real, 2084 MB, 1.00 load
[runlim] sample:		5222.17 time, 5230.01 real, 2084 MB, 1.00 load
[runlim] sample:		5232.18 time, 5240.01 real, 2084 MB, 1.00 load
[runlim] sample:		5242.17 time, 5250.01 real, 2084 MB, 1.00 load
[runlim] sample:		5252.17 time, 5260.01 real, 2084 MB, 1.00 load
[runlim] sample:		5262.18 time, 5270.01 real, 2084 MB, 1.00 load
[runlim] sample:		5272.19 time, 5280.01 real, 2084 MB, 1.00 load
[runlim] sample:		5282.19 time, 5290.01 real, 2084 MB, 1.00 load
[runlim] sample:		5292.20 time, 5300.01 real, 2084 MB, 1.00 load
[runlim] sample:		5302.20 time, 5310.01 real, 2084 MB, 1.00 load
[runlim] sample:		5312.20 time, 5320.01 real, 2084 MB, 1.00 load
[runlim] sample:		5322.20 time, 5330.01 real, 2084 MB, 1.00 load
[runlim] sample:		5332.21 time, 5340.01 real, 2084 MB, 1.00 load
[runlim] sample:		5342.21 time, 5350.01 real, 2084 MB, 1.00 load
[runlim] sample:		5352.21 time, 5360.01 real, 2084 MB, 1.00 load
[runlim] sample:		5362.22 time, 5370.01 real, 2084 MB, 1.00 load
[runlim] sample:		5372.22 time, 5380.01 real, 2084 MB, 1.00 load
[runlim] sample:		5382.22 time, 5390.01 real, 2084 MB, 1.00 load
[runlim] sample:		5392.23 time, 5400.01 real, 2084 MB, 1.00 load
[runlim] sample:		5402.24 time, 5410.01 real, 2084 MB, 1.00 load
[runlim] sample:		5412.13 time, 5420.01 real, 2084 MB, 1.00 load
[runlim] sample:		5422.13 time, 5430.01 real, 2084 MB, 1.00 load
[runlim] sample:		5432.13 time, 5440.01 real, 2084 MB, 1.15 load
[runlim] sample:		5442.13 time, 5450.01 real, 2084 MB, 1.13 load
[runlim] sample:		5452.14 time, 5460.01 real, 2084 MB, 1.11 load
[runlim] sample:		5462.14 time, 5470.01 real, 2084 MB, 1.09 load
[runlim] sample:		5472.15 time, 5480.01 real, 2084 MB, 1.08 load
[runlim] sample:		5482.15 time, 5490.01 real, 2084 MB, 1.06 load
[runlim] sample:		5492.15 time, 5500.01 real, 2084 MB, 1.05 load
[runlim] sample:		5502.16 time, 5510.01 real, 2084 MB, 1.05 load
[runlim] sample:		5512.16 time, 5520.01 real, 2084 MB, 1.04 load
[runlim] sample:		5522.17 time, 5530.01 real, 2084 MB, 1.03 load
[runlim] sample:		5532.17 time, 5540.01 real, 2084 MB, 1.03 load
[runlim] sample:		5542.17 time, 5550.01 real, 2084 MB, 1.02 load
[runlim] sample:		5552.18 time, 5560.01 real, 2084 MB, 1.02 load
[runlim] sample:		5562.19 time, 5570.01 real, 2084 MB, 1.02 load
[runlim] sample:		5572.18 time, 5580.01 real, 2084 MB, 1.01 load
[runlim] sample:		5582.19 time, 5590.01 real, 2084 MB, 1.01 load
[runlim] sample:		5592.20 time, 5600.01 real, 2084 MB, 1.01 load
[runlim] sample:		5602.20 time, 5610.01 real, 2084 MB, 1.01 load
[runlim] sample:		5612.20 time, 5620.01 real, 2084 MB, 1.00 load
[runlim] sample:		5622.20 time, 5630.01 real, 2084 MB, 1.00 load
[runlim] sample:		5632.21 time, 5640.01 real, 2084 MB, 1.00 load
[runlim] sample:		5642.21 time, 5650.01 real, 2084 MB, 1.00 load
[runlim] sample:		5652.21 time, 5660.01 real, 2084 MB, 1.00 load
[runlim] sample:		5662.22 time, 5670.01 real, 2084 MB, 1.00 load
[runlim] sample:		5672.22 time, 5680.01 real, 2084 MB, 1.00 load
[runlim] sample:		5682.16 time, 5690.01 real, 2084 MB, 1.00 load
[runlim] sample:		5692.16 time, 5700.01 real, 2084 MB, 1.00 load
[runlim] sample:		5702.17 time, 5710.01 real, 2084 MB, 1.00 load
[runlim] sample:		5712.17 time, 5720.01 real, 2084 MB, 1.00 load
[runlim] sample:		5722.18 time, 5730.01 real, 2084 MB, 1.00 load
[runlim] sample:		5732.18 time, 5740.01 real, 2084 MB, 1.00 load
[runlim] sample:		5742.19 time, 5750.01 real, 2084 MB, 1.00 load
[runlim] sample:		5752.19 time, 5760.01 real, 2290 MB, 1.00 load

NN₁: mnist_relu_2_512_gemm.onnx
NN₂: mnist_relu_2_512_0.79.onnx
Prop: mnist_10_global_5.vnnlib

NN₁: mnist_relu_3_100_gemm.onnx
NN₂: mnist_relu_3_100_0.49.onnx
Prop: mnist_0_global_4.vnnlib
[runlim] sample:		5762.18 time, 5770.01 real, 2084 MB, 1.00 load
[runlim] sample:		5772.17 time, 5780.01 real, 2084 MB, 1.00 load
[runlim] sample:		5782.18 time, 5790.01 real, 2084 MB, 1.00 load
[runlim] sample:		5792.18 time, 5800.01 real, 2084 MB, 1.00 load
[runlim] sample:		5802.19 time, 5810.01 real, 2084 MB, 1.00 load
[runlim] sample:		5812.19 time, 5820.01 real, 2089 MB, 1.00 load
[runlim] sample:		5822.20 time, 5830.01 real, 2093 MB, 1.00 load
[runlim] sample:		5832.20 time, 5840.01 real, 2098 MB, 1.00 load
[runlim] sample:		5842.20 time, 5850.01 real, 2103 MB, 1.00 load
[runlim] sample:		5852.20 time, 5860.01 real, 2108 MB, 1.00 load
[runlim] sample:		5862.21 time, 5870.01 real, 2115 MB, 1.00 load
[runlim] sample:		5872.21 time, 5880.01 real, 2119 MB, 1.00 load
[runlim] sample:		5882.21 time, 5890.01 real, 2119 MB, 1.00 load
[runlim] sample:		5892.22 time, 5900.01 real, 2126 MB, 1.00 load
[runlim] sample:		5902.22 time, 5910.01 real, 2133 MB, 1.00 load
[runlim] sample:		5912.23 time, 5920.01 real, 2140 MB, 1.00 load
[runlim] sample:		5922.23 time, 5930.01 real, 2148 MB, 1.00 load
[runlim] sample:		5932.23 time, 5940.01 real, 2148 MB, 1.15 load
[runlim] sample:		5942.23 time, 5950.01 real, 2156 MB, 1.13 load
[runlim] sample:		5952.12 time, 5960.01 real, 2164 MB, 1.04 load
[runlim] sample:		5962.12 time, 5970.01 real, 2164 MB, 1.03 load
[runlim] sample:		5972.12 time, 5980.01 real, 2173 MB, 1.02 load
[runlim] sample:		5982.13 time, 5990.01 real, 2182 MB, 1.02 load
[runlim] sample:		5992.13 time, 6000.01 real, 2182 MB, 1.02 load
[runlim] sample:		6002.13 time, 6010.01 real, 2191 MB, 1.01 load
[runlim] sample:		6012.14 time, 6020.01 real, 2201 MB, 1.01 load
[runlim] sample:		6022.14 time, 6030.01 real, 2201 MB, 1.01 load
[runlim] sample:		6032.14 time, 6040.01 real, 2211 MB, 1.01 load
[runlim] sample:		6042.15 time, 6050.01 real, 2211 MB, 1.01 load
[runlim] sample:		6052.16 time, 6060.01 real, 2220 MB, 1.00 load
[runlim] sample:		6062.16 time, 6070.01 real, 2232 MB, 1.00 load
[runlim] sample:		6072.17 time, 6080.01 real, 2232 MB, 1.00 load
[runlim] sample:		6082.17 time, 6090.01 real, 2242 MB, 1.00 load
[runlim] sample:		6092.17 time, 6100.01 real, 2242 MB, 1.00 load
[runlim] sample:		6102.18 time, 6110.01 real, 2282 MB, 1.00 load
[runlim] sample:		6112.18 time, 6120.01 real, 2282 MB, 1.00 load
[runlim] sample:		6122.18 time, 6130.01 real, 2312 MB, 1.00 load
[runlim] sample:		6132.19 time, 6140.01 real, 2312 MB, 1.00 load
[runlim] sample:		6142.19 time, 6150.01 real, 2343 MB, 1.00 load
[runlim] sample:		6152.20 time, 6160.01 real, 2343 MB, 1.00 load
[runlim] sample:		6162.20 time, 6170.01 real, 2375 MB, 1.00 load
[runlim] sample:		6172.20 time, 6180.01 real, 2375 MB, 1.00 load
[runlim] sample:		6182.21 time, 6190.01 real, 2410 MB, 1.00 load
[runlim] sample:		6192.21 time, 6200.01 real, 2409 MB, 1.00 load
[runlim] sample:		6202.21 time, 6210.01 real, 2409 MB, 1.00 load
[runlim] sample:		6212.21 time, 6220.01 real, 2444 MB, 1.00 load
[runlim] sample:		6222.11 time, 6230.01 real, 2444 MB, 1.07 load
[runlim] sample:		6232.12 time, 6240.01 real, 2477 MB, 1.06 load
[runlim] sample:		6242.12 time, 6250.01 real, 2477 MB, 1.05 load
[runlim] sample:		6252.13 time, 6260.01 real, 2517 MB, 1.04 load
[runlim] sample:		6262.13 time, 6270.01 real, 2516 MB, 1.04 load
[runlim] sample:		6272.14 time, 6280.01 real, 2516 MB, 1.03 load
[runlim] sample:		6282.14 time, 6290.01 real, 2553 MB, 1.02 load
[runlim] sample:		6292.14 time, 6300.01 real, 2553 MB, 1.02 load
[runlim] sample:		6302.15 time, 6310.01 real, 2553 MB, 1.02 load
[runlim] sample:		6312.15 time, 6320.01 real, 2592 MB, 1.09 load
[runlim] sample:		6322.16 time, 6330.01 real, 2592 MB, 1.07 load
[runlim] sample:		6332.16 time, 6340.01 real, 2633 MB, 1.06 load
[runlim] sample:		6342.17 time, 6350.01 real, 2633 MB, 1.05 load
[runlim] sample:		6352.16 time, 6360.01 real, 2633 MB, 1.04 load

NN₁: mnist_relu_3_100_gemm.onnx
NN₂: mnist_relu_3_100_0.49.onnx
Prop: mnist_0_global_5.vnnlib
[runlim] sample:		6362.16 time, 6370.01 real, 2216 MB, 1.04 load
[runlim] sample:		6372.17 time, 6380.01 real, 2216 MB, 1.03 load
[runlim] sample:		6382.18 time, 6390.01 real, 2216 MB, 1.02 load
[runlim] sample:		6392.18 time, 6400.01 real, 2216 MB, 1.02 load
[runlim] sample:		6402.18 time, 6410.01 real, 2216 MB, 1.02 load
[runlim] sample:		6412.18 time, 6420.01 real, 2219 MB, 1.01 load
[runlim] sample:		6422.19 time, 6430.01 real, 2223 MB, 1.01 load
[runlim] sample:		6432.20 time, 6440.01 real, 2227 MB, 1.16 load
[runlim] sample:		6442.20 time, 6450.01 real, 2232 MB, 1.14 load
[runlim] sample:		6452.20 time, 6460.01 real, 2236 MB, 1.12 load
[runlim] sample:		6462.20 time, 6470.01 real, 2241 MB, 1.10 load
[runlim] sample:		6472.21 time, 6480.01 real, 2247 MB, 1.08 load
[runlim] sample:		6482.22 time, 6490.01 real, 2253 MB, 1.07 load
[runlim] sample:		6492.12 time, 6500.01 real, 2257 MB, 1.06 load
[runlim] sample:		6502.12 time, 6510.01 real, 2257 MB, 1.05 load
[runlim] sample:		6512.13 time, 6520.01 real, 2264 MB, 1.04 load
[runlim] sample:		6522.13 time, 6530.01 real, 2270 MB, 1.03 load
[runlim] sample:		6532.13 time, 6540.01 real, 2278 MB, 1.03 load
[runlim] sample:		6542.13 time, 6550.01 real, 2278 MB, 1.02 load
[runlim] sample:		6552.14 time, 6560.01 real, 2286 MB, 1.02 load
[runlim] sample:		6562.14 time, 6570.01 real, 2293 MB, 1.02 load
[runlim] sample:		6572.15 time, 6580.01 real, 2293 MB, 1.01 load
[runlim] sample:		6582.15 time, 6590.01 real, 2302 MB, 1.01 load
[runlim] sample:		6592.16 time, 6600.01 real, 2310 MB, 1.01 load
[runlim] sample:		6602.15 time, 6610.01 real, 2310 MB, 1.01 load
[runlim] sample:		6612.16 time, 6620.01 real, 2318 MB, 1.00 load
[runlim] sample:		6622.17 time, 6630.01 real, 2327 MB, 1.00 load
[runlim] sample:		6632.17 time, 6640.01 real, 2327 MB, 1.00 load
[runlim] sample:		6642.17 time, 6650.01 real, 2335 MB, 1.00 load
[runlim] sample:		6652.17 time, 6660.01 real, 2344 MB, 1.00 load
[runlim] sample:		6662.18 time, 6670.01 real, 2344 MB, 1.00 load
[runlim] sample:		6672.18 time, 6680.01 real, 2353 MB, 1.00 load
[runlim] sample:		6682.19 time, 6690.01 real, 2353 MB, 1.00 load
[runlim] sample:		6692.19 time, 6700.01 real, 2362 MB, 1.00 load
[runlim] sample:		6702.20 time, 6710.01 real, 2362 MB, 1.00 load
[runlim] sample:		6712.19 time, 6720.01 real, 2373 MB, 1.00 load
[runlim] sample:		6722.20 time, 6730.01 real, 2373 MB, 1.00 load
[runlim] sample:		6732.20 time, 6740.01 real, 2396 MB, 1.00 load
[runlim] sample:		6742.20 time, 6750.01 real, 2396 MB, 1.00 load
[runlim] sample:		6752.21 time, 6760.01 real, 2407 MB, 1.00 load
[runlim] sample:		6762.11 time, 6770.01 real, 2407 MB, 1.00 load
[runlim] sample:		6772.11 time, 6780.01 real, 2418 MB, 1.00 load
[runlim] sample:		6782.11 time, 6790.01 real, 2418 MB, 1.00 load
[runlim] sample:		6792.12 time, 6800.01 real, 2428 MB, 1.00 load
[runlim] sample:		6802.12 time, 6810.01 real, 2428 MB, 1.00 load
[runlim] sample:		6812.12 time, 6820.01 real, 2440 MB, 1.00 load
[runlim] sample:		6822.13 time, 6830.01 real, 2440 MB, 1.00 load
[runlim] sample:		6832.13 time, 6840.01 real, 2452 MB, 1.00 load
[runlim] sample:		6842.13 time, 6850.01 real, 2452 MB, 1.00 load
[runlim] sample:		6852.14 time, 6860.01 real, 2452 MB, 1.00 load
[runlim] sample:		6862.14 time, 6870.01 real, 2463 MB, 1.00 load
[runlim] sample:		6872.15 time, 6880.01 real, 2463 MB, 1.00 load
[runlim] sample:		6882.14 time, 6890.01 real, 2478 MB, 1.00 load
[runlim] sample:		6892.15 time, 6900.01 real, 2478 MB, 1.00 load
[runlim] sample:		6902.15 time, 6910.01 real, 2478 MB, 1.00 load
[runlim] sample:		6912.16 time, 6920.01 real, 2514 MB, 1.00 load
[runlim] sample:		6922.17 time, 6930.01 real, 2514 MB, 1.00 load
[runlim] sample:		6932.17 time, 6940.01 real, 2548 MB, 1.15 load
[runlim] sample:		6942.17 time, 6950.01 real, 2548 MB, 1.13 load
[runlim] sample:		6952.17 time, 6960.01 real, 2548 MB, 1.11 load

NN₁: mnist_relu_3_100_gemm.onnx
NN₂: mnist_relu_3_100_0.49.onnx
Prop: mnist_1_global_4.vnnlib
[runlim] sample:		6962.17 time, 6970.01 real, 2229 MB, 1.09 load
[runlim] sample:		6972.17 time, 6980.01 real, 2229 MB, 1.08 load
[runlim] sample:		6982.18 time, 6990.01 real, 2229 MB, 1.06 load
[runlim] sample:		6992.19 time, 7000.01 real, 2229 MB, 1.05 load
[runlim] sample:		7002.19 time, 7010.01 real, 2232 MB, 1.05 load
[runlim] sample:		7012.19 time, 7020.01 real, 2235 MB, 1.04 load
[runlim] sample:		7022.19 time, 7030.01 real, 2242 MB, 1.03 load
[runlim] sample:		7032.07 time, 7040.01 real, 2242 MB, 1.03 load
[runlim] sample:		7042.07 time, 7050.01 real, 2246 MB, 1.02 load
[runlim] sample:		7052.08 time, 7060.01 real, 2251 MB, 1.02 load
[runlim] sample:		7062.08 time, 7070.01 real, 2258 MB, 1.02 load
[runlim] sample:		7072.08 time, 7080.01 real, 2263 MB, 1.01 load
[runlim] sample:		7082.09 time, 7090.01 real, 2269 MB, 1.01 load
[runlim] sample:		7092.09 time, 7100.01 real, 2269 MB, 1.01 load
[runlim] sample:		7102.10 time, 7110.01 real, 2275 MB, 1.01 load
[runlim] sample:		7112.09 time, 7120.01 real, 2284 MB, 1.00 load
[runlim] sample:		7122.10 time, 7130.01 real, 2290 MB, 1.00 load
[runlim] sample:		7132.11 time, 7140.01 real, 2290 MB, 1.00 load
[runlim] sample:		7142.11 time, 7150.01 real, 2299 MB, 1.00 load
[runlim] sample:		7152.11 time, 7160.01 real, 2307 MB, 1.00 load
[runlim] sample:		7162.12 time, 7170.01 real, 2307 MB, 1.00 load
[runlim] sample:		7172.12 time, 7180.01 real, 2317 MB, 1.00 load
[runlim] sample:		7182.12 time, 7190.01 real, 2324 MB, 1.00 load
[runlim] sample:		7192.13 time, 7200.01 real, 2324 MB, 1.00 load
[runlim] sample:		7202.14 time, 7210.01 real, 2334 MB, 1.00 load
[runlim] sample:		7212.14 time, 7220.01 real, 2334 MB, 1.00 load
[runlim] sample:		7222.14 time, 7230.01 real, 2344 MB, 1.00 load
[runlim] sample:		7232.14 time, 7240.01 real, 2353 MB, 1.00 load
[runlim] sample:		7242.15 time, 7250.01 real, 2353 MB, 1.00 load
[runlim] sample:		7252.15 time, 7260.01 real, 2364 MB, 1.00 load
[runlim] sample:		7262.16 time, 7270.01 real, 2364 MB, 1.00 load
[runlim] sample:		7272.16 time, 7280.01 real, 2375 MB, 1.00 load
[runlim] sample:		7282.17 time, 7290.01 real, 2375 MB, 1.00 load
[runlim] sample:		7292.17 time, 7300.01 real, 2383 MB, 1.00 load
[runlim] sample:		7302.06 time, 7310.01 real, 2383 MB, 1.00 load
[runlim] sample:		7312.05 time, 7320.01 real, 2409 MB, 1.00 load
[runlim] sample:		7322.06 time, 7330.01 real, 2409 MB, 1.00 load
[runlim] sample:		7332.06 time, 7340.01 real, 2420 MB, 1.00 load
[runlim] sample:		7342.07 time, 7350.01 real, 2420 MB, 1.00 load
[runlim] sample:		7352.07 time, 7360.01 real, 2432 MB, 1.00 load
[runlim] sample:		7362.08 time, 7370.01 real, 2432 MB, 1.00 load
[runlim] sample:		7372.08 time, 7380.01 real, 2445 MB, 1.00 load
[runlim] sample:		7382.08 time, 7390.01 real, 2445 MB, 1.00 load
[runlim] sample:		7392.08 time, 7400.01 real, 2458 MB, 1.00 load
[runlim] sample:		7402.09 time, 7410.01 real, 2458 MB, 1.00 load
[runlim] sample:		7412.09 time, 7420.01 real, 2458 MB, 1.00 load
[runlim] sample:		7422.09 time, 7430.01 real, 2471 MB, 1.00 load
[runlim] sample:		7432.09 time, 7440.01 real, 2471 MB, 1.15 load
[runlim] sample:		7442.10 time, 7450.01 real, 2485 MB, 1.20 load
[runlim] sample:		7452.11 time, 7460.01 real, 2485 MB, 1.17 load
[runlim] sample:		7462.11 time, 7470.01 real, 2485 MB, 1.15 load
[runlim] sample:		7472.11 time, 7480.01 real, 2503 MB, 1.12 load
[runlim] sample:		7482.12 time, 7490.01 real, 2503 MB, 1.10 load
[runlim] sample:		7492.12 time, 7500.01 real, 2544 MB, 1.09 load
[runlim] sample:		7502.13 time, 7510.01 real, 2544 MB, 1.07 load
[runlim] sample:		7512.13 time, 7520.01 real, 2544 MB, 1.06 load
[runlim] sample:		7522.13 time, 7530.01 real, 2587 MB, 1.05 load
[runlim] sample:		7532.14 time, 7540.01 real, 2587 MB, 1.04 load
[runlim] sample:		7542.14 time, 7550.01 real, 2587 MB, 1.04 load
[runlim] sample:		7552.14 time, 7560.01 real, 2627 MB, 1.03 load

NN₁: mnist_relu_3_100_gemm.onnx
NN₂: mnist_relu_3_100_0.49.onnx
Prop: mnist_1_global_5.vnnlib
[runlim] sample:		7562.13 time, 7570.01 real, 2310 MB, 1.11 load
[runlim] sample:		7572.03 time, 7580.01 real, 2310 MB, 1.09 load
[runlim] sample:		7582.03 time, 7590.01 real, 2310 MB, 1.07 load
[runlim] sample:		7592.04 time, 7600.01 real, 2310 MB, 1.06 load
[runlim] sample:		7602.05 time, 7610.01 real, 2310 MB, 1.05 load
[runlim] sample:		7612.05 time, 7620.01 real, 2311 MB, 1.04 load
[runlim] sample:		7622.05 time, 7630.01 real, 2316 MB, 1.04 load
[runlim] sample:		7632.06 time, 7640.01 real, 2321 MB, 1.03 load
[runlim] sample:		7642.06 time, 7650.01 real, 2325 MB, 1.03 load
[runlim] sample:		7652.07 time, 7660.01 real, 2329 MB, 1.02 load
[runlim] sample:		7662.06 time, 7670.01 real, 2335 MB, 1.02 load
[runlim] sample:		7672.07 time, 7680.01 real, 2340 MB, 1.01 load
[runlim] sample:		7682.07 time, 7690.01 real, 2345 MB, 1.01 load
[runlim] sample:		7692.08 time, 7700.01 real, 2349 MB, 1.01 load
[runlim] sample:		7702.08 time, 7710.01 real, 2349 MB, 1.01 load
[runlim] sample:		7712.09 time, 7720.01 real, 2356 MB, 1.01 load
[runlim] sample:		7722.08 time, 7730.01 real, 2364 MB, 1.00 load
[runlim] sample:		7732.09 time, 7740.01 real, 2371 MB, 1.00 load
[runlim] sample:		7742.09 time, 7750.01 real, 2371 MB, 1.00 load
[runlim] sample:		7752.09 time, 7760.01 real, 2378 MB, 1.00 load
[runlim] sample:		7762.11 time, 7770.01 real, 2385 MB, 1.00 load
[runlim] sample:		7772.10 time, 7780.01 real, 2385 MB, 1.00 load
[runlim] sample:		7782.11 time, 7790.01 real, 2393 MB, 1.00 load
[runlim] sample:		7792.11 time, 7800.01 real, 2400 MB, 1.00 load
[runlim] sample:		7802.12 time, 7810.01 real, 2400 MB, 1.00 load
[runlim] sample:		7812.12 time, 7820.01 real, 2409 MB, 1.00 load
[runlim] sample:		7822.12 time, 7830.01 real, 2409 MB, 1.00 load
[runlim] sample:		7832.12 time, 7840.01 real, 2419 MB, 1.00 load
[runlim] sample:		7842.04 time, 7850.01 real, 2419 MB, 1.00 load
[runlim] sample:		7852.04 time, 7860.01 real, 2426 MB, 1.00 load
[runlim] sample:		7862.04 time, 7870.01 real, 2435 MB, 1.00 load
[runlim] sample:		7872.04 time, 7880.01 real, 2435 MB, 1.00 load
[runlim] sample:		7882.05 time, 7890.01 real, 2442 MB, 1.00 load
[runlim] sample:		7892.05 time, 7900.01 real, 2442 MB, 1.00 load
[runlim] sample:		7902.06 time, 7910.01 real, 2453 MB, 1.00 load
[runlim] sample:		7912.06 time, 7920.01 real, 2453 MB, 1.00 load
[runlim] sample:		7922.06 time, 7930.01 real, 2462 MB, 1.00 load
[runlim] sample:		7932.07 time, 7940.01 real, 2462 MB, 1.15 load
[runlim] sample:		7942.07 time, 7950.01 real, 2470 MB, 1.13 load
[runlim] sample:		7952.08 time, 7960.01 real, 2470 MB, 1.11 load
[runlim] sample:		7962.08 time, 7970.01 real, 2493 MB, 1.09 load
[runlim] sample:		7972.08 time, 7980.01 real, 2493 MB, 1.08 load
[runlim] sample:		7982.08 time, 7990.01 real, 2502 MB, 1.06 load
[runlim] sample:		7992.09 time, 8000.01 real, 2502 MB, 1.05 load
[runlim] sample:		8002.09 time, 8010.01 real, 2511 MB, 1.05 load
[runlim] sample:		8012.09 time, 8020.01 real, 2511 MB, 1.04 load
[runlim] sample:		8022.09 time, 8030.01 real, 2522 MB, 1.03 load
[runlim] sample:		8032.10 time, 8040.01 real, 2522 MB, 1.03 load
[runlim] sample:		8042.10 time, 8050.01 real, 2522 MB, 1.02 load
[runlim] sample:		8052.11 time, 8060.01 real, 2533 MB, 1.02 load
[runlim] sample:		8062.11 time, 8070.01 real, 2533 MB, 1.02 load
[runlim] sample:		8072.12 time, 8080.01 real, 2544 MB, 1.01 load
[runlim] sample:		8082.12 time, 8090.01 real, 2544 MB, 1.01 load
[runlim] sample:		8092.12 time, 8100.01 real, 2544 MB, 1.01 load
[runlim] sample:		8102.12 time, 8110.01 real, 2554 MB, 1.01 load
[runlim] sample:		8111.99 time, 8120.01 real, 2554 MB, 1.00 load
[runlim] sample:		8121.99 time, 8130.01 real, 2566 MB, 1.00 load
[runlim] sample:		8132.00 time, 8140.01 real, 2566 MB, 1.00 load
[runlim] sample:		8142.01 time, 8150.01 real, 2566 MB, 1.00 load
[runlim] sample:		8152.00 time, 8160.01 real, 2577 MB, 1.00 load

NN₁: mnist_relu_3_100_gemm.onnx
NN₂: mnist_relu_3_100_0.49.onnx
Prop: mnist_2_global_4.vnnlib
[runlim] sample:		8162.00 time, 8170.01 real, 2310 MB, 1.00 load
[runlim] sample:		8172.01 time, 8180.01 real, 2310 MB, 1.00 load
[runlim] sample:		8182.01 time, 8190.01 real, 2310 MB, 1.00 load
[runlim] sample:		8192.02 time, 8200.01 real, 2310 MB, 1.00 load
[runlim] sample:		8202.02 time, 8210.01 real, 2310 MB, 1.00 load
[runlim] sample:		8212.02 time, 8220.01 real, 2310 MB, 1.00 load
[runlim] sample:		8222.03 time, 8230.01 real, 2313 MB, 1.00 load
[runlim] sample:		8232.02 time, 8240.01 real, 2317 MB, 1.00 load
[runlim] sample:		8242.03 time, 8250.01 real, 2321 MB, 1.00 load
[runlim] sample:		8252.04 time, 8260.01 real, 2323 MB, 1.00 load
[runlim] sample:		8262.04 time, 8270.01 real, 2328 MB, 1.00 load
[runlim] sample:		8272.05 time, 8280.01 real, 2331 MB, 1.00 load
[runlim] sample:		8282.05 time, 8290.01 real, 2337 MB, 1.00 load
[runlim] sample:		8292.06 time, 8300.01 real, 2340 MB, 1.00 load
[runlim] sample:		8302.06 time, 8310.01 real, 2340 MB, 1.00 load
[runlim] sample:		8312.05 time, 8320.01 real, 2344 MB, 1.00 load
[runlim] sample:		8322.06 time, 8330.01 real, 2350 MB, 1.00 load
[runlim] sample:		8332.07 time, 8340.01 real, 2352 MB, 1.00 load
[runlim] sample:		8342.07 time, 8350.01 real, 2357 MB, 1.00 load
[runlim] sample:		8352.07 time, 8360.01 real, 2357 MB, 1.00 load
[runlim] sample:		8362.07 time, 8370.01 real, 2361 MB, 1.00 load
[runlim] sample:		8372.08 time, 8380.01 real, 2369 MB, 1.00 load
[runlim] sample:		8381.95 time, 8390.01 real, 2376 MB, 1.00 load
[runlim] sample:		8391.96 time, 8400.01 real, 2376 MB, 1.00 load
[runlim] sample:		8401.96 time, 8410.01 real, 2381 MB, 1.00 load
[runlim] sample:		8411.96 time, 8420.01 real, 2387 MB, 1.00 load
[runlim] sample:		8421.97 time, 8430.01 real, 2387 MB, 1.00 load
[runlim] sample:		8431.97 time, 8440.01 real, 2393 MB, 1.15 load
[runlim] sample:		8441.97 time, 8450.01 real, 2393 MB, 1.13 load
[runlim] sample:		8451.98 time, 8460.01 real, 2398 MB, 1.11 load
[runlim] sample:		8461.99 time, 8470.01 real, 2404 MB, 1.09 load
[runlim] sample:		8471.99 time, 8480.01 real, 2404 MB, 1.08 load
[runlim] sample:		8481.99 time, 8490.01 real, 2411 MB, 1.06 load
[runlim] sample:		8492.00 time, 8500.01 real, 2411 MB, 1.05 load
[runlim] sample:		8502.00 time, 8510.01 real, 2418 MB, 1.05 load
[runlim] sample:		8512.01 time, 8520.01 real, 2425 MB, 1.04 load
[runlim] sample:		8522.01 time, 8530.01 real, 2425 MB, 1.03 load
[runlim] sample:		8532.01 time, 8540.01 real, 2431 MB, 1.03 load
[runlim] sample:		8542.01 time, 8550.01 real, 2431 MB, 1.02 load
[runlim] sample:		8552.02 time, 8560.01 real, 2438 MB, 1.02 load
[runlim] sample:		8562.02 time, 8570.01 real, 2438 MB, 1.02 load
[runlim] sample:		8572.02 time, 8580.01 real, 2444 MB, 1.01 load
[runlim] sample:		8582.03 time, 8590.01 real, 2444 MB, 1.01 load
[runlim] sample:		8592.04 time, 8600.01 real, 2451 MB, 1.01 load
[runlim] sample:		8602.04 time, 8610.01 real, 2451 MB, 1.01 load
[runlim] sample:		8612.04 time, 8620.01 real, 2456 MB, 1.00 load
[runlim] sample:		8622.05 time, 8630.01 real, 2456 MB, 1.00 load
[runlim] sample:		8632.05 time, 8640.01 real, 2466 MB, 1.00 load
[runlim] sample:		8642.06 time, 8650.01 real, 2466 MB, 1.00 load
[runlim] sample:		8651.96 time, 8660.01 real, 2470 MB, 1.00 load
[runlim] sample:		8661.97 time, 8670.01 real, 2470 MB, 1.00 load
[runlim] sample:		8671.98 time, 8680.01 real, 2490 MB, 1.00 load
[runlim] sample:		8681.98 time, 8690.01 real, 2490 MB, 1.00 load
[runlim] sample:		8691.98 time, 8700.01 real, 2498 MB, 1.00 load
[runlim] sample:		8701.98 time, 8710.01 real, 2498 MB, 1.00 load
[runlim] sample:		8711.98 time, 8720.01 real, 2505 MB, 1.00 load
[runlim] sample:		8721.99 time, 8730.01 real, 2505 MB, 1.00 load
[runlim] sample:		8731.99 time, 8740.01 real, 2513 MB, 1.00 load
[runlim] sample:		8742.00 time, 8750.01 real, 2513 MB, 1.00 load
[runlim] sample:		8752.00 time, 8760.01 real, 2513 MB, 1.00 load

NN₁: mnist_relu_3_100_gemm.onnx
NN₂: mnist_relu_3_100_0.49.onnx
Prop: mnist_3_global_5.vnnlib
[runlim] sample:		8761.99 time, 8770.01 real, 2310 MB, 1.00 load
[runlim] sample:		8772.00 time, 8780.01 real, 2310 MB, 1.00 load
[runlim] sample:		8782.00 time, 8790.01 real, 2310 MB, 1.00 load
[runlim] sample:		8792.01 time, 8800.01 real, 2310 MB, 1.00 load
[runlim] sample:		8802.01 time, 8810.01 real, 2310 MB, 1.00 load
[runlim] sample:		8812.02 time, 8820.01 real, 2311 MB, 1.00 load
[runlim] sample:		8822.02 time, 8830.01 real, 2315 MB, 1.00 load
[runlim] sample:		8832.03 time, 8840.01 real, 2324 MB, 1.00 load
[runlim] sample:		8842.03 time, 8850.01 real, 2324 MB, 1.00 load
[runlim] sample:		8852.04 time, 8860.01 real, 2329 MB, 1.00 load
[runlim] sample:		8862.04 time, 8870.01 real, 2333 MB, 1.00 load
[runlim] sample:		8872.04 time, 8880.01 real, 2339 MB, 1.00 load
[runlim] sample:		8882.04 time, 8890.01 real, 2344 MB, 1.00 load
[runlim] sample:		8892.05 time, 8900.01 real, 2347 MB, 1.00 load
[runlim] sample:		8902.05 time, 8910.01 real, 2347 MB, 1.00 load
[runlim] sample:		8912.06 time, 8920.01 real, 2352 MB, 1.00 load
[runlim] sample:		8921.96 time, 8930.01 real, 2357 MB, 1.00 load
[runlim] sample:		8931.96 time, 8940.01 real, 2364 MB, 1.15 load
[runlim] sample:		8941.96 time, 8950.01 real, 2364 MB, 1.20 load
[runlim] sample:		8951.97 time, 8960.01 real, 2370 MB, 1.17 load
[runlim] sample:		8961.98 time, 8970.01 real, 2379 MB, 1.15 load
[runlim] sample:		8971.98 time, 8980.01 real, 2384 MB, 1.12 load
[runlim] sample:		8981.99 time, 8990.01 real, 2384 MB, 1.10 load
[runlim] sample:		8991.99 time, 9000.01 real, 2393 MB, 1.09 load
[runlim] sample:		9001.99 time, 9010.01 real, 2399 MB, 1.07 load
[runlim] sample:		9012.00 time, 9020.01 real, 2399 MB, 1.06 load
[runlim] sample:		9022.00 time, 9030.01 real, 2406 MB, 1.05 load
[runlim] sample:		9032.00 time, 9040.01 real, 2406 MB, 1.04 load
[runlim] sample:		9042.00 time, 9050.01 real, 2412 MB, 1.04 load
[runlim] sample:		9052.01 time, 9060.01 real, 2420 MB, 1.03 load
[runlim] sample:		9062.01 time, 9070.01 real, 2420 MB, 1.02 load
[runlim] sample:		9072.02 time, 9080.01 real, 2429 MB, 1.02 load
[runlim] sample:		9082.03 time, 9090.01 real, 2429 MB, 1.02 load
[runlim] sample:		9092.03 time, 9100.01 real, 2437 MB, 1.01 load
[runlim] sample:		9102.03 time, 9110.01 real, 2437 MB, 1.01 load
[runlim] sample:		9112.04 time, 9120.01 real, 2446 MB, 1.01 load
[runlim] sample:		9122.04 time, 9130.01 real, 2446 MB, 1.01 load
[runlim] sample:		9132.05 time, 9140.01 real, 2453 MB, 1.01 load
[runlim] sample:		9142.05 time, 9150.01 real, 2453 MB, 1.00 load
[runlim] sample:		9152.05 time, 9160.01 real, 2463 MB, 1.00 load
[runlim] sample:		9162.05 time, 9170.01 real, 2470 MB, 1.00 load
[runlim] sample:		9172.06 time, 9180.01 real, 2472 MB, 1.00 load
[runlim] sample:		9182.07 time, 9190.01 real, 2474 MB, 1.00 load
[runlim] sample:		9191.95 time, 9200.01 real, 2494 MB, 1.00 load
[runlim] sample:		9201.96 time, 9210.01 real, 2494 MB, 1.00 load
[runlim] sample:		9211.96 time, 9220.01 real, 2504 MB, 1.00 load
[runlim] sample:		9221.96 time, 9230.01 real, 2504 MB, 1.00 load
[runlim] sample:		9231.97 time, 9240.01 real, 2513 MB, 1.00 load
[runlim] sample:		9241.97 time, 9250.01 real, 2513 MB, 1.00 load
[runlim] sample:		9251.97 time, 9260.01 real, 2523 MB, 1.00 load
[runlim] sample:		9261.97 time, 9270.01 real, 2523 MB, 1.00 load
[runlim] sample:		9271.98 time, 9280.01 real, 2533 MB, 1.00 load
[runlim] sample:		9281.99 time, 9290.01 real, 2533 MB, 1.00 load
[runlim] sample:		9291.99 time, 9300.01 real, 2533 MB, 1.00 load
[runlim] sample:		9301.99 time, 9310.01 real, 2543 MB, 1.07 load
[runlim] sample:		9311.99 time, 9320.01 real, 2543 MB, 1.06 load
[runlim] sample:		9322.00 time, 9330.01 real, 2553 MB, 1.05 load
[runlim] sample:		9332.01 time, 9340.01 real, 2553 MB, 1.04 load
[runlim] sample:		9342.01 time, 9350.01 real, 2553 MB, 1.04 load
[runlim] sample:		9352.02 time, 9360.01 real, 2564 MB, 1.03 load
[runlim] sample:		9362.01 time, 9370.01 real, 2310 MB, 1.02 load

NN₁: mnist_relu_3_100_gemm.onnx
NN₂: mnist_relu_3_100_0.49.onnx
Prop: mnist_4_global_4.vnnlib
[runlim] sample:		9372.01 time, 9380.01 real, 2310 MB, 1.02 load
[runlim] sample:		9382.02 time, 9390.01 real, 2310 MB, 1.02 load
[runlim] sample:		9392.03 time, 9400.01 real, 2310 MB, 1.01 load
[runlim] sample:		9402.02 time, 9410.01 real, 2310 MB, 1.01 load
[runlim] sample:		9412.03 time, 9420.01 real, 2310 MB, 1.01 load
[runlim] sample:		9422.03 time, 9430.01 real, 2312 MB, 1.01 load
[runlim] sample:		9432.04 time, 9440.01 real, 2318 MB, 1.24 load
[runlim] sample:		9442.04 time, 9450.01 real, 2320 MB, 1.20 load
[runlim] sample:		9452.04 time, 9460.01 real, 2327 MB, 1.17 load
[runlim] sample:		9461.96 time, 9470.01 real, 2330 MB, 1.14 load
[runlim] sample:		9471.95 time, 9480.01 real, 2336 MB, 1.12 load
[runlim] sample:		9481.96 time, 9490.01 real, 2339 MB, 1.10 load
[runlim] sample:		9491.97 time, 9500.01 real, 2344 MB, 1.09 load
[runlim] sample:		9501.97 time, 9510.01 real, 2349 MB, 1.07 load
[runlim] sample:		9511.98 time, 9520.01 real, 2357 MB, 1.06 load
[runlim] sample:		9521.98 time, 9530.01 real, 2366 MB, 1.05 load
[runlim] sample:		9531.98 time, 9540.01 real, 2366 MB, 1.04 load
[runlim] sample:		9541.98 time, 9550.01 real, 2374 MB, 1.04 load
[runlim] sample:		9551.99 time, 9560.01 real, 2382 MB, 1.03 load
[runlim] sample:		9561.99 time, 9570.01 real, 2382 MB, 1.02 load
[runlim] sample:		9572.00 time, 9580.01 real, 2390 MB, 1.02 load
[runlim] sample:		9582.00 time, 9590.01 real, 2397 MB, 1.02 load
[runlim] sample:		9592.00 time, 9600.01 real, 2397 MB, 1.01 load
[runlim] sample:		9602.01 time, 9610.01 real, 2406 MB, 1.01 load
[runlim] sample:		9612.01 time, 9620.01 real, 2406 MB, 1.01 load
[runlim] sample:		9622.01 time, 9630.01 real, 2417 MB, 1.01 load
[runlim] sample:		9632.02 time, 9640.01 real, 2426 MB, 1.01 load
[runlim] sample:		9642.02 time, 9650.01 real, 2426 MB, 1.00 load
[runlim] sample:		9652.02 time, 9660.01 real, 2435 MB, 1.00 load
[runlim] sample:		9662.03 time, 9670.01 real, 2435 MB, 1.00 load
[runlim] sample:		9672.03 time, 9680.01 real, 2444 MB, 1.00 load
[runlim] sample:		9682.03 time, 9690.01 real, 2444 MB, 1.00 load
[runlim] sample:		9692.04 time, 9700.01 real, 2456 MB, 1.00 load
[runlim] sample:		9702.04 time, 9710.01 real, 2456 MB, 1.00 load
[runlim] sample:		9712.04 time, 9720.01 real, 2464 MB, 1.00 load
[runlim] sample:		9722.05 time, 9730.01 real, 2464 MB, 1.00 load
[runlim] sample:		9731.96 time, 9740.01 real, 2472 MB, 1.00 load
[runlim] sample:		9741.96 time, 9750.01 real, 2472 MB, 1.00 load
[runlim] sample:		9751.97 time, 9760.01 real, 2503 MB, 1.00 load
[runlim] sample:		9761.97 time, 9770.01 real, 2503 MB, 1.00 load
[runlim] sample:		9771.97 time, 9780.01 real, 2514 MB, 1.00 load
[runlim] sample:		9781.97 time, 9790.01 real, 2514 MB, 1.00 load
[runlim] sample:		9791.98 time, 9800.01 real, 2525 MB, 1.00 load
[runlim] sample:		9801.98 time, 9810.01 real, 2525 MB, 1.00 load
[runlim] sample:		9811.98 time, 9820.01 real, 2536 MB, 1.00 load
[runlim] sample:		9821.99 time, 9830.01 real, 2536 MB, 1.00 load
[runlim] sample:		9831.99 time, 9840.01 real, 2548 MB, 1.00 load
[runlim] sample:		9841.99 time, 9850.01 real, 2547 MB, 1.00 load
[runlim] sample:		9852.00 time, 9860.01 real, 2547 MB, 1.00 load
[runlim] sample:		9862.00 time, 9870.01 real, 2559 MB, 1.00 load
[runlim] sample:		9872.01 time, 9880.01 real, 2559 MB, 1.00 load
[runlim] sample:		9882.01 time, 9890.01 real, 2570 MB, 1.00 load
[runlim] sample:		9892.01 time, 9900.01 real, 2570 MB, 1.00 load
[runlim] sample:		9902.02 time, 9910.01 real, 2570 MB, 1.00 load
[runlim] sample:		9912.03 time, 9920.01 real, 2581 MB, 1.00 load
[runlim] sample:		9922.02 time, 9930.01 real, 2581 MB, 1.00 load
[runlim] sample:		9932.03 time, 9940.01 real, 2593 MB, 1.15 load
[runlim] sample:		9942.03 time, 9950.01 real, 2593 MB, 1.13 load
[runlim] sample:		9952.04 time, 9960.01 real, 2593 MB, 1.18 load
[runlim] sample:		9962.04 time, 9970.01 real, 2605 MB, 1.15 load

NN₁: mnist_relu_3_100_gemm.onnx
NN₂: mnist_relu_3_100_0.49.onnx
Prop: mnist_4_global_5.vnnlib
[runlim] sample:		9972.04 time, 9980.01 real, 2310 MB, 1.13 load
[runlim] sample:		9982.04 time, 9990.01 real, 2310 MB, 1.11 load
[runlim] sample:		9992.04 time, 10000.01 real, 2310 MB, 1.09 load
[runlim] sample:		10001.94 time, 10010.01 real, 2310 MB, 1.08 load
[runlim] sample:		10011.94 time, 10020.01 real, 2310 MB, 1.07 load
[runlim] sample:		10021.95 time, 10030.01 real, 2312 MB, 1.06 load
[runlim] sample:		10031.95 time, 10040.01 real, 2317 MB, 1.05 load
[runlim] sample:		10041.95 time, 10050.01 real, 2321 MB, 1.04 load
[runlim] sample:		10051.96 time, 10060.01 real, 2324 MB, 1.03 load
[runlim] sample:		10061.96 time, 10070.01 real, 2331 MB, 1.03 load
[runlim] sample:		10071.96 time, 10080.01 real, 2334 MB, 1.02 load
[runlim] sample:		10081.97 time, 10090.01 real, 2341 MB, 1.02 load
[runlim] sample:		10091.98 time, 10100.01 real, 2347 MB, 1.02 load
[runlim] sample:		10101.98 time, 10110.01 real, 2347 MB, 1.01 load
[runlim] sample:		10111.98 time, 10120.01 real, 2353 MB, 1.01 load
[runlim] sample:		10121.99 time, 10130.01 real, 2360 MB, 1.01 load
[runlim] sample:		10131.99 time, 10140.01 real, 2368 MB, 1.01 load
[runlim] sample:		10141.99 time, 10150.01 real, 2368 MB, 1.00 load
[runlim] sample:		10151.99 time, 10160.01 real, 2375 MB, 1.00 load
[runlim] sample:		10162.00 time, 10170.01 real, 2383 MB, 1.00 load
[runlim] sample:		10172.00 time, 10180.01 real, 2383 MB, 1.00 load
[runlim] sample:		10182.01 time, 10190.01 real, 2388 MB, 1.00 load
[runlim] sample:		10192.01 time, 10200.01 real, 2396 MB, 1.00 load
[runlim] sample:		10202.02 time, 10210.01 real, 2396 MB, 1.00 load
[runlim] sample:		10212.02 time, 10220.01 real, 2405 MB, 1.08 load
[runlim] sample:		10222.02 time, 10230.01 real, 2414 MB, 1.07 load
[runlim] sample:		10232.02 time, 10240.01 real, 2414 MB, 1.06 load
[runlim] sample:		10242.03 time, 10250.01 real, 2422 MB, 1.05 load
[runlim] sample:		10252.03 time, 10260.01 real, 2422 MB, 1.04 load
[runlim] sample:		10262.04 time, 10270.01 real, 2431 MB, 1.03 load
[runlim] sample:		10271.94 time, 10280.01 real, 2431 MB, 1.03 load
[runlim] sample:		10281.95 time, 10290.01 real, 2441 MB, 1.02 load
[runlim] sample:		10291.95 time, 10300.01 real, 2441 MB, 1.02 load
[runlim] sample:		10301.95 time, 10310.01 real, 2450 MB, 1.02 load
[runlim] sample:		10311.95 time, 10320.01 real, 2459 MB, 1.01 load
[runlim] sample:		10321.95 time, 10330.01 real, 2459 MB, 1.09 load
[runlim] sample:		10331.96 time, 10340.01 real, 2469 MB, 1.08 load
[runlim] sample:		10341.97 time, 10350.01 real, 2469 MB, 1.06 load
[runlim] sample:		10351.97 time, 10360.01 real, 2478 MB, 1.05 load
[runlim] sample:		10361.98 time, 10370.01 real, 2494 MB, 1.04 load
[runlim] sample:		10371.98 time, 10380.01 real, 2494 MB, 1.04 load
[runlim] sample:		10381.98 time, 10390.01 real, 2504 MB, 1.03 load
[runlim] sample:		10391.98 time, 10400.01 real, 2504 MB, 1.03 load
[runlim] sample:		10401.99 time, 10410.01 real, 2515 MB, 1.02 load
[runlim] sample:		10411.99 time, 10420.01 real, 2515 MB, 1.02 load
[runlim] sample:		10421.99 time, 10430.01 real, 2526 MB, 1.01 load
[runlim] sample:		10432.00 time, 10440.01 real, 2526 MB, 1.17 load
[runlim] sample:		10442.00 time, 10450.01 real, 2539 MB, 1.14 load
[runlim] sample:		10452.01 time, 10460.01 real, 2537 MB, 1.12 load
[runlim] sample:		10462.01 time, 10470.01 real, 2537 MB, 1.10 load
[runlim] sample:		10472.02 time, 10480.01 real, 2549 MB, 1.08 load
[runlim] sample:		10482.02 time, 10490.01 real, 2549 MB, 1.07 load
[runlim] sample:		10492.03 time, 10500.01 real, 2561 MB, 1.06 load
[runlim] sample:		10502.02 time, 10510.01 real, 2561 MB, 1.05 load
[runlim] sample:		10512.03 time, 10520.01 real, 2561 MB, 1.12 load
[runlim] sample:		10522.03 time, 10530.01 real, 2573 MB, 1.10 load
[runlim] sample:		10532.04 time, 10540.01 real, 2573 MB, 1.09 load
[runlim] sample:		10541.95 time, 10550.01 real, 2590 MB, 1.07 load
[runlim] sample:		10551.94 time, 10560.01 real, 2586 MB, 1.06 load
[runlim] sample:		10561.94 time, 10570.01 real, 2586 MB, 1.05 load

NN₁: mnist_relu_3_100_gemm.onnx
NN₂: mnist_relu_3_100_0.49.onnx
Prop: mnist_5_global_4.vnnlib
[runlim] sample:		10571.95 time, 10580.01 real, 2310 MB, 1.04 load
[runlim] sample:		10581.95 time, 10590.01 real, 2310 MB, 1.04 load
[runlim] sample:		10591.96 time, 10600.01 real, 2310 MB, 1.03 load
[runlim] sample:		10601.96 time, 10610.01 real, 2310 MB, 1.02 load
[runlim] sample:		10611.96 time, 10620.01 real, 2310 MB, 1.02 load
[runlim] sample:		10621.97 time, 10630.01 real, 2316 MB, 1.02 load
[runlim] sample:		10631.97 time, 10640.01 real, 2320 MB, 1.01 load
[runlim] sample:		10641.98 time, 10650.01 real, 2326 MB, 1.01 load
[runlim] sample:		10651.98 time, 10660.01 real, 2326 MB, 1.01 load
[runlim] sample:		10661.98 time, 10670.01 real, 2331 MB, 1.01 load
[runlim] sample:		10671.99 time, 10680.01 real, 2336 MB, 1.01 load
[runlim] sample:		10681.99 time, 10690.01 real, 2342 MB, 1.00 load
[runlim] sample:		10692.00 time, 10700.01 real, 2347 MB, 1.00 load
[runlim] sample:		10702.00 time, 10710.01 real, 2353 MB, 1.00 load
[runlim] sample:		10712.00 time, 10720.01 real, 2361 MB, 1.00 load
[runlim] sample:		10722.01 time, 10730.01 real, 2361 MB, 1.00 load
[runlim] sample:		10732.02 time, 10740.01 real, 2368 MB, 1.00 load
[runlim] sample:		10742.02 time, 10750.01 real, 2376 MB, 1.00 load
[runlim] sample:		10752.02 time, 10760.01 real, 2384 MB, 1.00 load
[runlim] sample:		10762.03 time, 10770.01 real, 2384 MB, 1.00 load
[runlim] sample:		10772.03 time, 10780.01 real, 2392 MB, 1.00 load
[runlim] sample:		10782.03 time, 10790.01 real, 2402 MB, 1.00 load
[runlim] sample:		10792.04 time, 10800.01 real, 2402 MB, 1.00 load
[runlim] sample:		10802.04 time, 10810.01 real, 2410 MB, 1.00 load
[runlim] sample:		10811.95 time, 10820.01 real, 2419 MB, 1.00 load
[runlim] sample:		10821.95 time, 10830.01 real, 2419 MB, 1.00 load
[runlim] sample:		10831.95 time, 10840.01 real, 2428 MB, 1.00 load
[runlim] sample:		10841.96 time, 10850.01 real, 2437 MB, 1.00 load
[runlim] sample:		10851.97 time, 10860.01 real, 2437 MB, 1.00 load
[runlim] sample:		10861.96 time, 10870.01 real, 2447 MB, 1.00 load
[runlim] sample:		10871.97 time, 10880.01 real, 2447 MB, 1.00 load
[runlim] sample:		10881.98 time, 10890.01 real, 2457 MB, 1.00 load
[runlim] sample:		10891.98 time, 10900.01 real, 2457 MB, 1.00 load
[runlim] sample:		10901.99 time, 10910.01 real, 2468 MB, 1.00 load
[runlim] sample:		10911.98 time, 10920.01 real, 2468 MB, 1.00 load
[runlim] sample:		10921.99 time, 10930.01 real, 2496 MB, 1.00 load
[runlim] sample:		10931.99 time, 10940.01 real, 2513 MB, 1.15 load
[runlim] sample:		10942.00 time, 10950.01 real, 2506 MB, 1.13 load
[runlim] sample:		10952.00 time, 10960.01 real, 2519 MB, 1.11 load
[runlim] sample:		10962.01 time, 10970.01 real, 2518 MB, 1.09 load
[runlim] sample:		10972.01 time, 10980.01 real, 2518 MB, 1.15 load
[runlim] sample:		10982.01 time, 10990.01 real, 2529 MB, 1.13 load
[runlim] sample:		10992.02 time, 11000.01 real, 2529 MB, 1.11 load
[runlim] sample:		11002.02 time, 11010.01 real, 2542 MB, 1.09 load
[runlim] sample:		11012.02 time, 11020.01 real, 2542 MB, 1.08 load
[runlim] sample:		11022.03 time, 11030.01 real, 2555 MB, 1.06 load
[runlim] sample:		11032.04 time, 11040.01 real, 2555 MB, 1.05 load
[runlim] sample:		11042.03 time, 11050.01 real, 2567 MB, 1.05 load
[runlim] sample:		11052.04 time, 11060.01 real, 2567 MB, 1.04 load
[runlim] sample:		11062.04 time, 11070.01 real, 2567 MB, 1.03 load
[runlim] sample:		11072.05 time, 11080.01 real, 2581 MB, 1.03 load
[runlim] sample:		11081.94 time, 11090.01 real, 2581 MB, 1.02 load
[runlim] sample:		11091.94 time, 11100.01 real, 2595 MB, 1.02 load
[runlim] sample:		11101.95 time, 11110.01 real, 2595 MB, 1.02 load
[runlim] sample:		11111.96 time, 11120.01 real, 2595 MB, 1.01 load
[runlim] sample:		11121.96 time, 11130.01 real, 2609 MB, 1.01 load
[runlim] sample:		11131.96 time, 11140.01 real, 2609 MB, 1.01 load
[runlim] sample:		11141.96 time, 11150.01 real, 2623 MB, 1.01 load
[runlim] sample:		11151.97 time, 11160.01 real, 2623 MB, 1.00 load
[runlim] sample:		11161.97 time, 11170.01 real, 2623 MB, 1.00 load

NN₁: mnist_relu_3_100_gemm.onnx
NN₂: mnist_relu_3_100_0.49.onnx
Prop: mnist_5_global_5.vnnlib
[runlim] sample:		11171.96 time, 11180.01 real, 2310 MB, 1.00 load
[runlim] sample:		11181.97 time, 11190.01 real, 2310 MB, 1.00 load
[runlim] sample:		11191.97 time, 11200.01 real, 2310 MB, 1.00 load
[runlim] sample:		11201.98 time, 11210.01 real, 2310 MB, 1.00 load
[runlim] sample:		11211.98 time, 11220.01 real, 2310 MB, 1.00 load
[runlim] sample:		11221.99 time, 11230.01 real, 2313 MB, 1.00 load
[runlim] sample:		11231.99 time, 11240.01 real, 2318 MB, 1.00 load
[runlim] sample:		11242.00 time, 11250.01 real, 2323 MB, 1.00 load
[runlim] sample:		11252.00 time, 11260.01 real, 2327 MB, 1.00 load
[runlim] sample:		11262.01 time, 11270.01 real, 2332 MB, 1.00 load
[runlim] sample:		11272.01 time, 11280.01 real, 2335 MB, 1.00 load
[runlim] sample:		11282.01 time, 11290.01 real, 2340 MB, 1.00 load
[runlim] sample:		11292.01 time, 11300.01 real, 2340 MB, 1.00 load
[runlim] sample:		11302.02 time, 11310.01 real, 2346 MB, 1.00 load
[runlim] sample:		11312.03 time, 11320.01 real, 2352 MB, 1.00 load
[runlim] sample:		11322.02 time, 11330.01 real, 2357 MB, 1.00 load
[runlim] sample:		11332.03 time, 11340.01 real, 2364 MB, 1.00 load
[runlim] sample:		11342.04 time, 11350.01 real, 2365 MB, 1.00 load
[runlim] sample:		11351.92 time, 11360.01 real, 2371 MB, 1.00 load
[runlim] sample:		11361.93 time, 11370.01 real, 2378 MB, 1.00 load
[runlim] sample:		11371.93 time, 11380.01 real, 2385 MB, 1.00 load
[runlim] sample:		11381.93 time, 11390.01 real, 2385 MB, 1.00 load
[runlim] sample:		11391.94 time, 11400.01 real, 2392 MB, 1.00 load
[runlim] sample:		11401.95 time, 11410.01 real, 2400 MB, 1.00 load
[runlim] sample:		11411.95 time, 11420.01 real, 2400 MB, 1.00 load
[runlim] sample:		11421.95 time, 11430.01 real, 2408 MB, 1.08 load
[runlim] sample:		11431.96 time, 11440.01 real, 2416 MB, 1.22 load
[runlim] sample:		11441.96 time, 11450.01 real, 2416 MB, 1.19 load
[runlim] sample:		11451.97 time, 11460.01 real, 2425 MB, 1.16 load
[runlim] sample:		11461.97 time, 11470.01 real, 2433 MB, 1.13 load
[runlim] sample:		11471.97 time, 11480.01 real, 2433 MB, 1.11 load
[runlim] sample:		11481.97 time, 11490.01 real, 2441 MB, 1.09 load
[runlim] sample:		11491.97 time, 11500.01 real, 2441 MB, 1.08 load
[runlim] sample:		11501.98 time, 11510.01 real, 2452 MB, 1.07 load
[runlim] sample:		11511.99 time, 11520.01 real, 2452 MB, 1.06 load
[runlim] sample:		11521.99 time, 11530.01 real, 2462 MB, 1.05 load
[runlim] sample:		11531.99 time, 11540.01 real, 2486 MB, 1.04 load
[runlim] sample:		11542.00 time, 11550.01 real, 2486 MB, 1.03 load
[runlim] sample:		11552.00 time, 11560.01 real, 2496 MB, 1.03 load
[runlim] sample:		11562.00 time, 11570.01 real, 2496 MB, 1.02 load
[runlim] sample:		11572.01 time, 11580.01 real, 2506 MB, 1.02 load
[runlim] sample:		11582.01 time, 11590.01 real, 2506 MB, 1.02 load
[runlim] sample:		11592.01 time, 11600.01 real, 2517 MB, 1.01 load
[runlim] sample:		11602.02 time, 11610.01 real, 2517 MB, 1.01 load
[runlim] sample:		11612.02 time, 11620.01 real, 2533 MB, 1.01 load
[runlim] sample:		11621.91 time, 11630.01 real, 2528 MB, 1.01 load
[runlim] sample:		11631.91 time, 11640.01 real, 2528 MB, 1.00 load
[runlim] sample:		11641.91 time, 11650.01 real, 2539 MB, 1.00 load
[runlim] sample:		11651.92 time, 11660.01 real, 2539 MB, 1.00 load
[runlim] sample:		11661.92 time, 11670.01 real, 2550 MB, 1.00 load
[runlim] sample:		11671.92 time, 11680.01 real, 2550 MB, 1.00 load
[runlim] sample:		11681.92 time, 11690.01 real, 2562 MB, 1.00 load
[runlim] sample:		11691.93 time, 11700.01 real, 2562 MB, 1.00 load
[runlim] sample:		11701.94 time, 11710.01 real, 2576 MB, 1.00 load
[runlim] sample:		11711.94 time, 11720.01 real, 2574 MB, 1.00 load
[runlim] sample:		11721.94 time, 11730.01 real, 2574 MB, 1.00 load
[runlim] sample:		11731.94 time, 11740.01 real, 2586 MB, 1.00 load
[runlim] sample:		11741.95 time, 11750.01 real, 2586 MB, 1.00 load
[runlim] sample:		11751.96 time, 11760.01 real, 2586 MB, 1.00 load
[runlim] sample:		11761.96 time, 11770.01 real, 2599 MB, 1.00 load

NN₁: mnist_relu_3_100_gemm.onnx
NN₂: mnist_relu_3_100_0.49.onnx
Prop: mnist_6_global_4.vnnlib
[runlim] sample:		11771.95 time, 11780.01 real, 2310 MB, 1.00 load
[runlim] sample:		11781.95 time, 11790.01 real, 2310 MB, 1.00 load
[runlim] sample:		11791.96 time, 11800.01 real, 2310 MB, 1.00 load
[runlim] sample:		11801.96 time, 11810.01 real, 2310 MB, 1.00 load
[runlim] sample:		11811.96 time, 11820.01 real, 2310 MB, 1.00 load
[runlim] sample:		11821.97 time, 11830.01 real, 2313 MB, 1.00 load
[runlim] sample:		11831.97 time, 11840.01 real, 2317 MB, 1.00 load
[runlim] sample:		11841.98 time, 11850.01 real, 2322 MB, 1.00 load
[runlim] sample:		11851.98 time, 11860.01 real, 2328 MB, 1.00 load
[runlim] sample:		11861.99 time, 11870.01 real, 2333 MB, 1.00 load
[runlim] sample:		11871.99 time, 11880.01 real, 2338 MB, 1.00 load
[runlim] sample:		11881.99 time, 11890.01 real, 2343 MB, 1.00 load
[runlim] sample:		11891.90 time, 11900.01 real, 2347 MB, 1.00 load
[runlim] sample:		11901.91 time, 11910.01 real, 2352 MB, 1.00 load
[runlim] sample:		11911.91 time, 11920.01 real, 2359 MB, 1.00 load
[runlim] sample:		11921.91 time, 11930.01 real, 2359 MB, 1.00 load
[runlim] sample:		11931.91 time, 11940.01 real, 2367 MB, 1.15 load
[runlim] sample:		11941.92 time, 11950.01 real, 2373 MB, 1.13 load
[runlim] sample:		11951.92 time, 11960.01 real, 2377 MB, 1.11 load
[runlim] sample:		11961.93 time, 11970.01 real, 2377 MB, 1.09 load
[runlim] sample:		11971.93 time, 11980.01 real, 2386 MB, 1.16 load
[runlim] sample:		11981.94 time, 11990.01 real, 2395 MB, 1.13 load
[runlim] sample:		11991.94 time, 12000.01 real, 2401 MB, 1.11 load
[runlim] sample:		12001.95 time, 12010.01 real, 2401 MB, 1.09 load
[runlim] sample:		12011.96 time, 12020.01 real, 2409 MB, 1.08 load
[runlim] sample:		12021.95 time, 12030.01 real, 2416 MB, 1.07 load
[runlim] sample:		12031.96 time, 12040.01 real, 2416 MB, 1.06 load
[runlim] sample:		12041.96 time, 12050.01 real, 2426 MB, 1.05 load
[runlim] sample:		12051.97 time, 12060.01 real, 2431 MB, 1.04 load
[runlim] sample:		12061.97 time, 12070.01 real, 2431 MB, 1.03 load
[runlim] sample:		12071.97 time, 12080.01 real, 2440 MB, 1.03 load
[runlim] sample:		12081.98 time, 12090.01 real, 2440 MB, 1.02 load
[runlim] sample:		12091.98 time, 12100.01 real, 2449 MB, 1.02 load
[runlim] sample:		12101.99 time, 12110.01 real, 2457 MB, 1.02 load
[runlim] sample:		12111.99 time, 12120.01 real, 2457 MB, 1.01 load
[runlim] sample:		12121.99 time, 12130.01 real, 2490 MB, 1.01 load
[runlim] sample:		12132.01 time, 12140.01 real, 2490 MB, 1.01 load
[runlim] sample:		12142.00 time, 12150.01 real, 2500 MB, 1.01 load
[runlim] sample:		12152.01 time, 12160.01 real, 2500 MB, 1.00 load
[runlim] sample:		12161.89 time, 12170.01 real, 2509 MB, 1.00 load
[runlim] sample:		12171.89 time, 12180.01 real, 2509 MB, 1.00 load
[runlim] sample:		12181.91 time, 12190.01 real, 2519 MB, 1.00 load
[runlim] sample:		12191.91 time, 12200.01 real, 2519 MB, 1.00 load
[runlim] sample:		12201.91 time, 12210.01 real, 2530 MB, 1.00 load
[runlim] sample:		12211.92 time, 12220.01 real, 2530 MB, 1.00 load
[runlim] sample:		12221.92 time, 12230.01 real, 2539 MB, 1.00 load
[runlim] sample:		12231.92 time, 12240.01 real, 2539 MB, 1.00 load
[runlim] sample:		12241.92 time, 12250.01 real, 2550 MB, 1.00 load
[runlim] sample:		12251.93 time, 12260.01 real, 2550 MB, 1.00 load
[runlim] sample:		12261.94 time, 12270.01 real, 2560 MB, 1.00 load
[runlim] sample:		12271.94 time, 12280.01 real, 2560 MB, 1.00 load
[runlim] sample:		12281.94 time, 12290.01 real, 2570 MB, 1.00 load
[runlim] sample:		12291.95 time, 12300.01 real, 2570 MB, 1.00 load
[runlim] sample:		12301.95 time, 12310.01 real, 2581 MB, 1.00 load
[runlim] sample:		12311.96 time, 12320.01 real, 2581 MB, 1.00 load
[runlim] sample:		12321.96 time, 12330.01 real, 2581 MB, 1.00 load
[runlim] sample:		12331.96 time, 12340.01 real, 2592 MB, 1.00 load
[runlim] sample:		12341.97 time, 12350.01 real, 2592 MB, 1.00 load
[runlim] sample:		12351.97 time, 12360.01 real, 2603 MB, 1.00 load
[runlim] sample:		12361.98 time, 12370.01 real, 2603 MB, 1.00 load

NN₁: mnist_relu_3_100_gemm.onnx
NN₂: mnist_relu_3_100_0.49.onnx
Prop: mnist_6_global_5.vnnlib

NN₁: mnist_relu_3_100_gemm.onnx
NN₂: mnist_relu_3_100_0.49.onnx
Prop: mnist_7_global_4.vnnlib
[runlim] sample:		12371.97 time, 12380.01 real, 2310 MB, 1.00 load
[runlim] sample:		12381.97 time, 12390.01 real, 2310 MB, 1.00 load
[runlim] sample:		12391.97 time, 12400.01 real, 2310 MB, 1.00 load
[runlim] sample:		12401.98 time, 12410.01 real, 2310 MB, 1.00 load
[runlim] sample:		12411.98 time, 12420.01 real, 2310 MB, 1.00 load
[runlim] sample:		12421.99 time, 12430.01 real, 2311 MB, 1.00 load
[runlim] sample:		12431.89 time, 12440.01 real, 2315 MB, 1.15 load
[runlim] sample:		12441.89 time, 12450.01 real, 2318 MB, 1.13 load
[runlim] sample:		12451.89 time, 12460.01 real, 2323 MB, 1.11 load
[runlim] sample:		12461.90 time, 12470.01 real, 2327 MB, 1.09 load
[runlim] sample:		12471.90 time, 12480.01 real, 2331 MB, 1.08 load
[runlim] sample:		12481.91 time, 12490.01 real, 2337 MB, 1.06 load
[runlim] sample:		12491.91 time, 12500.01 real, 2340 MB, 1.05 load
[runlim] sample:		12501.92 time, 12510.01 real, 2345 MB, 1.05 load
[runlim] sample:		12511.92 time, 12520.01 real, 2345 MB, 1.04 load
[runlim] sample:		12521.93 time, 12530.01 real, 2350 MB, 1.03 load
[runlim] sample:		12531.93 time, 12540.01 real, 2354 MB, 1.03 load
[runlim] sample:		12541.93 time, 12550.01 real, 2361 MB, 1.02 load
[runlim] sample:		12551.94 time, 12560.01 real, 2368 MB, 1.02 load
[runlim] sample:		12561.95 time, 12570.01 real, 2368 MB, 1.02 load
[runlim] sample:		12571.95 time, 12580.01 real, 2373 MB, 1.01 load
[runlim] sample:		12581.96 time, 12590.01 real, 2381 MB, 1.01 load
[runlim] sample:		12591.96 time, 12600.01 real, 2381 MB, 1.01 load
[runlim] sample:		12601.97 time, 12610.01 real, 2388 MB, 1.01 load
[runlim] sample:		12611.97 time, 12620.01 real, 2396 MB, 1.00 load
[runlim] sample:		12621.97 time, 12630.01 real, 2396 MB, 1.00 load
[runlim] sample:		12631.98 time, 12640.01 real, 2400 MB, 1.00 load
[runlim] sample:		12641.99 time, 12650.01 real, 2409 MB, 1.00 load
[runlim] sample:		12651.98 time, 12660.01 real, 2409 MB, 1.00 load
[runlim] sample:		12661.99 time, 12670.01 real, 2416 MB, 1.00 load
[runlim] sample:		12671.99 time, 12680.01 real, 2426 MB, 1.00 load
[runlim] sample:		12682.00 time, 12690.01 real, 2426 MB, 1.00 load
[runlim] sample:		12692.01 time, 12700.01 real, 2432 MB, 1.00 load
[runlim] sample:		12701.91 time, 12710.01 real, 2432 MB, 1.00 load
[runlim] sample:		12711.91 time, 12720.01 real, 2441 MB, 1.07 load
[runlim] sample:		12721.91 time, 12730.01 real, 2441 MB, 1.06 load
[runlim] sample:		12731.92 time, 12740.01 real, 2448 MB, 1.05 load
[runlim] sample:		12741.93 time, 12750.01 real, 2456 MB, 1.04 load
[runlim] sample:		12751.93 time, 12760.01 real, 2456 MB, 1.04 load
[runlim] sample:		12761.94 time, 12770.01 real, 2464 MB, 1.03 load
[runlim] sample:		12771.94 time, 12780.01 real, 2464 MB, 1.02 load
[runlim] sample:		12781.95 time, 12790.01 real, 2470 MB, 1.02 load
[runlim] sample:		12791.94 time, 12800.01 real, 2470 MB, 1.02 load
[runlim] sample:		12801.95 time, 12810.01 real, 2494 MB, 1.01 load
[runlim] sample:		12811.96 time, 12820.01 real, 2494 MB, 1.01 load
[runlim] sample:		12821.96 time, 12830.01 real, 2502 MB, 1.01 load
[runlim] sample:		12831.97 time, 12840.01 real, 2502 MB, 1.01 load
[runlim] sample:		12841.97 time, 12850.01 real, 2511 MB, 1.01 load
[runlim] sample:		12851.97 time, 12860.01 real, 2511 MB, 1.00 load
[runlim] sample:		12861.98 time, 12870.01 real, 2516 MB, 1.00 load
[runlim] sample:		12871.99 time, 12880.01 real, 2520 MB, 1.00 load
[runlim] sample:		12881.99 time, 12890.01 real, 2520 MB, 1.00 load
[runlim] sample:		12891.99 time, 12900.01 real, 2530 MB, 1.00 load
[runlim] sample:		12901.99 time, 12910.01 real, 2530 MB, 1.00 load
[runlim] sample:		12912.01 time, 12920.01 real, 2539 MB, 1.00 load
[runlim] sample:		12922.01 time, 12930.01 real, 2539 MB, 1.00 load
[runlim] sample:		12932.01 time, 12940.01 real, 2551 MB, 1.15 load
[runlim] sample:		12942.01 time, 12950.01 real, 2550 MB, 1.13 load
[runlim] sample:		12952.01 time, 12960.01 real, 2550 MB, 1.11 load
[runlim] sample:		12962.02 time, 12970.01 real, 2559 MB, 1.09 load

NN₁: mnist_relu_3_100_gemm.onnx
NN₂: mnist_relu_3_100_0.49.onnx
Prop: mnist_7_global_5.vnnlib
[runlim] sample:		12971.92 time, 12980.01 real, 2310 MB, 1.08 load
[runlim] sample:		12981.93 time, 12990.01 real, 2310 MB, 1.06 load
[runlim] sample:		12991.93 time, 13000.01 real, 2310 MB, 1.05 load
[runlim] sample:		13001.93 time, 13010.01 real, 2310 MB, 1.05 load
[runlim] sample:		13011.94 time, 13020.01 real, 2310 MB, 1.04 load
[runlim] sample:		13021.94 time, 13030.01 real, 2310 MB, 1.03 load
[runlim] sample:		13031.95 time, 13040.01 real, 2314 MB, 1.03 load
[runlim] sample:		13041.95 time, 13050.01 real, 2317 MB, 1.02 load
[runlim] sample:		13051.95 time, 13060.01 real, 2321 MB, 1.02 load
[runlim] sample:		13061.95 time, 13070.01 real, 2324 MB, 1.02 load
[runlim] sample:		13071.97 time, 13080.01 real, 2329 MB, 1.01 load
[runlim] sample:		13081.97 time, 13090.01 real, 2332 MB, 1.01 load
[runlim] sample:		13091.97 time, 13100.01 real, 2337 MB, 1.01 load
[runlim] sample:		13101.98 time, 13110.01 real, 2341 MB, 1.01 load
[runlim] sample:		13111.98 time, 13120.01 real, 2346 MB, 1.00 load
[runlim] sample:		13121.98 time, 13130.01 real, 2350 MB, 1.00 load
[runlim] sample:		13131.98 time, 13140.01 real, 2350 MB, 1.00 load
[runlim] sample:		13141.99 time, 13150.01 real, 2356 MB, 1.00 load
[runlim] sample:		13152.00 time, 13160.01 real, 2360 MB, 1.00 load
[runlim] sample:		13162.00 time, 13170.01 real, 2366 MB, 1.00 load
[runlim] sample:		13172.00 time, 13180.01 real, 2372 MB, 1.00 load
[runlim] sample:		13182.01 time, 13190.01 real, 2372 MB, 1.00 load
[runlim] sample:		13192.01 time, 13200.01 real, 2379 MB, 1.00 load
[runlim] sample:		13202.01 time, 13210.01 real, 2386 MB, 1.00 load
[runlim] sample:		13212.02 time, 13220.01 real, 2393 MB, 1.00 load
[runlim] sample:		13222.02 time, 13230.01 real, 2393 MB, 1.00 load
[runlim] sample:		13232.03 time, 13240.01 real, 2398 MB, 1.00 load
[runlim] sample:		13241.94 time, 13250.01 real, 2404 MB, 1.00 load
[runlim] sample:		13251.94 time, 13260.01 real, 2404 MB, 1.00 load
[runlim] sample:		13261.94 time, 13270.01 real, 2414 MB, 1.00 load
[runlim] sample:		13271.94 time, 13280.01 real, 2419 MB, 1.00 load
[runlim] sample:		13281.95 time, 13290.01 real, 2419 MB, 1.00 load
[runlim] sample:		13291.96 time, 13300.01 real, 2428 MB, 1.00 load
[runlim] sample:		13301.96 time, 13310.01 real, 2428 MB, 1.00 load
[runlim] sample:		13311.96 time, 13320.01 real, 2436 MB, 1.00 load
[runlim] sample:		13321.97 time, 13330.01 real, 2444 MB, 1.00 load
[runlim] sample:		13331.97 time, 13340.01 real, 2444 MB, 1.00 load
[runlim] sample:		13341.98 time, 13350.01 real, 2451 MB, 1.00 load
[runlim] sample:		13351.97 time, 13360.01 real, 2451 MB, 1.00 load
[runlim] sample:		13361.98 time, 13370.01 real, 2459 MB, 1.00 load
[runlim] sample:		13371.98 time, 13380.01 real, 2459 MB, 1.00 load
[runlim] sample:		13381.99 time, 13390.01 real, 2467 MB, 1.00 load
[runlim] sample:		13391.99 time, 13400.01 real, 2467 MB, 1.00 load
[runlim] sample:		13402.00 time, 13410.01 real, 2491 MB, 1.00 load
[runlim] sample:		13412.00 time, 13420.01 real, 2510 MB, 1.00 load
[runlim] sample:		13422.00 time, 13430.01 real, 2499 MB, 1.00 load
[runlim] sample:		13432.00 time, 13440.01 real, 2509 MB, 1.15 load
[runlim] sample:		13442.01 time, 13450.01 real, 2508 MB, 1.13 load
[runlim] sample:		13452.01 time, 13460.01 real, 2521 MB, 1.11 load
[runlim] sample:		13462.02 time, 13470.01 real, 2517 MB, 1.09 load
[runlim] sample:		13472.02 time, 13480.01 real, 2517 MB, 1.08 load
[runlim] sample:		13482.02 time, 13490.01 real, 2527 MB, 1.06 load
[runlim] sample:		13492.03 time, 13500.01 real, 2527 MB, 1.05 load
[runlim] sample:		13502.03 time, 13510.01 real, 2536 MB, 1.05 load
[runlim] sample:		13511.93 time, 13520.01 real, 2536 MB, 1.04 load
[runlim] sample:		13521.93 time, 13530.01 real, 2547 MB, 1.03 load
[runlim] sample:		13531.94 time, 13540.01 real, 2547 MB, 1.10 load
[runlim] sample:		13541.94 time, 13550.01 real, 2547 MB, 1.08 load
[runlim] sample:		13551.95 time, 13560.01 real, 2557 MB, 1.07 load
[runlim] sample:		13561.95 time, 13570.01 real, 2557 MB, 1.06 load

NN₁: mnist_relu_3_100_gemm.onnx
NN₂: mnist_relu_3_100_0.49.onnx
Prop: mnist_8_global_4.vnnlib

NN₁: mnist_relu_3_100_gemm.onnx
NN₂: mnist_relu_3_100_0.49.onnx
Prop: mnist_8_global_5.vnnlib

NN₁: mnist_relu_3_100_gemm.onnx
NN₂: mnist_relu_3_100_0.49.onnx
Prop: mnist_9_global_4.vnnlib
[runlim] sample:		13571.92 time, 13580.01 real, 2310 MB, 1.05 load
[runlim] sample:		13581.93 time, 13590.01 real, 2310 MB, 1.04 load
[runlim] sample:		13591.93 time, 13600.01 real, 2310 MB, 1.04 load
[runlim] sample:		13601.94 time, 13610.01 real, 2310 MB, 1.03 load
[runlim] sample:		13611.94 time, 13620.01 real, 2310 MB, 1.02 load
[runlim] sample:		13621.94 time, 13630.01 real, 2311 MB, 1.02 load
[runlim] sample:		13631.95 time, 13640.01 real, 2316 MB, 1.02 load
[runlim] sample:		13641.96 time, 13650.01 real, 2320 MB, 1.01 load
[runlim] sample:		13651.96 time, 13660.01 real, 2326 MB, 1.01 load
[runlim] sample:		13661.97 time, 13670.01 real, 2331 MB, 1.01 load
[runlim] sample:		13671.97 time, 13680.01 real, 2335 MB, 1.01 load
[runlim] sample:		13681.98 time, 13690.01 real, 2341 MB, 1.01 load
[runlim] sample:		13691.98 time, 13700.01 real, 2347 MB, 1.00 load
[runlim] sample:		13701.98 time, 13710.01 real, 2354 MB, 1.00 load
[runlim] sample:		13711.99 time, 13720.01 real, 2354 MB, 1.00 load
[runlim] sample:		13721.99 time, 13730.01 real, 2363 MB, 1.00 load
[runlim] sample:		13732.00 time, 13740.01 real, 2371 MB, 1.00 load
[runlim] sample:		13742.00 time, 13750.01 real, 2379 MB, 1.07 load
[runlim] sample:		13752.00 time, 13760.01 real, 2379 MB, 1.06 load
[runlim] sample:		13762.01 time, 13770.01 real, 2387 MB, 1.05 load
[runlim] sample:		13772.01 time, 13780.01 real, 2395 MB, 1.04 load
[runlim] sample:		13781.93 time, 13790.01 real, 2405 MB, 1.04 load
[runlim] sample:		13791.92 time, 13800.01 real, 2405 MB, 1.03 load
[runlim] sample:		13801.93 time, 13810.01 real, 2414 MB, 1.02 load
[runlim] sample:		13811.93 time, 13820.01 real, 2425 MB, 1.02 load
[runlim] sample:		13821.94 time, 13830.01 real, 2425 MB, 1.02 load
[runlim] sample:		13831.95 time, 13840.01 real, 2434 MB, 1.01 load
[runlim] sample:		13841.95 time, 13850.01 real, 2444 MB, 1.01 load
[runlim] sample:		13851.96 time, 13860.01 real, 2444 MB, 1.01 load
[runlim] sample:		13861.95 time, 13870.01 real, 2454 MB, 1.01 load
[runlim] sample:		13871.97 time, 13880.01 real, 2454 MB, 1.01 load
[runlim] sample:		13881.96 time, 13890.01 real, 2487 MB, 1.00 load
[runlim] sample:		13891.97 time, 13900.01 real, 2487 MB, 1.00 load
[runlim] sample:		13901.97 time, 13910.01 real, 2498 MB, 1.00 load
[runlim] sample:		13911.98 time, 13920.01 real, 2498 MB, 1.00 load
[runlim] sample:		13921.98 time, 13930.01 real, 2510 MB, 1.00 load
[runlim] sample:		13931.99 time, 13940.01 real, 2522 MB, 1.15 load
[runlim] sample:		13941.99 time, 13950.01 real, 2522 MB, 1.13 load
[runlim] sample:		13951.99 time, 13960.01 real, 2534 MB, 1.11 load
[runlim] sample:		13962.00 time, 13970.01 real, 2534 MB, 1.09 load
[runlim] sample:		13972.01 time, 13980.01 real, 2547 MB, 1.08 load
[runlim] sample:		13982.01 time, 13990.01 real, 2547 MB, 1.14 load
[runlim] sample:		13992.02 time, 14000.01 real, 2547 MB, 1.12 load
[runlim] sample:		14002.02 time, 14010.01 real, 2560 MB, 1.10 load
[runlim] sample:		14012.03 time, 14020.01 real, 2560 MB, 1.08 load
[runlim] sample:		14022.03 time, 14030.01 real, 2573 MB, 1.07 load
[runlim] sample:		14032.03 time, 14040.01 real, 2573 MB, 1.06 load
[runlim] sample:		14042.03 time, 14050.01 real, 2587 MB, 1.05 load
[runlim] sample:		14051.95 time, 14060.01 real, 2587 MB, 1.04 load
[runlim] sample:		14061.95 time, 14070.01 real, 2602 MB, 1.03 load
[runlim] sample:		14071.96 time, 14080.01 real, 2602 MB, 1.11 load
[runlim] sample:		14081.95 time, 14090.01 real, 2602 MB, 1.09 load
[runlim] sample:		14091.96 time, 14100.01 real, 2616 MB, 1.08 load
[runlim] sample:		14101.96 time, 14110.01 real, 2616 MB, 1.07 load
[runlim] sample:		14111.97 time, 14120.01 real, 2639 MB, 1.06 load
[runlim] sample:		14121.97 time, 14130.01 real, 2639 MB, 1.05 load
[runlim] sample:		14131.98 time, 14140.01 real, 2639 MB, 1.04 load
[runlim] sample:		14141.99 time, 14150.01 real, 2679 MB, 1.03 load
[runlim] sample:		14151.99 time, 14160.01 real, 2679 MB, 1.03 load
[runlim] sample:		14161.99 time, 14170.01 real, 2721 MB, 1.02 load

NN₁: mnist_relu_3_100_gemm.onnx
NN₂: mnist_relu_3_100_0.49.onnx
Prop: mnist_9_global_5.vnnlib
[runlim] sample:		14171.98 time, 14180.01 real, 2305 MB, 1.02 load
[runlim] sample:		14181.98 time, 14190.01 real, 2305 MB, 1.02 load
[runlim] sample:		14192.00 time, 14200.01 real, 2305 MB, 1.01 load
[runlim] sample:		14201.99 time, 14210.01 real, 2305 MB, 1.01 load
[runlim] sample:		14212.00 time, 14220.01 real, 2305 MB, 1.01 load
[runlim] sample:		14222.00 time, 14230.01 real, 2308 MB, 1.01 load
[runlim] sample:		14232.01 time, 14240.01 real, 2311 MB, 1.00 load
[runlim] sample:		14242.01 time, 14250.01 real, 2317 MB, 1.00 load
[runlim] sample:		14252.01 time, 14260.01 real, 2321 MB, 1.00 load
[runlim] sample:		14262.02 time, 14270.01 real, 2326 MB, 1.00 load
[runlim] sample:		14272.02 time, 14280.01 real, 2332 MB, 1.00 load
[runlim] sample:		14282.03 time, 14290.01 real, 2338 MB, 1.00 load
[runlim] sample:		14292.03 time, 14300.01 real, 2343 MB, 1.00 load
[runlim] sample:		14302.04 time, 14310.01 real, 2343 MB, 1.00 load
[runlim] sample:		14312.04 time, 14320.01 real, 2349 MB, 1.00 load
[runlim] sample:		14321.94 time, 14330.01 real, 2355 MB, 1.00 load
[runlim] sample:		14331.94 time, 14340.01 real, 2363 MB, 1.00 load
[runlim] sample:		14341.95 time, 14350.01 real, 2370 MB, 1.00 load
[runlim] sample:		14351.95 time, 14360.01 real, 2370 MB, 1.00 load
[runlim] sample:		14361.95 time, 14370.01 real, 2378 MB, 1.00 load
[runlim] sample:		14371.96 time, 14380.01 real, 2385 MB, 1.00 load
[runlim] sample:		14381.96 time, 14390.01 real, 2385 MB, 1.00 load
[runlim] sample:		14391.97 time, 14400.01 real, 2394 MB, 1.00 load
[runlim] sample:		14401.97 time, 14410.01 real, 2403 MB, 1.00 load
[runlim] sample:		14411.97 time, 14420.01 real, 2403 MB, 1.00 load
[runlim] sample:		14421.98 time, 14430.01 real, 2413 MB, 1.00 load
[runlim] sample:		14431.98 time, 14440.01 real, 2421 MB, 1.31 load
[runlim] sample:		14441.98 time, 14450.01 real, 2421 MB, 1.27 load
[runlim] sample:		14451.99 time, 14460.01 real, 2431 MB, 1.22 load
[runlim] sample:		14461.99 time, 14470.01 real, 2439 MB, 1.19 load
[runlim] sample:		14472.00 time, 14480.01 real, 2439 MB, 1.16 load
[runlim] sample:		14482.00 time, 14490.01 real, 2450 MB, 1.13 load
[runlim] sample:		14492.00 time, 14500.01 real, 2450 MB, 1.11 load
[runlim] sample:		14502.01 time, 14510.01 real, 2460 MB, 1.10 load
[runlim] sample:		14512.01 time, 14520.01 real, 2460 MB, 1.08 load
[runlim] sample:		14522.02 time, 14530.01 real, 2487 MB, 1.07 load
[runlim] sample:		14532.02 time, 14540.01 real, 2487 MB, 1.06 load
[runlim] sample:		14542.03 time, 14550.01 real, 2498 MB, 1.05 load
[runlim] sample:		14552.02 time, 14560.01 real, 2498 MB, 1.04 load
[runlim] sample:		14562.03 time, 14570.01 real, 2509 MB, 1.03 load
[runlim] sample:		14572.03 time, 14580.01 real, 2509 MB, 1.11 load
[runlim] sample:		14582.04 time, 14590.01 real, 2521 MB, 1.09 load
[runlim] sample:		14591.94 time, 14600.01 real, 2521 MB, 1.08 load
[runlim] sample:		14601.94 time, 14610.01 real, 2532 MB, 1.06 load
[runlim] sample:		14611.95 time, 14620.01 real, 2532 MB, 1.05 load
[runlim] sample:		14621.95 time, 14630.01 real, 2545 MB, 1.05 load
[runlim] sample:		14631.96 time, 14640.01 real, 2545 MB, 1.04 load
[runlim] sample:		14641.96 time, 14650.01 real, 2545 MB, 1.03 load
[runlim] sample:		14651.96 time, 14660.01 real, 2557 MB, 1.03 load
[runlim] sample:		14661.97 time, 14670.01 real, 2557 MB, 1.02 load
[runlim] sample:		14671.97 time, 14680.01 real, 2569 MB, 1.10 load
[runlim] sample:		14681.98 time, 14690.01 real, 2569 MB, 1.08 load
[runlim] sample:		14691.97 time, 14700.01 real, 2582 MB, 1.07 load
[runlim] sample:		14701.99 time, 14710.01 real, 2582 MB, 1.06 load
[runlim] sample:		14711.99 time, 14720.01 real, 2582 MB, 1.05 load
[runlim] sample:		14721.99 time, 14730.01 real, 2596 MB, 1.04 load
[runlim] sample:		14731.99 time, 14740.01 real, 2596 MB, 1.03 load
[runlim] sample:		14742.00 time, 14750.01 real, 2611 MB, 1.03 load
[runlim] sample:		14752.00 time, 14760.01 real, 2610 MB, 1.02 load
[runlim] sample:		14762.00 time, 14770.01 real, 2610 MB, 1.09 load

NN₁: mnist_relu_3_100_gemm.onnx
NN₂: mnist_relu_3_100_0.49.onnx
Prop: mnist_10_global_4.vnnlib
[runlim] sample:		14772.00 time, 14780.01 real, 2316 MB, 1.08 load
[runlim] sample:		14781.99 time, 14790.01 real, 2316 MB, 1.07 load
[runlim] sample:		14792.00 time, 14800.01 real, 2316 MB, 1.06 load
[runlim] sample:		14802.01 time, 14810.01 real, 2316 MB, 1.05 load
[runlim] sample:		14812.01 time, 14820.01 real, 2316 MB, 1.04 load
[runlim] sample:		14822.02 time, 14830.01 real, 2316 MB, 1.03 load
[runlim] sample:		14832.03 time, 14840.01 real, 2316 MB, 1.03 load
[runlim] sample:		14842.03 time, 14850.01 real, 2316 MB, 1.02 load
[runlim] sample:		14852.04 time, 14860.01 real, 2318 MB, 1.10 load
[runlim] sample:		14861.93 time, 14870.01 real, 2323 MB, 1.08 load
[runlim] sample:		14871.94 time, 14880.01 real, 2328 MB, 1.15 load
[runlim] sample:		14881.94 time, 14890.01 real, 2334 MB, 1.13 load
[runlim] sample:		14891.95 time, 14900.01 real, 2339 MB, 1.11 load
[runlim] sample:		14901.95 time, 14910.01 real, 2342 MB, 1.09 load
[runlim] sample:		14911.96 time, 14920.01 real, 2348 MB, 1.16 load
[runlim] sample:		14921.97 time, 14930.01 real, 2354 MB, 1.13 load
[runlim] sample:		14931.97 time, 14940.01 real, 2358 MB, 1.27 load
[runlim] sample:		14941.98 time, 14950.01 real, 2364 MB, 1.22 load
[runlim] sample:		14951.98 time, 14960.01 real, 2372 MB, 1.19 load
[runlim] sample:		14961.98 time, 14970.01 real, 2380 MB, 1.16 load
[runlim] sample:		14971.99 time, 14980.01 real, 2387 MB, 1.13 load
[runlim] sample:		14981.99 time, 14990.01 real, 2395 MB, 1.11 load
[runlim] sample:		14992.00 time, 15000.01 real, 2401 MB, 1.10 load
[runlim] sample:		15002.00 time, 15010.01 real, 2405 MB, 1.08 load
[runlim] sample:		15012.01 time, 15020.01 real, 2413 MB, 1.07 load
[runlim] sample:		15022.02 time, 15030.01 real, 2422 MB, 1.06 load
[runlim] sample:		15032.02 time, 15040.01 real, 2432 MB, 1.05 load
[runlim] sample:		15042.03 time, 15050.01 real, 2441 MB, 1.04 load
[runlim] sample:		15052.03 time, 15060.01 real, 2443 MB, 1.03 load
[runlim] sample:		15062.04 time, 15070.01 real, 2451 MB, 1.03 load
[runlim] sample:		15072.04 time, 15080.01 real, 2475 MB, 1.02 load
[runlim] sample:		15082.04 time, 15090.01 real, 2486 MB, 1.02 load
[runlim] sample:		15092.05 time, 15100.01 real, 2486 MB, 1.02 load
[runlim] sample:		15102.06 time, 15110.01 real, 2496 MB, 1.01 load
[runlim] sample:		15112.06 time, 15120.01 real, 2509 MB, 1.01 load
[runlim] sample:		15122.07 time, 15130.01 real, 2509 MB, 1.01 load
[runlim] sample:		15131.96 time, 15140.01 real, 2521 MB, 1.01 load
[runlim] sample:		15141.97 time, 15150.01 real, 2536 MB, 1.00 load
[runlim] sample:		15151.98 time, 15160.01 real, 2536 MB, 1.00 load
[runlim] sample:		15161.98 time, 15170.01 real, 2550 MB, 1.00 load
[runlim] sample:		15171.99 time, 15180.01 real, 2562 MB, 1.00 load
[runlim] sample:		15182.00 time, 15190.01 real, 2562 MB, 1.00 load
[runlim] sample:		15192.00 time, 15200.01 real, 2576 MB, 1.00 load
[runlim] sample:		15202.00 time, 15210.01 real, 2576 MB, 1.00 load
[runlim] sample:		15212.01 time, 15220.01 real, 2592 MB, 1.00 load
[runlim] sample:		15222.01 time, 15230.01 real, 2592 MB, 1.00 load
[runlim] sample:		15232.02 time, 15240.01 real, 2613 MB, 1.00 load
[runlim] sample:		15242.03 time, 15250.01 real, 2643 MB, 1.00 load
[runlim] sample:		15252.03 time, 15260.01 real, 2643 MB, 1.00 load
[runlim] sample:		15262.03 time, 15270.01 real, 2681 MB, 1.00 load
[runlim] sample:		15272.03 time, 15280.01 real, 2681 MB, 1.00 load
[runlim] sample:		15282.04 time, 15290.01 real, 2728 MB, 1.00 load
[runlim] sample:		15292.05 time, 15300.01 real, 2728 MB, 1.00 load
[runlim] sample:		15302.06 time, 15310.01 real, 2765 MB, 1.00 load
[runlim] sample:		15312.06 time, 15320.01 real, 2765 MB, 1.00 load
[runlim] sample:		15322.07 time, 15330.01 real, 2816 MB, 1.00 load
[runlim] sample:		15332.07 time, 15340.01 real, 2816 MB, 1.00 load
[runlim] sample:		15342.08 time, 15350.01 real, 2818 MB, 1.00 load
[runlim] sample:		15352.08 time, 15360.01 real, 2862 MB, 1.00 load
[runlim] sample:		15362.08 time, 15370.01 real, 2862 MB, 1.00 load

NN₁: mnist_relu_3_100_gemm.onnx
NN₂: mnist_relu_3_100_0.49.onnx
Prop: mnist_10_global_5.vnnlib
[runlim] sample:		15372.08 time, 15380.01 real, 2404 MB, 1.00 load
[runlim] sample:		15382.09 time, 15390.01 real, 2404 MB, 1.00 load
[runlim] sample:		15392.09 time, 15400.01 real, 2404 MB, 1.00 load
[runlim] sample:		15402.00 time, 15410.01 real, 2404 MB, 1.00 load
[runlim] sample:		15412.00 time, 15420.01 real, 2404 MB, 1.07 load
[runlim] sample:		15422.00 time, 15430.01 real, 2405 MB, 1.06 load
[runlim] sample:		15432.01 time, 15440.01 real, 2409 MB, 1.21 load
[runlim] sample:		15442.01 time, 15450.01 real, 2414 MB, 1.17 load
[runlim] sample:		15452.01 time, 15460.01 real, 2418 MB, 1.15 load
[runlim] sample:		15462.02 time, 15470.01 real, 2422 MB, 1.12 load
[runlim] sample:		15472.03 time, 15480.01 real, 2427 MB, 1.10 load
[runlim] sample:		15482.03 time, 15490.01 real, 2434 MB, 1.09 load
[runlim] sample:		15492.04 time, 15500.01 real, 2438 MB, 1.07 load
[runlim] sample:		15502.03 time, 15510.01 real, 2443 MB, 1.06 load
[runlim] sample:		15512.04 time, 15520.01 real, 2443 MB, 1.05 load
[runlim] sample:		15522.04 time, 15530.01 real, 2450 MB, 1.04 load
[runlim] sample:		15532.05 time, 15540.01 real, 2458 MB, 1.04 load
[runlim] sample:		15542.06 time, 15550.01 real, 2465 MB, 1.03 load
[runlim] sample:		15552.06 time, 15560.01 real, 2465 MB, 1.02 load
[runlim] sample:		15562.06 time, 15570.01 real, 2473 MB, 1.02 load
[runlim] sample:		15572.07 time, 15580.01 real, 2481 MB, 1.02 load
[runlim] sample:		15582.07 time, 15590.01 real, 2481 MB, 1.01 load
[runlim] sample:		15592.07 time, 15600.01 real, 2489 MB, 1.01 load
[runlim] sample:		15602.08 time, 15610.01 real, 2498 MB, 1.01 load
[runlim] sample:		15612.08 time, 15620.01 real, 2498 MB, 1.01 load
[runlim] sample:		15622.09 time, 15630.01 real, 2506 MB, 1.01 load
[runlim] sample:		15632.09 time, 15640.01 real, 2506 MB, 1.00 load
[runlim] sample:		15642.10 time, 15650.01 real, 2514 MB, 1.00 load
[runlim] sample:		15652.10 time, 15660.01 real, 2522 MB, 1.00 load
[runlim] sample:		15662.10 time, 15670.01 real, 2522 MB, 1.00 load
[runlim] sample:		15672.01 time, 15680.01 real, 2534 MB, 1.00 load
[runlim] sample:		15682.01 time, 15690.01 real, 2534 MB, 1.00 load
[runlim] sample:		15692.01 time, 15700.01 real, 2543 MB, 1.00 load
[runlim] sample:		15702.02 time, 15710.01 real, 2543 MB, 1.00 load
[runlim] sample:		15712.02 time, 15720.01 real, 2550 MB, 1.00 load
[runlim] sample:		15722.03 time, 15730.01 real, 2550 MB, 1.00 load
[runlim] sample:		15732.03 time, 15740.01 real, 2564 MB, 1.00 load
[runlim] sample:		15742.04 time, 15750.01 real, 2564 MB, 1.00 load
[runlim] sample:		15752.04 time, 15760.01 real, 2587 MB, 1.00 load
[runlim] sample:		15762.04 time, 15770.01 real, 2587 MB, 1.00 load
[runlim] sample:		15772.05 time, 15780.01 real, 2597 MB, 1.00 load
[runlim] sample:		15782.06 time, 15790.01 real, 2597 MB, 1.00 load
[runlim] sample:		15792.06 time, 15800.01 real, 2608 MB, 1.00 load
[runlim] sample:		15802.06 time, 15810.01 real, 2608 MB, 1.00 load
[runlim] sample:		15812.06 time, 15820.01 real, 2620 MB, 1.00 load
[runlim] sample:		15822.07 time, 15830.01 real, 2620 MB, 1.00 load
[runlim] sample:		15832.07 time, 15840.01 real, 2620 MB, 1.00 load
[runlim] sample:		15842.08 time, 15850.01 real, 2631 MB, 1.00 load
[runlim] sample:		15852.09 time, 15860.01 real, 2631 MB, 1.00 load
[runlim] sample:		15862.08 time, 15870.01 real, 2643 MB, 1.00 load
[runlim] sample:		15872.09 time, 15880.01 real, 2643 MB, 1.00 load
[runlim] sample:		15882.09 time, 15890.01 real, 2643 MB, 1.00 load
[runlim] sample:		15892.10 time, 15900.01 real, 2656 MB, 1.00 load
[runlim] sample:		15902.10 time, 15910.01 real, 2656 MB, 1.00 load
[runlim] sample:		15912.11 time, 15920.01 real, 2669 MB, 1.00 load
[runlim] sample:		15922.11 time, 15930.01 real, 2669 MB, 1.00 load
[runlim] sample:		15932.11 time, 15940.01 real, 2669 MB, 1.15 load
[runlim] sample:		15942.01 time, 15950.01 real, 2682 MB, 1.13 load
[runlim] sample:		15952.02 time, 15960.01 real, 2682 MB, 1.11 load
[runlim] sample:		15962.02 time, 15970.01 real, 2682 MB, 1.09 load
[runlim] sample:		15972.02 time, 15980.01 real, 2405 MB, 1.08 load

NN₁: mnist_relu_3_100_gemm.onnx
NN₂: mnist_relu_3_100_0.79_adam_1_stepsize.onnx
Prop: mnist_0_global_4.vnnlib

NN₁: mnist_relu_3_100_gemm.onnx
NN₂: mnist_relu_3_100_0.79_adam_1_stepsize.onnx
Prop: mnist_0_global_5.vnnlib
[runlim] sample:		15982.01 time, 15990.01 real, 2405 MB, 1.06 load
[runlim] sample:		15992.02 time, 16000.01 real, 2405 MB, 1.05 load
[runlim] sample:		16002.03 time, 16010.01 real, 2405 MB, 1.05 load
[runlim] sample:		16012.03 time, 16020.01 real, 2405 MB, 1.04 load
[runlim] sample:		16022.03 time, 16030.01 real, 2405 MB, 1.03 load
[runlim] sample:		16032.04 time, 16040.01 real, 2405 MB, 1.03 load
[runlim] sample:		16042.05 time, 16050.01 real, 2405 MB, 1.02 load
[runlim] sample:		16052.05 time, 16060.01 real, 2405 MB, 1.02 load
[runlim] sample:		16062.05 time, 16070.01 real, 2408 MB, 1.02 load
[runlim] sample:		16072.06 time, 16080.01 real, 2410 MB, 1.01 load
[runlim] sample:		16082.06 time, 16090.01 real, 2415 MB, 1.01 load
[runlim] sample:		16092.07 time, 16100.01 real, 2422 MB, 1.01 load
[runlim] sample:		16102.08 time, 16110.01 real, 2428 MB, 1.01 load
[runlim] sample:		16112.08 time, 16120.01 real, 2433 MB, 1.09 load
[runlim] sample:		16122.09 time, 16130.01 real, 2439 MB, 1.07 load
[runlim] sample:		16132.10 time, 16140.01 real, 2444 MB, 1.06 load
[runlim] sample:		16142.10 time, 16150.01 real, 2450 MB, 1.05 load
[runlim] sample:		16152.10 time, 16160.01 real, 2457 MB, 1.04 load
[runlim] sample:		16162.11 time, 16170.01 real, 2457 MB, 1.04 load
[runlim] sample:		16172.12 time, 16180.01 real, 2467 MB, 1.03 load
[runlim] sample:		16182.12 time, 16190.01 real, 2470 MB, 1.02 load
[runlim] sample:		16192.13 time, 16200.01 real, 2482 MB, 1.02 load
[runlim] sample:		16202.13 time, 16210.01 real, 2488 MB, 1.02 load
[runlim] sample:		16212.04 time, 16220.01 real, 2488 MB, 1.09 load
[runlim] sample:		16222.04 time, 16230.01 real, 2494 MB, 1.07 load
[runlim] sample:		16232.05 time, 16240.01 real, 2507 MB, 1.06 load
[runlim] sample:		16242.05 time, 16250.01 real, 2510 MB, 1.05 load
[runlim] sample:		16252.06 time, 16260.01 real, 2510 MB, 1.04 load
[runlim] sample:		16262.06 time, 16270.01 real, 2519 MB, 1.04 load
[runlim] sample:		16272.06 time, 16280.01 real, 2530 MB, 1.03 load
[runlim] sample:		16282.08 time, 16290.01 real, 2530 MB, 1.02 load
[runlim] sample:		16292.08 time, 16300.01 real, 2539 MB, 1.02 load
[runlim] sample:		16302.08 time, 16310.01 real, 2548 MB, 1.02 load
[runlim] sample:		16312.08 time, 16320.01 real, 2548 MB, 1.01 load
[runlim] sample:		16322.09 time, 16330.01 real, 2557 MB, 1.01 load
[runlim] sample:		16332.10 time, 16340.01 real, 2585 MB, 1.01 load
[runlim] sample:		16342.10 time, 16350.01 real, 2585 MB, 1.01 load
[runlim] sample:		16352.10 time, 16360.01 real, 2595 MB, 1.01 load
[runlim] sample:		16362.11 time, 16370.01 real, 2595 MB, 1.00 load
[runlim] sample:		16372.11 time, 16380.01 real, 2610 MB, 1.08 load
[runlim] sample:		16382.12 time, 16390.01 real, 2610 MB, 1.07 load
[runlim] sample:		16392.13 time, 16400.01 real, 2622 MB, 1.06 load
[runlim] sample:		16402.12 time, 16410.01 real, 2632 MB, 1.05 load
[runlim] sample:		16412.14 time, 16420.01 real, 2632 MB, 1.04 load
[runlim] sample:		16422.14 time, 16430.01 real, 2644 MB, 1.04 load
[runlim] sample:		16432.14 time, 16440.01 real, 2644 MB, 1.18 load
[runlim] sample:		16442.14 time, 16450.01 real, 2658 MB, 1.16 load
[runlim] sample:		16452.16 time, 16460.01 real, 2658 MB, 1.13 load
[runlim] sample:		16462.16 time, 16470.01 real, 2674 MB, 1.11 load
[runlim] sample:		16472.17 time, 16480.01 real, 2674 MB, 1.09 load
[runlim] sample:		16482.07 time, 16490.01 real, 2683 MB, 1.08 load
[runlim] sample:		16492.08 time, 16500.01 real, 2683 MB, 1.07 load
[runlim] sample:		16502.08 time, 16510.01 real, 2699 MB, 1.06 load
[runlim] sample:		16512.09 time, 16520.01 real, 2699 MB, 1.05 load
[runlim] sample:		16522.09 time, 16530.01 real, 2712 MB, 1.04 load
[runlim] sample:		16532.10 time, 16540.01 real, 2712 MB, 1.11 load
[runlim] sample:		16542.11 time, 16550.01 real, 2731 MB, 1.10 load
[runlim] sample:		16552.11 time, 16560.01 real, 2731 MB, 1.08 load
[runlim] sample:		16562.11 time, 16570.01 real, 2731 MB, 1.07 load
[runlim] sample:		16572.12 time, 16580.01 real, 2753 MB, 1.06 load

NN₁: mnist_relu_3_100_gemm.onnx
NN₂: mnist_relu_3_100_0.79_adam_1_stepsize.onnx
Prop: mnist_1_global_4.vnnlib

NN₁: mnist_relu_3_100_gemm.onnx
NN₂: mnist_relu_3_100_0.79_adam_1_stepsize.onnx
Prop: mnist_1_global_5.vnnlib
[runlim] sample:		16582.11 time, 16590.01 real, 2406 MB, 1.05 load
[runlim] sample:		16592.12 time, 16600.01 real, 2406 MB, 1.04 load
[runlim] sample:		16602.12 time, 16610.01 real, 2406 MB, 1.03 load
[runlim] sample:		16612.13 time, 16620.01 real, 2406 MB, 1.03 load
[runlim] sample:		16622.13 time, 16630.01 real, 2406 MB, 1.02 load
[runlim] sample:		16632.14 time, 16640.01 real, 2410 MB, 1.02 load
[runlim] sample:		16642.14 time, 16650.01 real, 2416 MB, 1.02 load
[runlim] sample:		16652.14 time, 16660.01 real, 2425 MB, 1.01 load
[runlim] sample:		16662.15 time, 16670.01 real, 2434 MB, 1.01 load
[runlim] sample:		16672.15 time, 16680.01 real, 2443 MB, 1.01 load
[runlim] sample:		16682.16 time, 16690.01 real, 2452 MB, 1.01 load
[runlim] sample:		16692.16 time, 16700.01 real, 2462 MB, 1.00 load
[runlim] sample:		16702.17 time, 16710.01 real, 2472 MB, 1.00 load
[runlim] sample:		16712.17 time, 16720.01 real, 2482 MB, 1.00 load
[runlim] sample:		16722.18 time, 16730.01 real, 2492 MB, 1.00 load
[runlim] sample:		16732.18 time, 16740.01 real, 2503 MB, 1.00 load
[runlim] sample:		16742.19 time, 16750.01 real, 2514 MB, 1.00 load
[runlim] sample:		16752.10 time, 16760.01 real, 2517 MB, 1.00 load
[runlim] sample:		16762.11 time, 16770.01 real, 2526 MB, 1.00 load
[runlim] sample:		16772.11 time, 16780.01 real, 2537 MB, 1.00 load
[runlim] sample:		16782.12 time, 16790.01 real, 2559 MB, 1.00 load
[runlim] sample:		16792.12 time, 16800.01 real, 2559 MB, 1.00 load
[runlim] sample:		16802.12 time, 16810.01 real, 2572 MB, 1.00 load
[runlim] sample:		16812.13 time, 16820.01 real, 2584 MB, 1.15 load
[runlim] sample:		16822.13 time, 16830.01 real, 2596 MB, 1.12 load
[runlim] sample:		16832.14 time, 16840.01 real, 2596 MB, 1.10 load
[runlim] sample:		16842.14 time, 16850.01 real, 2609 MB, 1.09 load
[runlim] sample:		16852.15 time, 16860.01 real, 2622 MB, 1.07 load
[runlim] sample:		16862.16 time, 16870.01 real, 2622 MB, 1.06 load
[runlim] sample:		16872.16 time, 16880.01 real, 2635 MB, 1.05 load
[runlim] sample:		16882.16 time, 16890.01 real, 2635 MB, 1.04 load
[runlim] sample:		16892.17 time, 16900.01 real, 2648 MB, 1.04 load
[runlim] sample:		16902.17 time, 16910.01 real, 2663 MB, 1.03 load
[runlim] sample:		16912.18 time, 16920.01 real, 2663 MB, 1.02 load
[runlim] sample:		16922.19 time, 16930.01 real, 2678 MB, 1.02 load
[runlim] sample:		16932.19 time, 16940.01 real, 2678 MB, 1.17 load
[runlim] sample:		16942.20 time, 16950.01 real, 2693 MB, 1.14 load
[runlim] sample:		16952.20 time, 16960.01 real, 2707 MB, 1.12 load
[runlim] sample:		16962.20 time, 16970.01 real, 2709 MB, 1.10 load
[runlim] sample:		16972.21 time, 16980.01 real, 2725 MB, 1.16 load
[runlim] sample:		16982.21 time, 16990.01 real, 2725 MB, 1.14 load
[runlim] sample:		16992.22 time, 17000.01 real, 2748 MB, 1.11 load
[runlim] sample:		17002.22 time, 17010.01 real, 2748 MB, 1.10 load
[runlim] sample:		17012.23 time, 17020.01 real, 2794 MB, 1.08 load
[runlim] sample:		17022.14 time, 17030.01 real, 2794 MB, 1.07 load
[runlim] sample:		17032.15 time, 17040.01 real, 2836 MB, 1.06 load
[runlim] sample:		17042.15 time, 17050.01 real, 2836 MB, 1.05 load
[runlim] sample:		17052.16 time, 17060.01 real, 2845 MB, 1.04 load
[runlim] sample:		17062.16 time, 17070.01 real, 2879 MB, 1.03 load
[runlim] sample:		17072.17 time, 17080.01 real, 2879 MB, 1.03 load
[runlim] sample:		17082.17 time, 17090.01 real, 2925 MB, 1.02 load
[runlim] sample:		17092.18 time, 17100.01 real, 2925 MB, 1.10 load
[runlim] sample:		17102.18 time, 17110.01 real, 2973 MB, 1.08 load
[runlim] sample:		17112.18 time, 17120.01 real, 2973 MB, 1.07 load
[runlim] sample:		17122.19 time, 17130.01 real, 3023 MB, 1.06 load
[runlim] sample:		17132.20 time, 17140.01 real, 3023 MB, 1.05 load
[runlim] sample:		17142.20 time, 17150.01 real, 3023 MB, 1.04 load
[runlim] sample:		17152.21 time, 17160.01 real, 3075 MB, 1.03 load
[runlim] sample:		17162.21 time, 17170.01 real, 3075 MB, 1.03 load
[runlim] sample:		17172.22 time, 17180.01 real, 3133 MB, 1.02 load

NN₁: mnist_relu_3_100_gemm.onnx
NN₂: mnist_relu_3_100_0.79_adam_1_stepsize.onnx
Prop: mnist_2_global_4.vnnlib
[runlim] sample:		17182.20 time, 17190.01 real, 2406 MB, 1.02 load
[runlim] sample:		17192.22 time, 17200.01 real, 2406 MB, 1.10 load
[runlim] sample:		17202.22 time, 17210.01 real, 2406 MB, 1.08 load
[runlim] sample:		17212.22 time, 17220.01 real, 2406 MB, 1.15 load
[runlim] sample:		17222.22 time, 17230.01 real, 2406 MB, 1.13 load
[runlim] sample:		17232.23 time, 17240.01 real, 2406 MB, 1.18 load
[runlim] sample:		17242.23 time, 17250.01 real, 2406 MB, 1.15 load
[runlim] sample:		17252.24 time, 17260.01 real, 2406 MB, 1.13 load
[runlim] sample:		17262.25 time, 17270.01 real, 2411 MB, 1.11 load
[runlim] sample:		17272.24 time, 17280.01 real, 2416 MB, 1.09 load
[runlim] sample:		17282.25 time, 17290.01 real, 2416 MB, 1.08 load
[runlim] sample:		17292.14 time, 17300.01 real, 2420 MB, 1.06 load
[runlim] sample:		17302.14 time, 17310.01 real, 2422 MB, 1.05 load
[runlim] sample:		17312.15 time, 17320.01 real, 2427 MB, 1.05 load
[runlim] sample:		17322.15 time, 17330.01 real, 2431 MB, 1.04 load
[runlim] sample:		17332.16 time, 17340.01 real, 2437 MB, 1.03 load
[runlim] sample:		17342.16 time, 17350.01 real, 2444 MB, 1.03 load
[runlim] sample:		17352.16 time, 17360.01 real, 2449 MB, 1.02 load
[runlim] sample:		17362.17 time, 17370.01 real, 2458 MB, 1.02 load
[runlim] sample:		17372.18 time, 17380.01 real, 2458 MB, 1.02 load
[runlim] sample:		17382.18 time, 17390.01 real, 2462 MB, 1.01 load
[runlim] sample:		17392.18 time, 17400.01 real, 2468 MB, 1.01 load
[runlim] sample:		17402.19 time, 17410.01 real, 2473 MB, 1.01 load
[runlim] sample:		17412.19 time, 17420.01 real, 2473 MB, 1.01 load
[runlim] sample:		17422.19 time, 17430.01 real, 2481 MB, 1.00 load
[runlim] sample:		17432.20 time, 17440.01 real, 2487 MB, 1.16 load
[runlim] sample:		17442.20 time, 17450.01 real, 2487 MB, 1.13 load
[runlim] sample:		17452.21 time, 17460.01 real, 2493 MB, 1.11 load
[runlim] sample:		17462.21 time, 17470.01 real, 2504 MB, 1.10 load
[runlim] sample:		17472.21 time, 17480.01 real, 2504 MB, 1.08 load
[runlim] sample:		17482.22 time, 17490.01 real, 2509 MB, 1.07 load
[runlim] sample:		17492.22 time, 17500.01 real, 2519 MB, 1.06 load
[runlim] sample:		17502.23 time, 17510.01 real, 2519 MB, 1.05 load
[runlim] sample:		17512.23 time, 17520.01 real, 2525 MB, 1.04 load
[runlim] sample:		17522.23 time, 17530.01 real, 2525 MB, 1.03 load
[runlim] sample:		17532.24 time, 17540.01 real, 2533 MB, 1.03 load
[runlim] sample:		17542.24 time, 17550.01 real, 2543 MB, 1.02 load
[runlim] sample:		17552.25 time, 17560.01 real, 2543 MB, 1.02 load
[runlim] sample:		17562.15 time, 17570.01 real, 2550 MB, 1.02 load
[runlim] sample:		17572.15 time, 17580.01 real, 2550 MB, 1.01 load
[runlim] sample:		17582.15 time, 17590.01 real, 2560 MB, 1.01 load
[runlim] sample:		17592.16 time, 17600.01 real, 2560 MB, 1.01 load
[runlim] sample:		17602.16 time, 17610.01 real, 2590 MB, 1.01 load
[runlim] sample:		17612.17 time, 17620.01 real, 2590 MB, 1.00 load
[runlim] sample:		17622.17 time, 17630.01 real, 2600 MB, 1.00 load
[runlim] sample:		17632.17 time, 17640.01 real, 2600 MB, 1.00 load
[runlim] sample:		17642.18 time, 17650.01 real, 2609 MB, 1.00 load
[runlim] sample:		17652.18 time, 17660.01 real, 2609 MB, 1.00 load
[runlim] sample:		17662.19 time, 17670.01 real, 2619 MB, 1.00 load
[runlim] sample:		17672.19 time, 17680.01 real, 2619 MB, 1.00 load
[runlim] sample:		17682.20 time, 17690.01 real, 2628 MB, 1.00 load
[runlim] sample:		17692.20 time, 17700.01 real, 2628 MB, 1.00 load
[runlim] sample:		17702.20 time, 17710.01 real, 2638 MB, 1.00 load
[runlim] sample:		17712.21 time, 17720.01 real, 2638 MB, 1.00 load
[runlim] sample:		17722.21 time, 17730.01 real, 2648 MB, 1.00 load
[runlim] sample:		17732.21 time, 17740.01 real, 2648 MB, 1.00 load
[runlim] sample:		17742.22 time, 17750.01 real, 2658 MB, 1.00 load
[runlim] sample:		17752.22 time, 17760.01 real, 2658 MB, 1.00 load
[runlim] sample:		17762.23 time, 17770.01 real, 2658 MB, 1.00 load
[runlim] sample:		17772.23 time, 17780.01 real, 2669 MB, 1.00 load

NN₁: mnist_relu_3_100_gemm.onnx
NN₂: mnist_relu_3_100_0.79_adam_1_stepsize.onnx
Prop: mnist_3_global_5.vnnlib

NN₁: mnist_relu_3_100_gemm.onnx
NN₂: mnist_relu_3_100_0.79_adam_1_stepsize.onnx
Prop: mnist_4_global_4.vnnlib

NN₁: mnist_relu_3_100_gemm.onnx
NN₂: mnist_relu_3_100_0.79_adam_1_stepsize.onnx
Prop: mnist_4_global_5.vnnlib
[runlim] sample:		17782.22 time, 17790.01 real, 2406 MB, 1.00 load
[runlim] sample:		17792.23 time, 17800.01 real, 2406 MB, 1.00 load
[runlim] sample:		17802.23 time, 17810.01 real, 2406 MB, 1.00 load
[runlim] sample:		17812.23 time, 17820.01 real, 2406 MB, 1.00 load
[runlim] sample:		17822.24 time, 17830.01 real, 2406 MB, 1.00 load
[runlim] sample:		17832.15 time, 17840.01 real, 2406 MB, 1.07 load
[runlim] sample:		17842.15 time, 17850.01 real, 2406 MB, 1.06 load
[runlim] sample:		17852.16 time, 17860.01 real, 2411 MB, 1.05 load
[runlim] sample:		17862.17 time, 17870.01 real, 2417 MB, 1.04 load
[runlim] sample:		17872.17 time, 17880.01 real, 2424 MB, 1.04 load
[runlim] sample:		17882.17 time, 17890.01 real, 2431 MB, 1.03 load
[runlim] sample:		17892.18 time, 17900.01 real, 2438 MB, 1.02 load
[runlim] sample:		17902.18 time, 17910.01 real, 2446 MB, 1.02 load
[runlim] sample:		17912.20 time, 17920.01 real, 2454 MB, 1.02 load
[runlim] sample:		17922.19 time, 17930.01 real, 2460 MB, 1.01 load
[runlim] sample:		17932.20 time, 17940.01 real, 2468 MB, 1.17 load
[runlim] sample:		17942.21 time, 17950.01 real, 2477 MB, 1.14 load
[runlim] sample:		17952.21 time, 17960.01 real, 2485 MB, 1.12 load
[runlim] sample:		17962.22 time, 17970.01 real, 2493 MB, 1.10 load
[runlim] sample:		17972.23 time, 17980.01 real, 2500 MB, 1.08 load
[runlim] sample:		17982.23 time, 17990.01 real, 2509 MB, 1.07 load
[runlim] sample:		17992.23 time, 18000.01 real, 2518 MB, 1.06 load
[runlim] sample:		18002.24 time, 18010.01 real, 2520 MB, 1.05 load
[runlim] sample:		18012.25 time, 18020.01 real, 2528 MB, 1.04 load
[runlim] sample:		18022.25 time, 18030.01 real, 2536 MB, 1.03 load
[runlim] sample:		18032.26 time, 18040.01 real, 2545 MB, 1.03 load
[runlim] sample:		18042.26 time, 18050.01 real, 2547 MB, 1.02 load
[runlim] sample:		18052.27 time, 18060.01 real, 2564 MB, 1.02 load
[runlim] sample:		18062.27 time, 18070.01 real, 2573 MB, 1.02 load
[runlim] sample:		18072.27 time, 18080.01 real, 2584 MB, 1.01 load
[runlim] sample:		18082.28 time, 18090.01 real, 2584 MB, 1.01 load
[runlim] sample:		18092.29 time, 18100.01 real, 2590 MB, 1.01 load
[runlim] sample:		18102.21 time, 18110.01 real, 2602 MB, 1.01 load
[runlim] sample:		18112.21 time, 18120.01 real, 2602 MB, 1.01 load
[runlim] sample:		18122.22 time, 18130.01 real, 2610 MB, 1.00 load
[runlim] sample:		18132.22 time, 18140.01 real, 2621 MB, 1.00 load
[runlim] sample:		18142.22 time, 18150.01 real, 2621 MB, 1.00 load
[runlim] sample:		18152.23 time, 18160.01 real, 2630 MB, 1.00 load
[runlim] sample:		18162.23 time, 18170.01 real, 2640 MB, 1.00 load
[runlim] sample:		18172.24 time, 18180.01 real, 2640 MB, 1.00 load
[runlim] sample:		18182.25 time, 18190.01 real, 2648 MB, 1.00 load
[runlim] sample:		18192.26 time, 18200.01 real, 2648 MB, 1.00 load
[runlim] sample:		18202.26 time, 18210.01 real, 2657 MB, 1.00 load
[runlim] sample:		18212.26 time, 18220.01 real, 2657 MB, 1.00 load
[runlim] sample:		18222.27 time, 18230.01 real, 2666 MB, 1.00 load
[runlim] sample:		18232.27 time, 18240.01 real, 2674 MB, 1.00 load
[runlim] sample:		18242.28 time, 18250.01 real, 2674 MB, 1.00 load
[runlim] sample:		18252.28 time, 18260.01 real, 2683 MB, 1.00 load
[runlim] sample:		18262.29 time, 18270.01 real, 2683 MB, 1.00 load
[runlim] sample:		18272.30 time, 18280.01 real, 2690 MB, 1.00 load
[runlim] sample:		18282.30 time, 18290.01 real, 2690 MB, 1.00 load
[runlim] sample:		18292.30 time, 18300.01 real, 2700 MB, 1.00 load
[runlim] sample:		18302.31 time, 18310.01 real, 2700 MB, 1.00 load
[runlim] sample:		18312.31 time, 18320.01 real, 2708 MB, 1.00 load
[runlim] sample:		18322.32 time, 18330.01 real, 2708 MB, 1.00 load
[runlim] sample:		18332.33 time, 18340.01 real, 2717 MB, 1.00 load
[runlim] sample:		18342.33 time, 18350.01 real, 2717 MB, 1.00 load
[runlim] sample:		18352.34 time, 18360.01 real, 2727 MB, 1.00 load
[runlim] sample:		18362.34 time, 18370.01 real, 2727 MB, 1.00 load
[runlim] sample:		18372.26 time, 18380.01 real, 2734 MB, 1.00 load

NN₁: mnist_relu_3_100_gemm.onnx
NN₂: mnist_relu_3_100_0.79_adam_1_stepsize.onnx
Prop: mnist_5_global_4.vnnlib

NN₁: mnist_relu_3_100_gemm.onnx
NN₂: mnist_relu_3_100_0.79_adam_1_stepsize.onnx
Prop: mnist_5_global_5.vnnlib
[runlim] sample:		18382.25 time, 18390.01 real, 2406 MB, 1.00 load
[runlim] sample:		18392.26 time, 18400.01 real, 2406 MB, 1.00 load
[runlim] sample:		18402.26 time, 18410.01 real, 2406 MB, 1.00 load
[runlim] sample:		18412.27 time, 18420.01 real, 2406 MB, 1.00 load
[runlim] sample:		18422.27 time, 18430.01 real, 2406 MB, 1.00 load
[runlim] sample:		18432.27 time, 18440.01 real, 2406 MB, 1.15 load
[runlim] sample:		18442.28 time, 18450.01 real, 2406 MB, 1.13 load
[runlim] sample:		18452.29 time, 18460.01 real, 2406 MB, 1.11 load
[runlim] sample:		18462.29 time, 18470.01 real, 2406 MB, 1.09 load
[runlim] sample:		18472.29 time, 18480.01 real, 2406 MB, 1.08 load
[runlim] sample:		18482.30 time, 18490.01 real, 2406 MB, 1.06 load
[runlim] sample:		18492.31 time, 18500.01 real, 2406 MB, 1.05 load
[runlim] sample:		18502.31 time, 18510.01 real, 2406 MB, 1.05 load
[runlim] sample:		18512.36 time, 18520.01 real, 2408 MB, 1.04 load
[runlim] sample:		18522.37 time, 18530.01 real, 2408 MB, 1.03 load
[runlim] sample:		18532.38 time, 18540.01 real, 2408 MB, 1.03 load
[runlim] sample:		18542.38 time, 18550.01 real, 2408 MB, 1.02 load
[runlim] sample:		18552.38 time, 18560.01 real, 2408 MB, 1.02 load
[runlim] sample:		18562.39 time, 18570.01 real, 2408 MB, 1.02 load
[runlim] sample:		18572.39 time, 18580.01 real, 2408 MB, 1.01 load
[runlim] sample:		18582.41 time, 18590.01 real, 2408 MB, 1.01 load
[runlim] sample:		18592.41 time, 18600.01 real, 2410 MB, 1.01 load
[runlim] sample:		18602.42 time, 18610.01 real, 2410 MB, 1.01 load
[runlim] sample:		18612.43 time, 18620.01 real, 2412 MB, 1.00 load
[runlim] sample:		18622.44 time, 18630.01 real, 2417 MB, 1.00 load
[runlim] sample:		18632.45 time, 18640.01 real, 2417 MB, 1.00 load
[runlim] sample:		18642.36 time, 18650.01 real, 2418 MB, 1.00 load
[runlim] sample:		18652.36 time, 18660.01 real, 2420 MB, 1.00 load
[runlim] sample:		18662.37 time, 18670.01 real, 2425 MB, 1.00 load
[runlim] sample:		18672.37 time, 18680.01 real, 2425 MB, 1.00 load
[runlim] sample:		18682.38 time, 18690.01 real, 2428 MB, 1.00 load
[runlim] sample:		18692.39 time, 18700.01 real, 2429 MB, 1.00 load
[runlim] sample:		18702.41 time, 18710.01 real, 2433 MB, 1.00 load
[runlim] sample:		18712.41 time, 18720.01 real, 2433 MB, 1.00 load
[runlim] sample:		18722.42 time, 18730.01 real, 2435 MB, 1.00 load
[runlim] sample:		18732.44 time, 18740.01 real, 2436 MB, 1.00 load
[runlim] sample:		18742.44 time, 18750.01 real, 2436 MB, 1.00 load
[runlim] sample:		18752.45 time, 18760.01 real, 2440 MB, 1.00 load
[runlim] sample:		18762.46 time, 18770.01 real, 2440 MB, 1.00 load
[runlim] sample:		18772.46 time, 18780.01 real, 2441 MB, 1.00 load
[runlim] sample:		18782.48 time, 18790.01 real, 2445 MB, 1.00 load
[runlim] sample:		18792.48 time, 18800.01 real, 2448 MB, 1.00 load
[runlim] sample:		18802.49 time, 18810.01 real, 2448 MB, 1.00 load
[runlim] sample:		18812.50 time, 18820.01 real, 2450 MB, 1.08 load
[runlim] sample:		18822.51 time, 18830.01 real, 2452 MB, 1.07 load
[runlim] sample:		18832.52 time, 18840.01 real, 2457 MB, 1.06 load
[runlim] sample:		18842.53 time, 18850.01 real, 2457 MB, 1.05 load
[runlim] sample:		18852.55 time, 18860.01 real, 2458 MB, 1.04 load
[runlim] sample:		18862.57 time, 18870.01 real, 2459 MB, 1.03 load
[runlim] sample:		18872.58 time, 18880.01 real, 2460 MB, 1.03 load
[runlim] sample:		18882.61 time, 18890.01 real, 2463 MB, 1.02 load
[runlim] sample:		18892.64 time, 18900.01 real, 2464 MB, 1.02 load
[runlim] sample:		18902.67 time, 18910.01 real, 2466 MB, 1.02 load
[runlim] sample:		18912.69 time, 18920.01 real, 2468 MB, 1.01 load
[runlim] sample:		18922.71 time, 18930.01 real, 2468 MB, 1.01 load
[runlim] sample:		18932.74 time, 18940.01 real, 2472 MB, 1.16 load
[runlim] sample:		18942.76 time, 18950.01 real, 2473 MB, 1.14 load
[runlim] sample:		18952.78 time, 18960.01 real, 2473 MB, 1.12 load
[runlim] sample:		18962.79 time, 18970.01 real, 2477 MB, 1.10 load
[runlim] sample:		18972.82 time, 18980.01 real, 2477 MB, 1.08 load

NN₁: mnist_relu_3_100_gemm.onnx
NN₂: mnist_relu_3_100_0.79_adam_1_stepsize.onnx
Prop: mnist_6_global_4.vnnlib

NN₁: mnist_relu_3_100_gemm.onnx
NN₂: mnist_relu_3_100_0.79_adam_1_stepsize.onnx
Prop: mnist_6_global_5.vnnlib
[runlim] sample:		18982.82 time, 18990.01 real, 2410 MB, 1.07 load
[runlim] sample:		18992.83 time, 19000.01 real, 2410 MB, 1.06 load
[runlim] sample:		19002.83 time, 19010.01 real, 2410 MB, 1.05 load
[runlim] sample:		19012.84 time, 19020.01 real, 2410 MB, 1.04 load
[runlim] sample:		19022.84 time, 19030.01 real, 2410 MB, 1.03 load
[runlim] sample:		19032.84 time, 19040.01 real, 2410 MB, 1.03 load
[runlim] sample:		19042.84 time, 19050.01 real, 2410 MB, 1.02 load
[runlim] sample:		19052.85 time, 19060.01 real, 2414 MB, 1.10 load
[runlim] sample:		19062.86 time, 19070.01 real, 2420 MB, 1.08 load
[runlim] sample:		19072.86 time, 19080.01 real, 2425 MB, 1.07 load
[runlim] sample:		19082.86 time, 19090.01 real, 2431 MB, 1.06 load
[runlim] sample:		19092.86 time, 19100.01 real, 2437 MB, 1.05 load
[runlim] sample:		19102.87 time, 19110.01 real, 2445 MB, 1.04 load
[runlim] sample:		19112.87 time, 19120.01 real, 2452 MB, 1.04 load
[runlim] sample:		19122.88 time, 19130.01 real, 2461 MB, 1.03 load
[runlim] sample:		19132.88 time, 19140.01 real, 2468 MB, 1.02 load
[runlim] sample:		19142.88 time, 19150.01 real, 2468 MB, 1.02 load
[runlim] sample:		19152.88 time, 19160.01 real, 2477 MB, 1.10 load
[runlim] sample:		19162.89 time, 19170.01 real, 2486 MB, 1.08 load
[runlim] sample:		19172.90 time, 19180.01 real, 2495 MB, 1.07 load
[runlim] sample:		19182.79 time, 19190.01 real, 2495 MB, 1.06 load
[runlim] sample:		19192.80 time, 19200.01 real, 2503 MB, 1.05 load
[runlim] sample:		19202.80 time, 19210.01 real, 2514 MB, 1.04 load
[runlim] sample:		19212.81 time, 19220.01 real, 2521 MB, 1.03 load
[runlim] sample:		19222.81 time, 19230.01 real, 2521 MB, 1.03 load
[runlim] sample:		19232.81 time, 19240.01 real, 2533 MB, 1.02 load
[runlim] sample:		19242.82 time, 19250.01 real, 2543 MB, 1.02 load
[runlim] sample:		19252.82 time, 19260.01 real, 2543 MB, 1.02 load
[runlim] sample:		19262.82 time, 19270.01 real, 2554 MB, 1.01 load
[runlim] sample:		19272.83 time, 19280.01 real, 2570 MB, 1.01 load
[runlim] sample:		19282.84 time, 19290.01 real, 2588 MB, 1.01 load
[runlim] sample:		19292.83 time, 19300.01 real, 2596 MB, 1.01 load
[runlim] sample:		19302.85 time, 19310.01 real, 2596 MB, 1.00 load
[runlim] sample:		19312.84 time, 19320.01 real, 2611 MB, 1.00 load
[runlim] sample:		19322.85 time, 19330.01 real, 2611 MB, 1.00 load
[runlim] sample:		19332.85 time, 19340.01 real, 2623 MB, 1.00 load
[runlim] sample:		19342.86 time, 19350.01 real, 2634 MB, 1.00 load
[runlim] sample:		19352.87 time, 19360.01 real, 2634 MB, 1.00 load
[runlim] sample:		19362.87 time, 19370.01 real, 2648 MB, 1.00 load
[runlim] sample:		19372.87 time, 19380.01 real, 2648 MB, 1.00 load
[runlim] sample:		19382.88 time, 19390.01 real, 2658 MB, 1.00 load
[runlim] sample:		19392.88 time, 19400.01 real, 2658 MB, 1.00 load
[runlim] sample:		19402.88 time, 19410.01 real, 2674 MB, 1.00 load
[runlim] sample:		19412.89 time, 19420.01 real, 2674 MB, 1.00 load
[runlim] sample:		19422.89 time, 19430.01 real, 2686 MB, 1.00 load
[runlim] sample:		19432.90 time, 19440.01 real, 2686 MB, 1.15 load
[runlim] sample:		19442.90 time, 19450.01 real, 2701 MB, 1.13 load
[runlim] sample:		19452.80 time, 19460.01 real, 2701 MB, 1.11 load
[runlim] sample:		19462.81 time, 19470.01 real, 2717 MB, 1.09 load
[runlim] sample:		19472.81 time, 19480.01 real, 2717 MB, 1.08 load
[runlim] sample:		19482.81 time, 19490.01 real, 2717 MB, 1.06 load
[runlim] sample:		19492.82 time, 19500.01 real, 2732 MB, 1.05 load
[runlim] sample:		19502.82 time, 19510.01 real, 2732 MB, 1.05 load
[runlim] sample:		19512.83 time, 19520.01 real, 2746 MB, 1.04 load
[runlim] sample:		19522.83 time, 19530.01 real, 2746 MB, 1.03 load
[runlim] sample:		19532.84 time, 19540.01 real, 2765 MB, 1.03 load
[runlim] sample:		19542.84 time, 19550.01 real, 2765 MB, 1.02 load
[runlim] sample:		19552.85 time, 19560.01 real, 2765 MB, 1.02 load
[runlim] sample:		19562.85 time, 19570.01 real, 2803 MB, 1.02 load
[runlim] sample:		19572.85 time, 19580.01 real, 2803 MB, 1.01 load

NN₁: mnist_relu_3_100_gemm.onnx
NN₂: mnist_relu_3_100_0.79_adam_1_stepsize.onnx
Prop: mnist_7_global_4.vnnlib
[runlim] sample:		19582.85 time, 19590.01 real, 2416 MB, 1.01 load
[runlim] sample:		19592.85 time, 19600.01 real, 2416 MB, 1.01 load
[runlim] sample:		19602.85 time, 19610.01 real, 2416 MB, 1.01 load
[runlim] sample:		19612.85 time, 19620.01 real, 2416 MB, 1.00 load
[runlim] sample:		19622.86 time, 19630.01 real, 2416 MB, 1.00 load
[runlim] sample:		19632.87 time, 19640.01 real, 2416 MB, 1.00 load
[runlim] sample:		19642.87 time, 19650.01 real, 2416 MB, 1.00 load
[runlim] sample:		19652.87 time, 19660.01 real, 2419 MB, 1.00 load
[runlim] sample:		19662.88 time, 19670.01 real, 2420 MB, 1.00 load
[runlim] sample:		19672.89 time, 19680.01 real, 2425 MB, 1.07 load
[runlim] sample:		19682.88 time, 19690.01 real, 2425 MB, 1.14 load
[runlim] sample:		19692.89 time, 19700.01 real, 2426 MB, 1.12 load
[runlim] sample:		19702.90 time, 19710.01 real, 2431 MB, 1.10 load
[runlim] sample:		19712.90 time, 19720.01 real, 2437 MB, 1.08 load
[runlim] sample:		19722.80 time, 19730.01 real, 2440 MB, 1.07 load
[runlim] sample:		19732.80 time, 19740.01 real, 2444 MB, 1.06 load
[runlim] sample:		19742.80 time, 19750.01 real, 2444 MB, 1.05 load
[runlim] sample:		19752.81 time, 19760.01 real, 2449 MB, 1.04 load
[runlim] sample:		19762.81 time, 19770.01 real, 2454 MB, 1.04 load
[runlim] sample:		19772.81 time, 19780.01 real, 2459 MB, 1.03 load
[runlim] sample:		19782.82 time, 19790.01 real, 2459 MB, 1.02 load
[runlim] sample:		19792.82 time, 19800.01 real, 2465 MB, 1.02 load
[runlim] sample:		19802.82 time, 19810.01 real, 2470 MB, 1.02 load
[runlim] sample:		19812.83 time, 19820.01 real, 2477 MB, 1.01 load
[runlim] sample:		19822.83 time, 19830.01 real, 2477 MB, 1.01 load
[runlim] sample:		19832.84 time, 19840.01 real, 2485 MB, 1.01 load
[runlim] sample:		19842.84 time, 19850.01 real, 2489 MB, 1.01 load
[runlim] sample:		19852.85 time, 19860.01 real, 2489 MB, 1.01 load
[runlim] sample:		19862.85 time, 19870.01 real, 2496 MB, 1.00 load
[runlim] sample:		19872.85 time, 19880.01 real, 2496 MB, 1.00 load
[runlim] sample:		19882.86 time, 19890.01 real, 2505 MB, 1.00 load
[runlim] sample:		19892.86 time, 19900.01 real, 2508 MB, 1.00 load
[runlim] sample:		19902.87 time, 19910.01 real, 2508 MB, 1.00 load
[runlim] sample:		19912.87 time, 19920.01 real, 2516 MB, 1.00 load
[runlim] sample:		19922.87 time, 19930.01 real, 2516 MB, 1.00 load
[runlim] sample:		19932.88 time, 19940.01 real, 2524 MB, 1.15 load
[runlim] sample:		19942.88 time, 19950.01 real, 2532 MB, 1.13 load
[runlim] sample:		19952.88 time, 19960.01 real, 2532 MB, 1.11 load
[runlim] sample:		19962.89 time, 19970.01 real, 2539 MB, 1.09 load
[runlim] sample:		19972.89 time, 19980.01 real, 2539 MB, 1.16 load
[runlim] sample:		19982.90 time, 19990.01 real, 2546 MB, 1.13 load
[runlim] sample:		19992.80 time, 20000.01 real, 2546 MB, 1.11 load
[runlim] sample:		20002.81 time, 20010.01 real, 2553 MB, 1.09 load
[runlim] sample:		20012.81 time, 20020.01 real, 2553 MB, 1.08 load
[runlim] sample:		20022.82 time, 20030.01 real, 2564 MB, 1.07 load
[runlim] sample:		20032.82 time, 20040.01 real, 2564 MB, 1.06 load
[runlim] sample:		20042.82 time, 20050.01 real, 2569 MB, 1.05 load
[runlim] sample:		20052.82 time, 20060.01 real, 2569 MB, 1.04 load
[runlim] sample:		20062.83 time, 20070.01 real, 2578 MB, 1.03 load
[runlim] sample:		20072.84 time, 20080.01 real, 2578 MB, 1.03 load
[runlim] sample:		20082.84 time, 20090.01 real, 2600 MB, 1.10 load
[runlim] sample:		20092.84 time, 20100.01 real, 2600 MB, 1.08 load
[runlim] sample:		20102.84 time, 20110.01 real, 2609 MB, 1.07 load
[runlim] sample:		20112.85 time, 20120.01 real, 2609 MB, 1.06 load
[runlim] sample:		20122.85 time, 20130.01 real, 2617 MB, 1.05 load
[runlim] sample:		20132.86 time, 20140.01 real, 2617 MB, 1.04 load
[runlim] sample:		20142.86 time, 20150.01 real, 2626 MB, 1.03 load
[runlim] sample:		20152.87 time, 20160.01 real, 2624 MB, 1.03 load
[runlim] sample:		20162.87 time, 20170.01 real, 2624 MB, 1.02 load
[runlim] sample:		20172.87 time, 20180.01 real, 2633 MB, 1.02 load

NN₁: mnist_relu_3_100_gemm.onnx
NN₂: mnist_relu_3_100_0.79_adam_1_stepsize.onnx
Prop: mnist_7_global_5.vnnlib
[runlim] sample:		20182.87 time, 20190.01 real, 2416 MB, 1.02 load
[runlim] sample:		20192.88 time, 20200.01 real, 2416 MB, 1.01 load
[runlim] sample:		20202.88 time, 20210.01 real, 2416 MB, 1.01 load
[runlim] sample:		20212.88 time, 20220.01 real, 2416 MB, 1.01 load
[runlim] sample:		20222.89 time, 20230.01 real, 2416 MB, 1.01 load
[runlim] sample:		20232.89 time, 20240.01 real, 2416 MB, 1.00 load
[runlim] sample:		20242.90 time, 20250.01 real, 2416 MB, 1.00 load
[runlim] sample:		20252.90 time, 20260.01 real, 2416 MB, 1.00 load
[runlim] sample:		20262.81 time, 20270.01 real, 2417 MB, 1.00 load
[runlim] sample:		20272.82 time, 20280.01 real, 2423 MB, 1.00 load
[runlim] sample:		20282.82 time, 20290.01 real, 2423 MB, 1.00 load
[runlim] sample:		20292.82 time, 20300.01 real, 2426 MB, 1.00 load
[runlim] sample:		20302.82 time, 20310.01 real, 2429 MB, 1.00 load
[runlim] sample:		20312.83 time, 20320.01 real, 2432 MB, 1.00 load
[runlim] sample:		20322.83 time, 20330.01 real, 2435 MB, 1.00 load
[runlim] sample:		20332.84 time, 20340.01 real, 2440 MB, 1.00 load
[runlim] sample:		20342.84 time, 20350.01 real, 2442 MB, 1.00 load
[runlim] sample:		20352.85 time, 20360.01 real, 2449 MB, 1.00 load
[runlim] sample:		20362.85 time, 20370.01 real, 2451 MB, 1.00 load
[runlim] sample:		20372.85 time, 20380.01 real, 2451 MB, 1.00 load
[runlim] sample:		20382.86 time, 20390.01 real, 2459 MB, 1.00 load
[runlim] sample:		20392.87 time, 20400.01 real, 2461 MB, 1.00 load
[runlim] sample:		20402.88 time, 20410.01 real, 2466 MB, 1.00 load
[runlim] sample:		20412.88 time, 20420.01 real, 2473 MB, 1.00 load
[runlim] sample:		20422.88 time, 20430.01 real, 2473 MB, 1.00 load
[runlim] sample:		20432.88 time, 20440.01 real, 2478 MB, 1.15 load
[runlim] sample:		20442.89 time, 20450.01 real, 2485 MB, 1.13 load
[runlim] sample:		20452.90 time, 20460.01 real, 2485 MB, 1.11 load
[runlim] sample:		20462.90 time, 20470.01 real, 2489 MB, 1.09 load
[runlim] sample:		20472.90 time, 20480.01 real, 2496 MB, 1.08 load
[runlim] sample:		20482.91 time, 20490.01 real, 2502 MB, 1.06 load
[runlim] sample:		20492.92 time, 20500.01 real, 2502 MB, 1.05 load
[runlim] sample:		20502.91 time, 20510.01 real, 2505 MB, 1.05 load
[runlim] sample:		20512.92 time, 20520.01 real, 2512 MB, 1.04 load
[runlim] sample:		20522.93 time, 20530.01 real, 2512 MB, 1.03 load
[runlim] sample:		20532.80 time, 20540.01 real, 2520 MB, 1.03 load
[runlim] sample:		20542.80 time, 20550.01 real, 2520 MB, 1.02 load
[runlim] sample:		20552.81 time, 20560.01 real, 2525 MB, 1.02 load
[runlim] sample:		20562.81 time, 20570.01 real, 2531 MB, 1.02 load
[runlim] sample:		20572.82 time, 20580.01 real, 2531 MB, 1.01 load
[runlim] sample:		20582.82 time, 20590.01 real, 2538 MB, 1.01 load
[runlim] sample:		20592.83 time, 20600.01 real, 2538 MB, 1.01 load
[runlim] sample:		20602.83 time, 20610.01 real, 2546 MB, 1.01 load
[runlim] sample:		20612.83 time, 20620.01 real, 2546 MB, 1.00 load
[runlim] sample:		20622.84 time, 20630.01 real, 2552 MB, 1.00 load
[runlim] sample:		20632.84 time, 20640.01 real, 2559 MB, 1.00 load
[runlim] sample:		20642.85 time, 20650.01 real, 2561 MB, 1.00 load
[runlim] sample:		20652.86 time, 20660.01 real, 2567 MB, 1.00 load
[runlim] sample:		20662.85 time, 20670.01 real, 2567 MB, 1.00 load
[runlim] sample:		20672.86 time, 20680.01 real, 2576 MB, 1.00 load
[runlim] sample:		20682.87 time, 20690.01 real, 2576 MB, 1.00 load
[runlim] sample:		20692.87 time, 20700.01 real, 2602 MB, 1.00 load
[runlim] sample:		20702.88 time, 20710.01 real, 2602 MB, 1.00 load
[runlim] sample:		20712.88 time, 20720.01 real, 2611 MB, 1.00 load
[runlim] sample:		20722.89 time, 20730.01 real, 2610 MB, 1.00 load
[runlim] sample:		20732.89 time, 20740.01 real, 2610 MB, 1.00 load
[runlim] sample:		20742.89 time, 20750.01 real, 2618 MB, 1.00 load
[runlim] sample:		20752.90 time, 20760.01 real, 2618 MB, 1.00 load
[runlim] sample:		20762.90 time, 20770.01 real, 2626 MB, 1.00 load
[runlim] sample:		20772.90 time, 20780.01 real, 2626 MB, 1.00 load

NN₁: mnist_relu_3_100_gemm.onnx
NN₂: mnist_relu_3_100_0.79_adam_1_stepsize.onnx
Prop: mnist_8_global_4.vnnlib

NN₁: mnist_relu_3_100_gemm.onnx
NN₂: mnist_relu_3_100_0.79_adam_1_stepsize.onnx
Prop: mnist_8_global_5.vnnlib
[runlim] sample:		20782.90 time, 20790.01 real, 2416 MB, 1.00 load
[runlim] sample:		20792.90 time, 20800.01 real, 2416 MB, 1.00 load
[runlim] sample:		20802.91 time, 20810.01 real, 2416 MB, 1.00 load
[runlim] sample:		20812.81 time, 20820.01 real, 2416 MB, 1.00 load
[runlim] sample:		20822.81 time, 20830.01 real, 2416 MB, 1.00 load
[runlim] sample:		20832.82 time, 20840.01 real, 2416 MB, 1.00 load
[runlim] sample:		20842.82 time, 20850.01 real, 2416 MB, 1.00 load
[runlim] sample:		20852.82 time, 20860.01 real, 2420 MB, 1.00 load
[runlim] sample:		20862.83 time, 20870.01 real, 2423 MB, 1.00 load
[runlim] sample:		20872.83 time, 20880.01 real, 2428 MB, 1.00 load
[runlim] sample:		20882.84 time, 20890.01 real, 2431 MB, 1.00 load
[runlim] sample:		20892.84 time, 20900.01 real, 2435 MB, 1.00 load
[runlim] sample:		20902.84 time, 20910.01 real, 2439 MB, 1.00 load
[runlim] sample:		20912.85 time, 20920.01 real, 2443 MB, 1.00 load
[runlim] sample:		20922.85 time, 20930.01 real, 2450 MB, 1.00 load
[runlim] sample:		20932.85 time, 20940.01 real, 2450 MB, 1.15 load
[runlim] sample:		20942.86 time, 20950.01 real, 2454 MB, 1.13 load
[runlim] sample:		20952.87 time, 20960.01 real, 2462 MB, 1.11 load
[runlim] sample:		20962.86 time, 20970.01 real, 2467 MB, 1.09 load
[runlim] sample:		20972.87 time, 20980.01 real, 2467 MB, 1.08 load
[runlim] sample:		20982.88 time, 20990.01 real, 2472 MB, 1.06 load
[runlim] sample:		20992.88 time, 21000.01 real, 2479 MB, 1.05 load
[runlim] sample:		21002.88 time, 21010.01 real, 2485 MB, 1.05 load
[runlim] sample:		21012.88 time, 21020.01 real, 2485 MB, 1.04 load
[runlim] sample:		21022.89 time, 21030.01 real, 2494 MB, 1.03 load
[runlim] sample:		21032.90 time, 21040.01 real, 2500 MB, 1.03 load
[runlim] sample:		21042.90 time, 21050.01 real, 2500 MB, 1.02 load
[runlim] sample:		21052.90 time, 21060.01 real, 2506 MB, 1.02 load
[runlim] sample:		21062.91 time, 21070.01 real, 2506 MB, 1.02 load
[runlim] sample:		21072.91 time, 21080.01 real, 2515 MB, 1.01 load
[runlim] sample:		21082.82 time, 21090.01 real, 2521 MB, 1.01 load
[runlim] sample:		21092.82 time, 21100.01 real, 2521 MB, 1.01 load
[runlim] sample:		21102.83 time, 21110.01 real, 2530 MB, 1.01 load
[runlim] sample:		21112.83 time, 21120.01 real, 2530 MB, 1.00 load
[runlim] sample:		21122.84 time, 21130.01 real, 2539 MB, 1.00 load
[runlim] sample:		21132.84 time, 21140.01 real, 2539 MB, 1.00 load
[runlim] sample:		21142.84 time, 21150.01 real, 2547 MB, 1.00 load
[runlim] sample:		21152.85 time, 21160.01 real, 2547 MB, 1.00 load
[runlim] sample:		21162.86 time, 21170.01 real, 2555 MB, 1.00 load
[runlim] sample:		21172.85 time, 21180.01 real, 2564 MB, 1.00 load
[runlim] sample:		21182.86 time, 21190.01 real, 2564 MB, 1.00 load
[runlim] sample:		21192.86 time, 21200.01 real, 2572 MB, 1.00 load
[runlim] sample:		21202.87 time, 21210.01 real, 2572 MB, 1.00 load
[runlim] sample:		21212.87 time, 21220.01 real, 2572 MB, 1.00 load
[runlim] sample:		21222.88 time, 21230.01 real, 2581 MB, 1.00 load
[runlim] sample:		21232.88 time, 21240.01 real, 2581 MB, 1.00 load
[runlim] sample:		21242.88 time, 21250.01 real, 2605 MB, 1.00 load
[runlim] sample:		21252.89 time, 21260.01 real, 2605 MB, 1.00 load
[runlim] sample:		21262.89 time, 21270.01 real, 2615 MB, 1.00 load
[runlim] sample:		21272.90 time, 21280.01 real, 2615 MB, 1.00 load
[runlim] sample:		21282.90 time, 21290.01 real, 2624 MB, 1.00 load
[runlim] sample:		21292.90 time, 21300.01 real, 2624 MB, 1.00 load
[runlim] sample:		21302.91 time, 21310.01 real, 2635 MB, 1.00 load
[runlim] sample:		21312.91 time, 21320.01 real, 2634 MB, 1.00 load
[runlim] sample:		21322.91 time, 21330.01 real, 2634 MB, 1.00 load
[runlim] sample:		21332.92 time, 21340.01 real, 2645 MB, 1.00 load
[runlim] sample:		21342.82 time, 21350.01 real, 2645 MB, 0.92 load
[runlim] sample:		21352.83 time, 21360.01 real, 2655 MB, 0.93 load
[runlim] sample:		21362.82 time, 21370.01 real, 2655 MB, 0.94 load
[runlim] sample:		21372.83 time, 21380.01 real, 2655 MB, 0.95 load
[runlim] sample:		21382.83 time, 21390.01 real, 2417 MB, 0.96 load

NN₁: mnist_relu_3_100_gemm.onnx
NN₂: mnist_relu_3_100_0.79_adam_1_stepsize.onnx
Prop: mnist_9_global_4.vnnlib

NN₁: mnist_relu_3_100_gemm.onnx
NN₂: mnist_relu_3_100_0.79_adam_1_stepsize.onnx
Prop: mnist_9_global_5.vnnlib
[runlim] sample:		21392.83 time, 21400.01 real, 2416 MB, 0.96 load
[runlim] sample:		21402.83 time, 21410.01 real, 2416 MB, 0.97 load
[runlim] sample:		21412.83 time, 21420.01 real, 2416 MB, 0.98 load
[runlim] sample:		21422.84 time, 21430.01 real, 2416 MB, 0.98 load
[runlim] sample:		21432.85 time, 21440.01 real, 2416 MB, 1.06 load
[runlim] sample:		21442.84 time, 21450.01 real, 2416 MB, 1.13 load
[runlim] sample:		21452.85 time, 21460.01 real, 2416 MB, 1.11 load
[runlim] sample:		21462.86 time, 21470.01 real, 2416 MB, 1.09 load
[runlim] sample:		21472.86 time, 21480.01 real, 2422 MB, 1.08 load
[runlim] sample:		21482.87 time, 21490.01 real, 2429 MB, 1.06 load
[runlim] sample:		21492.87 time, 21500.01 real, 2431 MB, 1.05 load
[runlim] sample:		21502.88 time, 21510.01 real, 2439 MB, 1.04 load
[runlim] sample:		21512.88 time, 21520.01 real, 2448 MB, 1.04 load
[runlim] sample:		21522.89 time, 21530.01 real, 2455 MB, 1.03 load
[runlim] sample:		21532.89 time, 21540.01 real, 2460 MB, 1.03 load
[runlim] sample:		21542.90 time, 21550.01 real, 2469 MB, 1.02 load
[runlim] sample:		21552.90 time, 21560.01 real, 2474 MB, 1.02 load
[runlim] sample:		21562.90 time, 21570.01 real, 2482 MB, 1.01 load
[runlim] sample:		21572.91 time, 21580.01 real, 2488 MB, 1.01 load
[runlim] sample:		21582.92 time, 21590.01 real, 2488 MB, 1.01 load
[runlim] sample:		21592.92 time, 21600.01 real, 2494 MB, 1.01 load
[runlim] sample:		21602.92 time, 21610.01 real, 2499 MB, 1.01 load
[runlim] sample:		21612.84 time, 21620.01 real, 2505 MB, 1.00 load
[runlim] sample:		21622.84 time, 21630.01 real, 2513 MB, 1.00 load
[runlim] sample:		21632.85 time, 21640.01 real, 2513 MB, 1.00 load
[runlim] sample:		21642.85 time, 21650.01 real, 2518 MB, 1.00 load
[runlim] sample:		21652.86 time, 21660.01 real, 2523 MB, 1.00 load
[runlim] sample:		21662.87 time, 21670.01 real, 2533 MB, 1.00 load
[runlim] sample:		21672.87 time, 21680.01 real, 2533 MB, 1.00 load
[runlim] sample:		21682.87 time, 21690.01 real, 2540 MB, 1.00 load
[runlim] sample:		21692.88 time, 21700.01 real, 2549 MB, 1.00 load
[runlim] sample:		21702.88 time, 21710.01 real, 2550 MB, 1.00 load
[runlim] sample:		21712.88 time, 21720.01 real, 2561 MB, 1.00 load
[runlim] sample:		21722.89 time, 21730.01 real, 2565 MB, 1.00 load
[runlim] sample:		21732.90 time, 21740.01 real, 2565 MB, 1.00 load
[runlim] sample:		21742.89 time, 21750.01 real, 2580 MB, 1.00 load
[runlim] sample:		21752.90 time, 21760.01 real, 2594 MB, 1.00 load
[runlim] sample:		21762.91 time, 21770.01 real, 2594 MB, 1.00 load
[runlim] sample:		21772.91 time, 21780.01 real, 2594 MB, 1.00 load
[runlim] sample:		21782.92 time, 21790.01 real, 2614 MB, 1.00 load
[runlim] sample:		21792.93 time, 21800.01 real, 2614 MB, 1.00 load
[runlim] sample:		21802.93 time, 21810.01 real, 2621 MB, 1.00 load
[runlim] sample:		21812.93 time, 21820.01 real, 2621 MB, 1.00 load
[runlim] sample:		21822.93 time, 21830.01 real, 2631 MB, 1.00 load
[runlim] sample:		21832.94 time, 21840.01 real, 2632 MB, 1.00 load
[runlim] sample:		21842.94 time, 21850.01 real, 2642 MB, 1.00 load
[runlim] sample:		21852.95 time, 21860.01 real, 2644 MB, 1.00 load
[runlim] sample:		21862.95 time, 21870.01 real, 2644 MB, 1.00 load
[runlim] sample:		21872.96 time, 21880.01 real, 2646 MB, 1.00 load
[runlim] sample:		21882.87 time, 21890.01 real, 2646 MB, 1.00 load
[runlim] sample:		21892.87 time, 21900.01 real, 2662 MB, 1.00 load
[runlim] sample:		21902.88 time, 21910.01 real, 2662 MB, 1.00 load
[runlim] sample:		21912.88 time, 21920.01 real, 2674 MB, 1.00 load
[runlim] sample:		21922.88 time, 21930.01 real, 2674 MB, 1.00 load
[runlim] sample:		21932.89 time, 21940.01 real, 2675 MB, 1.08 load
[runlim] sample:		21942.89 time, 21950.01 real, 2675 MB, 1.14 load
[runlim] sample:		21952.90 time, 21960.01 real, 2697 MB, 1.12 load
[runlim] sample:		21962.90 time, 21970.01 real, 2697 MB, 1.10 load
[runlim] sample:		21972.91 time, 21980.01 real, 2712 MB, 1.08 load
[runlim] sample:		21982.92 time, 21990.01 real, 2712 MB, 1.07 load

NN₁: mnist_relu_3_100_gemm.onnx
NN₂: mnist_relu_3_100_0.79_adam_1_stepsize.onnx
Prop: mnist_10_global_4.vnnlib

NN₁: mnist_relu_3_100_gemm.onnx
NN₂: mnist_relu_3_100_0.79_adam_1_stepsize.onnx
Prop: mnist_10_global_5.vnnlib

NN₁: mnist_relu_4_1024_gemm.onnx
NN₂: mnist_relu_4_1024_0.79.onnx
Prop: mnist_0_global_4.vnnlib
[runlim] sample:		21992.88 time, 22000.01 real, 2417 MB, 1.06 load
[runlim] sample:		22002.88 time, 22010.01 real, 2425 MB, 1.05 load
[runlim] sample:		22012.90 time, 22020.01 real, 2425 MB, 1.04 load
[runlim] sample:		22022.90 time, 22030.01 real, 2425 MB, 1.04 load
[runlim] sample:		22032.91 time, 22040.01 real, 2411 MB, 1.03 load
[runlim] sample:		22042.91 time, 22050.01 real, 2424 MB, 1.02 load
[runlim] sample:		22052.93 time, 22060.01 real, 2424 MB, 1.02 load
[runlim] sample:		22062.93 time, 22070.01 real, 2411 MB, 1.02 load
[runlim] sample:		22072.94 time, 22080.01 real, 2462 MB, 1.01 load
[runlim] sample:		22082.95 time, 22090.01 real, 2417 MB, 1.01 load
[runlim] sample:		22092.95 time, 22100.01 real, 2411 MB, 1.09 load
[runlim] sample:		22102.96 time, 22110.01 real, 2422 MB, 1.08 load
[runlim] sample:		22112.97 time, 22120.01 real, 2411 MB, 1.06 load
[runlim] sample:		22122.98 time, 22130.01 real, 2426 MB, 1.05 load
[runlim] sample:		22132.99 time, 22140.01 real, 2433 MB, 1.04 load
[runlim] sample:		22142.99 time, 22150.01 real, 2421 MB, 1.04 load
[runlim] sample:		22153.00 time, 22160.01 real, 2419 MB, 1.03 load
[runlim] sample:		22163.01 time, 22170.01 real, 2425 MB, 1.03 load
[runlim] sample:		22173.02 time, 22180.01 real, 2411 MB, 1.02 load
[runlim] sample:		22183.03 time, 22190.01 real, 2448 MB, 1.02 load
[runlim] sample:		22193.04 time, 22200.01 real, 2411 MB, 1.01 load
[runlim] sample:		22203.04 time, 22210.01 real, 2417 MB, 1.01 load
[runlim] sample:		22213.05 time, 22220.01 real, 2416 MB, 1.01 load
[runlim] sample:		22223.06 time, 22230.01 real, 2411 MB, 1.01 load
[runlim] sample:		22233.06 time, 22240.01 real, 2411 MB, 1.01 load
[runlim] sample:		22243.07 time, 22250.01 real, 2411 MB, 1.00 load
[runlim] sample:		22253.07 time, 22260.01 real, 2452 MB, 1.00 load
[runlim] sample:		22263.09 time, 22270.01 real, 2441 MB, 1.00 load
[runlim] sample:		22273.10 time, 22280.01 real, 2452 MB, 1.00 load
[runlim] sample:		22283.10 time, 22290.01 real, 2452 MB, 1.00 load
[runlim] sample:		22293.11 time, 22300.01 real, 2441 MB, 1.00 load
[runlim] sample:		22303.12 time, 22310.01 real, 2441 MB, 1.00 load
[runlim] sample:		22313.13 time, 22320.01 real, 2441 MB, 1.00 load
[runlim] sample:		22323.13 time, 22330.01 real, 2441 MB, 1.00 load
[runlim] sample:		22333.13 time, 22340.01 real, 2448 MB, 1.00 load
[runlim] sample:		22343.14 time, 22350.01 real, 2441 MB, 1.00 load
[runlim] sample:		22353.15 time, 22360.01 real, 2463 MB, 1.00 load
[runlim] sample:		22363.16 time, 22370.01 real, 2450 MB, 1.00 load
[runlim] sample:		22373.17 time, 22380.01 real, 2500 MB, 1.00 load
[runlim] sample:		22383.18 time, 22390.01 real, 2455 MB, 1.00 load
[runlim] sample:		22393.18 time, 22400.01 real, 2441 MB, 1.00 load
[runlim] sample:		22403.19 time, 22410.01 real, 2447 MB, 1.00 load
[runlim] sample:		22413.20 time, 22420.01 real, 2447 MB, 1.00 load
[runlim] sample:		22423.09 time, 22430.01 real, 2447 MB, 1.00 load
[runlim] sample:		22433.10 time, 22440.01 real, 2454 MB, 1.08 load
[runlim] sample:		22443.11 time, 22450.01 real, 2447 MB, 1.14 load
[runlim] sample:		22453.11 time, 22460.01 real, 2466 MB, 1.12 load
[runlim] sample:		22463.12 time, 22470.01 real, 2466 MB, 1.10 load
[runlim] sample:		22473.12 time, 22480.01 real, 2530 MB, 1.08 load
[runlim] sample:		22483.14 time, 22490.01 real, 2466 MB, 1.07 load
[runlim] sample:		22493.14 time, 22500.01 real, 2519 MB, 1.06 load
[runlim] sample:		22503.15 time, 22510.01 real, 2466 MB, 1.05 load
[runlim] sample:		22513.16 time, 22520.01 real, 2524 MB, 1.04 load
[runlim] sample:		22523.17 time, 22530.01 real, 2532 MB, 1.04 load
[runlim] sample:		22533.18 time, 22540.01 real, 2523 MB, 1.03 load
[runlim] sample:		22543.19 time, 22550.01 real, 2526 MB, 1.02 load
[runlim] sample:		22553.19 time, 22560.01 real, 2534 MB, 1.02 load
[runlim] sample:		22563.20 time, 22570.01 real, 2523 MB, 1.02 load
[runlim] sample:		22573.21 time, 22580.01 real, 2531 MB, 1.01 load
[runlim] sample:		22583.22 time, 22590.01 real, 2523 MB, 1.01 load

NN₁: mnist_relu_4_1024_gemm.onnx
NN₂: mnist_relu_4_1024_0.79.onnx
Prop: mnist_0_global_5.vnnlib
[runlim] sample:		22593.21 time, 22600.01 real, 2412 MB, 1.01 load
[runlim] sample:		22603.22 time, 22610.01 real, 2412 MB, 1.01 load
[runlim] sample:		22613.22 time, 22620.01 real, 2412 MB, 1.01 load
[runlim] sample:		22623.23 time, 22630.01 real, 2556 MB, 1.00 load
[runlim] sample:		22633.23 time, 22640.01 real, 2532 MB, 1.00 load
[runlim] sample:		22643.25 time, 22650.01 real, 2532 MB, 1.00 load
[runlim] sample:		22653.25 time, 22660.01 real, 2412 MB, 1.00 load
[runlim] sample:		22663.25 time, 22670.01 real, 2412 MB, 1.00 load
[runlim] sample:		22673.26 time, 22680.01 real, 2412 MB, 1.00 load
[runlim] sample:		22683.27 time, 22690.01 real, 2412 MB, 1.00 load
[runlim] sample:		22693.17 time, 22700.01 real, 2412 MB, 1.00 load
[runlim] sample:		22703.17 time, 22710.01 real, 2412 MB, 1.00 load
[runlim] sample:		22713.17 time, 22720.01 real, 2412 MB, 1.00 load
[runlim] sample:		22723.18 time, 22730.01 real, 2428 MB, 1.00 load
[runlim] sample:		22733.19 time, 22740.01 real, 2412 MB, 1.00 load
[runlim] sample:		22743.19 time, 22750.01 real, 2412 MB, 1.00 load
[runlim] sample:		22753.20 time, 22760.01 real, 2412 MB, 1.00 load
[runlim] sample:		22763.21 time, 22770.01 real, 2412 MB, 1.00 load
[runlim] sample:		22773.21 time, 22780.01 real, 2412 MB, 1.00 load
[runlim] sample:		22783.22 time, 22790.01 real, 2509 MB, 1.00 load
[runlim] sample:		22793.23 time, 22800.01 real, 2412 MB, 1.00 load
[runlim] sample:		22803.23 time, 22810.01 real, 2428 MB, 1.00 load
[runlim] sample:		22813.24 time, 22820.01 real, 2412 MB, 1.00 load
[runlim] sample:		22823.24 time, 22830.01 real, 2415 MB, 1.00 load
[runlim] sample:		22833.25 time, 22840.01 real, 2412 MB, 1.00 load
[runlim] sample:		22843.26 time, 22850.01 real, 2412 MB, 1.00 load
[runlim] sample:		22853.26 time, 22860.01 real, 2412 MB, 1.00 load
[runlim] sample:		22863.27 time, 22870.01 real, 2412 MB, 1.00 load
[runlim] sample:		22873.28 time, 22880.01 real, 2412 MB, 1.00 load
[runlim] sample:		22883.29 time, 22890.01 real, 2412 MB, 1.00 load
[runlim] sample:		22893.29 time, 22900.01 real, 2412 MB, 1.00 load
[runlim] sample:		22903.29 time, 22910.01 real, 2412 MB, 1.00 load
[runlim] sample:		22913.30 time, 22920.01 real, 2412 MB, 1.00 load
[runlim] sample:		22923.31 time, 22930.01 real, 2412 MB, 1.00 load
[runlim] sample:		22933.31 time, 22940.01 real, 2412 MB, 1.08 load
[runlim] sample:		22943.32 time, 22950.01 real, 2557 MB, 1.22 load
[runlim] sample:		22953.32 time, 22960.01 real, 2412 MB, 1.19 load
[runlim] sample:		22963.34 time, 22970.01 real, 2412 MB, 1.16 load
[runlim] sample:		22973.35 time, 22980.01 real, 2540 MB, 1.13 load
[runlim] sample:		22983.35 time, 22990.01 real, 2412 MB, 1.11 load
[runlim] sample:		22993.36 time, 23000.01 real, 2412 MB, 1.09 load
[runlim] sample:		23003.36 time, 23010.01 real, 2459 MB, 1.08 load
[runlim] sample:		23013.36 time, 23020.01 real, 2412 MB, 1.07 load
[runlim] sample:		23023.38 time, 23030.01 real, 2412 MB, 1.06 load
[runlim] sample:		23033.38 time, 23040.01 real, 2412 MB, 1.05 load
[runlim] sample:		23043.39 time, 23050.01 real, 2412 MB, 1.04 load
[runlim] sample:		23053.39 time, 23060.01 real, 2424 MB, 1.03 load
[runlim] sample:		23063.40 time, 23070.01 real, 2429 MB, 1.03 load
[runlim] sample:		23073.41 time, 23080.01 real, 2412 MB, 1.02 load
[runlim] sample:		23083.41 time, 23090.01 real, 2412 MB, 1.02 load
[runlim] sample:		23093.42 time, 23100.01 real, 2412 MB, 1.02 load
[runlim] sample:		23103.42 time, 23110.01 real, 2412 MB, 1.01 load
[runlim] sample:		23113.43 time, 23120.01 real, 2412 MB, 1.01 load
[runlim] sample:		23123.44 time, 23130.01 real, 2430 MB, 1.01 load
[runlim] sample:		23133.45 time, 23140.01 real, 2412 MB, 1.01 load
[runlim] sample:		23143.45 time, 23150.01 real, 2412 MB, 1.00 load
[runlim] sample:		23153.45 time, 23160.01 real, 2412 MB, 1.00 load
[runlim] sample:		23163.47 time, 23170.01 real, 2412 MB, 1.00 load
[runlim] sample:		23173.47 time, 23180.01 real, 2567 MB, 1.00 load
[runlim] sample:		23183.48 time, 23190.01 real, 2626 MB, 1.00 load

NN₁: mnist_relu_4_1024_gemm.onnx
NN₂: mnist_relu_4_1024_0.79.onnx
Prop: mnist_1_global_4.vnnlib
[runlim] sample:		23193.47 time, 23200.01 real, 2412 MB, 1.00 load
[runlim] sample:		23203.48 time, 23210.01 real, 2412 MB, 1.00 load
[runlim] sample:		23213.49 time, 23220.01 real, 2412 MB, 1.00 load
[runlim] sample:		23223.49 time, 23230.01 real, 2412 MB, 1.00 load
[runlim] sample:		23233.50 time, 23240.01 real, 2412 MB, 1.00 load
[runlim] sample:		23243.51 time, 23250.01 real, 2412 MB, 1.00 load
[runlim] sample:		23253.51 time, 23260.01 real, 2412 MB, 1.00 load
[runlim] sample:		23263.53 time, 23270.01 real, 2412 MB, 1.00 load
[runlim] sample:		23273.53 time, 23280.01 real, 2412 MB, 1.00 load
[runlim] sample:		23283.54 time, 23290.01 real, 2412 MB, 1.00 load
[runlim] sample:		23293.55 time, 23300.01 real, 2412 MB, 1.00 load
[runlim] sample:		23303.55 time, 23310.01 real, 2412 MB, 1.00 load
[runlim] sample:		23313.56 time, 23320.01 real, 2412 MB, 1.00 load
[runlim] sample:		23323.57 time, 23330.01 real, 2412 MB, 1.00 load
[runlim] sample:		23333.58 time, 23340.01 real, 2412 MB, 1.00 load
[runlim] sample:		23343.59 time, 23350.01 real, 2412 MB, 1.00 load
[runlim] sample:		23353.59 time, 23360.01 real, 2412 MB, 1.00 load
[runlim] sample:		23363.60 time, 23370.01 real, 2412 MB, 1.00 load
[runlim] sample:		23373.60 time, 23380.01 real, 2412 MB, 1.00 load
[runlim] sample:		23383.62 time, 23390.01 real, 2412 MB, 1.00 load
[runlim] sample:		23393.62 time, 23400.01 real, 2412 MB, 1.00 load
[runlim] sample:		23403.63 time, 23410.01 real, 2412 MB, 1.00 load
[runlim] sample:		23413.64 time, 23420.01 real, 2412 MB, 1.00 load
[runlim] sample:		23423.65 time, 23430.01 real, 2412 MB, 1.00 load
[runlim] sample:		23433.66 time, 23440.01 real, 2412 MB, 1.08 load
[runlim] sample:		23443.67 time, 23450.01 real, 2412 MB, 1.14 load
[runlim] sample:		23453.67 time, 23460.01 real, 2412 MB, 1.12 load
[runlim] sample:		23463.68 time, 23470.01 real, 2412 MB, 1.10 load
[runlim] sample:		23473.69 time, 23480.01 real, 2412 MB, 1.08 load
[runlim] sample:		23483.70 time, 23490.01 real, 2412 MB, 1.07 load
[runlim] sample:		23493.70 time, 23500.01 real, 2412 MB, 1.06 load
[runlim] sample:		23503.72 time, 23510.01 real, 2412 MB, 1.05 load
[runlim] sample:		23513.72 time, 23520.01 real, 2412 MB, 1.04 load
[runlim] sample:		23523.73 time, 23530.01 real, 2420 MB, 1.04 load
[runlim] sample:		23533.74 time, 23540.01 real, 2420 MB, 1.03 load
[runlim] sample:		23543.75 time, 23550.01 real, 2420 MB, 1.02 load
[runlim] sample:		23553.76 time, 23560.01 real, 2426 MB, 1.02 load
[runlim] sample:		23563.77 time, 23570.01 real, 2426 MB, 1.02 load
[runlim] sample:		23573.77 time, 23580.01 real, 2426 MB, 1.01 load
[runlim] sample:		23583.78 time, 23590.01 real, 2413 MB, 1.01 load
[runlim] sample:		23593.79 time, 23600.01 real, 2420 MB, 1.01 load
[runlim] sample:		23603.80 time, 23610.01 real, 2428 MB, 1.01 load
[runlim] sample:		23613.80 time, 23620.01 real, 2428 MB, 1.01 load
[runlim] sample:		23623.81 time, 23630.01 real, 2421 MB, 1.00 load
[runlim] sample:		23633.82 time, 23640.01 real, 2417 MB, 1.00 load
[runlim] sample:		23643.82 time, 23650.01 real, 2464 MB, 1.00 load
[runlim] sample:		23653.84 time, 23660.01 real, 2446 MB, 1.00 load
[runlim] sample:		23663.84 time, 23670.01 real, 2448 MB, 1.00 load
[runlim] sample:		23673.85 time, 23680.01 real, 2447 MB, 1.00 load
[runlim] sample:		23683.85 time, 23690.01 real, 2447 MB, 1.00 load
[runlim] sample:		23693.87 time, 23700.01 real, 2460 MB, 1.00 load
[runlim] sample:		23703.87 time, 23710.01 real, 2447 MB, 1.00 load
[runlim] sample:		23713.88 time, 23720.01 real, 2489 MB, 1.00 load
[runlim] sample:		23723.89 time, 23730.01 real, 2447 MB, 1.00 load
[runlim] sample:		23733.90 time, 23740.01 real, 2447 MB, 1.00 load
[runlim] sample:		23743.90 time, 23750.01 real, 2499 MB, 1.00 load
[runlim] sample:		23753.92 time, 23760.01 real, 2447 MB, 1.00 load
[runlim] sample:		23763.92 time, 23770.01 real, 2447 MB, 1.00 load
[runlim] sample:		23773.79 time, 23780.01 real, 2508 MB, 1.00 load
[runlim] sample:		23783.80 time, 23790.01 real, 2495 MB, 1.00 load

NN₁: mnist_relu_4_1024_gemm.onnx
NN₂: mnist_relu_4_1024_0.79.onnx
Prop: mnist_1_global_5.vnnlib
[runlim] sample:		23793.80 time, 23800.01 real, 2412 MB, 1.00 load
[runlim] sample:		23803.81 time, 23810.01 real, 2412 MB, 1.00 load
[runlim] sample:		23813.81 time, 23820.01 real, 2412 MB, 1.00 load
[runlim] sample:		23823.82 time, 23830.01 real, 2440 MB, 1.00 load
[runlim] sample:		23833.83 time, 23840.01 real, 2421 MB, 1.00 load
[runlim] sample:		23843.83 time, 23850.01 real, 2421 MB, 1.00 load
[runlim] sample:		23853.84 time, 23860.01 real, 2412 MB, 1.00 load
[runlim] sample:		23863.84 time, 23870.01 real, 2412 MB, 1.00 load
[runlim] sample:		23873.85 time, 23880.01 real, 2421 MB, 1.00 load
[runlim] sample:		23883.86 time, 23890.01 real, 2428 MB, 1.00 load
[runlim] sample:		23893.87 time, 23900.01 real, 2428 MB, 1.00 load
[runlim] sample:		23903.88 time, 23910.01 real, 2423 MB, 1.00 load
[runlim] sample:		23913.88 time, 23920.01 real, 2430 MB, 1.08 load
[runlim] sample:		23923.89 time, 23930.01 real, 2416 MB, 1.07 load
[runlim] sample:		23933.90 time, 23940.01 real, 2430 MB, 1.14 load
[runlim] sample:		23943.91 time, 23950.01 real, 2412 MB, 1.19 load
[runlim] sample:		23953.91 time, 23960.01 real, 2412 MB, 1.16 load
[runlim] sample:		23963.92 time, 23970.01 real, 2460 MB, 1.13 load
[runlim] sample:		23973.93 time, 23980.01 real, 2443 MB, 1.11 load
[runlim] sample:		23983.93 time, 23990.01 real, 2412 MB, 1.10 load
[runlim] sample:		23993.94 time, 24000.01 real, 2436 MB, 1.08 load
[runlim] sample:		24003.95 time, 24010.01 real, 2424 MB, 1.07 load
[runlim] sample:		24013.95 time, 24020.01 real, 2412 MB, 1.06 load
[runlim] sample:		24023.96 time, 24030.01 real, 2426 MB, 1.05 load
[runlim] sample:		24033.97 time, 24040.01 real, 2412 MB, 1.04 load
[runlim] sample:		24043.98 time, 24050.01 real, 2453 MB, 1.11 load
[runlim] sample:		24053.99 time, 24060.01 real, 2440 MB, 1.10 load
[runlim] sample:		24064.00 time, 24070.01 real, 2435 MB, 1.08 load
[runlim] sample:		24074.00 time, 24080.01 real, 2435 MB, 1.07 load
[runlim] sample:		24084.01 time, 24090.01 real, 2479 MB, 1.06 load
[runlim] sample:		24094.01 time, 24100.01 real, 2484 MB, 1.05 load
[runlim] sample:		24104.03 time, 24110.01 real, 2478 MB, 1.04 load
[runlim] sample:		24114.03 time, 24120.01 real, 2490 MB, 1.03 load
[runlim] sample:		24124.04 time, 24130.01 real, 2487 MB, 1.03 load
[runlim] sample:		24134.05 time, 24140.01 real, 2478 MB, 1.02 load
[runlim] sample:		24144.05 time, 24150.01 real, 2491 MB, 1.02 load
[runlim] sample:		24154.07 time, 24160.01 real, 2478 MB, 1.02 load
[runlim] sample:		24164.07 time, 24170.01 real, 2487 MB, 1.01 load
[runlim] sample:		24174.08 time, 24180.01 real, 2496 MB, 1.01 load
[runlim] sample:		24184.08 time, 24190.01 real, 2496 MB, 1.01 load
[runlim] sample:		24194.10 time, 24200.01 real, 2478 MB, 1.01 load
[runlim] sample:		24204.10 time, 24210.01 real, 2478 MB, 1.00 load
[runlim] sample:		24214.11 time, 24220.01 real, 2478 MB, 1.00 load
[runlim] sample:		24224.12 time, 24230.01 real, 2478 MB, 1.00 load
[runlim] sample:		24234.12 time, 24240.01 real, 2478 MB, 1.00 load
[runlim] sample:		24244.13 time, 24250.01 real, 2487 MB, 1.00 load
[runlim] sample:		24254.14 time, 24260.01 real, 2506 MB, 1.00 load
[runlim] sample:		24264.15 time, 24270.01 real, 2502 MB, 1.00 load
[runlim] sample:		24274.15 time, 24280.01 real, 2513 MB, 1.00 load
[runlim] sample:		24284.16 time, 24290.01 real, 2502 MB, 1.00 load
[runlim] sample:		24294.17 time, 24300.01 real, 2502 MB, 1.00 load
[runlim] sample:		24304.18 time, 24310.01 real, 2544 MB, 1.00 load
[runlim] sample:		24314.19 time, 24320.01 real, 2506 MB, 1.00 load
[runlim] sample:		24324.20 time, 24330.01 real, 2511 MB, 1.00 load
[runlim] sample:		24334.20 time, 24340.01 real, 2521 MB, 1.00 load
[runlim] sample:		24344.21 time, 24350.01 real, 2509 MB, 1.00 load
[runlim] sample:		24354.21 time, 24360.01 real, 2512 MB, 1.00 load
[runlim] sample:		24364.22 time, 24370.01 real, 2509 MB, 1.00 load
[runlim] sample:		24374.23 time, 24380.01 real, 2517 MB, 1.00 load
[runlim] sample:		24384.24 time, 24390.01 real, 2531 MB, 1.00 load

NN₁: mnist_relu_4_1024_gemm.onnx
NN₂: mnist_relu_4_1024_0.79.onnx
Prop: mnist_2_global_4.vnnlib
[runlim] sample:		24394.23 time, 24400.01 real, 2479 MB, 1.00 load
[runlim] sample:		24404.24 time, 24410.01 real, 2484 MB, 1.00 load
[runlim] sample:		24414.24 time, 24420.01 real, 2524 MB, 1.00 load
[runlim] sample:		24424.25 time, 24430.01 real, 2478 MB, 1.00 load
[runlim] sample:		24434.26 time, 24440.01 real, 2470 MB, 1.08 load
[runlim] sample:		24444.26 time, 24450.01 real, 2470 MB, 1.14 load
[runlim] sample:		24454.27 time, 24460.01 real, 2476 MB, 1.12 load
[runlim] sample:		24464.28 time, 24470.01 real, 2504 MB, 1.10 load
[runlim] sample:		24474.29 time, 24480.01 real, 2470 MB, 1.08 load
[runlim] sample:		24484.29 time, 24490.01 real, 2470 MB, 1.07 load
[runlim] sample:		24494.30 time, 24500.01 real, 2480 MB, 1.06 load
[runlim] sample:		24504.31 time, 24510.01 real, 2489 MB, 1.05 load
[runlim] sample:		24514.32 time, 24520.01 real, 2470 MB, 1.04 load
[runlim] sample:		24524.32 time, 24530.01 real, 2470 MB, 1.04 load
[runlim] sample:		24534.33 time, 24540.01 real, 2470 MB, 1.03 load
[runlim] sample:		24544.34 time, 24550.01 real, 2470 MB, 1.02 load
[runlim] sample:		24554.34 time, 24560.01 real, 2477 MB, 1.02 load
[runlim] sample:		24564.35 time, 24570.01 real, 2470 MB, 1.02 load
[runlim] sample:		24574.35 time, 24580.01 real, 2575 MB, 1.01 load
[runlim] sample:		24584.26 time, 24590.01 real, 2470 MB, 1.01 load
[runlim] sample:		24594.26 time, 24600.01 real, 2470 MB, 1.01 load
[runlim] sample:		24604.27 time, 24610.01 real, 2480 MB, 1.01 load
[runlim] sample:		24614.28 time, 24620.01 real, 2470 MB, 1.01 load
[runlim] sample:		24624.28 time, 24630.01 real, 2470 MB, 1.00 load
[runlim] sample:		24634.29 time, 24640.01 real, 2470 MB, 1.00 load
[runlim] sample:		24644.30 time, 24650.01 real, 2579 MB, 1.00 load
[runlim] sample:		24654.30 time, 24660.01 real, 2470 MB, 1.00 load
[runlim] sample:		24664.31 time, 24670.01 real, 2470 MB, 1.00 load
[runlim] sample:		24674.32 time, 24680.01 real, 2470 MB, 1.00 load
[runlim] sample:		24684.33 time, 24690.01 real, 2470 MB, 1.00 load
[runlim] sample:		24694.33 time, 24700.01 real, 2470 MB, 1.00 load
[runlim] sample:		24704.33 time, 24710.01 real, 2470 MB, 1.00 load
[runlim] sample:		24714.35 time, 24720.01 real, 2503 MB, 1.00 load
[runlim] sample:		24724.35 time, 24730.01 real, 2470 MB, 1.00 load
[runlim] sample:		24734.36 time, 24740.01 real, 2470 MB, 1.00 load
[runlim] sample:		24744.36 time, 24750.01 real, 2483 MB, 1.00 load
[runlim] sample:		24754.37 time, 24760.01 real, 2480 MB, 1.00 load
[runlim] sample:		24764.37 time, 24770.01 real, 2521 MB, 1.00 load
[runlim] sample:		24774.39 time, 24780.01 real, 2648 MB, 1.00 load
[runlim] sample:		24784.39 time, 24790.01 real, 2643 MB, 1.00 load
[runlim] sample:		24794.40 time, 24800.01 real, 2643 MB, 1.00 load
[runlim] sample:		24804.40 time, 24810.01 real, 2584 MB, 1.00 load
[runlim] sample:		24814.41 time, 24820.01 real, 2470 MB, 1.00 load
[runlim] sample:		24824.41 time, 24830.01 real, 2475 MB, 1.00 load
[runlim] sample:		24834.42 time, 24840.01 real, 2470 MB, 1.00 load
[runlim] sample:		24844.43 time, 24850.01 real, 2470 MB, 1.00 load
[runlim] sample:		24854.44 time, 24860.01 real, 2595 MB, 1.00 load
[runlim] sample:		24864.45 time, 24870.01 real, 2601 MB, 1.00 load
[runlim] sample:		24874.45 time, 24880.01 real, 2615 MB, 1.00 load
[runlim] sample:		24884.46 time, 24890.01 real, 2607 MB, 1.00 load
[runlim] sample:		24894.46 time, 24900.01 real, 2666 MB, 1.00 load
[runlim] sample:		24904.47 time, 24910.01 real, 2470 MB, 1.00 load
[runlim] sample:		24914.47 time, 24920.01 real, 2481 MB, 1.00 load
[runlim] sample:		24924.48 time, 24930.01 real, 2470 MB, 1.00 load
[runlim] sample:		24934.49 time, 24940.01 real, 2470 MB, 1.08 load
[runlim] sample:		24944.49 time, 24950.01 real, 2470 MB, 1.22 load
[runlim] sample:		24954.50 time, 24960.01 real, 2470 MB, 1.19 load
[runlim] sample:		24964.51 time, 24970.01 real, 2470 MB, 1.16 load
[runlim] sample:		24974.51 time, 24980.01 real, 2640 MB, 1.13 load
[runlim] sample:		24984.52 time, 24990.01 real, 2628 MB, 1.11 load

NN₁: mnist_relu_4_1024_gemm.onnx
NN₂: mnist_relu_4_1024_0.79.onnx
Prop: mnist_3_global_5.vnnlib
[runlim] sample:		24994.52 time, 25000.01 real, 2431 MB, 1.09 load
[runlim] sample:		25004.52 time, 25010.01 real, 2431 MB, 1.08 load
[runlim] sample:		25014.53 time, 25020.01 real, 2431 MB, 1.07 load
[runlim] sample:		25024.55 time, 25030.01 real, 2431 MB, 1.06 load
[runlim] sample:		25034.55 time, 25040.01 real, 2431 MB, 1.05 load
[runlim] sample:		25044.56 time, 25050.01 real, 2431 MB, 1.04 load
[runlim] sample:		25054.57 time, 25060.01 real, 2431 MB, 1.03 load
[runlim] sample:		25064.58 time, 25070.01 real, 2431 MB, 1.03 load
[runlim] sample:		25074.58 time, 25080.01 real, 2431 MB, 1.02 load
[runlim] sample:		25084.59 time, 25090.01 real, 2431 MB, 1.02 load
[runlim] sample:		25094.60 time, 25100.01 real, 2431 MB, 1.02 load
[runlim] sample:		25104.61 time, 25110.01 real, 2431 MB, 1.01 load
[runlim] sample:		25114.61 time, 25120.01 real, 2431 MB, 1.01 load
[runlim] sample:		25124.63 time, 25130.01 real, 2431 MB, 1.01 load
[runlim] sample:		25134.63 time, 25140.01 real, 2431 MB, 1.01 load
[runlim] sample:		25144.65 time, 25150.01 real, 2431 MB, 1.00 load
[runlim] sample:		25154.65 time, 25160.01 real, 2439 MB, 1.00 load
[runlim] sample:		25164.66 time, 25170.01 real, 2426 MB, 1.00 load
[runlim] sample:		25174.67 time, 25180.01 real, 2434 MB, 1.00 load
[runlim] sample:		25184.67 time, 25190.01 real, 2439 MB, 1.00 load
[runlim] sample:		25194.68 time, 25200.01 real, 2444 MB, 1.00 load
[runlim] sample:		25204.68 time, 25210.01 real, 2444 MB, 1.00 load
[runlim] sample:		25214.70 time, 25220.01 real, 2429 MB, 1.00 load
[runlim] sample:		25224.71 time, 25230.01 real, 2445 MB, 1.00 load
[runlim] sample:		25234.71 time, 25240.01 real, 2462 MB, 1.00 load
[runlim] sample:		25244.71 time, 25250.01 real, 2426 MB, 1.00 load
[runlim] sample:		25254.72 time, 25260.01 real, 2426 MB, 1.00 load
[runlim] sample:		25264.73 time, 25270.01 real, 2427 MB, 1.00 load
[runlim] sample:		25274.73 time, 25280.01 real, 2426 MB, 1.00 load
[runlim] sample:		25284.75 time, 25290.01 real, 2426 MB, 1.00 load
[runlim] sample:		25294.75 time, 25300.01 real, 2426 MB, 1.00 load
[runlim] sample:		25304.76 time, 25310.01 real, 2426 MB, 1.00 load
[runlim] sample:		25314.76 time, 25320.01 real, 2426 MB, 1.00 load
[runlim] sample:		25324.78 time, 25330.01 real, 2498 MB, 1.00 load
[runlim] sample:		25334.78 time, 25340.01 real, 2491 MB, 1.00 load
[runlim] sample:		25344.79 time, 25350.01 real, 2503 MB, 1.00 load
[runlim] sample:		25354.79 time, 25360.01 real, 2503 MB, 1.00 load
[runlim] sample:		25364.80 time, 25370.01 real, 2491 MB, 1.00 load
[runlim] sample:		25374.82 time, 25380.01 real, 2500 MB, 1.00 load
[runlim] sample:		25384.82 time, 25390.01 real, 2500 MB, 1.00 load
[runlim] sample:		25394.77 time, 25400.01 real, 2505 MB, 1.00 load
[runlim] sample:		25404.78 time, 25410.01 real, 2505 MB, 1.00 load
[runlim] sample:		25414.79 time, 25420.01 real, 2491 MB, 1.00 load
[runlim] sample:		25424.79 time, 25430.01 real, 2491 MB, 1.00 load
[runlim] sample:		25434.80 time, 25440.01 real, 2509 MB, 1.08 load
[runlim] sample:		25444.81 time, 25450.01 real, 2491 MB, 1.14 load
[runlim] sample:		25454.82 time, 25460.01 real, 2521 MB, 1.27 load
[runlim] sample:		25464.82 time, 25470.01 real, 2491 MB, 1.23 load
[runlim] sample:		25474.83 time, 25480.01 real, 2491 MB, 1.20 load
[runlim] sample:		25484.84 time, 25490.01 real, 2531 MB, 1.16 load
[runlim] sample:		25494.84 time, 25500.01 real, 2491 MB, 1.14 load
[runlim] sample:		25504.85 time, 25510.01 real, 2499 MB, 1.12 load
[runlim] sample:		25514.86 time, 25520.01 real, 2538 MB, 1.10 load
[runlim] sample:		25524.87 time, 25530.01 real, 2491 MB, 1.08 load
[runlim] sample:		25534.87 time, 25540.01 real, 2491 MB, 1.07 load
[runlim] sample:		25544.88 time, 25550.01 real, 2505 MB, 1.06 load
[runlim] sample:		25554.89 time, 25560.01 real, 2507 MB, 1.05 load
[runlim] sample:		25564.90 time, 25570.01 real, 2554 MB, 1.04 load
[runlim] sample:		25574.91 time, 25580.01 real, 2491 MB, 1.03 load
[runlim] sample:		25584.91 time, 25590.01 real, 2533 MB, 1.03 load

NN₁: mnist_relu_4_1024_gemm.onnx
NN₂: mnist_relu_4_1024_0.79.onnx
Prop: mnist_4_global_4.vnnlib
[runlim] sample:		25594.91 time, 25600.01 real, 2426 MB, 1.02 load
[runlim] sample:		25604.92 time, 25610.01 real, 2412 MB, 1.02 load
[runlim] sample:		25614.92 time, 25620.01 real, 2424 MB, 1.02 load
[runlim] sample:		25624.92 time, 25630.01 real, 2424 MB, 1.01 load
[runlim] sample:		25634.93 time, 25640.01 real, 2412 MB, 1.01 load
[runlim] sample:		25644.95 time, 25650.01 real, 2412 MB, 1.01 load
[runlim] sample:		25654.95 time, 25660.01 real, 2421 MB, 1.01 load
[runlim] sample:		25664.96 time, 25670.01 real, 2430 MB, 1.01 load
[runlim] sample:		25674.97 time, 25680.01 real, 2430 MB, 1.00 load
[runlim] sample:		25684.97 time, 25690.01 real, 2430 MB, 1.00 load
[runlim] sample:		25694.99 time, 25700.01 real, 2430 MB, 1.00 load
[runlim] sample:		25704.99 time, 25710.01 real, 2422 MB, 1.00 load
[runlim] sample:		25715.00 time, 25720.01 real, 2412 MB, 1.00 load
[runlim] sample:		25725.01 time, 25730.01 real, 2416 MB, 1.00 load
[runlim] sample:		25735.01 time, 25740.01 real, 2412 MB, 1.07 load
[runlim] sample:		25745.02 time, 25750.01 real, 2414 MB, 1.06 load
[runlim] sample:		25755.03 time, 25760.01 real, 2412 MB, 1.05 load
[runlim] sample:		25765.03 time, 25770.01 real, 2426 MB, 1.04 load
[runlim] sample:		25775.04 time, 25780.01 real, 2429 MB, 1.04 load
[runlim] sample:		25785.04 time, 25790.01 real, 2432 MB, 1.03 load
[runlim] sample:		25795.05 time, 25800.01 real, 2478 MB, 1.02 load
[runlim] sample:		25805.07 time, 25810.01 real, 2476 MB, 1.10 load
[runlim] sample:		25815.07 time, 25820.01 real, 2412 MB, 1.08 load
[runlim] sample:		25825.08 time, 25830.01 real, 2412 MB, 1.07 load
[runlim] sample:		25835.08 time, 25840.01 real, 2463 MB, 1.06 load
[runlim] sample:		25845.09 time, 25850.01 real, 2464 MB, 1.05 load
[runlim] sample:		25855.10 time, 25860.01 real, 2464 MB, 1.04 load
[runlim] sample:		25865.11 time, 25870.01 real, 2464 MB, 1.04 load
[runlim] sample:		25875.11 time, 25880.01 real, 2464 MB, 1.03 load
[runlim] sample:		25885.12 time, 25890.01 real, 2455 MB, 1.02 load
[runlim] sample:		25895.12 time, 25900.01 real, 2464 MB, 1.02 load
[runlim] sample:		25905.13 time, 25910.01 real, 2462 MB, 1.02 load
[runlim] sample:		25915.15 time, 25920.01 real, 2449 MB, 1.01 load
[runlim] sample:		25925.16 time, 25930.01 real, 2449 MB, 1.01 load
[runlim] sample:		25935.16 time, 25940.01 real, 2471 MB, 1.09 load
[runlim] sample:		25945.17 time, 25950.01 real, 2477 MB, 1.15 load
[runlim] sample:		25955.18 time, 25960.01 real, 2464 MB, 1.13 load
[runlim] sample:		25965.19 time, 25970.01 real, 2472 MB, 1.11 load
[runlim] sample:		25975.19 time, 25980.01 real, 2477 MB, 1.09 load
[runlim] sample:		25985.19 time, 25990.01 real, 2478 MB, 1.08 load
[runlim] sample:		25995.21 time, 26000.01 real, 2478 MB, 1.06 load
[runlim] sample:		26005.22 time, 26010.01 real, 2488 MB, 1.05 load
[runlim] sample:		26015.22 time, 26020.01 real, 2524 MB, 1.04 load
[runlim] sample:		26025.23 time, 26030.01 real, 2504 MB, 1.04 load
[runlim] sample:		26035.24 time, 26040.01 real, 2504 MB, 1.03 load
[runlim] sample:		26045.25 time, 26050.01 real, 2472 MB, 1.03 load
[runlim] sample:		26055.25 time, 26060.01 real, 2472 MB, 1.02 load
[runlim] sample:		26065.26 time, 26070.01 real, 2472 MB, 1.02 load
[runlim] sample:		26075.26 time, 26080.01 real, 2472 MB, 1.01 load
[runlim] sample:		26085.27 time, 26090.01 real, 2472 MB, 1.09 load
[runlim] sample:		26095.28 time, 26100.01 real, 2472 MB, 1.07 load
[runlim] sample:		26105.28 time, 26110.01 real, 2517 MB, 1.06 load
[runlim] sample:		26115.29 time, 26120.01 real, 2472 MB, 1.05 load
[runlim] sample:		26125.30 time, 26130.01 real, 2519 MB, 1.04 load
[runlim] sample:		26135.31 time, 26140.01 real, 2483 MB, 1.04 load
[runlim] sample:		26145.31 time, 26150.01 real, 2472 MB, 1.03 load
[runlim] sample:		26155.32 time, 26160.01 real, 2472 MB, 1.02 load
[runlim] sample:		26165.33 time, 26170.01 real, 2560 MB, 1.02 load
[runlim] sample:		26175.34 time, 26180.01 real, 2540 MB, 1.02 load
[runlim] sample:		26185.35 time, 26190.01 real, 2545 MB, 1.01 load
[runlim] sample:		26195.34 time, 26200.01 real, 2449 MB, 1.01 load

NN₁: mnist_relu_4_1024_gemm.onnx
NN₂: mnist_relu_4_1024_0.79.onnx
Prop: mnist_4_global_5.vnnlib
[runlim] sample:		26205.35 time, 26210.01 real, 2447 MB, 1.01 load
[runlim] sample:		26215.35 time, 26220.01 real, 2447 MB, 1.01 load
[runlim] sample:		26225.37 time, 26230.01 real, 2540 MB, 1.01 load
[runlim] sample:		26235.36 time, 26240.01 real, 2447 MB, 1.00 load
[runlim] sample:		26245.37 time, 26250.01 real, 2447 MB, 1.00 load
[runlim] sample:		26255.38 time, 26260.01 real, 2447 MB, 1.00 load
[runlim] sample:		26265.39 time, 26270.01 real, 2447 MB, 1.00 load
[runlim] sample:		26275.39 time, 26280.01 real, 2447 MB, 1.00 load
[runlim] sample:		26285.40 time, 26290.01 real, 2456 MB, 1.00 load
[runlim] sample:		26295.41 time, 26300.01 real, 2447 MB, 1.00 load
[runlim] sample:		26305.41 time, 26310.01 real, 2447 MB, 1.00 load
[runlim] sample:		26315.42 time, 26320.01 real, 2544 MB, 1.00 load
[runlim] sample:		26325.42 time, 26330.01 real, 2447 MB, 1.00 load
[runlim] sample:		26335.43 time, 26340.01 real, 2460 MB, 1.00 load
[runlim] sample:		26345.43 time, 26350.01 real, 2447 MB, 1.00 load
[runlim] sample:		26355.45 time, 26360.01 real, 2447 MB, 1.00 load
[runlim] sample:		26365.45 time, 26370.01 real, 2447 MB, 1.00 load
[runlim] sample:		26375.46 time, 26380.01 real, 2447 MB, 1.00 load
[runlim] sample:		26385.47 time, 26390.01 real, 2447 MB, 1.00 load
[runlim] sample:		26395.47 time, 26400.01 real, 2450 MB, 1.00 load
[runlim] sample:		26405.48 time, 26410.01 real, 2447 MB, 1.00 load
[runlim] sample:		26415.48 time, 26420.01 real, 2447 MB, 1.00 load
[runlim] sample:		26425.49 time, 26430.01 real, 2447 MB, 1.00 load
[runlim] sample:		26435.50 time, 26440.01 real, 2447 MB, 1.08 load
[runlim] sample:		26445.50 time, 26450.01 real, 2447 MB, 1.14 load
[runlim] sample:		26455.51 time, 26460.01 real, 2482 MB, 1.12 load
[runlim] sample:		26465.52 time, 26470.01 real, 2450 MB, 1.10 load
[runlim] sample:		26475.53 time, 26480.01 real, 2498 MB, 1.08 load
[runlim] sample:		26485.53 time, 26490.01 real, 2554 MB, 1.07 load
[runlim] sample:		26495.54 time, 26500.01 real, 2499 MB, 1.06 load
[runlim] sample:		26505.55 time, 26510.01 real, 2556 MB, 1.05 load
[runlim] sample:		26515.55 time, 26520.01 real, 2460 MB, 1.04 load
[runlim] sample:		26525.56 time, 26530.01 real, 2552 MB, 1.04 load
[runlim] sample:		26535.56 time, 26540.01 real, 2447 MB, 1.03 load
[runlim] sample:		26545.58 time, 26550.01 real, 2447 MB, 1.02 load
[runlim] sample:		26555.57 time, 26560.01 real, 2447 MB, 1.02 load
[runlim] sample:		26565.58 time, 26570.01 real, 2493 MB, 1.02 load
[runlim] sample:		26575.60 time, 26580.01 real, 2466 MB, 1.01 load
[runlim] sample:		26585.60 time, 26590.01 real, 2447 MB, 1.01 load
[runlim] sample:		26595.60 time, 26600.01 real, 2495 MB, 1.01 load
[runlim] sample:		26605.61 time, 26610.01 real, 2447 MB, 1.01 load
[runlim] sample:		26615.62 time, 26620.01 real, 2463 MB, 1.01 load
[runlim] sample:		26625.62 time, 26630.01 real, 2447 MB, 1.00 load
[runlim] sample:		26635.63 time, 26640.01 real, 2576 MB, 1.08 load
[runlim] sample:		26645.63 time, 26650.01 real, 2447 MB, 1.07 load
[runlim] sample:		26655.64 time, 26660.01 real, 2447 MB, 1.14 load
[runlim] sample:		26665.65 time, 26670.01 real, 2447 MB, 1.11 load
[runlim] sample:		26675.65 time, 26680.01 real, 2587 MB, 1.10 load
[runlim] sample:		26685.67 time, 26690.01 real, 2447 MB, 1.08 load
[runlim] sample:		26695.67 time, 26700.01 real, 2447 MB, 1.07 load
[runlim] sample:		26705.68 time, 26710.01 real, 2640 MB, 1.06 load
[runlim] sample:		26715.68 time, 26720.01 real, 2447 MB, 1.05 load
[runlim] sample:		26725.69 time, 26730.01 real, 2447 MB, 1.04 load
[runlim] sample:		26735.70 time, 26740.01 real, 2453 MB, 1.03 load
[runlim] sample:		26745.71 time, 26750.01 real, 2447 MB, 1.03 load
[runlim] sample:		26755.71 time, 26760.01 real, 2497 MB, 1.02 load
[runlim] sample:		26765.72 time, 26770.01 real, 2491 MB, 1.02 load
[runlim] sample:		26775.72 time, 26780.01 real, 2447 MB, 1.02 load
[runlim] sample:		26785.73 time, 26790.01 real, 2447 MB, 1.01 load
[runlim] sample:		26795.74 time, 26800.01 real, 2447 MB, 1.01 load

NN₁: mnist_relu_4_1024_gemm.onnx
NN₂: mnist_relu_4_1024_0.79.onnx
Prop: mnist_5_global_4.vnnlib
[runlim] sample:		26805.73 time, 26810.01 real, 2457 MB, 1.01 load
[runlim] sample:		26815.74 time, 26820.01 real, 2412 MB, 1.01 load
[runlim] sample:		26825.75 time, 26830.01 real, 2427 MB, 1.00 load
[runlim] sample:		26835.76 time, 26840.01 real, 2427 MB, 1.00 load
[runlim] sample:		26845.77 time, 26850.01 real, 2429 MB, 1.00 load
[runlim] sample:		26855.77 time, 26860.01 real, 2412 MB, 1.00 load
[runlim] sample:		26865.78 time, 26870.01 real, 2448 MB, 1.00 load
[runlim] sample:		26875.79 time, 26880.01 real, 2448 MB, 1.00 load
[runlim] sample:		26885.79 time, 26890.01 real, 2458 MB, 1.00 load
[runlim] sample:		26895.81 time, 26900.01 real, 2458 MB, 1.00 load
[runlim] sample:		26905.81 time, 26910.01 real, 2458 MB, 1.00 load
[runlim] sample:		26915.82 time, 26920.01 real, 2443 MB, 1.00 load
[runlim] sample:		26925.83 time, 26930.01 real, 2443 MB, 1.07 load
[runlim] sample:		26935.83 time, 26940.01 real, 2449 MB, 1.14 load
[runlim] sample:		26945.84 time, 26950.01 real, 2449 MB, 1.19 load
[runlim] sample:		26955.86 time, 26960.01 real, 2449 MB, 1.16 load
[runlim] sample:		26965.86 time, 26970.01 real, 2460 MB, 1.14 load
[runlim] sample:		26975.87 time, 26980.01 real, 2465 MB, 1.12 load
[runlim] sample:		26985.88 time, 26990.01 real, 2455 MB, 1.10 load
[runlim] sample:		26995.88 time, 27000.01 real, 2455 MB, 1.08 load
[runlim] sample:		27005.89 time, 27010.01 real, 2483 MB, 1.07 load
[runlim] sample:		27015.90 time, 27020.01 real, 2457 MB, 1.06 load
[runlim] sample:		27025.91 time, 27030.01 real, 2450 MB, 1.05 load
[runlim] sample:		27035.92 time, 27040.01 real, 2457 MB, 1.04 load
[runlim] sample:		27045.92 time, 27050.01 real, 2457 MB, 1.03 load
[runlim] sample:		27055.93 time, 27060.01 real, 2462 MB, 1.03 load
[runlim] sample:		27065.94 time, 27070.01 real, 2443 MB, 1.02 load
[runlim] sample:		27075.95 time, 27080.01 real, 2476 MB, 1.02 load
[runlim] sample:		27085.96 time, 27090.01 real, 2482 MB, 1.02 load
[runlim] sample:		27095.97 time, 27100.01 real, 2483 MB, 1.01 load
[runlim] sample:		27105.97 time, 27110.01 real, 2484 MB, 1.01 load
[runlim] sample:		27115.98 time, 27120.01 real, 2481 MB, 1.01 load
[runlim] sample:		27125.99 time, 27130.01 real, 2489 MB, 1.01 load
[runlim] sample:		27136.00 time, 27140.01 real, 2487 MB, 1.00 load
[runlim] sample:		27146.00 time, 27150.01 real, 2510 MB, 1.00 load
[runlim] sample:		27156.01 time, 27160.01 real, 2490 MB, 1.00 load
[runlim] sample:		27166.02 time, 27170.01 real, 2470 MB, 1.00 load
[runlim] sample:		27176.03 time, 27180.01 real, 2473 MB, 1.00 load
[runlim] sample:		27186.03 time, 27190.01 real, 2479 MB, 1.00 load
[runlim] sample:		27196.04 time, 27200.01 real, 2490 MB, 1.00 load
[runlim] sample:		27206.05 time, 27210.01 real, 2519 MB, 1.00 load
[runlim] sample:		27216.06 time, 27220.01 real, 2470 MB, 1.00 load
[runlim] sample:		27226.06 time, 27230.01 real, 2509 MB, 1.00 load
[runlim] sample:		27236.07 time, 27240.01 real, 2504 MB, 1.00 load
[runlim] sample:		27246.07 time, 27250.01 real, 2521 MB, 1.00 load
[runlim] sample:		27256.09 time, 27260.01 real, 2504 MB, 1.00 load
[runlim] sample:		27266.10 time, 27270.01 real, 2514 MB, 1.00 load
[runlim] sample:		27276.10 time, 27280.01 real, 2526 MB, 1.07 load
[runlim] sample:		27286.11 time, 27290.01 real, 2514 MB, 1.06 load
[runlim] sample:		27296.12 time, 27300.01 real, 2514 MB, 1.05 load
[runlim] sample:		27306.13 time, 27310.01 real, 2514 MB, 1.04 load
[runlim] sample:		27316.14 time, 27320.01 real, 2520 MB, 1.04 load
[runlim] sample:		27326.13 time, 27330.01 real, 2587 MB, 1.03 load
[runlim] sample:		27336.15 time, 27340.01 real, 2524 MB, 1.02 load
[runlim] sample:		27346.15 time, 27350.01 real, 2536 MB, 1.02 load
[runlim] sample:		27356.16 time, 27360.01 real, 2541 MB, 1.02 load
[runlim] sample:		27366.16 time, 27370.01 real, 2541 MB, 1.01 load
[runlim] sample:		27376.17 time, 27380.01 real, 2546 MB, 1.01 load
[runlim] sample:		27386.18 time, 27390.01 real, 2552 MB, 1.01 load
[runlim] sample:		27396.19 time, 27400.01 real, 2541 MB, 1.01 load

NN₁: mnist_relu_4_1024_gemm.onnx
NN₂: mnist_relu_4_1024_0.79.onnx
Prop: mnist_5_global_5.vnnlib
[runlim] sample:		27406.19 time, 27410.01 real, 2518 MB, 1.01 load
[runlim] sample:		27416.20 time, 27420.01 real, 2503 MB, 1.00 load
[runlim] sample:		27426.20 time, 27430.01 real, 2503 MB, 1.00 load
[runlim] sample:		27436.21 time, 27440.01 real, 2513 MB, 1.08 load
[runlim] sample:		27446.22 time, 27450.01 real, 2507 MB, 1.22 load
[runlim] sample:		27456.22 time, 27460.01 real, 2503 MB, 1.19 load
[runlim] sample:		27466.23 time, 27470.01 real, 2520 MB, 1.16 load
[runlim] sample:		27476.24 time, 27480.01 real, 2503 MB, 1.13 load
[runlim] sample:		27486.25 time, 27490.01 real, 2503 MB, 1.11 load
[runlim] sample:		27496.26 time, 27500.01 real, 2509 MB, 1.10 load
[runlim] sample:		27506.26 time, 27510.01 real, 2503 MB, 1.08 load
[runlim] sample:		27516.27 time, 27520.01 real, 2509 MB, 1.07 load
[runlim] sample:		27526.27 time, 27530.01 real, 2503 MB, 1.06 load
[runlim] sample:		27536.28 time, 27540.01 real, 2506 MB, 1.05 load
[runlim] sample:		27546.29 time, 27550.01 real, 2520 MB, 1.04 load
[runlim] sample:		27556.29 time, 27560.01 real, 2517 MB, 1.03 load
[runlim] sample:		27566.30 time, 27570.01 real, 2503 MB, 1.03 load
[runlim] sample:		27576.30 time, 27580.01 real, 2521 MB, 1.10 load
[runlim] sample:		27586.31 time, 27590.01 real, 2516 MB, 1.08 load
[runlim] sample:		27596.32 time, 27600.01 real, 2503 MB, 1.07 load
[runlim] sample:		27606.33 time, 27610.01 real, 2518 MB, 1.06 load
[runlim] sample:		27616.33 time, 27620.01 real, 2503 MB, 1.05 load
[runlim] sample:		27626.34 time, 27630.01 real, 2510 MB, 1.04 load
[runlim] sample:		27636.35 time, 27640.01 real, 2503 MB, 1.03 load
[runlim] sample:		27646.36 time, 27650.01 real, 2503 MB, 1.03 load
[runlim] sample:		27656.36 time, 27660.01 real, 2522 MB, 1.02 load
[runlim] sample:		27666.37 time, 27670.01 real, 2503 MB, 1.02 load
[runlim] sample:		27676.38 time, 27680.01 real, 2503 MB, 1.02 load
[runlim] sample:		27686.38 time, 27690.01 real, 2503 MB, 1.01 load
[runlim] sample:		27696.39 time, 27700.01 real, 2544 MB, 1.01 load
[runlim] sample:		27706.39 time, 27710.01 real, 2503 MB, 1.01 load
[runlim] sample:		27716.40 time, 27720.01 real, 2503 MB, 1.01 load
[runlim] sample:		27726.41 time, 27730.01 real, 2517 MB, 1.00 load
[runlim] sample:		27736.42 time, 27740.01 real, 2503 MB, 1.00 load
[runlim] sample:		27746.42 time, 27750.01 real, 2503 MB, 1.00 load
[runlim] sample:		27756.43 time, 27760.01 real, 2503 MB, 1.00 load
[runlim] sample:		27766.43 time, 27770.01 real, 2503 MB, 1.00 load
[runlim] sample:		27776.44 time, 27780.01 real, 2503 MB, 1.00 load
[runlim] sample:		27786.45 time, 27790.01 real, 2503 MB, 1.08 load
[runlim] sample:		27796.45 time, 27800.01 real, 2503 MB, 1.07 load
[runlim] sample:		27806.46 time, 27810.01 real, 2503 MB, 1.06 load
[runlim] sample:		27816.46 time, 27820.01 real, 2654 MB, 1.05 load
[runlim] sample:		27826.47 time, 27830.01 real, 2506 MB, 1.04 load
[runlim] sample:		27836.48 time, 27840.01 real, 2506 MB, 1.03 load
[runlim] sample:		27846.49 time, 27850.01 real, 2503 MB, 1.03 load
[runlim] sample:		27856.50 time, 27860.01 real, 2503 MB, 1.02 load
[runlim] sample:		27866.50 time, 27870.01 real, 2503 MB, 1.02 load
[runlim] sample:		27876.50 time, 27880.01 real, 2503 MB, 1.02 load
[runlim] sample:		27886.51 time, 27890.01 real, 2503 MB, 1.01 load
[runlim] sample:		27896.52 time, 27900.01 real, 2503 MB, 1.01 load
[runlim] sample:		27906.53 time, 27910.01 real, 2503 MB, 1.01 load
[runlim] sample:		27916.53 time, 27920.01 real, 2503 MB, 1.01 load
[runlim] sample:		27926.54 time, 27930.01 real, 2503 MB, 1.00 load
[runlim] sample:		27936.54 time, 27940.01 real, 2503 MB, 1.08 load
[runlim] sample:		27946.55 time, 27950.01 real, 2503 MB, 1.15 load
[runlim] sample:		27956.55 time, 27960.01 real, 2503 MB, 1.12 load
[runlim] sample:		27966.57 time, 27970.01 real, 2503 MB, 1.10 load
[runlim] sample:		27976.58 time, 27980.01 real, 2503 MB, 1.09 load
[runlim] sample:		27986.58 time, 27990.01 real, 2503 MB, 1.07 load
[runlim] sample:		27996.58 time, 28000.01 real, 2503 MB, 1.06 load

NN₁: mnist_relu_4_1024_gemm.onnx
NN₂: mnist_relu_4_1024_0.79.onnx
Prop: mnist_6_global_4.vnnlib
[runlim] sample:		28006.58 time, 28010.01 real, 2412 MB, 1.05 load
[runlim] sample:		28016.58 time, 28020.01 real, 2432 MB, 1.04 load
[runlim] sample:		28026.60 time, 28030.01 real, 2423 MB, 1.04 load
[runlim] sample:		28036.60 time, 28040.01 real, 2423 MB, 1.03 load
[runlim] sample:		28046.61 time, 28050.01 real, 2412 MB, 1.02 load
[runlim] sample:		28056.62 time, 28060.01 real, 2430 MB, 1.10 load
[runlim] sample:		28066.63 time, 28070.01 real, 2474 MB, 1.08 load
[runlim] sample:		28076.63 time, 28080.01 real, 2412 MB, 1.07 load
[runlim] sample:		28086.64 time, 28090.01 real, 2419 MB, 1.06 load
[runlim] sample:		28096.65 time, 28100.01 real, 2419 MB, 1.05 load
[runlim] sample:		28106.65 time, 28110.01 real, 2426 MB, 1.04 load
[runlim] sample:		28116.66 time, 28120.01 real, 2425 MB, 1.04 load
[runlim] sample:		28126.67 time, 28130.01 real, 2425 MB, 1.03 load
[runlim] sample:		28136.68 time, 28140.01 real, 2412 MB, 1.02 load
[runlim] sample:		28146.68 time, 28150.01 real, 2490 MB, 1.02 load
[runlim] sample:		28156.70 time, 28160.01 real, 2412 MB, 1.02 load
[runlim] sample:		28166.70 time, 28170.01 real, 2429 MB, 1.01 load
[runlim] sample:		28176.71 time, 28180.01 real, 2427 MB, 1.01 load
[runlim] sample:		28186.71 time, 28190.01 real, 2437 MB, 1.01 load
[runlim] sample:		28196.72 time, 28200.01 real, 2427 MB, 1.01 load
[runlim] sample:		28206.73 time, 28210.01 real, 2412 MB, 1.01 load
[runlim] sample:		28216.74 time, 28220.01 real, 2412 MB, 1.00 load
[runlim] sample:		28226.75 time, 28230.01 real, 2412 MB, 1.00 load
[runlim] sample:		28236.75 time, 28240.01 real, 2425 MB, 1.00 load
[runlim] sample:		28246.76 time, 28250.01 real, 2436 MB, 1.00 load
[runlim] sample:		28256.76 time, 28260.01 real, 2465 MB, 1.00 load
[runlim] sample:		28266.77 time, 28270.01 real, 2452 MB, 1.00 load
[runlim] sample:		28276.77 time, 28280.01 real, 2426 MB, 1.00 load
[runlim] sample:		28286.79 time, 28290.01 real, 2461 MB, 1.00 load
[runlim] sample:		28296.79 time, 28300.01 real, 2412 MB, 1.00 load
[runlim] sample:		28306.80 time, 28310.01 real, 2412 MB, 1.00 load
[runlim] sample:		28316.80 time, 28320.01 real, 2487 MB, 1.00 load
[runlim] sample:		28326.82 time, 28330.01 real, 2412 MB, 1.00 load
[runlim] sample:		28336.82 time, 28340.01 real, 2412 MB, 1.08 load
[runlim] sample:		28346.83 time, 28350.01 real, 2494 MB, 1.07 load
[runlim] sample:		28356.84 time, 28360.01 real, 2412 MB, 1.06 load
[runlim] sample:		28366.84 time, 28370.01 real, 2412 MB, 1.05 load
[runlim] sample:		28376.85 time, 28380.01 real, 2483 MB, 1.04 load
[runlim] sample:		28386.85 time, 28390.01 real, 2477 MB, 1.03 load
[runlim] sample:		28396.87 time, 28400.01 real, 2495 MB, 1.03 load
[runlim] sample:		28406.87 time, 28410.01 real, 2481 MB, 1.02 load
[runlim] sample:		28416.88 time, 28420.01 real, 2482 MB, 1.02 load
[runlim] sample:		28426.89 time, 28430.01 real, 2485 MB, 1.02 load
[runlim] sample:		28436.89 time, 28440.01 real, 2488 MB, 1.09 load
[runlim] sample:		28446.90 time, 28450.01 real, 2502 MB, 1.23 load
[runlim] sample:		28456.91 time, 28460.01 real, 2495 MB, 1.20 load
[runlim] sample:		28466.92 time, 28470.01 real, 2488 MB, 1.17 load
[runlim] sample:		28476.92 time, 28480.01 real, 2488 MB, 1.14 load
[runlim] sample:		28486.93 time, 28490.01 real, 2488 MB, 1.12 load
[runlim] sample:		28496.94 time, 28500.01 real, 2495 MB, 1.10 load
[runlim] sample:		28506.95 time, 28510.01 real, 2489 MB, 1.08 load
[runlim] sample:		28516.95 time, 28520.01 real, 2504 MB, 1.07 load
[runlim] sample:		28526.96 time, 28530.01 real, 2488 MB, 1.06 load
[runlim] sample:		28536.96 time, 28540.01 real, 2547 MB, 1.05 load
[runlim] sample:		28546.98 time, 28550.01 real, 2507 MB, 1.04 load
[runlim] sample:		28556.98 time, 28560.01 real, 2532 MB, 1.03 load
[runlim] sample:		28566.99 time, 28570.01 real, 2514 MB, 1.03 load
[runlim] sample:		28577.00 time, 28580.01 real, 2528 MB, 1.02 load
[runlim] sample:		28587.01 time, 28590.01 real, 2537 MB, 1.02 load
[runlim] sample:		28597.01 time, 28600.01 real, 2528 MB, 1.02 load

NN₁: mnist_relu_4_1024_gemm.onnx
NN₂: mnist_relu_4_1024_0.79.onnx
Prop: mnist_6_global_5.vnnlib
[runlim] sample:		28607.01 time, 28610.01 real, 2433 MB, 1.01 load
[runlim] sample:		28617.02 time, 28620.01 real, 2443 MB, 1.01 load
[runlim] sample:		28627.03 time, 28630.01 real, 2431 MB, 1.01 load
[runlim] sample:		28636.93 time, 28640.01 real, 2443 MB, 1.01 load
[runlim] sample:		28646.93 time, 28650.01 real, 2427 MB, 1.01 load
[runlim] sample:		28656.94 time, 28660.01 real, 2427 MB, 1.00 load
[runlim] sample:		28666.94 time, 28670.01 real, 2443 MB, 1.00 load
[runlim] sample:		28676.95 time, 28680.01 real, 2443 MB, 1.00 load
[runlim] sample:		28686.95 time, 28690.01 real, 2427 MB, 1.00 load
[runlim] sample:		28696.96 time, 28700.01 real, 2427 MB, 1.00 load
[runlim] sample:		28706.97 time, 28710.01 real, 2481 MB, 1.00 load
[runlim] sample:		28716.98 time, 28720.01 real, 2427 MB, 1.00 load
[runlim] sample:		28726.98 time, 28730.01 real, 2433 MB, 1.00 load
[runlim] sample:		28736.99 time, 28740.01 real, 2427 MB, 1.00 load
[runlim] sample:		28747.00 time, 28750.01 real, 2427 MB, 1.00 load
[runlim] sample:		28757.00 time, 28760.01 real, 2427 MB, 1.00 load
[runlim] sample:		28767.01 time, 28770.01 real, 2446 MB, 1.00 load
[runlim] sample:		28777.01 time, 28780.01 real, 2427 MB, 1.00 load
[runlim] sample:		28787.02 time, 28790.01 real, 2427 MB, 1.00 load
[runlim] sample:		28797.03 time, 28800.01 real, 2427 MB, 1.00 load
[runlim] sample:		28807.04 time, 28810.01 real, 2430 MB, 1.00 load
[runlim] sample:		28817.04 time, 28820.01 real, 2465 MB, 1.00 load
[runlim] sample:		28827.05 time, 28830.01 real, 2427 MB, 1.00 load
[runlim] sample:		28837.06 time, 28840.01 real, 2427 MB, 1.00 load
[runlim] sample:		28847.06 time, 28850.01 real, 2427 MB, 1.00 load
[runlim] sample:		28857.07 time, 28860.01 real, 2427 MB, 1.00 load
[runlim] sample:		28867.07 time, 28870.01 real, 2427 MB, 1.00 load
[runlim] sample:		28877.08 time, 28880.01 real, 2427 MB, 1.00 load
[runlim] sample:		28887.09 time, 28890.01 real, 2427 MB, 1.00 load
[runlim] sample:		28897.09 time, 28900.01 real, 2427 MB, 1.00 load
[runlim] sample:		28907.02 time, 28910.01 real, 2427 MB, 1.00 load
[runlim] sample:		28917.02 time, 28920.01 real, 2427 MB, 1.00 load
[runlim] sample:		28927.03 time, 28930.01 real, 2564 MB, 1.00 load
[runlim] sample:		28937.03 time, 28940.01 real, 2557 MB, 1.08 load
[runlim] sample:		28947.04 time, 28950.01 real, 2560 MB, 1.14 load
[runlim] sample:		28957.05 time, 28960.01 real, 2551 MB, 1.12 load
[runlim] sample:		28967.06 time, 28970.01 real, 2551 MB, 1.10 load
[runlim] sample:		28977.06 time, 28980.01 real, 2551 MB, 1.08 load
[runlim] sample:		28987.07 time, 28990.01 real, 2560 MB, 1.07 load
[runlim] sample:		28997.07 time, 29000.01 real, 2570 MB, 1.06 load
[runlim] sample:		29007.09 time, 29010.01 real, 2563 MB, 1.05 load
[runlim] sample:		29017.10 time, 29020.01 real, 2551 MB, 1.04 load
[runlim] sample:		29027.10 time, 29030.01 real, 2551 MB, 1.04 load
[runlim] sample:		29037.11 time, 29040.01 real, 2566 MB, 1.03 load
[runlim] sample:		29047.12 time, 29050.01 real, 2551 MB, 1.02 load
[runlim] sample:		29057.12 time, 29060.01 real, 2583 MB, 1.02 load
[runlim] sample:		29067.14 time, 29070.01 real, 2569 MB, 1.02 load
[runlim] sample:		29077.13 time, 29080.01 real, 2562 MB, 1.01 load
[runlim] sample:		29087.14 time, 29090.01 real, 2557 MB, 1.01 load
[runlim] sample:		29097.15 time, 29100.01 real, 2551 MB, 1.01 load
[runlim] sample:		29107.16 time, 29110.01 real, 2551 MB, 1.01 load
[runlim] sample:		29117.16 time, 29120.01 real, 2551 MB, 1.01 load
[runlim] sample:		29127.17 time, 29130.01 real, 2551 MB, 1.00 load
[runlim] sample:		29137.18 time, 29140.01 real, 2570 MB, 1.00 load
[runlim] sample:		29147.19 time, 29150.01 real, 2551 MB, 1.00 load
[runlim] sample:		29157.19 time, 29160.01 real, 2551 MB, 1.00 load
[runlim] sample:		29167.20 time, 29170.01 real, 2599 MB, 1.00 load
[runlim] sample:		29177.21 time, 29180.01 real, 2557 MB, 1.00 load
[runlim] sample:		29187.22 time, 29190.01 real, 2551 MB, 1.00 load
[runlim] sample:		29197.23 time, 29200.01 real, 2551 MB, 1.00 load

NN₁: mnist_relu_4_1024_gemm.onnx
NN₂: mnist_relu_4_1024_0.79.onnx
Prop: mnist_7_global_4.vnnlib
[runlim] sample:		29207.22 time, 29210.01 real, 2427 MB, 1.00 load
[runlim] sample:		29217.23 time, 29220.01 real, 2427 MB, 1.00 load
[runlim] sample:		29227.23 time, 29230.01 real, 2427 MB, 1.00 load
[runlim] sample:		29237.24 time, 29240.01 real, 2427 MB, 1.00 load
[runlim] sample:		29247.25 time, 29250.01 real, 2427 MB, 1.00 load
[runlim] sample:		29257.26 time, 29260.01 real, 2427 MB, 1.00 load
[runlim] sample:		29267.27 time, 29270.01 real, 2427 MB, 1.00 load
[runlim] sample:		29277.27 time, 29280.01 real, 2434 MB, 1.00 load
[runlim] sample:		29287.28 time, 29290.01 real, 2434 MB, 1.00 load
[runlim] sample:		29297.29 time, 29300.01 real, 2434 MB, 1.00 load
[runlim] sample:		29307.30 time, 29310.01 real, 2434 MB, 1.00 load
[runlim] sample:		29317.31 time, 29320.01 real, 2427 MB, 1.00 load
[runlim] sample:		29327.32 time, 29330.01 real, 2427 MB, 1.00 load
[runlim] sample:		29337.32 time, 29340.01 real, 2427 MB, 1.00 load
[runlim] sample:		29347.33 time, 29350.01 real, 2436 MB, 1.00 load
[runlim] sample:		29357.34 time, 29360.01 real, 2436 MB, 1.00 load
[runlim] sample:		29367.34 time, 29370.01 real, 2427 MB, 1.00 load
[runlim] sample:		29377.35 time, 29380.01 real, 2430 MB, 1.00 load
[runlim] sample:		29387.36 time, 29390.01 real, 2439 MB, 1.00 load
[runlim] sample:		29397.36 time, 29400.01 real, 2443 MB, 1.00 load
[runlim] sample:		29407.38 time, 29410.01 real, 2434 MB, 1.00 load
[runlim] sample:		29417.38 time, 29420.01 real, 2427 MB, 1.00 load
[runlim] sample:		29427.38 time, 29430.01 real, 2438 MB, 1.00 load
[runlim] sample:		29437.39 time, 29440.01 real, 2427 MB, 1.08 load
[runlim] sample:		29447.40 time, 29450.01 real, 2427 MB, 1.14 load
[runlim] sample:		29457.42 time, 29460.01 real, 2427 MB, 1.12 load
[runlim] sample:		29467.42 time, 29470.01 real, 2446 MB, 1.10 load
[runlim] sample:		29477.43 time, 29480.01 real, 2427 MB, 1.08 load
[runlim] sample:		29487.44 time, 29490.01 real, 2427 MB, 1.07 load
[runlim] sample:		29497.44 time, 29500.01 real, 2439 MB, 1.06 load
[runlim] sample:		29507.44 time, 29510.01 real, 2427 MB, 1.05 load
[runlim] sample:		29517.45 time, 29520.01 real, 2427 MB, 1.04 load
[runlim] sample:		29527.46 time, 29530.01 real, 2427 MB, 1.04 load
[runlim] sample:		29537.47 time, 29540.01 real, 2478 MB, 1.03 load
[runlim] sample:		29547.47 time, 29550.01 real, 2478 MB, 1.02 load
[runlim] sample:		29557.48 time, 29560.01 real, 2501 MB, 1.02 load
[runlim] sample:		29567.49 time, 29570.01 real, 2501 MB, 1.02 load
[runlim] sample:		29577.50 time, 29580.01 real, 2483 MB, 1.01 load
[runlim] sample:		29587.51 time, 29590.01 real, 2501 MB, 1.01 load
[runlim] sample:		29597.52 time, 29600.01 real, 2483 MB, 1.01 load
[runlim] sample:		29607.52 time, 29610.01 real, 2483 MB, 1.01 load
[runlim] sample:		29617.53 time, 29620.01 real, 2483 MB, 1.01 load
[runlim] sample:		29627.54 time, 29630.01 real, 2492 MB, 1.00 load
[runlim] sample:		29637.55 time, 29640.01 real, 2483 MB, 1.00 load
[runlim] sample:		29647.56 time, 29650.01 real, 2483 MB, 1.00 load
[runlim] sample:		29657.56 time, 29660.01 real, 2524 MB, 1.00 load
[runlim] sample:		29667.57 time, 29670.01 real, 2524 MB, 1.07 load
[runlim] sample:		29677.58 time, 29680.01 real, 2507 MB, 1.06 load
[runlim] sample:		29687.58 time, 29690.01 real, 2527 MB, 1.05 load
[runlim] sample:		29697.59 time, 29700.01 real, 2534 MB, 1.04 load
[runlim] sample:		29707.60 time, 29710.01 real, 2516 MB, 1.04 load
[runlim] sample:		29717.61 time, 29720.01 real, 2516 MB, 1.03 load
[runlim] sample:		29727.62 time, 29730.01 real, 2516 MB, 1.03 load
[runlim] sample:		29737.63 time, 29740.01 real, 2516 MB, 1.10 load
[runlim] sample:		29747.63 time, 29750.01 real, 2516 MB, 1.08 load
[runlim] sample:		29757.64 time, 29760.01 real, 2516 MB, 1.07 load
[runlim] sample:		29767.65 time, 29770.01 real, 2521 MB, 1.06 load
[runlim] sample:		29777.65 time, 29780.01 real, 2524 MB, 1.05 load
[runlim] sample:		29787.67 time, 29790.01 real, 2518 MB, 1.04 load
[runlim] sample:		29797.67 time, 29800.01 real, 2519 MB, 1.03 load

NN₁: mnist_relu_4_1024_gemm.onnx
NN₂: mnist_relu_4_1024_0.79.onnx
Prop: mnist_7_global_5.vnnlib
[runlim] sample:		29807.67 time, 29810.01 real, 2412 MB, 1.03 load
[runlim] sample:		29817.68 time, 29820.01 real, 2412 MB, 1.02 load
[runlim] sample:		29827.68 time, 29830.01 real, 2412 MB, 1.02 load
[runlim] sample:		29837.69 time, 29840.01 real, 2412 MB, 1.02 load
[runlim] sample:		29847.69 time, 29850.01 real, 2412 MB, 1.01 load
[runlim] sample:		29857.70 time, 29860.01 real, 2412 MB, 1.01 load
[runlim] sample:		29867.71 time, 29870.01 real, 2412 MB, 1.01 load
[runlim] sample:		29877.71 time, 29880.01 real, 2412 MB, 1.01 load
[runlim] sample:		29887.72 time, 29890.01 real, 2412 MB, 1.00 load
[runlim] sample:		29897.73 time, 29900.01 real, 2421 MB, 1.00 load
[runlim] sample:		29907.73 time, 29910.01 real, 2417 MB, 1.00 load
[runlim] sample:		29917.73 time, 29920.01 real, 2418 MB, 1.00 load
[runlim] sample:		29927.75 time, 29930.01 real, 2412 MB, 1.00 load
[runlim] sample:		29937.75 time, 29940.01 real, 2412 MB, 1.08 load
[runlim] sample:		29947.75 time, 29950.01 real, 2412 MB, 1.30 load
[runlim] sample:		29957.76 time, 29960.01 real, 2412 MB, 1.25 load
[runlim] sample:		29967.77 time, 29970.01 real, 2412 MB, 1.21 load
[runlim] sample:		29977.77 time, 29980.01 real, 2412 MB, 1.18 load
[runlim] sample:		29987.78 time, 29990.01 real, 2415 MB, 1.15 load
[runlim] sample:		29997.79 time, 30000.01 real, 2423 MB, 1.21 load
[runlim] sample:		30007.79 time, 30010.01 real, 2546 MB, 1.18 load
[runlim] sample:		30017.80 time, 30020.01 real, 2532 MB, 1.15 load
[runlim] sample:		30027.81 time, 30030.01 real, 2412 MB, 1.12 load
[runlim] sample:		30037.81 time, 30040.01 real, 2465 MB, 1.10 load
[runlim] sample:		30047.82 time, 30050.01 real, 2481 MB, 1.09 load
[runlim] sample:		30057.82 time, 30060.01 real, 2540 MB, 1.07 load
[runlim] sample:		30067.83 time, 30070.01 real, 2412 MB, 1.06 load
[runlim] sample:		30077.84 time, 30080.01 real, 2539 MB, 1.05 load
[runlim] sample:		30087.85 time, 30090.01 real, 2513 MB, 1.04 load
[runlim] sample:		30097.85 time, 30100.01 real, 2467 MB, 1.04 load
[runlim] sample:		30107.86 time, 30110.01 real, 2412 MB, 1.03 load
[runlim] sample:		30117.87 time, 30120.01 real, 2412 MB, 1.03 load
[runlim] sample:		30127.87 time, 30130.01 real, 2412 MB, 1.02 load
[runlim] sample:		30137.88 time, 30140.01 real, 2574 MB, 1.02 load
[runlim] sample:		30147.88 time, 30150.01 real, 2412 MB, 1.01 load
[runlim] sample:		30157.89 time, 30160.01 real, 2431 MB, 1.01 load
[runlim] sample:		30167.89 time, 30170.01 real, 2412 MB, 1.01 load
[runlim] sample:		30177.90 time, 30180.01 real, 2412 MB, 1.01 load
[runlim] sample:		30187.91 time, 30190.01 real, 2412 MB, 1.01 load
[runlim] sample:		30197.91 time, 30200.01 real, 2412 MB, 1.00 load
[runlim] sample:		30207.92 time, 30210.01 real, 2412 MB, 1.00 load
[runlim] sample:		30217.92 time, 30220.01 real, 2412 MB, 1.00 load
[runlim] sample:		30227.93 time, 30230.01 real, 2421 MB, 1.00 load
[runlim] sample:		30237.94 time, 30240.01 real, 2427 MB, 1.00 load
[runlim] sample:		30247.94 time, 30250.01 real, 2421 MB, 1.00 load
[runlim] sample:		30257.95 time, 30260.01 real, 2421 MB, 1.00 load
[runlim] sample:		30267.96 time, 30270.01 real, 2421 MB, 1.00 load
[runlim] sample:		30277.97 time, 30280.01 real, 2421 MB, 1.00 load
[runlim] sample:		30287.98 time, 30290.01 real, 2421 MB, 1.00 load
[runlim] sample:		30297.98 time, 30300.01 real, 2421 MB, 1.00 load
[runlim] sample:		30307.98 time, 30310.01 real, 2421 MB, 1.00 load
[runlim] sample:		30317.99 time, 30320.01 real, 2421 MB, 1.00 load
[runlim] sample:		30328.00 time, 30330.01 real, 2579 MB, 1.00 load
[runlim] sample:		30338.01 time, 30340.01 real, 2421 MB, 1.00 load
[runlim] sample:		30348.01 time, 30350.01 real, 2421 MB, 1.00 load
[runlim] sample:		30358.02 time, 30360.01 real, 2421 MB, 1.00 load
[runlim] sample:		30368.02 time, 30370.01 real, 2530 MB, 1.00 load
[runlim] sample:		30378.03 time, 30380.01 real, 2421 MB, 1.00 load
[runlim] sample:		30388.04 time, 30390.01 real, 2421 MB, 1.00 load
[runlim] sample:		30398.05 time, 30400.01 real, 2661 MB, 1.00 load

NN₁: mnist_relu_4_1024_gemm.onnx
NN₂: mnist_relu_4_1024_0.79.onnx
Prop: mnist_8_global_4.vnnlib
[runlim] sample:		30408.04 time, 30410.01 real, 2421 MB, 1.00 load
[runlim] sample:		30418.05 time, 30420.01 real, 2421 MB, 1.00 load
[runlim] sample:		30428.05 time, 30430.01 real, 2421 MB, 1.00 load
[runlim] sample:		30438.06 time, 30440.01 real, 2421 MB, 1.08 load
[runlim] sample:		30448.07 time, 30450.01 real, 2421 MB, 1.14 load
[runlim] sample:		30458.08 time, 30460.01 real, 2421 MB, 1.12 load
[runlim] sample:		30468.09 time, 30470.01 real, 2421 MB, 1.10 load
[runlim] sample:		30478.09 time, 30480.01 real, 2421 MB, 1.08 load
[runlim] sample:		30488.11 time, 30490.01 real, 2421 MB, 1.07 load
[runlim] sample:		30498.11 time, 30500.01 real, 2421 MB, 1.06 load
[runlim] sample:		30508.12 time, 30510.01 real, 2421 MB, 1.05 load
[runlim] sample:		30518.13 time, 30520.01 real, 2421 MB, 1.04 load
[runlim] sample:		30528.14 time, 30530.01 real, 2421 MB, 1.04 load
[runlim] sample:		30538.03 time, 30540.01 real, 2421 MB, 1.03 load
[runlim] sample:		30548.04 time, 30550.01 real, 2421 MB, 1.02 load
[runlim] sample:		30558.05 time, 30560.01 real, 2421 MB, 1.02 load
[runlim] sample:		30568.06 time, 30570.01 real, 2421 MB, 1.02 load
[runlim] sample:		30578.06 time, 30580.01 real, 2421 MB, 1.01 load
[runlim] sample:		30588.07 time, 30590.01 real, 2421 MB, 1.01 load
[runlim] sample:		30598.08 time, 30600.01 real, 2421 MB, 1.01 load
[runlim] sample:		30608.09 time, 30610.01 real, 2421 MB, 1.01 load
[runlim] sample:		30618.10 time, 30620.01 real, 2421 MB, 1.01 load
[runlim] sample:		30628.10 time, 30630.01 real, 2421 MB, 1.00 load
[runlim] sample:		30638.11 time, 30640.01 real, 2421 MB, 1.00 load
[runlim] sample:		30648.12 time, 30650.01 real, 2421 MB, 1.00 load
[runlim] sample:		30658.13 time, 30660.01 real, 2421 MB, 1.08 load
[runlim] sample:		30668.13 time, 30670.01 real, 2421 MB, 1.07 load
[runlim] sample:		30678.14 time, 30680.01 real, 2421 MB, 1.06 load
[runlim] sample:		30688.15 time, 30690.01 real, 2425 MB, 1.05 load
[runlim] sample:		30698.16 time, 30700.01 real, 2429 MB, 1.04 load
[runlim] sample:		30708.17 time, 30710.01 real, 2429 MB, 1.03 load
[runlim] sample:		30718.18 time, 30720.01 real, 2412 MB, 1.03 load
[runlim] sample:		30728.18 time, 30730.01 real, 2424 MB, 1.02 load
[runlim] sample:		30738.19 time, 30740.01 real, 2412 MB, 1.02 load
[runlim] sample:		30748.21 time, 30750.01 real, 2450 MB, 1.02 load
[runlim] sample:		30758.21 time, 30760.01 real, 2450 MB, 1.01 load
[runlim] sample:		30768.22 time, 30770.01 real, 2450 MB, 1.01 load
[runlim] sample:		30778.23 time, 30780.01 real, 2450 MB, 1.08 load
[runlim] sample:		30788.24 time, 30790.01 real, 2454 MB, 1.07 load
[runlim] sample:		30798.25 time, 30800.01 real, 2454 MB, 1.06 load
[runlim] sample:		30808.21 time, 30810.01 real, 2454 MB, 1.05 load
[runlim] sample:		30818.22 time, 30820.01 real, 2454 MB, 1.04 load
[runlim] sample:		30828.23 time, 30830.01 real, 2464 MB, 1.03 load
[runlim] sample:		30838.24 time, 30840.01 real, 2464 MB, 1.03 load
[runlim] sample:		30848.25 time, 30850.01 real, 2464 MB, 1.02 load
[runlim] sample:		30858.26 time, 30860.01 real, 2472 MB, 1.02 load
[runlim] sample:		30868.26 time, 30870.01 real, 2479 MB, 1.02 load
[runlim] sample:		30878.27 time, 30880.01 real, 2479 MB, 1.01 load
[runlim] sample:		30888.28 time, 30890.01 real, 2483 MB, 1.01 load
[runlim] sample:		30898.29 time, 30900.01 real, 2485 MB, 1.01 load
[runlim] sample:		30908.29 time, 30910.01 real, 2470 MB, 1.01 load
[runlim] sample:		30918.30 time, 30920.01 real, 2474 MB, 1.00 load
[runlim] sample:		30928.31 time, 30930.01 real, 2497 MB, 1.00 load
[runlim] sample:		30938.32 time, 30940.01 real, 2476 MB, 1.08 load
[runlim] sample:		30948.32 time, 30950.01 real, 2511 MB, 1.14 load
[runlim] sample:		30958.34 time, 30960.01 real, 2487 MB, 1.12 load
[runlim] sample:		30968.35 time, 30970.01 real, 2516 MB, 1.10 load
[runlim] sample:		30978.35 time, 30980.01 real, 2481 MB, 1.09 load
[runlim] sample:		30988.36 time, 30990.01 real, 2495 MB, 1.07 load
[runlim] sample:		30998.36 time, 31000.01 real, 2481 MB, 1.06 load

NN₁: mnist_relu_4_1024_gemm.onnx
NN₂: mnist_relu_4_1024_0.79.onnx
Prop: mnist_8_global_5.vnnlib
[runlim] sample:		31008.36 time, 31010.01 real, 2412 MB, 1.05 load
[runlim] sample:		31018.37 time, 31020.01 real, 2412 MB, 1.04 load
[runlim] sample:		31028.37 time, 31030.01 real, 2439 MB, 1.04 load
[runlim] sample:		31038.39 time, 31040.01 real, 2427 MB, 1.03 load
[runlim] sample:		31048.39 time, 31050.01 real, 2427 MB, 1.02 load
[runlim] sample:		31058.40 time, 31060.01 real, 2427 MB, 1.02 load
[runlim] sample:		31068.41 time, 31070.01 real, 2423 MB, 1.02 load
[runlim] sample:		31078.42 time, 31080.01 real, 2423 MB, 1.01 load
[runlim] sample:		31088.43 time, 31090.01 real, 2427 MB, 1.01 load
[runlim] sample:		31098.43 time, 31100.01 real, 2419 MB, 1.01 load
[runlim] sample:		31108.44 time, 31110.01 real, 2455 MB, 1.01 load
[runlim] sample:		31118.45 time, 31120.01 real, 2426 MB, 1.01 load
[runlim] sample:		31128.46 time, 31130.01 real, 2426 MB, 1.00 load
[runlim] sample:		31138.47 time, 31140.01 real, 2412 MB, 1.00 load
[runlim] sample:		31148.47 time, 31150.01 real, 2426 MB, 1.00 load
[runlim] sample:		31158.48 time, 31160.01 real, 2431 MB, 1.00 load
[runlim] sample:		31168.49 time, 31170.01 real, 2421 MB, 1.00 load
[runlim] sample:		31178.50 time, 31180.01 real, 2431 MB, 1.00 load
[runlim] sample:		31188.50 time, 31190.01 real, 2421 MB, 1.00 load
[runlim] sample:		31198.51 time, 31200.01 real, 2412 MB, 1.00 load
[runlim] sample:		31208.52 time, 31210.01 real, 2426 MB, 1.00 load
[runlim] sample:		31218.53 time, 31220.01 real, 2430 MB, 1.00 load
[runlim] sample:		31228.53 time, 31230.01 real, 2453 MB, 1.00 load
[runlim] sample:		31238.54 time, 31240.01 real, 2412 MB, 1.00 load
[runlim] sample:		31248.55 time, 31250.01 real, 2458 MB, 1.00 load
[runlim] sample:		31258.56 time, 31260.01 real, 2460 MB, 1.00 load
[runlim] sample:		31268.56 time, 31270.01 real, 2440 MB, 1.00 load
[runlim] sample:		31278.57 time, 31280.01 real, 2424 MB, 1.00 load
[runlim] sample:		31288.58 time, 31290.01 real, 2423 MB, 1.00 load
[runlim] sample:		31298.59 time, 31300.01 real, 2412 MB, 1.00 load
[runlim] sample:		31308.59 time, 31310.01 real, 2425 MB, 1.00 load
[runlim] sample:		31318.60 time, 31320.01 real, 2498 MB, 1.00 load
[runlim] sample:		31328.61 time, 31330.01 real, 2438 MB, 1.00 load
[runlim] sample:		31338.61 time, 31340.01 real, 2438 MB, 1.00 load
[runlim] sample:		31348.62 time, 31350.01 real, 2467 MB, 1.00 load
[runlim] sample:		31358.63 time, 31360.01 real, 2459 MB, 1.00 load
[runlim] sample:		31368.64 time, 31370.01 real, 2476 MB, 1.00 load
[runlim] sample:		31378.65 time, 31380.01 real, 2466 MB, 1.00 load
[runlim] sample:		31388.65 time, 31390.01 real, 2480 MB, 1.00 load
[runlim] sample:		31398.66 time, 31400.01 real, 2506 MB, 1.08 load
[runlim] sample:		31408.67 time, 31410.01 real, 2466 MB, 1.07 load
[runlim] sample:		31418.68 time, 31420.01 real, 2466 MB, 1.06 load
[runlim] sample:		31428.68 time, 31430.01 real, 2466 MB, 1.05 load
[runlim] sample:		31438.69 time, 31440.01 real, 2466 MB, 1.12 load
[runlim] sample:		31448.70 time, 31450.01 real, 2466 MB, 1.17 load
[runlim] sample:		31458.71 time, 31460.01 real, 2481 MB, 1.15 load
[runlim] sample:		31468.71 time, 31470.01 real, 2522 MB, 1.12 load
[runlim] sample:		31478.72 time, 31480.01 real, 2466 MB, 1.10 load
[runlim] sample:		31488.73 time, 31490.01 real, 2487 MB, 1.09 load
[runlim] sample:		31498.73 time, 31500.01 real, 2487 MB, 1.07 load
[runlim] sample:		31508.74 time, 31510.01 real, 2487 MB, 1.06 load
[runlim] sample:		31518.75 time, 31520.01 real, 2482 MB, 1.05 load
[runlim] sample:		31528.76 time, 31530.01 real, 2482 MB, 1.04 load
[runlim] sample:		31538.76 time, 31540.01 real, 2545 MB, 1.04 load
[runlim] sample:		31548.77 time, 31550.01 real, 2497 MB, 1.03 load
[runlim] sample:		31558.78 time, 31560.01 real, 2560 MB, 1.02 load
[runlim] sample:		31568.79 time, 31570.01 real, 2560 MB, 1.02 load
[runlim] sample:		31578.80 time, 31580.01 real, 2560 MB, 1.02 load
[runlim] sample:		31588.80 time, 31590.01 real, 2541 MB, 1.01 load
[runlim] sample:		31598.81 time, 31600.01 real, 2541 MB, 1.01 load
[runlim] sample:		31608.82 time, 31610.01 real, 2546 MB, 1.01 load

NN₁: mnist_relu_4_1024_gemm.onnx
NN₂: mnist_relu_4_1024_0.79.onnx
Prop: mnist_9_global_4.vnnlib
[runlim] sample:		31618.72 time, 31620.01 real, 2412 MB, 1.01 load
[runlim] sample:		31628.72 time, 31630.01 real, 2412 MB, 1.01 load
[runlim] sample:		31638.74 time, 31640.01 real, 2412 MB, 1.00 load
[runlim] sample:		31648.74 time, 31650.01 real, 2412 MB, 1.00 load
[runlim] sample:		31658.75 time, 31660.01 real, 2412 MB, 1.00 load
[runlim] sample:		31668.76 time, 31670.01 real, 2412 MB, 1.00 load
[runlim] sample:		31678.76 time, 31680.01 real, 2412 MB, 1.00 load
[runlim] sample:		31688.78 time, 31690.01 real, 2412 MB, 1.00 load
[runlim] sample:		31698.78 time, 31700.01 real, 2412 MB, 1.00 load
[runlim] sample:		31708.79 time, 31710.01 real, 2412 MB, 1.00 load
[runlim] sample:		31718.79 time, 31720.01 real, 2412 MB, 1.00 load
[runlim] sample:		31728.81 time, 31730.01 real, 2412 MB, 1.00 load
[runlim] sample:		31738.81 time, 31740.01 real, 2412 MB, 1.00 load
[runlim] sample:		31748.83 time, 31750.01 real, 2412 MB, 1.00 load
[runlim] sample:		31758.83 time, 31760.01 real, 2412 MB, 1.00 load
[runlim] sample:		31768.84 time, 31770.01 real, 2424 MB, 1.00 load
[runlim] sample:		31778.85 time, 31780.01 real, 2424 MB, 1.00 load
[runlim] sample:		31788.86 time, 31790.01 real, 2424 MB, 1.00 load
[runlim] sample:		31798.87 time, 31800.01 real, 2424 MB, 1.00 load
[runlim] sample:		31808.87 time, 31810.01 real, 2424 MB, 1.00 load
[runlim] sample:		31818.88 time, 31820.01 real, 2424 MB, 1.00 load
[runlim] sample:		31828.90 time, 31830.01 real, 2424 MB, 1.00 load
[runlim] sample:		31838.90 time, 31840.01 real, 2424 MB, 1.00 load
[runlim] sample:		31848.90 time, 31850.01 real, 2424 MB, 1.00 load
[runlim] sample:		31858.91 time, 31860.01 real, 2424 MB, 1.00 load
[runlim] sample:		31868.92 time, 31870.01 real, 2424 MB, 1.00 load
[runlim] sample:		31878.93 time, 31880.01 real, 2424 MB, 1.00 load
[runlim] sample:		31888.94 time, 31890.01 real, 2424 MB, 1.00 load
[runlim] sample:		31898.95 time, 31900.01 real, 2415 MB, 1.00 load
[runlim] sample:		31908.95 time, 31910.01 real, 2447 MB, 1.00 load
[runlim] sample:		31918.97 time, 31920.01 real, 2447 MB, 1.00 load
[runlim] sample:		31928.97 time, 31930.01 real, 2447 MB, 1.00 load
[runlim] sample:		31938.98 time, 31940.01 real, 2455 MB, 1.08 load
[runlim] sample:		31948.99 time, 31950.01 real, 2436 MB, 1.14 load
[runlim] sample:		31959.00 time, 31960.01 real, 2455 MB, 1.12 load
[runlim] sample:		31969.01 time, 31970.01 real, 2436 MB, 1.10 load
[runlim] sample:		31979.01 time, 31980.01 real, 2436 MB, 1.16 load
[runlim] sample:		31989.02 time, 31990.01 real, 2477 MB, 1.13 load
[runlim] sample:		31999.03 time, 32000.01 real, 2477 MB, 1.11 load
[runlim] sample:		32009.04 time, 32010.01 real, 2477 MB, 1.10 load
[runlim] sample:		32019.05 time, 32020.01 real, 2487 MB, 1.08 load
[runlim] sample:		32029.06 time, 32030.01 real, 2487 MB, 1.07 load
[runlim] sample:		32039.07 time, 32040.01 real, 2491 MB, 1.06 load
[runlim] sample:		32049.08 time, 32050.01 real, 2491 MB, 1.05 load
[runlim] sample:		32059.09 time, 32060.01 real, 2491 MB, 1.04 load
[runlim] sample:		32069.09 time, 32070.01 real, 2491 MB, 1.03 load
[runlim] sample:		32079.10 time, 32080.01 real, 2486 MB, 1.03 load
[runlim] sample:		32089.11 time, 32090.01 real, 2499 MB, 1.02 load
[runlim] sample:		32099.12 time, 32100.01 real, 2500 MB, 1.02 load
[runlim] sample:		32109.13 time, 32110.01 real, 2500 MB, 1.02 load
[runlim] sample:		32119.13 time, 32120.01 real, 2500 MB, 1.01 load
[runlim] sample:		32129.14 time, 32130.01 real, 2503 MB, 1.01 load
[runlim] sample:		32139.15 time, 32140.01 real, 2494 MB, 1.01 load
[runlim] sample:		32149.16 time, 32150.01 real, 2503 MB, 1.01 load
[runlim] sample:		32159.13 time, 32160.01 real, 2507 MB, 1.00 load
[runlim] sample:		32169.13 time, 32170.01 real, 2510 MB, 1.00 load
[runlim] sample:		32179.14 time, 32180.01 real, 2510 MB, 1.00 load
[runlim] sample:		32189.14 time, 32190.01 real, 2531 MB, 1.00 load
[runlim] sample:		32199.14 time, 32200.01 real, 2517 MB, 1.00 load
[runlim] sample:		32209.15 time, 32210.01 real, 2507 MB, 1.00 load

NN₁: mnist_relu_4_1024_gemm.onnx
NN₂: mnist_relu_4_1024_0.79.onnx
Prop: mnist_9_global_5.vnnlib
[runlim] sample:		32219.15 time, 32220.01 real, 2504 MB, 1.00 load
[runlim] sample:		32229.15 time, 32230.01 real, 2504 MB, 1.00 load
[runlim] sample:		32239.15 time, 32240.01 real, 2504 MB, 1.00 load
[runlim] sample:		32249.16 time, 32250.01 real, 2504 MB, 1.00 load
[runlim] sample:		32259.17 time, 32260.01 real, 2504 MB, 1.00 load
[runlim] sample:		32269.17 time, 32270.01 real, 2504 MB, 1.00 load
[runlim] sample:		32279.18 time, 32280.01 real, 2504 MB, 1.00 load
[runlim] sample:		32289.18 time, 32290.01 real, 2504 MB, 1.00 load
[runlim] sample:		32299.19 time, 32300.01 real, 2504 MB, 1.00 load
[runlim] sample:		32309.19 time, 32310.01 real, 2504 MB, 1.15 load
[runlim] sample:		32319.19 time, 32320.01 real, 2504 MB, 1.12 load
[runlim] sample:		32329.19 time, 32330.01 real, 2504 MB, 1.10 load
[runlim] sample:		32339.20 time, 32340.01 real, 2504 MB, 1.09 load
[runlim] sample:		32349.20 time, 32350.01 real, 2504 MB, 1.07 load
[runlim] sample:		32359.21 time, 32360.01 real, 2504 MB, 1.06 load
[runlim] sample:		32369.21 time, 32370.01 real, 2504 MB, 1.05 load
[runlim] sample:		32379.21 time, 32380.01 real, 2504 MB, 1.04 load
[runlim] sample:		32389.23 time, 32390.01 real, 2504 MB, 1.04 load
[runlim] sample:		32399.22 time, 32400.01 real, 2504 MB, 1.03 load
[runlim] sample:		32409.23 time, 32410.01 real, 2504 MB, 1.02 load
[runlim] sample:		32419.24 time, 32420.01 real, 2504 MB, 1.02 load
[runlim] sample:		32429.25 time, 32430.01 real, 2504 MB, 1.02 load
[runlim] sample:		32439.25 time, 32440.01 real, 2505 MB, 1.09 load
[runlim] sample:		32449.26 time, 32450.01 real, 2505 MB, 1.15 load
[runlim] sample:		32459.26 time, 32460.01 real, 2505 MB, 1.13 load
[runlim] sample:		32469.28 time, 32470.01 real, 2505 MB, 1.11 load
[runlim] sample:		32479.28 time, 32480.01 real, 2505 MB, 1.09 load
[runlim] sample:		32489.29 time, 32490.01 real, 2505 MB, 1.08 load
[runlim] sample:		32499.29 time, 32500.01 real, 2495 MB, 1.06 load
[runlim] sample:		32509.31 time, 32510.01 real, 2487 MB, 1.05 load
[runlim] sample:		32519.31 time, 32520.01 real, 2487 MB, 1.05 load
[runlim] sample:		32529.32 time, 32530.01 real, 2487 MB, 1.04 load
[runlim] sample:		32539.34 time, 32540.01 real, 2494 MB, 1.03 load
[runlim] sample:		32549.34 time, 32550.01 real, 2500 MB, 1.03 load
[runlim] sample:		32559.35 time, 32560.01 real, 2526 MB, 1.02 load
[runlim] sample:		32569.36 time, 32570.01 real, 2499 MB, 1.02 load
[runlim] sample:		32579.37 time, 32580.01 real, 2487 MB, 1.02 load
[runlim] sample:		32589.38 time, 32590.01 real, 2499 MB, 1.01 load
[runlim] sample:		32599.38 time, 32600.01 real, 2499 MB, 1.01 load
[runlim] sample:		32609.39 time, 32610.01 real, 2499 MB, 1.01 load
[runlim] sample:		32619.39 time, 32620.01 real, 2487 MB, 1.01 load
[runlim] sample:		32629.41 time, 32630.01 real, 2487 MB, 1.00 load
[runlim] sample:		32639.41 time, 32640.01 real, 2508 MB, 1.00 load
[runlim] sample:		32649.42 time, 32650.01 real, 2508 MB, 1.00 load
[runlim] sample:		32659.42 time, 32660.01 real, 2524 MB, 1.00 load
[runlim] sample:		32669.43 time, 32670.01 real, 2541 MB, 1.00 load
[runlim] sample:		32679.44 time, 32680.01 real, 2549 MB, 1.00 load
[runlim] sample:		32689.45 time, 32690.01 real, 2562 MB, 1.00 load
[runlim] sample:		32699.45 time, 32700.01 real, 2562 MB, 1.00 load
[runlim] sample:		32709.46 time, 32710.01 real, 2562 MB, 1.00 load
[runlim] sample:		32719.47 time, 32720.01 real, 2562 MB, 1.00 load
[runlim] sample:		32729.47 time, 32730.01 real, 2562 MB, 1.00 load
[runlim] sample:		32739.48 time, 32740.01 real, 2547 MB, 1.00 load
[runlim] sample:		32749.49 time, 32750.01 real, 2557 MB, 1.00 load
[runlim] sample:		32759.49 time, 32760.01 real, 2561 MB, 1.00 load
[runlim] sample:		32769.51 time, 32770.01 real, 2564 MB, 1.00 load
[runlim] sample:		32779.52 time, 32780.01 real, 2566 MB, 1.00 load
[runlim] sample:		32789.52 time, 32790.01 real, 2547 MB, 1.00 load
[runlim] sample:		32799.53 time, 32800.01 real, 2547 MB, 1.00 load
[runlim] sample:		32809.54 time, 32810.01 real, 2554 MB, 1.00 load

NN₁: mnist_relu_4_1024_gemm.onnx
NN₂: mnist_relu_4_1024_0.79.onnx
Prop: mnist_10_global_4.vnnlib
[runlim] sample:		32819.54 time, 32820.01 real, 2412 MB, 1.00 load
[runlim] sample:		32829.54 time, 32830.01 real, 2412 MB, 1.00 load
[runlim] sample:		32839.56 time, 32840.01 real, 2412 MB, 1.00 load
[runlim] sample:		32849.57 time, 32850.01 real, 2412 MB, 1.00 load
[runlim] sample:		32859.57 time, 32860.01 real, 2412 MB, 1.00 load
[runlim] sample:		32869.58 time, 32870.01 real, 2412 MB, 1.00 load
[runlim] sample:		32879.59 time, 32880.01 real, 2412 MB, 1.00 load
[runlim] sample:		32889.60 time, 32890.01 real, 2412 MB, 1.00 load
[runlim] sample:		32899.60 time, 32900.01 real, 2412 MB, 1.00 load
[runlim] sample:		32909.62 time, 32910.01 real, 2412 MB, 1.00 load
[runlim] sample:		32919.62 time, 32920.01 real, 2412 MB, 1.00 load
[runlim] sample:		32929.64 time, 32930.01 real, 2412 MB, 1.00 load
[runlim] sample:		32939.65 time, 32940.01 real, 2412 MB, 1.08 load
[runlim] sample:		32949.65 time, 32950.01 real, 2412 MB, 1.22 load
[runlim] sample:		32959.67 time, 32960.01 real, 2412 MB, 1.19 load
[runlim] sample:		32969.67 time, 32970.01 real, 2412 MB, 1.16 load
[runlim] sample:		32979.68 time, 32980.01 real, 2412 MB, 1.13 load
[runlim] sample:		32989.70 time, 32990.01 real, 2412 MB, 1.11 load
[runlim] sample:		32999.70 time, 33000.01 real, 2412 MB, 1.09 load
[runlim] sample:		33009.71 time, 33010.01 real, 2412 MB, 1.08 load
[runlim] sample:		33019.72 time, 33020.01 real, 2412 MB, 1.07 load
[runlim] sample:		33029.73 time, 33030.01 real, 2412 MB, 1.06 load
[runlim] sample:		33039.74 time, 33040.01 real, 2412 MB, 1.05 load
[runlim] sample:		33049.74 time, 33050.01 real, 2412 MB, 1.04 load
[runlim] sample:		33059.75 time, 33060.01 real, 2412 MB, 1.03 load
[runlim] sample:		33069.76 time, 33070.01 real, 2430 MB, 1.03 load
[runlim] sample:		33079.77 time, 33080.01 real, 2430 MB, 1.02 load
[runlim] sample:		33089.78 time, 33090.01 real, 2430 MB, 1.02 load
[runlim] sample:		33099.78 time, 33100.01 real, 2435 MB, 1.02 load
[runlim] sample:		33109.80 time, 33110.01 real, 2436 MB, 1.01 load
[runlim] sample:		33119.80 time, 33120.01 real, 2419 MB, 1.01 load
[runlim] sample:		33129.82 time, 33130.01 real, 2439 MB, 1.01 load
[runlim] sample:		33139.82 time, 33140.01 real, 2451 MB, 1.01 load
[runlim] sample:		33149.83 time, 33150.01 real, 2451 MB, 1.00 load
[runlim] sample:		33159.84 time, 33160.01 real, 2451 MB, 1.00 load
[runlim] sample:		33169.84 time, 33170.01 real, 2460 MB, 1.00 load
[runlim] sample:		33179.86 time, 33180.01 real, 2460 MB, 1.00 load
[runlim] sample:		33189.87 time, 33190.01 real, 2464 MB, 1.00 load
[runlim] sample:		33199.88 time, 33200.01 real, 2469 MB, 1.00 load
[runlim] sample:		33209.89 time, 33210.01 real, 2453 MB, 1.00 load
[runlim] sample:		33219.89 time, 33220.01 real, 2460 MB, 1.00 load
[runlim] sample:		33229.90 time, 33230.01 real, 2476 MB, 1.00 load
[runlim] sample:		33239.92 time, 33240.01 real, 2476 MB, 1.00 load
[runlim] sample:		33249.92 time, 33250.01 real, 2476 MB, 1.00 load
[runlim] sample:		33259.93 time, 33260.01 real, 2476 MB, 1.00 load
[runlim] sample:		33269.93 time, 33270.01 real, 2476 MB, 1.00 load
[runlim] sample:		33279.94 time, 33280.01 real, 2478 MB, 1.00 load
[runlim] sample:		33289.96 time, 33290.01 real, 2478 MB, 1.00 load
[runlim] sample:		33299.96 time, 33300.01 real, 2485 MB, 1.00 load
[runlim] sample:		33309.97 time, 33310.01 real, 2489 MB, 1.00 load
[runlim] sample:		33319.98 time, 33320.01 real, 2491 MB, 1.00 load
[runlim] sample:		33329.98 time, 33330.01 real, 2491 MB, 1.00 load
[runlim] sample:		33340.00 time, 33340.01 real, 2501 MB, 1.00 load
[runlim] sample:		33350.01 time, 33350.01 real, 2501 MB, 1.00 load
[runlim] sample:		33360.02 time, 33360.01 real, 2511 MB, 1.00 load
[runlim] sample:		33370.02 time, 33370.01 real, 2511 MB, 1.00 load
[runlim] sample:		33380.03 time, 33380.01 real, 2511 MB, 1.00 load
[runlim] sample:		33390.04 time, 33390.01 real, 2491 MB, 1.00 load
[runlim] sample:		33400.05 time, 33400.01 real, 2491 MB, 1.00 load
[runlim] sample:		33410.05 time, 33410.01 real, 2497 MB, 1.00 load

NN₁: mnist_relu_4_1024_gemm.onnx
NN₂: mnist_relu_4_1024_0.79.onnx
Prop: mnist_10_global_5.vnnlib
[runlim] sample:		33420.05 time, 33420.01 real, 2470 MB, 1.00 load
[runlim] sample:		33430.06 time, 33430.01 real, 2470 MB, 1.00 load
[runlim] sample:		33440.07 time, 33440.01 real, 2486 MB, 1.08 load
[runlim] sample:		33450.08 time, 33450.01 real, 2486 MB, 1.22 load
[runlim] sample:		33460.08 time, 33460.01 real, 2486 MB, 1.19 load
[runlim] sample:		33470.10 time, 33470.01 real, 2486 MB, 1.16 load
[runlim] sample:		33480.10 time, 33480.01 real, 2486 MB, 1.13 load
[runlim] sample:		33490.11 time, 33490.01 real, 2486 MB, 1.11 load
[runlim] sample:		33500.12 time, 33500.01 real, 2486 MB, 1.09 load
[runlim] sample:		33510.13 time, 33510.01 real, 2469 MB, 1.08 load
[runlim] sample:		33520.13 time, 33520.01 real, 2469 MB, 1.07 load
[runlim] sample:		33530.15 time, 33530.01 real, 2469 MB, 1.06 load
[runlim] sample:		33540.15 time, 33540.01 real, 2483 MB, 1.05 load
[runlim] sample:		33550.16 time, 33550.01 real, 2483 MB, 1.04 load
[runlim] sample:		33560.17 time, 33560.01 real, 2469 MB, 1.03 load
[runlim] sample:		33570.17 time, 33570.01 real, 2487 MB, 1.03 load
[runlim] sample:		33580.19 time, 33580.01 real, 2487 MB, 1.02 load
[runlim] sample:		33590.20 time, 33590.01 real, 2487 MB, 1.02 load
[runlim] sample:		33600.21 time, 33600.01 real, 2487 MB, 1.02 load
[runlim] sample:		33610.22 time, 33610.01 real, 2487 MB, 1.01 load
[runlim] sample:		33620.22 time, 33620.01 real, 2469 MB, 1.01 load
[runlim] sample:		33630.23 time, 33630.01 real, 2489 MB, 1.01 load
[runlim] sample:		33640.24 time, 33640.01 real, 2469 MB, 1.01 load
[runlim] sample:		33650.25 time, 33650.01 real, 2469 MB, 1.00 load
[runlim] sample:		33660.26 time, 33660.01 real, 2469 MB, 1.00 load
[runlim] sample:		33670.26 time, 33670.01 real, 2469 MB, 1.00 load
[runlim] sample:		33680.26 time, 33680.01 real, 2481 MB, 1.00 load
[runlim] sample:		33690.28 time, 33690.01 real, 2481 MB, 1.00 load
[runlim] sample:		33700.29 time, 33700.01 real, 2481 MB, 1.00 load
[runlim] sample:		33710.30 time, 33710.01 real, 2481 MB, 1.00 load
[runlim] sample:		33720.30 time, 33720.01 real, 2490 MB, 1.00 load
[runlim] sample:		33730.31 time, 33730.01 real, 2491 MB, 1.00 load
[runlim] sample:		33740.31 time, 33740.01 real, 2491 MB, 1.00 load
[runlim] sample:		33750.33 time, 33750.01 real, 2491 MB, 1.00 load
[runlim] sample:		33760.34 time, 33760.01 real, 2478 MB, 1.00 load
[runlim] sample:		33770.34 time, 33770.01 real, 2489 MB, 1.00 load
[runlim] sample:		33780.35 time, 33780.01 real, 2478 MB, 1.00 load
[runlim] sample:		33790.36 time, 33790.01 real, 2478 MB, 1.00 load
[runlim] sample:		33800.36 time, 33800.01 real, 2496 MB, 1.00 load
[runlim] sample:		33810.37 time, 33810.01 real, 2515 MB, 1.00 load
[runlim] sample:		33820.38 time, 33820.01 real, 2489 MB, 1.00 load
[runlim] sample:		33830.39 time, 33830.01 real, 2520 MB, 1.00 load
[runlim] sample:		33840.39 time, 33840.01 real, 2482 MB, 1.00 load
[runlim] sample:		33850.40 time, 33850.01 real, 2512 MB, 1.00 load
[runlim] sample:		33860.41 time, 33860.01 real, 2500 MB, 1.00 load
[runlim] sample:		33870.42 time, 33870.01 real, 2508 MB, 1.00 load
[runlim] sample:		33880.42 time, 33880.01 real, 2500 MB, 1.00 load
[runlim] sample:		33890.44 time, 33890.01 real, 2500 MB, 1.00 load
[runlim] sample:		33900.45 time, 33900.01 real, 2518 MB, 1.00 load
[runlim] sample:		33910.45 time, 33910.01 real, 2516 MB, 1.00 load
[runlim] sample:		33920.46 time, 33920.01 real, 2519 MB, 1.00 load
[runlim] sample:		33930.47 time, 33930.01 real, 2503 MB, 1.00 load
[runlim] sample:		33940.48 time, 33940.01 real, 2503 MB, 1.08 load
[runlim] sample:		33950.49 time, 33950.01 real, 2511 MB, 1.14 load
[runlim] sample:		33960.49 time, 33960.01 real, 2505 MB, 1.12 load
[runlim] sample:		33970.50 time, 33970.01 real, 2503 MB, 1.10 load
[runlim] sample:		33980.51 time, 33980.01 real, 2557 MB, 1.08 load
[runlim] sample:		33990.52 time, 33990.01 real, 2559 MB, 1.07 load
[runlim] sample:		34000.52 time, 34000.01 real, 2559 MB, 1.06 load
[runlim] sample:		34010.53 time, 34010.01 real, 2559 MB, 1.05 load
Configuration: LP-DU-Input-DiffZono-RS-DB

Warmup...

NN₁: mnist_relu_2_512_gemm.onnx
NN₂: mnist_relu_2_512_0.79.onnx
Prop: mnist_0_global_3.vnnlib
[runlim] sample:		34020.53 time, 34020.01 real, 2412 MB, 1.04 load
[runlim] sample:		34030.54 time, 34030.01 real, 2412 MB, 1.04 load
[runlim] sample:		34040.55 time, 34040.01 real, 2412 MB, 1.03 load
[runlim] sample:		34050.56 time, 34050.01 real, 2412 MB, 1.02 load
[runlim] sample:		34060.50 time, 34060.01 real, 2412 MB, 1.02 load
[runlim] sample:		34070.52 time, 34070.01 real, 2412 MB, 1.02 load
[runlim] sample:		34080.52 time, 34080.01 real, 2412 MB, 1.01 load
[runlim] sample:		34090.53 time, 34090.01 real, 2412 MB, 1.01 load
[runlim] sample:		34100.54 time, 34100.01 real, 2412 MB, 1.01 load
[runlim] sample:		34110.54 time, 34110.01 real, 2412 MB, 1.01 load
[runlim] sample:		34120.55 time, 34120.01 real, 2412 MB, 1.01 load
[runlim] sample:		34130.55 time, 34130.01 real, 2412 MB, 1.00 load

Warmup End

NN₁: mnist_relu_2_512_gemm.onnx
NN₂: mnist_relu_2_512_0.79.onnx
Prop: mnist_0_global_4.vnnlib
[runlim] sample:		34140.56 time, 34140.01 real, 2412 MB, 1.00 load
[runlim] sample:		34150.56 time, 34150.01 real, 2412 MB, 1.00 load

NN₁: mnist_relu_2_512_gemm.onnx
NN₂: mnist_relu_2_512_0.79.onnx
Prop: mnist_0_global_5.vnnlib
[runlim] sample:		34160.56 time, 34160.01 real, 2412 MB, 1.00 load

NN₁: mnist_relu_2_512_gemm.onnx
NN₂: mnist_relu_2_512_0.79.onnx
Prop: mnist_1_global_4.vnnlib

NN₁: mnist_relu_2_512_gemm.onnx
NN₂: mnist_relu_2_512_0.79.onnx
Prop: mnist_1_global_5.vnnlib

NN₁: mnist_relu_2_512_gemm.onnx
NN₂: mnist_relu_2_512_0.79.onnx
Prop: mnist_2_global_4.vnnlib
[runlim] sample:		34170.57 time, 34170.01 real, 2412 MB, 1.00 load
[runlim] sample:		34180.58 time, 34180.01 real, 2412 MB, 1.00 load
[runlim] sample:		34190.59 time, 34190.01 real, 2412 MB, 1.00 load
[runlim] sample:		34200.59 time, 34200.01 real, 2412 MB, 1.00 load
[runlim] sample:		34210.60 time, 34210.01 real, 2412 MB, 1.00 load
[runlim] sample:		34220.60 time, 34220.01 real, 2412 MB, 1.00 load
[runlim] sample:		34230.61 time, 34230.01 real, 2412 MB, 1.00 load
[runlim] sample:		34240.62 time, 34240.01 real, 2412 MB, 1.00 load
[runlim] sample:		34250.63 time, 34250.01 real, 2412 MB, 1.00 load
[runlim] sample:		34260.63 time, 34260.01 real, 2412 MB, 1.00 load
[runlim] sample:		34270.64 time, 34270.01 real, 2412 MB, 1.00 load
[runlim] sample:		34280.65 time, 34280.01 real, 2412 MB, 1.00 load

NN₁: mnist_relu_2_512_gemm.onnx
NN₂: mnist_relu_2_512_0.79.onnx
Prop: mnist_3_global_5.vnnlib
[runlim] sample:		34290.65 time, 34290.01 real, 2412 MB, 1.00 load
[runlim] sample:		34300.66 time, 34300.01 real, 2412 MB, 1.00 load
[runlim] sample:		34310.67 time, 34310.01 real, 2412 MB, 1.00 load
[runlim] sample:		34320.68 time, 34320.01 real, 2412 MB, 1.08 load
[runlim] sample:		34330.59 time, 34330.01 real, 2412 MB, 1.07 load
[runlim] sample:		34340.60 time, 34340.01 real, 2412 MB, 1.06 load
[runlim] sample:		34350.61 time, 34350.01 real, 2412 MB, 1.05 load
[runlim] sample:		34360.62 time, 34360.01 real, 2412 MB, 1.04 load
[runlim] sample:		34370.63 time, 34370.01 real, 2412 MB, 1.03 load
[runlim] sample:		34380.64 time, 34380.01 real, 2412 MB, 1.03 load
[runlim] sample:		34390.64 time, 34390.01 real, 2412 MB, 1.10 load
[runlim] sample:		34400.65 time, 34400.01 real, 2412 MB, 1.09 load
[runlim] sample:		34410.66 time, 34410.01 real, 2412 MB, 1.07 load
[runlim] sample:		34420.67 time, 34420.01 real, 2412 MB, 1.06 load
[runlim] sample:		34430.67 time, 34430.01 real, 2412 MB, 1.05 load
[runlim] sample:		34440.69 time, 34440.01 real, 2412 MB, 1.12 load
[runlim] sample:		34450.69 time, 34450.01 real, 2412 MB, 1.26 load
[runlim] sample:		34460.69 time, 34460.01 real, 2412 MB, 1.22 load
[runlim] sample:		34470.71 time, 34470.01 real, 2412 MB, 1.19 load
[runlim] sample:		34480.71 time, 34480.01 real, 2412 MB, 1.16 load
[runlim] sample:		34490.72 time, 34490.01 real, 2412 MB, 1.21 load
[runlim] sample:		34500.73 time, 34500.01 real, 2412 MB, 1.18 load
[runlim] sample:		34510.73 time, 34510.01 real, 2412 MB, 1.15 load
[runlim] sample:		34520.75 time, 34520.01 real, 2412 MB, 1.13 load
[runlim] sample:		34530.75 time, 34530.01 real, 2412 MB, 1.11 load
[runlim] sample:		34540.76 time, 34540.01 real, 2412 MB, 1.09 load
[runlim] sample:		34550.77 time, 34550.01 real, 2412 MB, 1.08 load
[runlim] sample:		34560.77 time, 34560.01 real, 2412 MB, 1.06 load
[runlim] sample:		34570.78 time, 34570.01 real, 2412 MB, 1.05 load
[runlim] sample:		34580.79 time, 34580.01 real, 2412 MB, 1.05 load
[runlim] sample:		34590.79 time, 34590.01 real, 2412 MB, 1.04 load
[runlim] sample:		34600.70 time, 34600.01 real, 2412 MB, 1.03 load
[runlim] sample:		34610.70 time, 34610.01 real, 2412 MB, 1.03 load
[runlim] sample:		34620.71 time, 34620.01 real, 2412 MB, 1.02 load
[runlim] sample:		34630.72 time, 34630.01 real, 2412 MB, 1.02 load
[runlim] sample:		34640.72 time, 34640.01 real, 2412 MB, 1.02 load
[runlim] sample:		34650.73 time, 34650.01 real, 2412 MB, 1.01 load
[runlim] sample:		34660.74 time, 34660.01 real, 2412 MB, 1.01 load
[runlim] sample:		34670.74 time, 34670.01 real, 2412 MB, 1.01 load
[runlim] sample:		34680.76 time, 34680.01 real, 2412 MB, 1.01 load
[runlim] sample:		34690.77 time, 34690.01 real, 2412 MB, 1.00 load
[runlim] sample:		34700.77 time, 34700.01 real, 2412 MB, 1.00 load
[runlim] sample:		34710.78 time, 34710.01 real, 2412 MB, 1.00 load
[runlim] sample:		34720.78 time, 34720.01 real, 2412 MB, 1.00 load
[runlim] sample:		34730.79 time, 34730.01 real, 2412 MB, 1.00 load
[runlim] sample:		34740.80 time, 34740.01 real, 2412 MB, 1.00 load
[runlim] sample:		34750.81 time, 34750.01 real, 2412 MB, 1.00 load
[runlim] sample:		34760.81 time, 34760.01 real, 2412 MB, 1.00 load
[runlim] sample:		34770.82 time, 34770.01 real, 2412 MB, 1.00 load
[runlim] sample:		34780.83 time, 34780.01 real, 2412 MB, 1.00 load
[runlim] sample:		34790.84 time, 34790.01 real, 2412 MB, 1.00 load
[runlim] sample:		34800.85 time, 34800.01 real, 2412 MB, 1.00 load
[runlim] sample:		34810.85 time, 34810.01 real, 2412 MB, 1.00 load
[runlim] sample:		34820.86 time, 34820.01 real, 2412 MB, 1.00 load
[runlim] sample:		34830.87 time, 34830.01 real, 2412 MB, 1.07 load
[runlim] sample:		34840.88 time, 34840.01 real, 2412 MB, 1.06 load
[runlim] sample:		34850.88 time, 34850.01 real, 2412 MB, 1.05 load
[runlim] sample:		34860.89 time, 34860.01 real, 2412 MB, 1.04 load
[runlim] sample:		34870.79 time, 34870.01 real, 2412 MB, 1.04 load
[runlim] sample:		34880.80 time, 34880.01 real, 2412 MB, 1.03 load

NN₁: mnist_relu_2_512_gemm.onnx
NN₂: mnist_relu_2_512_0.79.onnx
Prop: mnist_4_global_4.vnnlib
[runlim] sample:		34890.80 time, 34890.01 real, 2412 MB, 1.02 load
[runlim] sample:		34900.81 time, 34900.01 real, 2412 MB, 1.02 load
[runlim] sample:		34910.81 time, 34910.01 real, 2412 MB, 1.02 load
[runlim] sample:		34920.83 time, 34920.01 real, 2412 MB, 1.01 load
[runlim] sample:		34930.83 time, 34930.01 real, 2412 MB, 1.01 load
[runlim] sample:		34940.84 time, 34940.01 real, 2412 MB, 1.09 load
[runlim] sample:		34950.85 time, 34950.01 real, 2412 MB, 1.23 load
[runlim] sample:		34960.86 time, 34960.01 real, 2412 MB, 1.19 load
[runlim] sample:		34970.86 time, 34970.01 real, 2412 MB, 1.16 load
[runlim] sample:		34980.88 time, 34980.01 real, 2412 MB, 1.14 load
[runlim] sample:		34990.88 time, 34990.01 real, 2412 MB, 1.12 load
[runlim] sample:		35000.89 time, 35000.01 real, 2412 MB, 1.10 load
[runlim] sample:		35010.90 time, 35010.01 real, 2412 MB, 1.08 load
[runlim] sample:		35020.90 time, 35020.01 real, 2412 MB, 1.07 load
[runlim] sample:		35030.92 time, 35030.01 real, 2412 MB, 1.06 load
[runlim] sample:		35040.93 time, 35040.01 real, 2412 MB, 1.05 load
[runlim] sample:		35050.93 time, 35050.01 real, 2412 MB, 1.04 load
[runlim] sample:		35060.94 time, 35060.01 real, 2412 MB, 1.03 load
[runlim] sample:		35070.94 time, 35070.01 real, 2412 MB, 1.03 load
[runlim] sample:		35080.96 time, 35080.01 real, 2412 MB, 1.02 load
[runlim] sample:		35090.96 time, 35090.01 real, 2412 MB, 1.02 load
[runlim] sample:		35100.97 time, 35100.01 real, 2412 MB, 1.02 load
[runlim] sample:		35110.98 time, 35110.01 real, 2412 MB, 1.01 load
[runlim] sample:		35120.99 time, 35120.01 real, 2412 MB, 1.01 load
[runlim] sample:		35130.99 time, 35130.01 real, 2412 MB, 1.01 load
[runlim] sample:		35140.90 time, 35140.01 real, 2412 MB, 1.01 load
[runlim] sample:		35150.91 time, 35150.01 real, 2412 MB, 1.01 load
[runlim] sample:		35160.92 time, 35160.01 real, 2412 MB, 1.08 load
[runlim] sample:		35170.93 time, 35170.01 real, 2412 MB, 1.07 load
[runlim] sample:		35180.93 time, 35180.01 real, 2412 MB, 1.06 load
[runlim] sample:		35190.94 time, 35190.01 real, 2412 MB, 1.05 load
[runlim] sample:		35200.95 time, 35200.01 real, 2412 MB, 1.04 load
[runlim] sample:		35210.96 time, 35210.01 real, 2412 MB, 1.03 load
[runlim] sample:		35220.96 time, 35220.01 real, 2412 MB, 1.03 load
[runlim] sample:		35230.97 time, 35230.01 real, 2412 MB, 1.02 load
[runlim] sample:		35240.98 time, 35240.01 real, 2412 MB, 1.02 load
[runlim] sample:		35250.99 time, 35250.01 real, 2412 MB, 1.02 load
[runlim] sample:		35261.00 time, 35260.01 real, 2412 MB, 1.01 load
[runlim] sample:		35271.01 time, 35270.01 real, 2412 MB, 1.01 load
[runlim] sample:		35281.01 time, 35280.01 real, 2412 MB, 1.01 load
[runlim] sample:		35291.02 time, 35290.01 real, 2412 MB, 1.01 load
[runlim] sample:		35301.03 time, 35300.01 real, 2412 MB, 1.00 load
[runlim] sample:		35311.04 time, 35310.01 real, 2412 MB, 1.00 load
[runlim] sample:		35321.04 time, 35320.01 real, 2412 MB, 1.00 load
[runlim] sample:		35331.06 time, 35330.01 real, 2412 MB, 1.00 load
[runlim] sample:		35341.06 time, 35340.01 real, 2412 MB, 1.00 load
[runlim] sample:		35351.07 time, 35350.01 real, 2412 MB, 1.00 load
[runlim] sample:		35361.07 time, 35360.01 real, 2412 MB, 1.00 load
[runlim] sample:		35371.08 time, 35370.01 real, 2412 MB, 1.00 load
[runlim] sample:		35381.10 time, 35380.01 real, 2412 MB, 1.00 load
[runlim] sample:		35391.10 time, 35390.01 real, 2412 MB, 1.00 load
[runlim] sample:		35401.12 time, 35400.01 real, 2412 MB, 1.00 load
[runlim] sample:		35411.07 time, 35410.01 real, 2412 MB, 1.00 load
[runlim] sample:		35421.08 time, 35420.01 real, 2412 MB, 1.00 load
[runlim] sample:		35431.08 time, 35430.01 real, 2412 MB, 1.00 load
[runlim] sample:		35441.09 time, 35440.01 real, 2412 MB, 1.08 load
[runlim] sample:		35451.10 time, 35450.01 real, 2412 MB, 1.14 load
[runlim] sample:		35461.10 time, 35460.01 real, 2412 MB, 1.12 load
[runlim] sample:		35471.11 time, 35470.01 real, 2412 MB, 1.10 load
[runlim] sample:		35481.13 time, 35480.01 real, 2412 MB, 1.08 load

NN₁: mnist_relu_2_512_gemm.onnx
NN₂: mnist_relu_2_512_0.79.onnx
Prop: mnist_4_global_5.vnnlib
[runlim] sample:		35491.12 time, 35490.01 real, 2412 MB, 1.07 load
[runlim] sample:		35501.13 time, 35500.01 real, 2412 MB, 1.06 load
[runlim] sample:		35511.14 time, 35510.01 real, 2412 MB, 1.05 load
[runlim] sample:		35521.14 time, 35520.01 real, 2412 MB, 1.04 load
[runlim] sample:		35531.16 time, 35530.01 real, 2412 MB, 1.11 load
[runlim] sample:		35541.16 time, 35540.01 real, 2412 MB, 1.09 load
[runlim] sample:		35551.17 time, 35550.01 real, 2412 MB, 1.08 load
[runlim] sample:		35561.18 time, 35560.01 real, 2412 MB, 1.07 load
[runlim] sample:		35571.18 time, 35570.01 real, 2412 MB, 1.06 load
[runlim] sample:		35581.19 time, 35580.01 real, 2412 MB, 1.05 load
[runlim] sample:		35591.21 time, 35590.01 real, 2412 MB, 1.04 load
[runlim] sample:		35601.21 time, 35600.01 real, 2412 MB, 1.03 load
[runlim] sample:		35611.22 time, 35610.01 real, 2412 MB, 1.03 load
[runlim] sample:		35621.23 time, 35620.01 real, 2412 MB, 1.02 load
[runlim] sample:		35631.24 time, 35630.01 real, 2412 MB, 1.02 load
[runlim] sample:		35641.24 time, 35640.01 real, 2412 MB, 1.02 load
[runlim] sample:		35651.25 time, 35650.01 real, 2412 MB, 1.01 load
[runlim] sample:		35661.26 time, 35660.01 real, 2412 MB, 1.01 load
[runlim] sample:		35671.27 time, 35670.01 real, 2412 MB, 1.01 load
[runlim] sample:		35681.17 time, 35680.01 real, 2412 MB, 1.01 load
[runlim] sample:		35691.18 time, 35690.01 real, 2412 MB, 1.00 load
[runlim] sample:		35701.19 time, 35700.01 real, 2412 MB, 1.00 load
[runlim] sample:		35711.19 time, 35710.01 real, 2412 MB, 1.00 load
[runlim] sample:		35721.20 time, 35720.01 real, 2412 MB, 1.00 load
[runlim] sample:		35731.21 time, 35730.01 real, 2412 MB, 1.00 load
[runlim] sample:		35741.22 time, 35740.01 real, 2412 MB, 1.00 load
[runlim] sample:		35751.23 time, 35750.01 real, 2412 MB, 1.32 load
[runlim] sample:		35761.23 time, 35760.01 real, 2412 MB, 1.27 load
[runlim] sample:		35771.24 time, 35770.01 real, 2412 MB, 1.23 load
[runlim] sample:		35781.25 time, 35780.01 real, 2412 MB, 1.19 load
[runlim] sample:		35791.26 time, 35790.01 real, 2412 MB, 1.16 load
[runlim] sample:		35801.27 time, 35800.01 real, 2412 MB, 1.14 load
[runlim] sample:		35811.28 time, 35810.01 real, 2412 MB, 1.12 load
[runlim] sample:		35821.28 time, 35820.01 real, 2412 MB, 1.10 load
[runlim] sample:		35831.29 time, 35830.01 real, 2412 MB, 1.08 load
[runlim] sample:		35841.30 time, 35840.01 real, 2412 MB, 1.07 load
[runlim] sample:		35851.31 time, 35850.01 real, 2412 MB, 1.06 load
[runlim] sample:		35861.32 time, 35860.01 real, 2412 MB, 1.05 load
[runlim] sample:		35871.33 time, 35870.01 real, 2412 MB, 1.04 load
[runlim] sample:		35881.33 time, 35880.01 real, 2412 MB, 1.03 load
[runlim] sample:		35891.34 time, 35890.01 real, 2412 MB, 1.03 load
[runlim] sample:		35901.35 time, 35900.01 real, 2412 MB, 1.02 load
[runlim] sample:		35911.36 time, 35910.01 real, 2412 MB, 1.02 load
[runlim] sample:		35921.36 time, 35920.01 real, 2412 MB, 1.02 load
[runlim] sample:		35931.37 time, 35930.01 real, 2412 MB, 1.01 load
[runlim] sample:		35941.38 time, 35940.01 real, 2412 MB, 1.09 load
[runlim] sample:		35951.28 time, 35950.01 real, 2412 MB, 1.15 load
[runlim] sample:		35961.29 time, 35960.01 real, 2412 MB, 1.13 load
[runlim] sample:		35971.30 time, 35970.01 real, 2412 MB, 1.11 load
[runlim] sample:		35981.30 time, 35980.01 real, 2412 MB, 1.09 load
[runlim] sample:		35991.32 time, 35990.01 real, 2412 MB, 1.08 load
[runlim] sample:		36001.33 time, 36000.01 real, 2412 MB, 1.06 load
[runlim] sample:		36011.33 time, 36010.01 real, 2412 MB, 1.05 load
[runlim] sample:		36021.34 time, 36020.01 real, 2412 MB, 1.04 load
[runlim] sample:		36031.35 time, 36030.01 real, 2412 MB, 1.04 load
[runlim] sample:		36041.36 time, 36040.01 real, 2412 MB, 1.03 load
[runlim] sample:		36051.36 time, 36050.01 real, 2412 MB, 1.03 load
[runlim] sample:		36061.37 time, 36060.01 real, 2412 MB, 1.02 load
[runlim] sample:		36071.38 time, 36070.01 real, 2412 MB, 1.02 load
[runlim] sample:		36081.39 time, 36080.01 real, 2412 MB, 1.01 load

NN₁: mnist_relu_2_512_gemm.onnx
NN₂: mnist_relu_2_512_0.79.onnx
Prop: mnist_5_global_4.vnnlib
[runlim] sample:		36091.39 time, 36090.01 real, 2412 MB, 1.01 load
[runlim] sample:		36101.40 time, 36100.01 real, 2412 MB, 1.01 load
[runlim] sample:		36111.41 time, 36110.01 real, 2412 MB, 1.01 load
[runlim] sample:		36121.41 time, 36120.01 real, 2412 MB, 1.01 load
[runlim] sample:		36131.42 time, 36130.01 real, 2412 MB, 1.00 load
[runlim] sample:		36141.43 time, 36140.01 real, 2412 MB, 1.00 load
[runlim] sample:		36151.44 time, 36150.01 real, 2412 MB, 1.00 load
[runlim] sample:		36161.44 time, 36160.01 real, 2412 MB, 1.00 load
[runlim] sample:		36171.45 time, 36170.01 real, 2412 MB, 1.00 load
[runlim] sample:		36181.46 time, 36180.01 real, 2412 MB, 1.00 load
[runlim] sample:		36191.47 time, 36190.01 real, 2412 MB, 1.00 load
[runlim] sample:		36201.48 time, 36200.01 real, 2412 MB, 1.00 load
[runlim] sample:		36211.49 time, 36210.01 real, 2412 MB, 1.00 load
[runlim] sample:		36221.44 time, 36220.01 real, 2412 MB, 1.00 load
[runlim] sample:		36231.45 time, 36230.01 real, 2412 MB, 1.00 load
[runlim] sample:		36241.46 time, 36240.01 real, 2412 MB, 1.00 load
[runlim] sample:		36251.46 time, 36250.01 real, 2412 MB, 1.00 load
[runlim] sample:		36261.47 time, 36260.01 real, 2412 MB, 1.00 load
[runlim] sample:		36271.48 time, 36270.01 real, 2412 MB, 1.00 load
[runlim] sample:		36281.48 time, 36280.01 real, 2412 MB, 1.00 load
[runlim] sample:		36291.50 time, 36290.01 real, 2412 MB, 1.00 load
[runlim] sample:		36301.50 time, 36300.01 real, 2412 MB, 1.00 load
[runlim] sample:		36311.51 time, 36310.01 real, 2412 MB, 1.00 load
[runlim] sample:		36321.52 time, 36320.01 real, 2412 MB, 1.00 load
[runlim] sample:		36331.53 time, 36330.01 real, 2412 MB, 1.00 load
[runlim] sample:		36341.54 time, 36340.01 real, 2412 MB, 1.00 load
[runlim] sample:		36351.55 time, 36350.01 real, 2412 MB, 1.00 load
[runlim] sample:		36361.56 time, 36360.01 real, 2412 MB, 1.00 load
[runlim] sample:		36371.56 time, 36370.01 real, 2412 MB, 1.00 load
[runlim] sample:		36381.57 time, 36380.01 real, 2412 MB, 1.00 load
[runlim] sample:		36391.58 time, 36390.01 real, 2412 MB, 1.00 load
[runlim] sample:		36401.59 time, 36400.01 real, 2412 MB, 1.00 load
[runlim] sample:		36411.60 time, 36410.01 real, 2412 MB, 1.00 load
[runlim] sample:		36421.61 time, 36420.01 real, 2412 MB, 1.00 load
[runlim] sample:		36431.61 time, 36430.01 real, 2412 MB, 1.00 load
[runlim] sample:		36441.62 time, 36440.01 real, 2412 MB, 1.08 load
[runlim] sample:		36451.63 time, 36450.01 real, 2412 MB, 1.14 load
[runlim] sample:		36461.64 time, 36460.01 real, 2412 MB, 1.12 load
[runlim] sample:		36471.65 time, 36470.01 real, 2412 MB, 1.10 load
[runlim] sample:		36481.66 time, 36480.01 real, 2412 MB, 1.08 load
[runlim] sample:		36491.57 time, 36490.01 real, 2412 MB, 1.07 load
[runlim] sample:		36501.58 time, 36500.01 real, 2412 MB, 1.06 load
[runlim] sample:		36511.59 time, 36510.01 real, 2412 MB, 1.05 load
[runlim] sample:		36521.60 time, 36520.01 real, 2412 MB, 1.04 load
[runlim] sample:		36531.60 time, 36530.01 real, 2412 MB, 1.04 load
[runlim] sample:		36541.61 time, 36540.01 real, 2412 MB, 1.03 load
[runlim] sample:		36551.62 time, 36550.01 real, 2412 MB, 1.02 load
[runlim] sample:		36561.63 time, 36560.01 real, 2412 MB, 1.02 load
[runlim] sample:		36571.63 time, 36570.01 real, 2412 MB, 1.02 load
[runlim] sample:		36581.63 time, 36580.01 real, 2412 MB, 1.01 load
[runlim] sample:		36591.64 time, 36590.01 real, 2412 MB, 1.01 load
[runlim] sample:		36601.64 time, 36600.01 real, 2412 MB, 1.01 load
[runlim] sample:		36611.65 time, 36610.01 real, 2412 MB, 1.01 load
[runlim] sample:		36621.65 time, 36620.01 real, 2412 MB, 1.01 load
[runlim] sample:		36631.66 time, 36630.01 real, 2412 MB, 1.00 load
[runlim] sample:		36641.66 time, 36640.01 real, 2412 MB, 1.00 load
[runlim] sample:		36651.67 time, 36650.01 real, 2412 MB, 1.00 load
[runlim] sample:		36661.67 time, 36660.01 real, 2412 MB, 1.00 load
[runlim] sample:		36671.67 time, 36670.01 real, 2412 MB, 1.00 load
[runlim] sample:		36681.67 time, 36680.01 real, 2412 MB, 1.00 load

NN₁: mnist_relu_2_512_gemm.onnx
NN₂: mnist_relu_2_512_0.79.onnx
Prop: mnist_5_global_5.vnnlib
[runlim] sample:		36691.67 time, 36690.01 real, 2412 MB, 1.00 load

NN₁: mnist_relu_2_512_gemm.onnx
NN₂: mnist_relu_2_512_0.79.onnx
Prop: mnist_6_global_4.vnnlib
[runlim] sample:		36701.67 time, 36700.01 real, 2412 MB, 1.00 load
[runlim] sample:		36711.68 time, 36710.01 real, 2412 MB, 1.00 load
[runlim] sample:		36721.68 time, 36720.01 real, 2412 MB, 1.00 load

NN₁: mnist_relu_2_512_gemm.onnx
NN₂: mnist_relu_2_512_0.79.onnx
Prop: mnist_6_global_5.vnnlib
[runlim] sample:		36731.68 time, 36730.01 real, 2412 MB, 1.00 load

NN₁: mnist_relu_2_512_gemm.onnx
NN₂: mnist_relu_2_512_0.79.onnx
Prop: mnist_7_global_4.vnnlib
[runlim] sample:		36741.67 time, 36740.01 real, 2412 MB, 1.00 load
[runlim] sample:		36751.68 time, 36750.01 real, 2412 MB, 1.00 load
[runlim] sample:		36761.61 time, 36760.01 real, 2412 MB, 1.00 load
[runlim] sample:		36771.63 time, 36770.01 real, 2412 MB, 1.00 load
[runlim] sample:		36781.63 time, 36780.01 real, 2412 MB, 1.00 load
[runlim] sample:		36791.63 time, 36790.01 real, 2412 MB, 1.00 load
[runlim] sample:		36801.63 time, 36800.01 real, 2412 MB, 1.00 load
[runlim] sample:		36811.63 time, 36810.01 real, 2412 MB, 1.00 load
[runlim] sample:		36821.64 time, 36820.01 real, 2412 MB, 1.00 load
[runlim] sample:		36831.65 time, 36830.01 real, 2412 MB, 1.00 load
[runlim] sample:		36841.65 time, 36840.01 real, 2412 MB, 1.00 load
[runlim] sample:		36851.65 time, 36850.01 real, 2412 MB, 1.00 load
[runlim] sample:		36861.65 time, 36860.01 real, 2412 MB, 1.00 load
[runlim] sample:		36871.66 time, 36870.01 real, 2412 MB, 1.00 load
[runlim] sample:		36881.66 time, 36880.01 real, 2412 MB, 1.00 load
[runlim] sample:		36891.67 time, 36890.01 real, 2412 MB, 1.00 load
[runlim] sample:		36901.67 time, 36900.01 real, 2412 MB, 1.00 load
[runlim] sample:		36911.67 time, 36910.01 real, 2412 MB, 1.00 load
[runlim] sample:		36921.68 time, 36920.01 real, 2412 MB, 1.00 load
[runlim] sample:		36931.68 time, 36930.01 real, 2412 MB, 1.00 load
[runlim] sample:		36941.68 time, 36940.01 real, 2412 MB, 1.08 load
[runlim] sample:		36951.68 time, 36950.01 real, 2412 MB, 1.14 load
[runlim] sample:		36961.69 time, 36960.01 real, 2412 MB, 1.12 load
[runlim] sample:		36971.70 time, 36970.01 real, 2412 MB, 1.10 load
[runlim] sample:		36981.70 time, 36980.01 real, 2412 MB, 1.08 load
[runlim] sample:		36991.70 time, 36990.01 real, 2412 MB, 1.07 load
[runlim] sample:		37001.70 time, 37000.01 real, 2412 MB, 1.06 load
[runlim] sample:		37011.70 time, 37010.01 real, 2412 MB, 1.05 load
[runlim] sample:		37021.71 time, 37020.01 real, 2412 MB, 1.04 load
[runlim] sample:		37031.65 time, 37030.01 real, 2412 MB, 1.04 load
[runlim] sample:		37041.65 time, 37040.01 real, 2412 MB, 1.03 load
[runlim] sample:		37051.65 time, 37050.01 real, 2412 MB, 1.02 load
[runlim] sample:		37061.66 time, 37060.01 real, 2412 MB, 1.02 load
[runlim] sample:		37071.66 time, 37070.01 real, 2412 MB, 1.02 load
[runlim] sample:		37081.67 time, 37080.01 real, 2412 MB, 1.01 load
[runlim] sample:		37091.67 time, 37090.01 real, 2412 MB, 1.01 load
[runlim] sample:		37101.67 time, 37100.01 real, 2412 MB, 1.01 load
[runlim] sample:		37111.68 time, 37110.01 real, 2412 MB, 1.01 load
[runlim] sample:		37121.68 time, 37120.01 real, 2412 MB, 1.01 load
[runlim] sample:		37131.69 time, 37130.01 real, 2412 MB, 1.00 load
[runlim] sample:		37141.69 time, 37140.01 real, 2412 MB, 1.00 load
[runlim] sample:		37151.69 time, 37150.01 real, 2412 MB, 1.00 load
[runlim] sample:		37161.69 time, 37160.01 real, 2412 MB, 1.00 load
[runlim] sample:		37171.70 time, 37170.01 real, 2412 MB, 1.00 load
[runlim] sample:		37181.69 time, 37180.01 real, 2412 MB, 1.00 load
[runlim] sample:		37191.71 time, 37190.01 real, 2412 MB, 1.00 load
[runlim] sample:		37201.71 time, 37200.01 real, 2412 MB, 1.00 load
[runlim] sample:		37211.70 time, 37210.01 real, 2412 MB, 1.00 load
[runlim] sample:		37221.71 time, 37220.01 real, 2412 MB, 1.00 load
[runlim] sample:		37231.72 time, 37230.01 real, 2412 MB, 1.00 load
[runlim] sample:		37241.72 time, 37240.01 real, 2412 MB, 1.00 load
[runlim] sample:		37251.72 time, 37250.01 real, 2412 MB, 1.00 load
[runlim] sample:		37261.72 time, 37260.01 real, 2412 MB, 1.00 load
[runlim] sample:		37271.73 time, 37270.01 real, 2412 MB, 1.00 load
[runlim] sample:		37281.73 time, 37280.01 real, 2412 MB, 1.00 load
[runlim] sample:		37291.74 time, 37290.01 real, 2412 MB, 1.00 load
[runlim] sample:		37301.69 time, 37300.01 real, 2412 MB, 1.00 load
[runlim] sample:		37311.70 time, 37310.01 real, 2412 MB, 1.00 load
[runlim] sample:		37321.71 time, 37320.01 real, 2412 MB, 1.00 load
[runlim] sample:		37331.71 time, 37330.01 real, 2412 MB, 1.00 load

NN₁: mnist_relu_2_512_gemm.onnx
NN₂: mnist_relu_2_512_0.79.onnx
Prop: mnist_7_global_5.vnnlib
[runlim] sample:		37341.63 time, 37340.01 real, 2412 MB, 1.00 load
[runlim] sample:		37351.64 time, 37350.01 real, 2412 MB, 1.00 load
[runlim] sample:		37361.65 time, 37360.01 real, 2412 MB, 1.00 load
[runlim] sample:		37371.65 time, 37370.01 real, 2412 MB, 1.00 load
[runlim] sample:		37381.66 time, 37380.01 real, 2412 MB, 1.00 load
[runlim] sample:		37391.67 time, 37390.01 real, 2412 MB, 1.00 load
[runlim] sample:		37401.67 time, 37400.01 real, 2412 MB, 1.00 load
[runlim] sample:		37411.68 time, 37410.01 real, 2412 MB, 1.00 load
[runlim] sample:		37421.69 time, 37420.01 real, 2412 MB, 1.00 load
[runlim] sample:		37431.70 time, 37430.01 real, 2412 MB, 1.00 load
[runlim] sample:		37441.72 time, 37440.01 real, 2412 MB, 1.08 load
[runlim] sample:		37451.72 time, 37450.01 real, 2412 MB, 1.14 load
[runlim] sample:		37461.73 time, 37460.01 real, 2412 MB, 1.12 load
[runlim] sample:		37471.74 time, 37470.01 real, 2412 MB, 1.10 load
[runlim] sample:		37481.74 time, 37480.01 real, 2412 MB, 1.08 load
[runlim] sample:		37491.76 time, 37490.01 real, 2412 MB, 1.07 load
[runlim] sample:		37501.75 time, 37500.01 real, 2412 MB, 1.06 load
[runlim] sample:		37511.77 time, 37510.01 real, 2412 MB, 1.05 load
[runlim] sample:		37521.78 time, 37520.01 real, 2412 MB, 1.04 load
[runlim] sample:		37531.78 time, 37530.01 real, 2412 MB, 1.04 load
[runlim] sample:		37541.79 time, 37540.01 real, 2412 MB, 1.03 load
[runlim] sample:		37551.80 time, 37550.01 real, 2412 MB, 1.02 load
[runlim] sample:		37561.81 time, 37560.01 real, 2412 MB, 1.02 load
[runlim] sample:		37571.73 time, 37570.01 real, 2412 MB, 1.02 load
[runlim] sample:		37581.73 time, 37580.01 real, 2412 MB, 1.01 load
[runlim] sample:		37591.74 time, 37590.01 real, 2412 MB, 1.01 load
[runlim] sample:		37601.75 time, 37600.01 real, 2412 MB, 1.01 load
[runlim] sample:		37611.76 time, 37610.01 real, 2412 MB, 1.01 load
[runlim] sample:		37621.77 time, 37620.01 real, 2412 MB, 1.01 load
[runlim] sample:		37631.77 time, 37630.01 real, 2412 MB, 1.00 load
[runlim] sample:		37641.78 time, 37640.01 real, 2412 MB, 1.00 load
[runlim] sample:		37651.79 time, 37650.01 real, 2412 MB, 1.00 load
[runlim] sample:		37661.79 time, 37660.01 real, 2412 MB, 1.00 load
[runlim] sample:		37671.80 time, 37670.01 real, 2412 MB, 1.00 load
[runlim] sample:		37681.81 time, 37680.01 real, 2412 MB, 1.00 load
[runlim] sample:		37691.82 time, 37690.01 real, 2412 MB, 1.00 load
[runlim] sample:		37701.83 time, 37700.01 real, 2412 MB, 1.00 load
[runlim] sample:		37711.84 time, 37710.01 real, 2412 MB, 1.00 load
[runlim] sample:		37721.84 time, 37720.01 real, 2412 MB, 1.00 load
[runlim] sample:		37731.85 time, 37730.01 real, 2412 MB, 1.00 load
[runlim] sample:		37741.86 time, 37740.01 real, 2412 MB, 1.00 load
[runlim] sample:		37751.87 time, 37750.01 real, 2412 MB, 1.00 load
[runlim] sample:		37761.88 time, 37760.01 real, 2412 MB, 1.00 load
[runlim] sample:		37771.88 time, 37770.01 real, 2412 MB, 1.00 load
[runlim] sample:		37781.89 time, 37780.01 real, 2412 MB, 1.00 load
[runlim] sample:		37791.90 time, 37790.01 real, 2412 MB, 1.00 load
[runlim] sample:		37801.90 time, 37800.01 real, 2412 MB, 1.00 load
[runlim] sample:		37811.91 time, 37810.01 real, 2412 MB, 1.00 load
[runlim] sample:		37821.92 time, 37820.01 real, 2412 MB, 1.00 load
[runlim] sample:		37831.92 time, 37830.01 real, 2412 MB, 1.00 load
[runlim] sample:		37841.87 time, 37840.01 real, 2412 MB, 1.00 load
[runlim] sample:		37851.87 time, 37850.01 real, 2412 MB, 1.00 load
[runlim] sample:		37861.88 time, 37860.01 real, 2412 MB, 1.00 load
[runlim] sample:		37871.89 time, 37870.01 real, 2412 MB, 1.00 load
[runlim] sample:		37881.90 time, 37880.01 real, 2412 MB, 1.00 load
[runlim] sample:		37891.91 time, 37890.01 real, 2412 MB, 1.00 load
[runlim] sample:		37901.92 time, 37900.01 real, 2412 MB, 1.00 load
[runlim] sample:		37911.93 time, 37910.01 real, 2412 MB, 1.00 load
[runlim] sample:		37921.93 time, 37920.01 real, 2412 MB, 1.00 load
[runlim] sample:		37931.94 time, 37930.01 real, 2412 MB, 1.00 load
[runlim] sample:		37941.94 time, 37940.01 real, 2412 MB, 1.16 load

NN₁: mnist_relu_2_512_gemm.onnx
NN₂: mnist_relu_2_512_0.79.onnx
Prop: mnist_8_global_4.vnnlib

NN₁: mnist_relu_2_512_gemm.onnx
NN₂: mnist_relu_2_512_0.79.onnx
Prop: mnist_8_global_5.vnnlib

NN₁: mnist_relu_2_512_gemm.onnx
NN₂: mnist_relu_2_512_0.79.onnx
Prop: mnist_9_global_4.vnnlib
[runlim] sample:		37951.94 time, 37950.01 real, 2412 MB, 1.29 load
[runlim] sample:		37961.96 time, 37960.01 real, 2412 MB, 1.24 load
[runlim] sample:		37971.96 time, 37970.01 real, 2412 MB, 1.21 load
[runlim] sample:		37981.97 time, 37980.01 real, 2412 MB, 1.17 load
[runlim] sample:		37991.98 time, 37990.01 real, 2412 MB, 1.15 load
[runlim] sample:		38001.98 time, 38000.01 real, 2412 MB, 1.12 load
[runlim] sample:		38011.99 time, 38010.01 real, 2412 MB, 1.10 load
[runlim] sample:		38022.00 time, 38020.01 real, 2412 MB, 1.09 load
[runlim] sample:		38032.01 time, 38030.01 real, 2412 MB, 1.07 load
[runlim] sample:		38042.01 time, 38040.01 real, 2412 MB, 1.06 load
[runlim] sample:		38052.02 time, 38050.01 real, 2412 MB, 1.05 load
[runlim] sample:		38062.03 time, 38060.01 real, 2412 MB, 1.04 load
[runlim] sample:		38072.04 time, 38070.01 real, 2412 MB, 1.04 load
[runlim] sample:		38082.05 time, 38080.01 real, 2412 MB, 1.03 load
[runlim] sample:		38092.05 time, 38090.01 real, 2412 MB, 1.02 load
[runlim] sample:		38102.06 time, 38100.01 real, 2412 MB, 1.02 load
[runlim] sample:		38111.96 time, 38110.01 real, 2412 MB, 1.02 load
[runlim] sample:		38121.97 time, 38120.01 real, 2412 MB, 1.01 load
[runlim] sample:		38131.97 time, 38130.01 real, 2412 MB, 1.01 load
[runlim] sample:		38141.98 time, 38140.01 real, 2412 MB, 1.01 load
[runlim] sample:		38151.99 time, 38150.01 real, 2412 MB, 1.01 load
[runlim] sample:		38162.00 time, 38160.01 real, 2412 MB, 1.01 load
[runlim] sample:		38172.00 time, 38170.01 real, 2412 MB, 1.00 load
[runlim] sample:		38182.02 time, 38180.01 real, 2412 MB, 1.00 load
[runlim] sample:		38192.03 time, 38190.01 real, 2412 MB, 1.00 load
[runlim] sample:		38202.03 time, 38200.01 real, 2412 MB, 1.00 load
[runlim] sample:		38212.04 time, 38210.01 real, 2412 MB, 1.00 load
[runlim] sample:		38222.04 time, 38220.01 real, 2412 MB, 1.00 load
[runlim] sample:		38232.05 time, 38230.01 real, 2412 MB, 1.00 load
[runlim] sample:		38242.06 time, 38240.01 real, 2412 MB, 1.00 load
[runlim] sample:		38252.07 time, 38250.01 real, 2412 MB, 1.00 load
[runlim] sample:		38262.07 time, 38260.01 real, 2412 MB, 1.00 load
[runlim] sample:		38272.08 time, 38270.01 real, 2412 MB, 1.00 load
[runlim] sample:		38282.09 time, 38280.01 real, 2412 MB, 1.00 load
[runlim] sample:		38292.10 time, 38290.01 real, 2412 MB, 1.00 load
[runlim] sample:		38302.11 time, 38300.01 real, 2412 MB, 1.00 load
[runlim] sample:		38312.11 time, 38310.01 real, 2412 MB, 1.00 load
[runlim] sample:		38322.12 time, 38320.01 real, 2412 MB, 1.00 load
[runlim] sample:		38332.13 time, 38330.01 real, 2412 MB, 1.00 load
[runlim] sample:		38342.13 time, 38340.01 real, 2412 MB, 1.00 load
[runlim] sample:		38352.15 time, 38350.01 real, 2412 MB, 1.00 load
[runlim] sample:		38362.15 time, 38360.01 real, 2412 MB, 1.00 load
[runlim] sample:		38372.16 time, 38370.01 real, 2412 MB, 1.00 load
[runlim] sample:		38382.08 time, 38380.01 real, 2412 MB, 1.00 load
[runlim] sample:		38392.09 time, 38390.01 real, 2412 MB, 1.00 load
[runlim] sample:		38402.10 time, 38400.01 real, 2412 MB, 1.00 load
[runlim] sample:		38412.11 time, 38410.01 real, 2412 MB, 1.00 load
[runlim] sample:		38422.11 time, 38420.01 real, 2412 MB, 1.00 load
[runlim] sample:		38432.12 time, 38430.01 real, 2412 MB, 1.00 load
[runlim] sample:		38442.12 time, 38440.01 real, 2412 MB, 1.08 load
[runlim] sample:		38452.14 time, 38450.01 real, 2412 MB, 1.14 load
[runlim] sample:		38462.15 time, 38460.01 real, 2412 MB, 1.12 load
[runlim] sample:		38472.15 time, 38470.01 real, 2412 MB, 1.10 load
[runlim] sample:		38482.16 time, 38480.01 real, 2412 MB, 1.08 load
[runlim] sample:		38492.16 time, 38490.01 real, 2412 MB, 1.07 load
[runlim] sample:		38502.17 time, 38500.01 real, 2412 MB, 1.06 load
[runlim] sample:		38512.19 time, 38510.01 real, 2412 MB, 1.05 load
[runlim] sample:		38522.19 time, 38520.01 real, 2412 MB, 1.04 load
[runlim] sample:		38532.19 time, 38530.01 real, 2412 MB, 1.04 load
[runlim] sample:		38542.20 time, 38540.01 real, 2412 MB, 1.03 load

NN₁: mnist_relu_2_512_gemm.onnx
NN₂: mnist_relu_2_512_0.79.onnx
Prop: mnist_9_global_5.vnnlib
[runlim] sample:		38552.20 time, 38550.01 real, 2412 MB, 1.02 load
[runlim] sample:		38562.21 time, 38560.01 real, 2412 MB, 1.02 load
[runlim] sample:		38572.22 time, 38570.01 real, 2412 MB, 1.02 load
[runlim] sample:		38582.23 time, 38580.01 real, 2412 MB, 1.01 load
[runlim] sample:		38592.24 time, 38590.01 real, 2412 MB, 1.01 load
[runlim] sample:		38602.24 time, 38600.01 real, 2412 MB, 1.01 load
[runlim] sample:		38612.26 time, 38610.01 real, 2412 MB, 1.01 load
[runlim] sample:		38622.26 time, 38620.01 real, 2412 MB, 1.01 load
[runlim] sample:		38632.27 time, 38630.01 real, 2412 MB, 1.00 load
[runlim] sample:		38642.27 time, 38640.01 real, 2412 MB, 1.00 load
[runlim] sample:		38652.18 time, 38650.01 real, 2412 MB, 1.00 load
[runlim] sample:		38662.19 time, 38660.01 real, 2412 MB, 1.00 load
[runlim] sample:		38672.20 time, 38670.01 real, 2412 MB, 1.00 load
[runlim] sample:		38682.21 time, 38680.01 real, 2412 MB, 1.00 load
[runlim] sample:		38692.21 time, 38690.01 real, 2412 MB, 1.00 load
[runlim] sample:		38702.22 time, 38700.01 real, 2412 MB, 1.00 load
[runlim] sample:		38712.23 time, 38710.01 real, 2412 MB, 1.00 load
[runlim] sample:		38722.24 time, 38720.01 real, 2412 MB, 1.00 load
[runlim] sample:		38732.25 time, 38730.01 real, 2412 MB, 1.00 load
[runlim] sample:		38742.25 time, 38740.01 real, 2412 MB, 1.00 load
[runlim] sample:		38752.26 time, 38750.01 real, 2412 MB, 1.00 load
[runlim] sample:		38762.27 time, 38760.01 real, 2412 MB, 1.00 load
[runlim] sample:		38772.28 time, 38770.01 real, 2412 MB, 1.00 load
[runlim] sample:		38782.29 time, 38780.01 real, 2412 MB, 1.00 load
[runlim] sample:		38792.29 time, 38790.01 real, 2412 MB, 1.00 load
[runlim] sample:		38802.30 time, 38800.01 real, 2412 MB, 1.00 load
[runlim] sample:		38812.30 time, 38810.01 real, 2412 MB, 1.00 load
[runlim] sample:		38822.31 time, 38820.01 real, 2412 MB, 1.00 load
[runlim] sample:		38832.33 time, 38830.01 real, 2412 MB, 1.00 load
[runlim] sample:		38842.33 time, 38840.01 real, 2412 MB, 1.00 load
[runlim] sample:		38852.34 time, 38850.01 real, 2412 MB, 1.00 load
[runlim] sample:		38862.35 time, 38860.01 real, 2412 MB, 1.00 load
[runlim] sample:		38872.35 time, 38870.01 real, 2412 MB, 1.00 load
[runlim] sample:		38882.36 time, 38880.01 real, 2412 MB, 1.00 load
[runlim] sample:		38892.37 time, 38890.01 real, 2412 MB, 1.00 load
[runlim] sample:		38902.38 time, 38900.01 real, 2412 MB, 1.00 load
[runlim] sample:		38912.39 time, 38910.01 real, 2412 MB, 1.00 load
[runlim] sample:		38922.32 time, 38920.01 real, 2412 MB, 1.00 load
[runlim] sample:		38932.32 time, 38930.01 real, 2412 MB, 1.00 load
[runlim] sample:		38942.34 time, 38940.01 real, 2412 MB, 1.16 load
[runlim] sample:		38952.34 time, 38950.01 real, 2412 MB, 1.21 load
[runlim] sample:		38962.35 time, 38960.01 real, 2412 MB, 1.18 load
[runlim] sample:		38972.36 time, 38970.01 real, 2412 MB, 1.15 load
[runlim] sample:		38982.37 time, 38980.01 real, 2412 MB, 1.13 load
[runlim] sample:		38992.38 time, 38990.01 real, 2412 MB, 1.11 load
[runlim] sample:		39002.38 time, 39000.01 real, 2412 MB, 1.09 load
[runlim] sample:		39012.39 time, 39010.01 real, 2412 MB, 1.08 load
[runlim] sample:		39022.40 time, 39020.01 real, 2412 MB, 1.06 load
[runlim] sample:		39032.40 time, 39030.01 real, 2412 MB, 1.05 load
[runlim] sample:		39042.42 time, 39040.01 real, 2412 MB, 1.04 load
[runlim] sample:		39052.43 time, 39050.01 real, 2412 MB, 1.04 load
[runlim] sample:		39062.43 time, 39060.01 real, 2412 MB, 1.03 load
[runlim] sample:		39072.44 time, 39070.01 real, 2412 MB, 1.03 load
[runlim] sample:		39082.44 time, 39080.01 real, 2412 MB, 1.02 load
[runlim] sample:		39092.45 time, 39090.01 real, 2412 MB, 1.02 load
[runlim] sample:		39102.45 time, 39100.01 real, 2412 MB, 1.01 load
[runlim] sample:		39112.46 time, 39110.01 real, 2412 MB, 1.01 load
[runlim] sample:		39122.48 time, 39120.01 real, 2412 MB, 1.01 load
[runlim] sample:		39132.48 time, 39130.01 real, 2412 MB, 1.01 load
[runlim] sample:		39142.49 time, 39140.01 real, 2412 MB, 1.01 load

NN₁: mnist_relu_2_512_gemm.onnx
NN₂: mnist_relu_2_512_0.79.onnx
Prop: mnist_10_global_4.vnnlib
[runlim] sample:		39152.49 time, 39150.01 real, 2412 MB, 1.00 load
[runlim] sample:		39162.49 time, 39160.01 real, 2412 MB, 1.00 load
[runlim] sample:		39172.51 time, 39170.01 real, 2412 MB, 1.00 load
[runlim] sample:		39182.51 time, 39180.01 real, 2412 MB, 1.00 load
[runlim] sample:		39192.42 time, 39190.01 real, 2412 MB, 1.00 load
[runlim] sample:		39202.42 time, 39200.01 real, 2412 MB, 1.00 load
[runlim] sample:		39212.44 time, 39210.01 real, 2412 MB, 1.00 load
[runlim] sample:		39222.44 time, 39220.01 real, 2412 MB, 1.00 load
[runlim] sample:		39232.45 time, 39230.01 real, 2412 MB, 1.00 load
[runlim] sample:		39242.45 time, 39240.01 real, 2412 MB, 1.00 load
[runlim] sample:		39252.47 time, 39250.01 real, 2412 MB, 1.00 load
[runlim] sample:		39262.47 time, 39260.01 real, 2412 MB, 1.00 load
[runlim] sample:		39272.48 time, 39270.01 real, 2412 MB, 1.00 load
[runlim] sample:		39282.49 time, 39280.01 real, 2412 MB, 1.00 load
[runlim] sample:		39292.50 time, 39290.01 real, 2412 MB, 1.00 load
[runlim] sample:		39302.50 time, 39300.01 real, 2412 MB, 1.00 load
[runlim] sample:		39312.51 time, 39310.01 real, 2412 MB, 1.00 load
[runlim] sample:		39322.52 time, 39320.01 real, 2412 MB, 1.00 load
[runlim] sample:		39332.53 time, 39330.01 real, 2412 MB, 1.00 load
[runlim] sample:		39342.53 time, 39340.01 real, 2412 MB, 1.00 load
[runlim] sample:		39352.54 time, 39350.01 real, 2412 MB, 1.00 load
[runlim] sample:		39362.55 time, 39360.01 real, 2412 MB, 1.00 load
[runlim] sample:		39372.56 time, 39370.01 real, 2412 MB, 1.00 load
[runlim] sample:		39382.57 time, 39380.01 real, 2412 MB, 1.00 load
[runlim] sample:		39392.57 time, 39390.01 real, 2412 MB, 1.00 load
[runlim] sample:		39402.58 time, 39400.01 real, 2412 MB, 1.00 load
[runlim] sample:		39412.59 time, 39410.01 real, 2412 MB, 1.00 load
[runlim] sample:		39422.60 time, 39420.01 real, 2412 MB, 1.00 load
[runlim] sample:		39432.61 time, 39430.01 real, 2412 MB, 1.00 load
[runlim] sample:		39442.62 time, 39440.01 real, 2412 MB, 1.08 load
[runlim] sample:		39452.62 time, 39450.01 real, 2412 MB, 1.14 load
[runlim] sample:		39462.56 time, 39460.01 real, 2412 MB, 1.12 load
[runlim] sample:		39472.56 time, 39470.01 real, 2412 MB, 1.10 load
[runlim] sample:		39482.58 time, 39480.01 real, 2412 MB, 1.08 load
[runlim] sample:		39492.58 time, 39490.01 real, 2412 MB, 1.07 load
[runlim] sample:		39502.59 time, 39500.01 real, 2412 MB, 1.06 load
[runlim] sample:		39512.59 time, 39510.01 real, 2412 MB, 1.05 load
[runlim] sample:		39522.61 time, 39520.01 real, 2412 MB, 1.04 load
[runlim] sample:		39532.61 time, 39530.01 real, 2412 MB, 1.04 load
[runlim] sample:		39542.62 time, 39540.01 real, 2412 MB, 1.03 load
[runlim] sample:		39552.62 time, 39550.01 real, 2412 MB, 1.02 load
[runlim] sample:		39562.64 time, 39560.01 real, 2412 MB, 1.02 load
[runlim] sample:		39572.64 time, 39570.01 real, 2412 MB, 1.02 load
[runlim] sample:		39582.65 time, 39580.01 real, 2412 MB, 1.01 load
[runlim] sample:		39592.66 time, 39590.01 real, 2412 MB, 1.01 load
[runlim] sample:		39602.66 time, 39600.01 real, 2412 MB, 1.01 load
[runlim] sample:		39612.67 time, 39610.01 real, 2412 MB, 1.01 load
[runlim] sample:		39622.68 time, 39620.01 real, 2412 MB, 1.01 load
[runlim] sample:		39632.69 time, 39630.01 real, 2412 MB, 1.00 load
[runlim] sample:		39642.69 time, 39640.01 real, 2412 MB, 1.00 load
[runlim] sample:		39652.70 time, 39650.01 real, 2412 MB, 1.00 load
[runlim] sample:		39662.71 time, 39660.01 real, 2412 MB, 1.00 load
[runlim] sample:		39672.71 time, 39670.01 real, 2412 MB, 1.00 load
[runlim] sample:		39682.72 time, 39680.01 real, 2412 MB, 1.00 load
[runlim] sample:		39692.73 time, 39690.01 real, 2412 MB, 1.00 load
[runlim] sample:		39702.74 time, 39700.01 real, 2412 MB, 1.00 load
[runlim] sample:		39712.74 time, 39710.01 real, 2412 MB, 1.00 load
[runlim] sample:		39722.75 time, 39720.01 real, 2412 MB, 1.00 load
[runlim] sample:		39732.72 time, 39730.01 real, 2412 MB, 1.00 load
[runlim] sample:		39742.73 time, 39740.01 real, 2412 MB, 1.00 load

NN₁: mnist_relu_2_512_gemm.onnx
NN₂: mnist_relu_2_512_0.79.onnx
Prop: mnist_10_global_5.vnnlib

NN₁: mnist_relu_3_100_gemm.onnx
NN₂: mnist_relu_3_100_0.49.onnx
Prop: mnist_0_global_4.vnnlib
[runlim] sample:		39752.72 time, 39750.01 real, 2412 MB, 1.00 load
[runlim] sample:		39762.73 time, 39760.01 real, 2412 MB, 1.00 load
[runlim] sample:		39772.73 time, 39770.01 real, 2412 MB, 1.00 load
[runlim] sample:		39782.74 time, 39780.01 real, 2412 MB, 1.00 load
[runlim] sample:		39792.74 time, 39790.01 real, 2414 MB, 1.00 load
[runlim] sample:		39802.74 time, 39800.01 real, 2418 MB, 1.00 load
[runlim] sample:		39812.75 time, 39810.01 real, 2424 MB, 1.00 load
[runlim] sample:		39822.76 time, 39820.01 real, 2424 MB, 1.00 load
[runlim] sample:		39832.75 time, 39830.01 real, 2429 MB, 1.00 load
[runlim] sample:		39842.76 time, 39840.01 real, 2435 MB, 1.00 load
[runlim] sample:		39852.77 time, 39850.01 real, 2439 MB, 1.00 load
[runlim] sample:		39862.77 time, 39860.01 real, 2446 MB, 1.00 load
[runlim] sample:		39872.78 time, 39870.01 real, 2452 MB, 1.00 load
[runlim] sample:		39882.78 time, 39880.01 real, 2458 MB, 1.00 load
[runlim] sample:		39892.79 time, 39890.01 real, 2458 MB, 1.00 load
[runlim] sample:		39902.79 time, 39900.01 real, 2466 MB, 1.00 load
[runlim] sample:		39912.79 time, 39910.01 real, 2473 MB, 1.00 load
[runlim] sample:		39922.80 time, 39920.01 real, 2483 MB, 1.00 load
[runlim] sample:		39932.81 time, 39930.01 real, 2483 MB, 1.00 load
[runlim] sample:		39942.81 time, 39940.01 real, 2491 MB, 1.08 load
[runlim] sample:		39952.81 time, 39950.01 real, 2500 MB, 1.14 load
[runlim] sample:		39962.82 time, 39960.01 real, 2500 MB, 1.12 load
[runlim] sample:		39972.82 time, 39970.01 real, 2510 MB, 1.10 load
[runlim] sample:		39982.83 time, 39980.01 real, 2520 MB, 1.08 load
[runlim] sample:		39992.83 time, 39990.01 real, 2520 MB, 1.07 load
[runlim] sample:		40002.74 time, 40000.01 real, 2529 MB, 1.06 load
[runlim] sample:		40012.74 time, 40010.01 real, 2529 MB, 1.05 load
[runlim] sample:		40022.75 time, 40020.01 real, 2540 MB, 1.04 load
[runlim] sample:		40032.76 time, 40030.01 real, 2550 MB, 1.04 load
[runlim] sample:		40042.76 time, 40040.01 real, 2550 MB, 1.03 load
[runlim] sample:		40052.76 time, 40050.01 real, 2561 MB, 1.02 load
[runlim] sample:		40062.76 time, 40060.01 real, 2561 MB, 1.02 load
[runlim] sample:		40072.77 time, 40070.01 real, 2587 MB, 1.02 load
[runlim] sample:		40082.78 time, 40080.01 real, 2587 MB, 1.01 load
[runlim] sample:		40092.78 time, 40090.01 real, 2599 MB, 1.01 load
[runlim] sample:		40102.78 time, 40100.01 real, 2599 MB, 1.01 load
[runlim] sample:		40112.78 time, 40110.01 real, 2610 MB, 1.01 load
[runlim] sample:		40122.80 time, 40120.01 real, 2610 MB, 1.01 load
[runlim] sample:		40132.79 time, 40130.01 real, 2623 MB, 1.00 load
[runlim] sample:		40142.80 time, 40140.01 real, 2623 MB, 1.00 load
[runlim] sample:		40152.81 time, 40150.01 real, 2636 MB, 1.00 load
[runlim] sample:		40162.81 time, 40160.01 real, 2635 MB, 1.00 load
[runlim] sample:		40172.81 time, 40170.01 real, 2635 MB, 1.00 load
[runlim] sample:		40182.82 time, 40180.01 real, 2648 MB, 1.08 load
[runlim] sample:		40192.82 time, 40190.01 real, 2648 MB, 1.07 load
[runlim] sample:		40202.83 time, 40200.01 real, 2662 MB, 1.06 load
[runlim] sample:		40212.83 time, 40210.01 real, 2662 MB, 1.05 load
[runlim] sample:		40222.83 time, 40220.01 real, 2676 MB, 1.04 load
[runlim] sample:		40232.83 time, 40230.01 real, 2676 MB, 1.03 load
[runlim] sample:		40242.85 time, 40240.01 real, 2676 MB, 1.03 load
[runlim] sample:		40252.85 time, 40250.01 real, 2690 MB, 1.02 load
[runlim] sample:		40262.86 time, 40260.01 real, 2690 MB, 1.02 load
[runlim] sample:		40272.76 time, 40270.01 real, 2705 MB, 1.02 load
[runlim] sample:		40282.76 time, 40280.01 real, 2705 MB, 1.01 load
[runlim] sample:		40292.77 time, 40290.01 real, 2705 MB, 1.01 load
[runlim] sample:		40302.77 time, 40300.01 real, 2720 MB, 1.01 load
[runlim] sample:		40312.77 time, 40310.01 real, 2720 MB, 1.01 load
[runlim] sample:		40322.77 time, 40320.01 real, 2720 MB, 1.00 load
[runlim] sample:		40332.78 time, 40330.01 real, 2736 MB, 1.00 load
[runlim] sample:		40342.78 time, 40340.01 real, 2736 MB, 1.00 load

NN₁: mnist_relu_3_100_gemm.onnx
NN₂: mnist_relu_3_100_0.49.onnx
Prop: mnist_0_global_5.vnnlib
[runlim] sample:		40352.77 time, 40350.01 real, 2412 MB, 1.00 load
[runlim] sample:		40362.78 time, 40360.01 real, 2412 MB, 1.00 load
[runlim] sample:		40372.78 time, 40370.01 real, 2412 MB, 1.00 load
[runlim] sample:		40382.79 time, 40380.01 real, 2412 MB, 1.00 load
[runlim] sample:		40392.79 time, 40390.01 real, 2412 MB, 1.00 load
[runlim] sample:		40402.80 time, 40400.01 real, 2416 MB, 1.00 load
[runlim] sample:		40412.80 time, 40410.01 real, 2422 MB, 1.00 load
[runlim] sample:		40422.80 time, 40420.01 real, 2426 MB, 1.08 load
[runlim] sample:		40432.81 time, 40430.01 real, 2431 MB, 1.07 load
[runlim] sample:		40442.82 time, 40440.01 real, 2431 MB, 1.14 load
[runlim] sample:		40452.82 time, 40450.01 real, 2436 MB, 1.19 load
[runlim] sample:		40462.82 time, 40460.01 real, 2442 MB, 1.16 load
[runlim] sample:		40472.83 time, 40470.01 real, 2447 MB, 1.13 load
[runlim] sample:		40482.83 time, 40480.01 real, 2453 MB, 1.11 load
[runlim] sample:		40492.84 time, 40490.01 real, 2459 MB, 1.10 load
[runlim] sample:		40502.84 time, 40500.01 real, 2459 MB, 1.08 load
[runlim] sample:		40512.84 time, 40510.01 real, 2467 MB, 1.07 load
[runlim] sample:		40522.84 time, 40520.01 real, 2473 MB, 1.06 load
[runlim] sample:		40532.85 time, 40530.01 real, 2482 MB, 1.05 load
[runlim] sample:		40542.76 time, 40540.01 real, 2482 MB, 1.04 load
[runlim] sample:		40552.76 time, 40550.01 real, 2490 MB, 1.03 load
[runlim] sample:		40562.77 time, 40560.01 real, 2498 MB, 1.03 load
[runlim] sample:		40572.77 time, 40570.01 real, 2498 MB, 1.02 load
[runlim] sample:		40582.78 time, 40580.01 real, 2506 MB, 1.02 load
[runlim] sample:		40592.78 time, 40590.01 real, 2514 MB, 1.02 load
[runlim] sample:		40602.79 time, 40600.01 real, 2514 MB, 1.01 load
[runlim] sample:		40612.79 time, 40610.01 real, 2523 MB, 1.01 load
[runlim] sample:		40622.79 time, 40620.01 real, 2523 MB, 1.01 load
[runlim] sample:		40632.80 time, 40630.01 real, 2531 MB, 1.01 load
[runlim] sample:		40642.80 time, 40640.01 real, 2541 MB, 1.00 load
[runlim] sample:		40652.80 time, 40650.01 real, 2541 MB, 1.00 load
[runlim] sample:		40662.81 time, 40660.01 real, 2551 MB, 1.00 load
[runlim] sample:		40672.81 time, 40670.01 real, 2551 MB, 1.00 load
[runlim] sample:		40682.82 time, 40680.01 real, 2560 MB, 1.00 load
[runlim] sample:		40692.82 time, 40690.01 real, 2560 MB, 1.08 load
[runlim] sample:		40702.83 time, 40700.01 real, 2583 MB, 1.07 load
[runlim] sample:		40712.83 time, 40710.01 real, 2583 MB, 1.06 load
[runlim] sample:		40722.83 time, 40720.01 real, 2594 MB, 1.05 load
[runlim] sample:		40732.84 time, 40730.01 real, 2594 MB, 1.04 load
[runlim] sample:		40742.84 time, 40740.01 real, 2604 MB, 1.03 load
[runlim] sample:		40752.85 time, 40750.01 real, 2604 MB, 1.03 load
[runlim] sample:		40762.85 time, 40760.01 real, 2615 MB, 1.02 load
[runlim] sample:		40772.85 time, 40770.01 real, 2615 MB, 1.02 load
[runlim] sample:		40782.86 time, 40780.01 real, 2627 MB, 1.02 load
[runlim] sample:		40792.86 time, 40790.01 real, 2627 MB, 1.01 load
[runlim] sample:		40802.87 time, 40800.01 real, 2638 MB, 1.01 load
[runlim] sample:		40812.77 time, 40810.01 real, 2638 MB, 0.93 load
[runlim] sample:		40822.78 time, 40820.01 real, 2638 MB, 0.94 load
[runlim] sample:		40832.77 time, 40830.01 real, 2650 MB, 0.95 load
[runlim] sample:		40842.78 time, 40840.01 real, 2650 MB, 0.96 load
[runlim] sample:		40852.78 time, 40850.01 real, 2663 MB, 0.97 load
[runlim] sample:		40862.79 time, 40860.01 real, 2663 MB, 0.97 load
[runlim] sample:		40872.80 time, 40870.01 real, 2663 MB, 0.98 load
[runlim] sample:		40882.80 time, 40880.01 real, 2676 MB, 0.98 load
[runlim] sample:		40892.81 time, 40890.01 real, 2676 MB, 1.06 load
[runlim] sample:		40902.80 time, 40900.01 real, 2689 MB, 1.13 load
[runlim] sample:		40912.81 time, 40910.01 real, 2689 MB, 1.11 load
[runlim] sample:		40922.81 time, 40920.01 real, 2689 MB, 1.09 load
[runlim] sample:		40932.82 time, 40930.01 real, 2703 MB, 1.08 load
[runlim] sample:		40942.83 time, 40940.01 real, 2703 MB, 1.15 load

NN₁: mnist_relu_3_100_gemm.onnx
NN₂: mnist_relu_3_100_0.49.onnx
Prop: mnist_1_global_4.vnnlib
[runlim] sample:		40952.82 time, 40950.01 real, 2412 MB, 1.28 load
[runlim] sample:		40962.83 time, 40960.01 real, 2412 MB, 1.23 load
[runlim] sample:		40972.83 time, 40970.01 real, 2412 MB, 1.28 load
[runlim] sample:		40982.83 time, 40980.01 real, 2412 MB, 1.24 load
[runlim] sample:		40992.83 time, 40990.01 real, 2413 MB, 1.20 load
[runlim] sample:		41002.84 time, 41000.01 real, 2417 MB, 1.17 load
[runlim] sample:		41012.85 time, 41010.01 real, 2424 MB, 1.14 load
[runlim] sample:		41022.85 time, 41020.01 real, 2429 MB, 1.12 load
[runlim] sample:		41032.85 time, 41030.01 real, 2434 MB, 1.10 load
[runlim] sample:		41042.85 time, 41040.01 real, 2434 MB, 1.08 load
[runlim] sample:		41052.86 time, 41050.01 real, 2439 MB, 1.07 load
[runlim] sample:		41062.86 time, 41060.01 real, 2446 MB, 1.06 load
[runlim] sample:		41072.87 time, 41070.01 real, 2452 MB, 1.05 load
[runlim] sample:		41082.77 time, 41080.01 real, 2458 MB, 1.04 load
[runlim] sample:		41092.77 time, 41090.01 real, 2458 MB, 1.04 load
[runlim] sample:		41102.77 time, 41100.01 real, 2466 MB, 1.03 load
[runlim] sample:		41112.78 time, 41110.01 real, 2473 MB, 1.02 load
[runlim] sample:		41122.78 time, 41120.01 real, 2473 MB, 1.02 load
[runlim] sample:		41132.79 time, 41130.01 real, 2482 MB, 1.02 load
[runlim] sample:		41142.79 time, 41140.01 real, 2491 MB, 1.01 load
[runlim] sample:		41152.79 time, 41150.01 real, 2491 MB, 1.01 load
[runlim] sample:		41162.80 time, 41160.01 real, 2500 MB, 1.01 load
[runlim] sample:		41172.81 time, 41170.01 real, 2509 MB, 1.01 load
[runlim] sample:		41182.81 time, 41180.01 real, 2509 MB, 1.01 load
[runlim] sample:		41192.81 time, 41190.01 real, 2519 MB, 1.00 load
[runlim] sample:		41202.82 time, 41200.01 real, 2519 MB, 1.00 load
[runlim] sample:		41212.82 time, 41210.01 real, 2530 MB, 1.00 load
[runlim] sample:		41222.83 time, 41220.01 real, 2539 MB, 1.00 load
[runlim] sample:		41232.82 time, 41230.01 real, 2539 MB, 1.00 load
[runlim] sample:		41242.83 time, 41240.01 real, 2550 MB, 1.00 load
[runlim] sample:		41252.84 time, 41250.01 real, 2550 MB, 1.00 load
[runlim] sample:		41262.84 time, 41260.01 real, 2562 MB, 1.00 load
[runlim] sample:		41272.85 time, 41270.01 real, 2562 MB, 1.00 load
[runlim] sample:		41282.85 time, 41280.01 real, 2573 MB, 1.00 load
[runlim] sample:		41292.85 time, 41290.01 real, 2573 MB, 1.00 load
[runlim] sample:		41302.86 time, 41300.01 real, 2595 MB, 1.00 load
[runlim] sample:		41312.86 time, 41310.01 real, 2595 MB, 1.00 load
[runlim] sample:		41322.87 time, 41320.01 real, 2606 MB, 1.00 load
[runlim] sample:		41332.87 time, 41330.01 real, 2606 MB, 1.00 load
[runlim] sample:		41342.87 time, 41340.01 real, 2621 MB, 1.00 load
[runlim] sample:		41352.78 time, 41350.01 real, 2619 MB, 1.00 load
[runlim] sample:		41362.78 time, 41360.01 real, 2619 MB, 1.00 load
[runlim] sample:		41372.79 time, 41370.01 real, 2633 MB, 1.00 load
[runlim] sample:		41382.79 time, 41380.01 real, 2633 MB, 1.00 load
[runlim] sample:		41392.80 time, 41390.01 real, 2645 MB, 1.00 load
[runlim] sample:		41402.80 time, 41400.01 real, 2645 MB, 1.00 load
[runlim] sample:		41412.80 time, 41410.01 real, 2684 MB, 1.00 load
[runlim] sample:		41422.81 time, 41420.01 real, 2660 MB, 1.00 load
[runlim] sample:		41432.81 time, 41430.01 real, 2660 MB, 1.00 load
[runlim] sample:		41442.82 time, 41440.01 real, 2675 MB, 1.08 load
[runlim] sample:		41452.82 time, 41450.01 real, 2675 MB, 1.14 load
[runlim] sample:		41462.83 time, 41460.01 real, 2675 MB, 1.12 load
[runlim] sample:		41472.83 time, 41470.01 real, 2689 MB, 1.10 load
[runlim] sample:		41482.84 time, 41480.01 real, 2689 MB, 1.08 load
[runlim] sample:		41492.83 time, 41490.01 real, 2705 MB, 1.07 load
[runlim] sample:		41502.84 time, 41500.01 real, 2705 MB, 1.06 load
[runlim] sample:		41512.84 time, 41510.01 real, 2705 MB, 1.05 load
[runlim] sample:		41522.84 time, 41520.01 real, 2720 MB, 1.04 load
[runlim] sample:		41532.85 time, 41530.01 real, 2720 MB, 1.04 load
[runlim] sample:		41542.85 time, 41540.01 real, 2720 MB, 1.03 load
[runlim] sample:		41552.86 time, 41550.01 real, 2412 MB, 1.02 load

NN₁: mnist_relu_3_100_gemm.onnx
NN₂: mnist_relu_3_100_0.49.onnx
Prop: mnist_1_global_5.vnnlib
[runlim] sample:		41562.85 time, 41560.01 real, 2412 MB, 1.02 load
[runlim] sample:		41572.86 time, 41570.01 real, 2412 MB, 1.02 load
[runlim] sample:		41582.87 time, 41580.01 real, 2412 MB, 1.01 load
[runlim] sample:		41592.86 time, 41590.01 real, 2412 MB, 1.01 load
[runlim] sample:		41602.87 time, 41600.01 real, 2416 MB, 1.01 load
[runlim] sample:		41612.87 time, 41610.01 real, 2420 MB, 1.01 load
[runlim] sample:		41622.78 time, 41620.01 real, 2425 MB, 1.01 load
[runlim] sample:		41632.78 time, 41630.01 real, 2431 MB, 1.00 load
[runlim] sample:		41642.78 time, 41640.01 real, 2436 MB, 1.00 load
[runlim] sample:		41652.78 time, 41650.01 real, 2441 MB, 1.08 load
[runlim] sample:		41662.79 time, 41660.01 real, 2441 MB, 1.06 load
[runlim] sample:		41672.79 time, 41670.01 real, 2447 MB, 1.05 load
[runlim] sample:		41682.80 time, 41680.01 real, 2453 MB, 1.05 load
[runlim] sample:		41692.80 time, 41690.01 real, 2459 MB, 1.04 load
[runlim] sample:		41702.81 time, 41700.01 real, 2459 MB, 1.03 load
[runlim] sample:		41712.80 time, 41710.01 real, 2467 MB, 1.03 load
[runlim] sample:		41722.81 time, 41720.01 real, 2475 MB, 1.02 load
[runlim] sample:		41732.81 time, 41730.01 real, 2483 MB, 1.02 load
[runlim] sample:		41742.82 time, 41740.01 real, 2483 MB, 1.02 load
[runlim] sample:		41752.82 time, 41750.01 real, 2491 MB, 1.01 load
[runlim] sample:		41762.83 time, 41760.01 real, 2498 MB, 1.01 load
[runlim] sample:		41772.83 time, 41770.01 real, 2498 MB, 1.01 load
[runlim] sample:		41782.83 time, 41780.01 real, 2508 MB, 1.01 load
[runlim] sample:		41792.83 time, 41790.01 real, 2508 MB, 1.00 load
[runlim] sample:		41802.84 time, 41800.01 real, 2516 MB, 1.00 load
[runlim] sample:		41812.85 time, 41810.01 real, 2524 MB, 1.00 load
[runlim] sample:		41822.85 time, 41820.01 real, 2524 MB, 1.00 load
[runlim] sample:		41832.85 time, 41830.01 real, 2532 MB, 1.00 load
[runlim] sample:		41842.86 time, 41840.01 real, 2532 MB, 1.00 load
[runlim] sample:		41852.85 time, 41850.01 real, 2542 MB, 1.00 load
[runlim] sample:		41862.87 time, 41860.01 real, 2542 MB, 1.08 load
[runlim] sample:		41872.86 time, 41870.01 real, 2551 MB, 1.07 load
[runlim] sample:		41882.87 time, 41880.01 real, 2551 MB, 1.06 load
[runlim] sample:		41892.76 time, 41890.01 real, 2560 MB, 1.05 load
[runlim] sample:		41902.77 time, 41900.01 real, 2560 MB, 1.04 load
[runlim] sample:		41912.77 time, 41910.01 real, 2571 MB, 1.11 load
[runlim] sample:		41922.78 time, 41920.01 real, 2571 MB, 1.10 load
[runlim] sample:		41932.77 time, 41930.01 real, 2590 MB, 1.08 load
[runlim] sample:		41942.78 time, 41940.01 real, 2590 MB, 1.15 load
[runlim] sample:		41952.79 time, 41950.01 real, 2601 MB, 1.20 load
[runlim] sample:		41962.79 time, 41960.01 real, 2601 MB, 1.17 load
[runlim] sample:		41972.79 time, 41970.01 real, 2611 MB, 1.14 load
[runlim] sample:		41982.79 time, 41980.01 real, 2611 MB, 1.20 load
[runlim] sample:		41992.80 time, 41990.01 real, 2623 MB, 1.17 load
[runlim] sample:		42002.80 time, 42000.01 real, 2622 MB, 1.14 load
[runlim] sample:		42012.81 time, 42010.01 real, 2622 MB, 1.12 load
[runlim] sample:		42022.81 time, 42020.01 real, 2633 MB, 1.10 load
[runlim] sample:		42032.81 time, 42030.01 real, 2633 MB, 1.08 load
[runlim] sample:		42042.81 time, 42040.01 real, 2644 MB, 1.07 load
[runlim] sample:		42052.82 time, 42050.01 real, 2644 MB, 1.06 load
[runlim] sample:		42062.82 time, 42060.01 real, 2657 MB, 1.05 load
[runlim] sample:		42072.83 time, 42070.01 real, 2655 MB, 1.04 load
[runlim] sample:		42082.83 time, 42080.01 real, 2655 MB, 1.04 load
[runlim] sample:		42092.83 time, 42090.01 real, 2667 MB, 1.03 load
[runlim] sample:		42102.84 time, 42100.01 real, 2667 MB, 1.02 load
[runlim] sample:		42112.84 time, 42110.01 real, 2667 MB, 1.02 load
[runlim] sample:		42122.85 time, 42120.01 real, 2679 MB, 1.02 load
[runlim] sample:		42132.85 time, 42130.01 real, 2679 MB, 1.01 load
[runlim] sample:		42142.85 time, 42140.01 real, 2691 MB, 1.01 load
[runlim] sample:		42152.86 time, 42150.01 real, 2691 MB, 1.01 load

NN₁: mnist_relu_3_100_gemm.onnx
NN₂: mnist_relu_3_100_0.49.onnx
Prop: mnist_2_global_4.vnnlib
[runlim] sample:		42162.76 time, 42160.01 real, 2412 MB, 1.01 load
[runlim] sample:		42172.76 time, 42170.01 real, 2412 MB, 1.01 load
[runlim] sample:		42182.76 time, 42180.01 real, 2412 MB, 1.00 load
[runlim] sample:		42192.76 time, 42190.01 real, 2412 MB, 1.00 load
[runlim] sample:		42202.77 time, 42200.01 real, 2414 MB, 1.00 load
[runlim] sample:		42212.78 time, 42210.01 real, 2417 MB, 1.00 load
[runlim] sample:		42222.78 time, 42220.01 real, 2421 MB, 1.00 load
[runlim] sample:		42232.79 time, 42230.01 real, 2425 MB, 1.00 load
[runlim] sample:		42242.78 time, 42240.01 real, 2430 MB, 1.00 load
[runlim] sample:		42252.79 time, 42250.01 real, 2434 MB, 1.00 load
[runlim] sample:		42262.80 time, 42260.01 real, 2438 MB, 1.00 load
[runlim] sample:		42272.80 time, 42270.01 real, 2438 MB, 1.00 load
[runlim] sample:		42282.80 time, 42280.01 real, 2442 MB, 1.00 load
[runlim] sample:		42292.81 time, 42290.01 real, 2447 MB, 1.00 load
[runlim] sample:		42302.81 time, 42300.01 real, 2452 MB, 1.00 load
[runlim] sample:		42312.81 time, 42310.01 real, 2454 MB, 1.00 load
[runlim] sample:		42322.81 time, 42320.01 real, 2456 MB, 1.00 load
[runlim] sample:		42332.82 time, 42330.01 real, 2461 MB, 1.00 load
[runlim] sample:		42342.83 time, 42340.01 real, 2468 MB, 1.00 load
[runlim] sample:		42352.83 time, 42350.01 real, 2468 MB, 1.00 load
[runlim] sample:		42362.83 time, 42360.01 real, 2475 MB, 1.00 load
[runlim] sample:		42372.83 time, 42370.01 real, 2480 MB, 1.00 load
[runlim] sample:		42382.84 time, 42380.01 real, 2480 MB, 1.00 load
[runlim] sample:		42392.85 time, 42390.01 real, 2487 MB, 1.00 load
[runlim] sample:		42402.85 time, 42400.01 real, 2492 MB, 1.08 load
[runlim] sample:		42412.85 time, 42410.01 real, 2492 MB, 1.07 load
[runlim] sample:		42422.85 time, 42420.01 real, 2498 MB, 1.06 load
[runlim] sample:		42432.76 time, 42430.01 real, 2505 MB, 1.77 load
[runlim] sample:		42442.76 time, 42440.01 real, 2505 MB, 1.73 load
[runlim] sample:		42452.77 time, 42450.01 real, 2511 MB, 1.77 load
[runlim] sample:		42462.77 time, 42460.01 real, 2511 MB, 1.65 load
[runlim] sample:		42472.77 time, 42470.01 real, 2516 MB, 1.55 load
[runlim] sample:		42482.78 time, 42480.01 real, 2524 MB, 1.47 load
[runlim] sample:		42492.78 time, 42490.01 real, 2524 MB, 1.39 load
[runlim] sample:		42502.79 time, 42500.01 real, 2532 MB, 1.33 load
[runlim] sample:		42512.79 time, 42510.01 real, 2532 MB, 1.28 load
[runlim] sample:		42522.79 time, 42520.01 real, 2539 MB, 1.24 load
[runlim] sample:		42532.79 time, 42530.01 real, 2539 MB, 1.20 load
[runlim] sample:		42542.80 time, 42540.01 real, 2547 MB, 1.17 load
[runlim] sample:		42552.81 time, 42550.01 real, 2547 MB, 1.14 load
[runlim] sample:		42562.81 time, 42560.01 real, 2552 MB, 1.12 load
[runlim] sample:		42572.81 time, 42570.01 real, 2552 MB, 1.10 load
[runlim] sample:		42582.81 time, 42580.01 real, 2559 MB, 1.09 load
[runlim] sample:		42592.82 time, 42590.01 real, 2559 MB, 1.07 load
[runlim] sample:		42602.82 time, 42600.01 real, 2566 MB, 1.06 load
[runlim] sample:		42612.82 time, 42610.01 real, 2566 MB, 1.05 load
[runlim] sample:		42622.83 time, 42620.01 real, 2585 MB, 1.04 load
[runlim] sample:		42632.83 time, 42630.01 real, 2585 MB, 1.04 load
[runlim] sample:		42642.84 time, 42640.01 real, 2592 MB, 1.03 load
[runlim] sample:		42652.84 time, 42650.01 real, 2592 MB, 1.02 load
[runlim] sample:		42662.84 time, 42660.01 real, 2600 MB, 1.02 load
[runlim] sample:		42672.85 time, 42670.01 real, 2600 MB, 1.02 load
[runlim] sample:		42682.85 time, 42680.01 real, 2608 MB, 1.01 load
[runlim] sample:		42692.86 time, 42690.01 real, 2608 MB, 1.01 load
[runlim] sample:		42702.75 time, 42700.01 real, 2608 MB, 1.01 load
[runlim] sample:		42712.76 time, 42710.01 real, 2615 MB, 1.01 load
[runlim] sample:		42722.76 time, 42720.01 real, 2615 MB, 1.01 load
[runlim] sample:		42732.76 time, 42730.01 real, 2623 MB, 1.00 load
[runlim] sample:		42742.77 time, 42740.01 real, 2623 MB, 1.00 load
[runlim] sample:		42752.78 time, 42750.01 real, 2631 MB, 1.00 load

NN₁: mnist_relu_3_100_gemm.onnx
NN₂: mnist_relu_3_100_0.49.onnx
Prop: mnist_3_global_5.vnnlib
[runlim] sample:		42762.76 time, 42760.01 real, 2412 MB, 1.00 load
[runlim] sample:		42772.77 time, 42770.01 real, 2412 MB, 1.00 load
[runlim] sample:		42782.78 time, 42780.01 real, 2412 MB, 1.00 load
[runlim] sample:		42792.78 time, 42790.01 real, 2412 MB, 1.00 load
[runlim] sample:		42802.79 time, 42800.01 real, 2415 MB, 1.00 load
[runlim] sample:		42812.79 time, 42810.01 real, 2420 MB, 1.00 load
[runlim] sample:		42822.79 time, 42820.01 real, 2424 MB, 1.00 load
[runlim] sample:		42832.80 time, 42830.01 real, 2428 MB, 1.00 load
[runlim] sample:		42842.80 time, 42840.01 real, 2433 MB, 1.00 load
[runlim] sample:		42852.81 time, 42850.01 real, 2438 MB, 1.00 load
[runlim] sample:		42862.80 time, 42860.01 real, 2438 MB, 1.00 load
[runlim] sample:		42872.81 time, 42870.01 real, 2443 MB, 1.00 load
[runlim] sample:		42882.82 time, 42880.01 real, 2448 MB, 1.00 load
[runlim] sample:		42892.82 time, 42890.01 real, 2455 MB, 1.00 load
[runlim] sample:		42902.83 time, 42900.01 real, 2458 MB, 1.00 load
[runlim] sample:		42912.83 time, 42910.01 real, 2458 MB, 1.00 load
[runlim] sample:		42922.83 time, 42920.01 real, 2465 MB, 1.00 load
[runlim] sample:		42932.84 time, 42930.01 real, 2470 MB, 1.00 load
[runlim] sample:		42942.84 time, 42940.01 real, 2470 MB, 1.08 load
[runlim] sample:		42952.85 time, 42950.01 real, 2479 MB, 1.14 load
[runlim] sample:		42962.85 time, 42960.01 real, 2486 MB, 1.12 load
[runlim] sample:		42972.74 time, 42970.01 real, 2486 MB, 1.10 load
[runlim] sample:		42982.75 time, 42980.01 real, 2493 MB, 1.08 load
[runlim] sample:		42992.75 time, 42990.01 real, 2499 MB, 1.07 load
[runlim] sample:		43002.76 time, 43000.01 real, 2499 MB, 1.06 load
[runlim] sample:		43012.76 time, 43010.01 real, 2508 MB, 1.05 load
[runlim] sample:		43022.76 time, 43020.01 real, 2516 MB, 1.04 load
[runlim] sample:		43032.76 time, 43030.01 real, 2516 MB, 1.04 load
[runlim] sample:		43042.77 time, 43040.01 real, 2525 MB, 1.03 load
[runlim] sample:		43052.77 time, 43050.01 real, 2525 MB, 1.02 load
[runlim] sample:		43062.77 time, 43060.01 real, 2532 MB, 1.02 load
[runlim] sample:		43072.78 time, 43070.01 real, 2532 MB, 1.02 load
[runlim] sample:		43082.78 time, 43080.01 real, 2541 MB, 1.01 load
[runlim] sample:		43092.78 time, 43090.01 real, 2541 MB, 1.01 load
[runlim] sample:		43102.79 time, 43100.01 real, 2549 MB, 1.01 load
[runlim] sample:		43112.80 time, 43110.01 real, 2558 MB, 1.01 load
[runlim] sample:		43122.80 time, 43120.01 real, 2558 MB, 1.01 load
[runlim] sample:		43132.81 time, 43130.01 real, 2566 MB, 1.00 load
[runlim] sample:		43142.81 time, 43140.01 real, 2566 MB, 1.00 load
[runlim] sample:		43152.81 time, 43150.01 real, 2609 MB, 1.00 load
[runlim] sample:		43162.81 time, 43160.01 real, 2588 MB, 1.00 load
[runlim] sample:		43172.82 time, 43170.01 real, 2588 MB, 1.00 load
[runlim] sample:		43182.82 time, 43180.01 real, 2597 MB, 1.00 load
[runlim] sample:		43192.83 time, 43190.01 real, 2597 MB, 1.00 load
[runlim] sample:		43202.83 time, 43200.01 real, 2607 MB, 1.00 load
[runlim] sample:		43212.84 time, 43210.01 real, 2607 MB, 1.00 load
[runlim] sample:		43222.84 time, 43220.01 real, 2617 MB, 1.00 load
[runlim] sample:		43232.84 time, 43230.01 real, 2617 MB, 1.00 load
[runlim] sample:		43242.75 time, 43240.01 real, 2627 MB, 1.00 load
[runlim] sample:		43252.75 time, 43250.01 real, 2627 MB, 1.00 load
[runlim] sample:		43262.75 time, 43260.01 real, 2627 MB, 1.00 load
[runlim] sample:		43272.76 time, 43270.01 real, 2637 MB, 1.00 load
[runlim] sample:		43282.76 time, 43280.01 real, 2637 MB, 1.00 load
[runlim] sample:		43292.77 time, 43290.01 real, 2647 MB, 1.00 load
[runlim] sample:		43302.77 time, 43300.01 real, 2647 MB, 1.00 load
[runlim] sample:		43312.77 time, 43310.01 real, 2658 MB, 1.00 load
[runlim] sample:		43322.77 time, 43320.01 real, 2658 MB, 1.00 load
[runlim] sample:		43332.78 time, 43330.01 real, 2658 MB, 1.00 load
[runlim] sample:		43342.78 time, 43340.01 real, 2669 MB, 1.00 load
[runlim] sample:		43352.78 time, 43350.01 real, 2669 MB, 1.00 load

NN₁: mnist_relu_3_100_gemm.onnx
NN₂: mnist_relu_3_100_0.49.onnx
Prop: mnist_4_global_4.vnnlib
[runlim] sample:		43362.78 time, 43360.01 real, 2412 MB, 1.00 load
[runlim] sample:		43372.79 time, 43370.01 real, 2412 MB, 1.00 load
[runlim] sample:		43382.79 time, 43380.01 real, 2412 MB, 1.00 load
[runlim] sample:		43392.79 time, 43390.01 real, 2412 MB, 1.00 load
[runlim] sample:		43402.79 time, 43400.01 real, 2414 MB, 1.00 load
[runlim] sample:		43412.80 time, 43410.01 real, 2415 MB, 1.00 load
[runlim] sample:		43422.80 time, 43420.01 real, 2422 MB, 1.00 load
[runlim] sample:		43432.80 time, 43430.01 real, 2426 MB, 1.00 load
[runlim] sample:		43442.81 time, 43440.01 real, 2426 MB, 1.08 load
[runlim] sample:		43452.81 time, 43450.01 real, 2433 MB, 1.14 load
[runlim] sample:		43462.81 time, 43460.01 real, 2437 MB, 1.12 load
[runlim] sample:		43472.82 time, 43470.01 real, 2444 MB, 1.10 load
[runlim] sample:		43482.82 time, 43480.01 real, 2451 MB, 1.08 load
[runlim] sample:		43492.83 time, 43490.01 real, 2451 MB, 1.07 load
[runlim] sample:		43502.83 time, 43500.01 real, 2458 MB, 1.06 load
[runlim] sample:		43512.78 time, 43510.01 real, 2469 MB, 1.05 load
[runlim] sample:		43522.79 time, 43520.01 real, 2469 MB, 1.04 load
[runlim] sample:		43532.79 time, 43530.01 real, 2475 MB, 1.04 load
[runlim] sample:		43542.79 time, 43540.01 real, 2484 MB, 1.03 load
[runlim] sample:		43552.80 time, 43550.01 real, 2484 MB, 1.02 load
[runlim] sample:		43562.80 time, 43560.01 real, 2495 MB, 1.02 load
[runlim] sample:		43572.81 time, 43570.01 real, 2501 MB, 1.02 load
[runlim] sample:		43582.80 time, 43580.01 real, 2501 MB, 1.01 load
[runlim] sample:		43592.81 time, 43590.01 real, 2512 MB, 1.01 load
[runlim] sample:		43602.82 time, 43600.01 real, 2512 MB, 1.01 load
[runlim] sample:		43612.81 time, 43610.01 real, 2522 MB, 1.01 load
[runlim] sample:		43622.82 time, 43620.01 real, 2531 MB, 1.01 load
[runlim] sample:		43632.82 time, 43630.01 real, 2531 MB, 1.00 load
[runlim] sample:		43642.83 time, 43640.01 real, 2540 MB, 1.00 load
[runlim] sample:		43652.83 time, 43650.01 real, 2540 MB, 1.00 load
[runlim] sample:		43662.83 time, 43660.01 real, 2552 MB, 1.00 load
[runlim] sample:		43672.84 time, 43670.01 real, 2552 MB, 1.00 load
[runlim] sample:		43682.84 time, 43680.01 real, 2563 MB, 1.00 load
[runlim] sample:		43692.85 time, 43690.01 real, 2563 MB, 1.00 load
[runlim] sample:		43702.86 time, 43700.01 real, 2572 MB, 1.00 load
[runlim] sample:		43712.86 time, 43710.01 real, 2572 MB, 1.00 load
[runlim] sample:		43722.86 time, 43720.01 real, 2597 MB, 1.00 load
[runlim] sample:		43732.87 time, 43730.01 real, 2597 MB, 1.00 load
[runlim] sample:		43742.87 time, 43740.01 real, 2608 MB, 1.00 load
[runlim] sample:		43752.87 time, 43750.01 real, 2608 MB, 1.00 load
[runlim] sample:		43762.87 time, 43760.01 real, 2620 MB, 1.00 load
[runlim] sample:		43772.88 time, 43770.01 real, 2620 MB, 1.00 load
[runlim] sample:		43782.78 time, 43780.01 real, 2631 MB, 1.00 load
[runlim] sample:		43792.78 time, 43790.01 real, 2631 MB, 1.00 load
[runlim] sample:		43802.79 time, 43800.01 real, 2631 MB, 1.00 load
[runlim] sample:		43812.80 time, 43810.01 real, 2642 MB, 1.00 load
[runlim] sample:		43822.80 time, 43820.01 real, 2642 MB, 1.00 load
[runlim] sample:		43832.80 time, 43830.01 real, 2655 MB, 1.00 load
[runlim] sample:		43842.80 time, 43840.01 real, 2655 MB, 1.00 load
[runlim] sample:		43852.81 time, 43850.01 real, 2667 MB, 1.00 load
[runlim] sample:		43862.81 time, 43860.01 real, 2667 MB, 1.00 load
[runlim] sample:		43872.82 time, 43870.01 real, 2667 MB, 1.24 load
[runlim] sample:		43882.82 time, 43880.01 real, 2679 MB, 1.20 load
[runlim] sample:		43892.83 time, 43890.01 real, 2679 MB, 1.17 load
[runlim] sample:		43902.82 time, 43900.01 real, 2691 MB, 1.14 load
[runlim] sample:		43912.83 time, 43910.01 real, 2691 MB, 1.12 load
[runlim] sample:		43922.83 time, 43920.01 real, 2691 MB, 1.10 load
[runlim] sample:		43932.84 time, 43930.01 real, 2703 MB, 1.17 load
[runlim] sample:		43942.84 time, 43940.01 real, 2703 MB, 1.22 load
[runlim] sample:		43952.84 time, 43950.01 real, 2703 MB, 1.26 load

NN₁: mnist_relu_3_100_gemm.onnx
NN₂: mnist_relu_3_100_0.49.onnx
Prop: mnist_4_global_5.vnnlib
[runlim] sample:		43962.84 time, 43960.01 real, 2412 MB, 1.22 load
[runlim] sample:		43972.85 time, 43970.01 real, 2412 MB, 1.19 load
[runlim] sample:		43982.85 time, 43980.01 real, 2412 MB, 1.16 load
[runlim] sample:		43992.86 time, 43990.01 real, 2412 MB, 1.13 load
[runlim] sample:		44002.86 time, 44000.01 real, 2413 MB, 1.11 load
[runlim] sample:		44012.86 time, 44010.01 real, 2418 MB, 1.09 load
[runlim] sample:		44022.87 time, 44020.01 real, 2422 MB, 1.08 load
[runlim] sample:		44032.88 time, 44030.01 real, 2427 MB, 1.07 load
[runlim] sample:		44042.87 time, 44040.01 real, 2431 MB, 1.06 load
[runlim] sample:		44052.77 time, 44050.01 real, 2431 MB, 1.05 load
[runlim] sample:		44062.77 time, 44060.01 real, 2437 MB, 1.04 load
[runlim] sample:		44072.78 time, 44070.01 real, 2442 MB, 1.03 load
[runlim] sample:		44082.79 time, 44080.01 real, 2448 MB, 1.03 load
[runlim] sample:		44092.79 time, 44090.01 real, 2453 MB, 1.02 load
[runlim] sample:		44102.79 time, 44100.01 real, 2453 MB, 1.02 load
[runlim] sample:		44112.79 time, 44110.01 real, 2462 MB, 1.02 load
[runlim] sample:		44122.79 time, 44120.01 real, 2468 MB, 1.01 load
[runlim] sample:		44132.80 time, 44130.01 real, 2477 MB, 1.01 load
[runlim] sample:		44142.80 time, 44140.01 real, 2477 MB, 1.01 load
[runlim] sample:		44152.81 time, 44150.01 real, 2484 MB, 1.01 load
[runlim] sample:		44162.82 time, 44160.01 real, 2490 MB, 1.00 load
[runlim] sample:		44172.82 time, 44170.01 real, 2490 MB, 1.00 load
[runlim] sample:		44182.82 time, 44180.01 real, 2499 MB, 1.00 load
[runlim] sample:		44192.82 time, 44190.01 real, 2499 MB, 1.00 load
[runlim] sample:		44202.83 time, 44200.01 real, 2508 MB, 1.00 load
[runlim] sample:		44212.83 time, 44210.01 real, 2518 MB, 1.00 load
[runlim] sample:		44222.84 time, 44220.01 real, 2518 MB, 1.00 load
[runlim] sample:		44232.84 time, 44230.01 real, 2526 MB, 1.00 load
[runlim] sample:		44242.85 time, 44240.01 real, 2526 MB, 1.00 load
[runlim] sample:		44252.85 time, 44250.01 real, 2536 MB, 1.00 load
[runlim] sample:		44262.85 time, 44260.01 real, 2536 MB, 1.00 load
[runlim] sample:		44272.85 time, 44270.01 real, 2545 MB, 1.00 load
[runlim] sample:		44282.86 time, 44280.01 real, 2553 MB, 1.00 load
[runlim] sample:		44292.86 time, 44290.01 real, 2553 MB, 1.00 load
[runlim] sample:		44302.87 time, 44300.01 real, 2564 MB, 1.00 load
[runlim] sample:		44312.87 time, 44310.01 real, 2564 MB, 1.00 load
[runlim] sample:		44322.77 time, 44320.01 real, 2564 MB, 1.00 load
[runlim] sample:		44332.78 time, 44330.01 real, 2574 MB, 1.00 load
[runlim] sample:		44342.78 time, 44340.01 real, 2574 MB, 1.00 load
[runlim] sample:		44352.79 time, 44350.01 real, 2598 MB, 1.00 load
[runlim] sample:		44362.79 time, 44360.01 real, 2598 MB, 1.00 load
[runlim] sample:		44372.79 time, 44370.01 real, 2609 MB, 1.00 load
[runlim] sample:		44382.80 time, 44380.01 real, 2609 MB, 1.00 load
[runlim] sample:		44392.80 time, 44390.01 real, 2619 MB, 1.00 load
[runlim] sample:		44402.80 time, 44400.01 real, 2619 MB, 1.00 load
[runlim] sample:		44412.81 time, 44410.01 real, 2631 MB, 1.00 load
[runlim] sample:		44422.81 time, 44420.01 real, 2631 MB, 1.00 load
[runlim] sample:		44432.82 time, 44430.01 real, 2631 MB, 1.00 load
[runlim] sample:		44442.82 time, 44440.01 real, 2643 MB, 1.08 load
[runlim] sample:		44452.83 time, 44450.01 real, 2643 MB, 1.14 load
[runlim] sample:		44462.83 time, 44460.01 real, 2655 MB, 1.12 load
[runlim] sample:		44472.83 time, 44470.01 real, 2655 MB, 1.10 load
[runlim] sample:		44482.84 time, 44480.01 real, 2655 MB, 1.16 load
[runlim] sample:		44492.84 time, 44490.01 real, 2667 MB, 1.13 load
[runlim] sample:		44502.84 time, 44500.01 real, 2667 MB, 1.11 load
[runlim] sample:		44512.85 time, 44510.01 real, 2680 MB, 1.10 load
[runlim] sample:		44522.85 time, 44520.01 real, 2680 MB, 1.08 load
[runlim] sample:		44532.86 time, 44530.01 real, 2680 MB, 1.07 load
[runlim] sample:		44542.86 time, 44540.01 real, 2694 MB, 1.06 load
[runlim] sample:		44552.86 time, 44550.01 real, 2694 MB, 1.05 load

NN₁: mnist_relu_3_100_gemm.onnx
NN₂: mnist_relu_3_100_0.49.onnx
Prop: mnist_5_global_4.vnnlib
[runlim] sample:		44562.85 time, 44560.01 real, 2412 MB, 1.04 load
[runlim] sample:		44572.86 time, 44570.01 real, 2412 MB, 1.03 load
[runlim] sample:		44582.86 time, 44580.01 real, 2412 MB, 1.03 load
[runlim] sample:		44592.88 time, 44590.01 real, 2412 MB, 1.02 load
[runlim] sample:		44602.87 time, 44600.01 real, 2412 MB, 1.02 load
[runlim] sample:		44612.88 time, 44610.01 real, 2415 MB, 1.02 load
[runlim] sample:		44622.88 time, 44620.01 real, 2420 MB, 1.01 load
[runlim] sample:		44632.89 time, 44630.01 real, 2425 MB, 1.01 load
[runlim] sample:		44642.90 time, 44640.01 real, 2431 MB, 1.01 load
[runlim] sample:		44652.90 time, 44650.01 real, 2437 MB, 1.01 load
[runlim] sample:		44662.91 time, 44660.01 real, 2442 MB, 1.00 load
[runlim] sample:		44672.91 time, 44670.01 real, 2448 MB, 1.00 load
[runlim] sample:		44682.91 time, 44680.01 real, 2448 MB, 1.08 load
[runlim] sample:		44692.91 time, 44690.01 real, 2454 MB, 1.07 load
[runlim] sample:		44702.92 time, 44700.01 real, 2461 MB, 1.06 load
[runlim] sample:		44712.93 time, 44710.01 real, 2469 MB, 1.05 load
[runlim] sample:		44722.93 time, 44720.01 real, 2477 MB, 1.04 load
[runlim] sample:		44732.94 time, 44730.01 real, 2477 MB, 1.03 load
[runlim] sample:		44742.94 time, 44740.01 real, 2484 MB, 1.03 load
[runlim] sample:		44752.95 time, 44750.01 real, 2493 MB, 1.02 load
[runlim] sample:		44762.95 time, 44760.01 real, 2493 MB, 1.02 load
[runlim] sample:		44772.95 time, 44770.01 real, 2503 MB, 1.02 load
[runlim] sample:		44782.96 time, 44780.01 real, 2512 MB, 1.01 load
[runlim] sample:		44792.97 time, 44790.01 real, 2512 MB, 1.01 load
[runlim] sample:		44802.97 time, 44800.01 real, 2521 MB, 1.01 load
[runlim] sample:		44812.97 time, 44810.01 real, 2530 MB, 1.01 load
[runlim] sample:		44822.98 time, 44820.01 real, 2530 MB, 1.01 load
[runlim] sample:		44832.98 time, 44830.01 real, 2540 MB, 1.00 load
[runlim] sample:		44842.99 time, 44840.01 real, 2540 MB, 1.00 load
[runlim] sample:		44852.99 time, 44850.01 real, 2551 MB, 1.00 load
[runlim] sample:		44862.90 time, 44860.01 real, 2551 MB, 1.00 load
[runlim] sample:		44872.90 time, 44870.01 real, 2562 MB, 1.00 load
[runlim] sample:		44882.91 time, 44880.01 real, 2580 MB, 1.08 load
[runlim] sample:		44892.91 time, 44890.01 real, 2588 MB, 1.07 load
[runlim] sample:		44902.92 time, 44900.01 real, 2599 MB, 1.06 load
[runlim] sample:		44912.92 time, 44910.01 real, 2599 MB, 1.05 load
[runlim] sample:		44922.93 time, 44920.01 real, 2611 MB, 1.04 load
[runlim] sample:		44932.93 time, 44930.01 real, 2611 MB, 1.03 load
[runlim] sample:		44942.94 time, 44940.01 real, 2622 MB, 1.11 load
[runlim] sample:		44952.94 time, 44950.01 real, 2622 MB, 1.17 load
[runlim] sample:		44962.94 time, 44960.01 real, 2622 MB, 1.14 load
[runlim] sample:		44972.95 time, 44970.01 real, 2635 MB, 1.12 load
[runlim] sample:		44982.96 time, 44980.01 real, 2635 MB, 1.10 load
[runlim] sample:		44992.96 time, 44990.01 real, 2647 MB, 1.08 load
[runlim] sample:		45002.96 time, 45000.01 real, 2647 MB, 1.07 load
[runlim] sample:		45012.96 time, 45010.01 real, 2660 MB, 1.06 load
[runlim] sample:		45022.97 time, 45020.01 real, 2660 MB, 1.05 load
[runlim] sample:		45032.98 time, 45030.01 real, 2673 MB, 1.04 load
[runlim] sample:		45042.98 time, 45040.01 real, 2673 MB, 1.03 load
[runlim] sample:		45052.99 time, 45050.01 real, 2673 MB, 1.03 load
[runlim] sample:		45062.99 time, 45060.01 real, 2687 MB, 1.02 load
[runlim] sample:		45072.99 time, 45070.01 real, 2687 MB, 1.02 load
[runlim] sample:		45083.00 time, 45080.01 real, 2702 MB, 1.02 load
[runlim] sample:		45093.00 time, 45090.01 real, 2701 MB, 1.01 load
[runlim] sample:		45103.01 time, 45100.01 real, 2701 MB, 1.01 load
[runlim] sample:		45113.01 time, 45110.01 real, 2715 MB, 1.01 load
[runlim] sample:		45123.02 time, 45120.01 real, 2715 MB, 1.01 load
[runlim] sample:		45132.92 time, 45130.01 real, 2731 MB, 1.01 load
[runlim] sample:		45142.93 time, 45140.01 real, 2730 MB, 1.00 load
[runlim] sample:		45152.93 time, 45150.01 real, 2730 MB, 1.00 load

NN₁: mnist_relu_3_100_gemm.onnx
NN₂: mnist_relu_3_100_0.49.onnx
Prop: mnist_5_global_5.vnnlib
[runlim] sample:		45162.92 time, 45160.01 real, 2412 MB, 1.00 load
[runlim] sample:		45172.93 time, 45170.01 real, 2412 MB, 1.00 load
[runlim] sample:		45182.93 time, 45180.01 real, 2412 MB, 1.08 load
[runlim] sample:		45192.94 time, 45190.01 real, 2412 MB, 1.07 load
[runlim] sample:		45202.94 time, 45200.01 real, 2412 MB, 1.06 load
[runlim] sample:		45212.94 time, 45210.01 real, 2414 MB, 1.05 load
[runlim] sample:		45222.95 time, 45220.01 real, 2419 MB, 1.04 load
[runlim] sample:		45232.95 time, 45230.01 real, 2423 MB, 1.03 load
[runlim] sample:		45242.96 time, 45240.01 real, 2428 MB, 1.03 load
[runlim] sample:		45252.96 time, 45250.01 real, 2432 MB, 1.02 load
[runlim] sample:		45262.97 time, 45260.01 real, 2437 MB, 1.02 load
[runlim] sample:		45272.97 time, 45270.01 real, 2442 MB, 1.02 load
[runlim] sample:		45282.97 time, 45280.01 real, 2447 MB, 1.01 load
[runlim] sample:		45292.98 time, 45290.01 real, 2447 MB, 1.01 load
[runlim] sample:		45302.98 time, 45300.01 real, 2453 MB, 1.01 load
[runlim] sample:		45312.99 time, 45310.01 real, 2459 MB, 1.01 load
[runlim] sample:		45322.99 time, 45320.01 real, 2467 MB, 1.00 load
[runlim] sample:		45333.00 time, 45330.01 real, 2472 MB, 1.00 load
[runlim] sample:		45343.00 time, 45340.01 real, 2472 MB, 1.00 load
[runlim] sample:		45353.00 time, 45350.01 real, 2481 MB, 1.00 load
[runlim] sample:		45363.01 time, 45360.01 real, 2488 MB, 1.00 load
[runlim] sample:		45373.01 time, 45370.01 real, 2488 MB, 1.00 load
[runlim] sample:		45383.02 time, 45380.01 real, 2496 MB, 1.00 load
[runlim] sample:		45393.03 time, 45390.01 real, 2504 MB, 1.00 load
[runlim] sample:		45402.92 time, 45400.01 real, 2504 MB, 1.00 load
[runlim] sample:		45412.93 time, 45410.01 real, 2512 MB, 1.00 load
[runlim] sample:		45422.94 time, 45420.01 real, 2520 MB, 1.00 load
[runlim] sample:		45432.93 time, 45430.01 real, 2520 MB, 1.00 load
[runlim] sample:		45442.94 time, 45440.01 real, 2529 MB, 1.08 load
[runlim] sample:		45452.95 time, 45450.01 real, 2529 MB, 1.14 load
[runlim] sample:		45462.95 time, 45460.01 real, 2538 MB, 1.12 load
[runlim] sample:		45472.95 time, 45470.01 real, 2548 MB, 1.10 load
[runlim] sample:		45482.96 time, 45480.01 real, 2548 MB, 1.08 load
[runlim] sample:		45492.97 time, 45490.01 real, 2557 MB, 1.07 load
[runlim] sample:		45502.97 time, 45500.01 real, 2557 MB, 1.06 load
[runlim] sample:		45512.97 time, 45510.01 real, 2581 MB, 1.05 load
[runlim] sample:		45522.97 time, 45520.01 real, 2581 MB, 1.04 load
[runlim] sample:		45532.98 time, 45530.01 real, 2591 MB, 1.04 load
[runlim] sample:		45542.98 time, 45540.01 real, 2591 MB, 1.03 load
[runlim] sample:		45552.99 time, 45550.01 real, 2602 MB, 1.10 load
[runlim] sample:		45562.99 time, 45560.01 real, 2602 MB, 1.08 load
[runlim] sample:		45572.99 time, 45570.01 real, 2612 MB, 1.07 load
[runlim] sample:		45582.99 time, 45580.01 real, 2612 MB, 1.06 load
[runlim] sample:		45593.00 time, 45590.01 real, 2623 MB, 1.05 load
[runlim] sample:		45603.01 time, 45600.01 real, 2623 MB, 1.04 load
[runlim] sample:		45613.01 time, 45610.01 real, 2634 MB, 1.03 load
[runlim] sample:		45623.01 time, 45620.01 real, 2634 MB, 1.03 load
[runlim] sample:		45633.02 time, 45630.01 real, 2634 MB, 1.02 load
[runlim] sample:		45643.02 time, 45640.01 real, 2646 MB, 1.02 load
[runlim] sample:		45653.02 time, 45650.01 real, 2646 MB, 1.02 load
[runlim] sample:		45663.02 time, 45660.01 real, 2658 MB, 1.01 load
[runlim] sample:		45672.91 time, 45670.01 real, 2658 MB, 1.01 load
[runlim] sample:		45682.92 time, 45680.01 real, 2671 MB, 1.01 load
[runlim] sample:		45692.92 time, 45690.01 real, 2671 MB, 1.01 load
[runlim] sample:		45702.93 time, 45700.01 real, 2671 MB, 1.01 load
[runlim] sample:		45712.92 time, 45710.01 real, 2683 MB, 1.00 load
[runlim] sample:		45722.94 time, 45720.01 real, 2683 MB, 1.00 load
[runlim] sample:		45732.94 time, 45730.01 real, 2697 MB, 1.00 load
[runlim] sample:		45742.94 time, 45740.01 real, 2696 MB, 1.00 load
[runlim] sample:		45752.94 time, 45750.01 real, 2696 MB, 1.00 load

NN₁: mnist_relu_3_100_gemm.onnx
NN₂: mnist_relu_3_100_0.49.onnx
Prop: mnist_6_global_4.vnnlib
[runlim] sample:		45762.94 time, 45760.01 real, 2412 MB, 1.00 load
[runlim] sample:		45772.95 time, 45770.01 real, 2412 MB, 1.00 load
[runlim] sample:		45782.95 time, 45780.01 real, 2412 MB, 1.00 load
[runlim] sample:		45792.96 time, 45790.01 real, 2412 MB, 1.00 load
[runlim] sample:		45802.95 time, 45800.01 real, 2412 MB, 1.00 load
[runlim] sample:		45812.96 time, 45810.01 real, 2417 MB, 1.00 load
[runlim] sample:		45822.97 time, 45820.01 real, 2421 MB, 1.00 load
[runlim] sample:		45832.97 time, 45830.01 real, 2427 MB, 1.00 load
[runlim] sample:		45842.98 time, 45840.01 real, 2433 MB, 1.00 load
[runlim] sample:		45852.97 time, 45850.01 real, 2438 MB, 1.00 load
[runlim] sample:		45862.98 time, 45860.01 real, 2444 MB, 1.00 load
[runlim] sample:		45872.98 time, 45870.01 real, 2444 MB, 1.00 load
[runlim] sample:		45882.99 time, 45880.01 real, 2449 MB, 1.00 load
[runlim] sample:		45893.00 time, 45890.01 real, 2454 MB, 1.00 load
[runlim] sample:		45903.00 time, 45900.01 real, 2460 MB, 1.00 load
[runlim] sample:		45913.01 time, 45910.01 real, 2467 MB, 1.00 load
[runlim] sample:		45923.01 time, 45920.01 real, 2467 MB, 1.00 load
[runlim] sample:		45933.01 time, 45930.01 real, 2474 MB, 1.00 load
[runlim] sample:		45942.92 time, 45940.01 real, 2484 MB, 1.08 load
[runlim] sample:		45952.92 time, 45950.01 real, 2489 MB, 1.21 load
[runlim] sample:		45962.93 time, 45960.01 real, 2489 MB, 1.18 load
[runlim] sample:		45972.93 time, 45970.01 real, 2496 MB, 1.15 load
[runlim] sample:		45982.94 time, 45980.01 real, 2503 MB, 1.13 load
[runlim] sample:		45992.94 time, 45990.01 real, 2503 MB, 1.11 load
[runlim] sample:		46002.95 time, 46000.01 real, 2510 MB, 1.09 load
[runlim] sample:		46012.95 time, 46010.01 real, 2518 MB, 1.08 load
[runlim] sample:		46022.95 time, 46020.01 real, 2518 MB, 1.06 load
[runlim] sample:		46032.96 time, 46030.01 real, 2528 MB, 1.05 load
[runlim] sample:		46042.96 time, 46040.01 real, 2528 MB, 1.05 load
[runlim] sample:		46052.97 time, 46050.01 real, 2534 MB, 1.04 load
[runlim] sample:		46062.97 time, 46060.01 real, 2544 MB, 1.03 load
[runlim] sample:		46072.97 time, 46070.01 real, 2544 MB, 1.03 load
[runlim] sample:		46082.98 time, 46080.01 real, 2554 MB, 1.02 load
[runlim] sample:		46092.98 time, 46090.01 real, 2554 MB, 1.02 load
[runlim] sample:		46102.99 time, 46100.01 real, 2584 MB, 1.09 load
[runlim] sample:		46112.99 time, 46110.01 real, 2584 MB, 1.08 load
[runlim] sample:		46123.00 time, 46120.01 real, 2594 MB, 1.06 load
[runlim] sample:		46133.00 time, 46130.01 real, 2604 MB, 1.05 load
[runlim] sample:		46143.00 time, 46140.01 real, 2604 MB, 1.04 load
[runlim] sample:		46153.00 time, 46150.01 real, 2614 MB, 1.04 load
[runlim] sample:		46163.01 time, 46160.01 real, 2614 MB, 1.03 load
[runlim] sample:		46173.01 time, 46170.01 real, 2624 MB, 1.03 load
[runlim] sample:		46183.02 time, 46180.01 real, 2624 MB, 1.02 load
[runlim] sample:		46193.02 time, 46190.01 real, 2634 MB, 1.02 load
[runlim] sample:		46203.03 time, 46200.01 real, 2634 MB, 1.01 load
[runlim] sample:		46212.93 time, 46210.01 real, 2644 MB, 1.01 load
[runlim] sample:		46222.94 time, 46220.01 real, 2644 MB, 1.01 load
[runlim] sample:		46232.95 time, 46230.01 real, 2654 MB, 1.01 load
[runlim] sample:		46242.95 time, 46240.01 real, 2655 MB, 1.01 load
[runlim] sample:		46252.95 time, 46250.01 real, 2655 MB, 1.00 load
[runlim] sample:		46262.96 time, 46260.01 real, 2665 MB, 1.00 load
[runlim] sample:		46272.96 time, 46270.01 real, 2665 MB, 1.00 load
[runlim] sample:		46282.96 time, 46280.01 real, 2676 MB, 1.00 load
[runlim] sample:		46292.97 time, 46290.01 real, 2676 MB, 1.00 load
[runlim] sample:		46302.97 time, 46300.01 real, 2688 MB, 1.00 load
[runlim] sample:		46312.97 time, 46310.01 real, 2688 MB, 1.00 load
[runlim] sample:		46322.98 time, 46320.01 real, 2688 MB, 1.00 load
[runlim] sample:		46332.98 time, 46330.01 real, 2699 MB, 1.00 load
[runlim] sample:		46342.99 time, 46340.01 real, 2699 MB, 1.00 load
[runlim] sample:		46352.99 time, 46350.01 real, 2711 MB, 1.00 load

NN₁: mnist_relu_3_100_gemm.onnx
NN₂: mnist_relu_3_100_0.49.onnx
Prop: mnist_6_global_5.vnnlib

NN₁: mnist_relu_3_100_gemm.onnx
NN₂: mnist_relu_3_100_0.49.onnx
Prop: mnist_7_global_4.vnnlib
[runlim] sample:		46362.99 time, 46360.01 real, 2412 MB, 1.00 load
[runlim] sample:		46372.99 time, 46370.01 real, 2412 MB, 1.00 load
[runlim] sample:		46382.99 time, 46380.01 real, 2412 MB, 1.00 load
[runlim] sample:		46393.00 time, 46390.01 real, 2412 MB, 1.00 load
[runlim] sample:		46403.01 time, 46400.01 real, 2412 MB, 1.00 load
[runlim] sample:		46413.01 time, 46410.01 real, 2414 MB, 1.00 load
[runlim] sample:		46423.02 time, 46420.01 real, 2418 MB, 1.00 load
[runlim] sample:		46433.02 time, 46430.01 real, 2423 MB, 1.00 load
[runlim] sample:		46443.02 time, 46440.01 real, 2426 MB, 1.00 load
[runlim] sample:		46453.03 time, 46450.01 real, 2432 MB, 1.15 load
[runlim] sample:		46463.03 time, 46460.01 real, 2435 MB, 1.13 load
[runlim] sample:		46473.04 time, 46470.01 real, 2435 MB, 1.11 load
[runlim] sample:		46482.94 time, 46480.01 real, 2441 MB, 1.09 load
[runlim] sample:		46492.95 time, 46490.01 real, 2446 MB, 1.08 load
[runlim] sample:		46502.95 time, 46500.01 real, 2450 MB, 1.06 load
[runlim] sample:		46512.95 time, 46510.01 real, 2456 MB, 1.05 load
[runlim] sample:		46522.96 time, 46520.01 real, 2462 MB, 1.05 load
[runlim] sample:		46532.96 time, 46530.01 real, 2462 MB, 1.04 load
[runlim] sample:		46542.97 time, 46540.01 real, 2468 MB, 1.03 load
[runlim] sample:		46552.98 time, 46550.01 real, 2476 MB, 1.03 load
[runlim] sample:		46562.97 time, 46560.01 real, 2482 MB, 1.02 load
[runlim] sample:		46572.98 time, 46570.01 real, 2482 MB, 1.02 load
[runlim] sample:		46582.99 time, 46580.01 real, 2490 MB, 1.02 load
[runlim] sample:		46592.99 time, 46590.01 real, 2497 MB, 1.01 load
[runlim] sample:		46603.00 time, 46600.01 real, 2497 MB, 1.01 load
[runlim] sample:		46613.00 time, 46610.01 real, 2504 MB, 1.01 load
[runlim] sample:		46623.01 time, 46620.01 real, 2512 MB, 1.01 load
[runlim] sample:		46633.01 time, 46630.01 real, 2512 MB, 1.00 load
[runlim] sample:		46643.01 time, 46640.01 real, 2519 MB, 1.00 load
[runlim] sample:		46653.02 time, 46650.01 real, 2519 MB, 1.00 load
[runlim] sample:		46663.02 time, 46660.01 real, 2526 MB, 1.00 load
[runlim] sample:		46673.03 time, 46670.01 real, 2534 MB, 1.00 load
[runlim] sample:		46683.03 time, 46680.01 real, 2534 MB, 1.00 load
[runlim] sample:		46693.04 time, 46690.01 real, 2542 MB, 1.00 load
[runlim] sample:		46703.05 time, 46700.01 real, 2542 MB, 1.00 load
[runlim] sample:		46713.05 time, 46710.01 real, 2550 MB, 1.00 load
[runlim] sample:		46723.05 time, 46720.01 real, 2550 MB, 1.00 load
[runlim] sample:		46733.06 time, 46730.01 real, 2558 MB, 1.00 load
[runlim] sample:		46743.06 time, 46740.01 real, 2558 MB, 1.00 load
[runlim] sample:		46752.95 time, 46750.01 real, 2565 MB, 1.00 load
[runlim] sample:		46762.96 time, 46760.01 real, 2565 MB, 1.00 load
[runlim] sample:		46772.97 time, 46770.01 real, 2589 MB, 1.00 load
[runlim] sample:		46782.97 time, 46780.01 real, 2589 MB, 1.00 load
[runlim] sample:		46792.97 time, 46790.01 real, 2597 MB, 1.00 load
[runlim] sample:		46802.98 time, 46800.01 real, 2597 MB, 1.00 load
[runlim] sample:		46812.99 time, 46810.01 real, 2606 MB, 1.00 load
[runlim] sample:		46822.99 time, 46820.01 real, 2606 MB, 1.00 load
[runlim] sample:		46832.99 time, 46830.01 real, 2615 MB, 1.00 load
[runlim] sample:		46842.99 time, 46840.01 real, 2615 MB, 1.00 load
[runlim] sample:		46853.00 time, 46850.01 real, 2625 MB, 1.00 load
[runlim] sample:		46863.00 time, 46860.01 real, 2625 MB, 1.00 load
[runlim] sample:		46873.01 time, 46870.01 real, 2625 MB, 1.00 load
[runlim] sample:		46883.01 time, 46880.01 real, 2634 MB, 1.00 load
[runlim] sample:		46893.01 time, 46890.01 real, 2634 MB, 1.00 load
[runlim] sample:		46903.02 time, 46900.01 real, 2645 MB, 1.00 load
[runlim] sample:		46913.03 time, 46910.01 real, 2645 MB, 1.00 load
[runlim] sample:		46923.03 time, 46920.01 real, 2656 MB, 1.00 load
[runlim] sample:		46933.04 time, 46930.01 real, 2655 MB, 1.00 load
[runlim] sample:		46943.04 time, 46940.01 real, 2655 MB, 1.00 load
[runlim] sample:		46953.04 time, 46950.01 real, 2666 MB, 1.15 load

NN₁: mnist_relu_3_100_gemm.onnx
NN₂: mnist_relu_3_100_0.49.onnx
Prop: mnist_7_global_5.vnnlib
[runlim] sample:		46963.04 time, 46960.01 real, 2412 MB, 1.13 load
[runlim] sample:		46973.04 time, 46970.01 real, 2412 MB, 1.11 load
[runlim] sample:		46983.05 time, 46980.01 real, 2412 MB, 1.09 load
[runlim] sample:		46993.06 time, 46990.01 real, 2412 MB, 1.08 load
[runlim] sample:		47003.06 time, 47000.01 real, 2412 MB, 1.06 load
[runlim] sample:		47013.06 time, 47010.01 real, 2412 MB, 1.05 load
[runlim] sample:		47022.96 time, 47020.01 real, 2414 MB, 1.05 load
[runlim] sample:		47032.96 time, 47030.01 real, 2418 MB, 1.04 load
[runlim] sample:		47042.96 time, 47040.01 real, 2422 MB, 1.03 load
[runlim] sample:		47052.97 time, 47050.01 real, 2426 MB, 1.03 load
[runlim] sample:		47062.97 time, 47060.01 real, 2430 MB, 1.02 load
[runlim] sample:		47072.98 time, 47070.01 real, 2434 MB, 1.02 load
[runlim] sample:		47082.98 time, 47080.01 real, 2439 MB, 1.02 load
[runlim] sample:		47092.99 time, 47090.01 real, 2444 MB, 1.01 load
[runlim] sample:		47102.99 time, 47100.01 real, 2449 MB, 1.01 load
[runlim] sample:		47112.99 time, 47110.01 real, 2449 MB, 1.01 load
[runlim] sample:		47122.99 time, 47120.01 real, 2453 MB, 1.01 load
[runlim] sample:		47133.00 time, 47130.01 real, 2458 MB, 1.00 load
[runlim] sample:		47143.01 time, 47140.01 real, 2463 MB, 1.00 load
[runlim] sample:		47153.01 time, 47150.01 real, 2470 MB, 1.00 load
[runlim] sample:		47163.02 time, 47160.01 real, 2470 MB, 1.00 load
[runlim] sample:		47173.02 time, 47170.01 real, 2476 MB, 1.00 load
[runlim] sample:		47183.03 time, 47180.01 real, 2483 MB, 1.00 load
[runlim] sample:		47193.03 time, 47190.01 real, 2490 MB, 1.00 load
[runlim] sample:		47203.03 time, 47200.01 real, 2490 MB, 1.00 load
[runlim] sample:		47213.04 time, 47210.01 real, 2496 MB, 1.00 load
[runlim] sample:		47223.04 time, 47220.01 real, 2504 MB, 1.00 load
[runlim] sample:		47233.04 time, 47230.01 real, 2504 MB, 1.00 load
[runlim] sample:		47243.05 time, 47240.01 real, 2510 MB, 1.00 load
[runlim] sample:		47253.05 time, 47250.01 real, 2519 MB, 1.00 load
[runlim] sample:		47263.06 time, 47260.01 real, 2519 MB, 1.00 load
[runlim] sample:		47273.06 time, 47270.01 real, 2525 MB, 1.00 load
[runlim] sample:		47283.07 time, 47280.01 real, 2525 MB, 1.00 load
[runlim] sample:		47292.96 time, 47290.01 real, 2534 MB, 1.00 load
[runlim] sample:		47302.97 time, 47300.01 real, 2542 MB, 1.00 load
[runlim] sample:		47312.96 time, 47310.01 real, 2542 MB, 1.00 load
[runlim] sample:		47322.97 time, 47320.01 real, 2550 MB, 1.00 load
[runlim] sample:		47332.97 time, 47330.01 real, 2550 MB, 1.00 load
[runlim] sample:		47342.98 time, 47340.01 real, 2558 MB, 1.00 load
[runlim] sample:		47352.98 time, 47350.01 real, 2558 MB, 1.00 load
[runlim] sample:		47362.99 time, 47360.01 real, 2580 MB, 1.00 load
[runlim] sample:		47372.98 time, 47370.01 real, 2580 MB, 1.00 load
[runlim] sample:		47383.00 time, 47380.01 real, 2589 MB, 1.00 load
[runlim] sample:		47393.00 time, 47390.01 real, 2589 MB, 1.00 load
[runlim] sample:		47403.00 time, 47400.01 real, 2598 MB, 1.00 load
[runlim] sample:		47413.01 time, 47410.01 real, 2598 MB, 1.00 load
[runlim] sample:		47423.01 time, 47420.01 real, 2607 MB, 1.00 load
[runlim] sample:		47433.01 time, 47430.01 real, 2607 MB, 1.08 load
[runlim] sample:		47443.01 time, 47440.01 real, 2616 MB, 1.07 load
[runlim] sample:		47453.02 time, 47450.01 real, 2616 MB, 1.21 load
[runlim] sample:		47463.03 time, 47460.01 real, 2626 MB, 1.18 load
[runlim] sample:		47473.03 time, 47470.01 real, 2626 MB, 1.15 load
[runlim] sample:		47483.03 time, 47480.01 real, 2635 MB, 1.13 load
[runlim] sample:		47493.04 time, 47490.01 real, 2635 MB, 1.11 load
[runlim] sample:		47503.04 time, 47500.01 real, 2647 MB, 1.09 load
[runlim] sample:		47513.04 time, 47510.01 real, 2646 MB, 1.08 load
[runlim] sample:		47523.05 time, 47520.01 real, 2646 MB, 1.06 load
[runlim] sample:		47533.05 time, 47530.01 real, 2656 MB, 1.05 load
[runlim] sample:		47543.05 time, 47540.01 real, 2656 MB, 1.04 load
[runlim] sample:		47553.07 time, 47550.01 real, 2667 MB, 1.04 load

NN₁: mnist_relu_3_100_gemm.onnx
NN₂: mnist_relu_3_100_0.49.onnx
Prop: mnist_8_global_4.vnnlib

NN₁: mnist_relu_3_100_gemm.onnx
NN₂: mnist_relu_3_100_0.49.onnx
Prop: mnist_8_global_5.vnnlib

NN₁: mnist_relu_3_100_gemm.onnx
NN₂: mnist_relu_3_100_0.49.onnx
Prop: mnist_9_global_4.vnnlib
[runlim] sample:		47562.94 time, 47560.01 real, 2412 MB, 1.03 load
[runlim] sample:		47572.95 time, 47570.01 real, 2412 MB, 1.03 load
[runlim] sample:		47582.95 time, 47580.01 real, 2412 MB, 1.02 load
[runlim] sample:		47592.95 time, 47590.01 real, 2412 MB, 1.02 load
[runlim] sample:		47602.96 time, 47600.01 real, 2412 MB, 1.01 load
[runlim] sample:		47612.97 time, 47610.01 real, 2415 MB, 1.01 load
[runlim] sample:		47622.97 time, 47620.01 real, 2420 MB, 1.01 load
[runlim] sample:		47632.98 time, 47630.01 real, 2424 MB, 1.01 load
[runlim] sample:		47642.98 time, 47640.01 real, 2430 MB, 1.01 load
[runlim] sample:		47652.98 time, 47650.01 real, 2435 MB, 1.00 load
[runlim] sample:		47662.99 time, 47660.01 real, 2441 MB, 1.00 load
[runlim] sample:		47673.00 time, 47670.01 real, 2441 MB, 1.00 load
[runlim] sample:		47682.99 time, 47680.01 real, 2446 MB, 1.00 load
[runlim] sample:		47693.01 time, 47690.01 real, 2454 MB, 1.00 load
[runlim] sample:		47703.01 time, 47700.01 real, 2461 MB, 1.00 load
[runlim] sample:		47713.02 time, 47710.01 real, 2470 MB, 1.00 load
[runlim] sample:		47723.02 time, 47720.01 real, 2480 MB, 1.00 load
[runlim] sample:		47733.03 time, 47730.01 real, 2480 MB, 1.00 load
[runlim] sample:		47743.03 time, 47740.01 real, 2487 MB, 1.00 load
[runlim] sample:		47753.04 time, 47750.01 real, 2496 MB, 1.00 load
[runlim] sample:		47763.03 time, 47760.01 real, 2502 MB, 1.00 load
[runlim] sample:		47773.04 time, 47770.01 real, 2505 MB, 1.00 load
[runlim] sample:		47783.05 time, 47780.01 real, 2515 MB, 1.00 load
[runlim] sample:		47793.05 time, 47790.01 real, 2524 MB, 1.00 load
[runlim] sample:		47803.06 time, 47800.01 real, 2524 MB, 1.00 load
[runlim] sample:		47813.06 time, 47810.01 real, 2535 MB, 1.00 load
[runlim] sample:		47823.07 time, 47820.01 real, 2535 MB, 1.00 load
[runlim] sample:		47832.96 time, 47830.01 real, 2546 MB, 1.00 load
[runlim] sample:		47842.97 time, 47840.01 real, 2557 MB, 1.00 load
[runlim] sample:		47852.96 time, 47850.01 real, 2557 MB, 1.00 load
[runlim] sample:		47862.97 time, 47860.01 real, 2588 MB, 1.00 load
[runlim] sample:		47872.98 time, 47870.01 real, 2588 MB, 1.00 load
[runlim] sample:		47882.98 time, 47880.01 real, 2599 MB, 1.00 load
[runlim] sample:		47892.99 time, 47890.01 real, 2599 MB, 1.00 load
[runlim] sample:		47902.99 time, 47900.01 real, 2611 MB, 1.00 load
[runlim] sample:		47913.00 time, 47910.01 real, 2611 MB, 1.00 load
[runlim] sample:		47923.00 time, 47920.01 real, 2624 MB, 1.00 load
[runlim] sample:		47933.00 time, 47930.01 real, 2624 MB, 1.00 load
[runlim] sample:		47943.00 time, 47940.01 real, 2637 MB, 1.00 load
[runlim] sample:		47953.02 time, 47950.01 real, 2637 MB, 1.15 load
[runlim] sample:		47963.02 time, 47960.01 real, 2650 MB, 1.13 load
[runlim] sample:		47973.02 time, 47970.01 real, 2650 MB, 1.11 load
[runlim] sample:		47983.02 time, 47980.01 real, 2664 MB, 1.09 load
[runlim] sample:		47993.03 time, 47990.01 real, 2664 MB, 1.08 load
[runlim] sample:		48003.04 time, 48000.01 real, 2678 MB, 1.06 load
[runlim] sample:		48013.04 time, 48010.01 real, 2678 MB, 1.05 load
[runlim] sample:		48023.05 time, 48020.01 real, 2692 MB, 1.13 load
[runlim] sample:		48033.05 time, 48030.01 real, 2692 MB, 1.11 load
[runlim] sample:		48043.05 time, 48040.01 real, 2692 MB, 1.09 load
[runlim] sample:		48053.06 time, 48050.01 real, 2707 MB, 1.08 load
[runlim] sample:		48063.06 time, 48060.01 real, 2707 MB, 1.06 load
[runlim] sample:		48073.06 time, 48070.01 real, 2723 MB, 1.05 load
[runlim] sample:		48083.07 time, 48080.01 real, 2723 MB, 1.04 load
[runlim] sample:		48093.07 time, 48090.01 real, 2723 MB, 1.04 load
[runlim] sample:		48102.97 time, 48100.01 real, 2739 MB, 1.03 load
[runlim] sample:		48112.98 time, 48110.01 real, 2739 MB, 1.03 load
[runlim] sample:		48122.98 time, 48120.01 real, 2756 MB, 1.02 load
[runlim] sample:		48132.98 time, 48130.01 real, 2756 MB, 1.02 load
[runlim] sample:		48142.99 time, 48140.01 real, 2756 MB, 1.01 load
[runlim] sample:		48153.00 time, 48150.01 real, 2773 MB, 1.01 load
[runlim] sample:		48163.00 time, 48160.01 real, 2773 MB, 1.01 load

NN₁: mnist_relu_3_100_gemm.onnx
NN₂: mnist_relu_3_100_0.49.onnx
Prop: mnist_9_global_5.vnnlib
[runlim] sample:		48173.00 time, 48170.01 real, 2412 MB, 1.01 load
[runlim] sample:		48183.00 time, 48180.01 real, 2412 MB, 1.01 load
[runlim] sample:		48193.01 time, 48190.01 real, 2412 MB, 1.00 load
[runlim] sample:		48203.01 time, 48200.01 real, 2412 MB, 1.00 load
[runlim] sample:		48213.02 time, 48210.01 real, 2412 MB, 1.00 load
[runlim] sample:		48223.02 time, 48220.01 real, 2416 MB, 1.00 load
[runlim] sample:		48233.02 time, 48230.01 real, 2421 MB, 1.00 load
[runlim] sample:		48243.02 time, 48240.01 real, 2426 MB, 1.00 load
[runlim] sample:		48253.04 time, 48250.01 real, 2432 MB, 1.00 load
[runlim] sample:		48263.03 time, 48260.01 real, 2437 MB, 1.00 load
[runlim] sample:		48273.04 time, 48270.01 real, 2443 MB, 1.00 load
[runlim] sample:		48283.05 time, 48280.01 real, 2449 MB, 1.00 load
[runlim] sample:		48293.05 time, 48290.01 real, 2455 MB, 1.00 load
[runlim] sample:		48303.06 time, 48300.01 real, 2461 MB, 1.00 load
[runlim] sample:		48313.06 time, 48310.01 real, 2461 MB, 1.00 load
[runlim] sample:		48323.06 time, 48320.01 real, 2469 MB, 1.00 load
[runlim] sample:		48333.07 time, 48330.01 real, 2476 MB, 1.00 load
[runlim] sample:		48343.07 time, 48340.01 real, 2484 MB, 1.00 load
[runlim] sample:		48353.08 time, 48350.01 real, 2484 MB, 1.00 load
[runlim] sample:		48363.08 time, 48360.01 real, 2493 MB, 1.00 load
[runlim] sample:		48372.97 time, 48370.01 real, 2501 MB, 1.00 load
[runlim] sample:		48382.97 time, 48380.01 real, 2501 MB, 1.00 load
[runlim] sample:		48392.98 time, 48390.01 real, 2510 MB, 1.00 load
[runlim] sample:		48402.98 time, 48400.01 real, 2520 MB, 1.00 load
[runlim] sample:		48412.99 time, 48410.01 real, 2520 MB, 1.00 load
[runlim] sample:		48423.00 time, 48420.01 real, 2530 MB, 1.00 load
[runlim] sample:		48433.00 time, 48430.01 real, 2530 MB, 1.00 load
[runlim] sample:		48443.00 time, 48440.01 real, 2538 MB, 1.00 load
[runlim] sample:		48453.00 time, 48450.01 real, 2538 MB, 1.15 load
[runlim] sample:		48463.01 time, 48460.01 real, 2550 MB, 1.13 load
[runlim] sample:		48473.01 time, 48470.01 real, 2561 MB, 1.11 load
[runlim] sample:		48483.01 time, 48480.01 real, 2561 MB, 1.09 load
[runlim] sample:		48493.02 time, 48490.01 real, 2586 MB, 1.08 load
[runlim] sample:		48503.02 time, 48500.01 real, 2586 MB, 1.06 load
[runlim] sample:		48513.03 time, 48510.01 real, 2597 MB, 1.05 load
[runlim] sample:		48523.03 time, 48520.01 real, 2597 MB, 1.05 load
[runlim] sample:		48533.04 time, 48530.01 real, 2608 MB, 1.04 load
[runlim] sample:		48543.04 time, 48540.01 real, 2608 MB, 1.03 load
[runlim] sample:		48553.04 time, 48550.01 real, 2620 MB, 1.03 load
[runlim] sample:		48563.05 time, 48560.01 real, 2620 MB, 1.02 load
[runlim] sample:		48573.05 time, 48570.01 real, 2632 MB, 1.02 load
[runlim] sample:		48583.06 time, 48580.01 real, 2632 MB, 1.02 load
[runlim] sample:		48593.06 time, 48590.01 real, 2632 MB, 1.01 load
[runlim] sample:		48603.06 time, 48600.01 real, 2644 MB, 1.01 load
[runlim] sample:		48613.06 time, 48610.01 real, 2644 MB, 1.01 load
[runlim] sample:		48623.07 time, 48620.01 real, 2656 MB, 1.01 load
[runlim] sample:		48633.08 time, 48630.01 real, 2656 MB, 1.00 load
[runlim] sample:		48642.97 time, 48640.01 real, 2669 MB, 1.00 load
[runlim] sample:		48652.97 time, 48650.01 real, 2669 MB, 1.00 load
[runlim] sample:		48662.98 time, 48660.01 real, 2683 MB, 1.08 load
[runlim] sample:		48672.98 time, 48670.01 real, 2682 MB, 1.07 load
[runlim] sample:		48682.99 time, 48680.01 real, 2682 MB, 1.06 load
[runlim] sample:		48692.99 time, 48690.01 real, 2695 MB, 1.05 load
[runlim] sample:		48703.00 time, 48700.01 real, 2695 MB, 1.04 load
[runlim] sample:		48713.00 time, 48710.01 real, 2710 MB, 1.03 load
[runlim] sample:		48723.00 time, 48720.01 real, 2709 MB, 1.03 load
[runlim] sample:		48733.01 time, 48730.01 real, 2709 MB, 1.02 load
[runlim] sample:		48743.01 time, 48740.01 real, 2723 MB, 1.02 load
[runlim] sample:		48753.02 time, 48750.01 real, 2723 MB, 1.02 load
[runlim] sample:		48763.02 time, 48760.01 real, 2723 MB, 1.01 load

NN₁: mnist_relu_3_100_gemm.onnx
NN₂: mnist_relu_3_100_0.49.onnx
Prop: mnist_10_global_4.vnnlib
[runlim] sample:		48773.02 time, 48770.01 real, 2412 MB, 1.01 load
[runlim] sample:		48783.03 time, 48780.01 real, 2412 MB, 1.01 load
[runlim] sample:		48793.03 time, 48790.01 real, 2412 MB, 1.01 load
[runlim] sample:		48803.04 time, 48800.01 real, 2412 MB, 1.00 load
[runlim] sample:		48813.04 time, 48810.01 real, 2412 MB, 1.00 load
[runlim] sample:		48823.05 time, 48820.01 real, 2412 MB, 1.00 load
[runlim] sample:		48833.05 time, 48830.01 real, 2412 MB, 1.00 load
[runlim] sample:		48843.06 time, 48840.01 real, 2414 MB, 1.00 load
[runlim] sample:		48853.06 time, 48850.01 real, 2418 MB, 1.00 load
[runlim] sample:		48863.07 time, 48860.01 real, 2423 MB, 1.00 load
[runlim] sample:		48873.07 time, 48870.01 real, 2427 MB, 1.00 load
[runlim] sample:		48883.08 time, 48880.01 real, 2433 MB, 1.00 load
[runlim] sample:		48893.08 time, 48890.01 real, 2438 MB, 1.00 load
[runlim] sample:		48903.08 time, 48900.01 real, 2446 MB, 1.00 load
[runlim] sample:		48912.99 time, 48910.01 real, 2448 MB, 1.00 load
[runlim] sample:		48923.00 time, 48920.01 real, 2454 MB, 1.00 load
[runlim] sample:		48933.00 time, 48930.01 real, 2461 MB, 1.00 load
[runlim] sample:		48943.00 time, 48940.01 real, 2468 MB, 1.00 load
[runlim] sample:		48953.01 time, 48950.01 real, 2476 MB, 1.15 load
[runlim] sample:		48963.01 time, 48960.01 real, 2484 MB, 1.13 load
[runlim] sample:		48973.02 time, 48970.01 real, 2492 MB, 1.11 load
[runlim] sample:		48983.03 time, 48980.01 real, 2501 MB, 1.09 load
[runlim] sample:		48993.03 time, 48990.01 real, 2503 MB, 1.08 load
[runlim] sample:		49003.04 time, 49000.01 real, 2511 MB, 1.06 load
[runlim] sample:		49013.04 time, 49010.01 real, 2520 MB, 1.05 load
[runlim] sample:		49023.04 time, 49020.01 real, 2530 MB, 1.05 load
[runlim] sample:		49033.05 time, 49030.01 real, 2540 MB, 1.04 load
[runlim] sample:		49043.06 time, 49040.01 real, 2542 MB, 1.03 load
[runlim] sample:		49053.06 time, 49050.01 real, 2551 MB, 1.03 load
[runlim] sample:		49063.07 time, 49060.01 real, 2574 MB, 1.02 load
[runlim] sample:		49073.07 time, 49070.01 real, 2574 MB, 1.02 load
[runlim] sample:		49083.08 time, 49080.01 real, 2587 MB, 1.02 load
[runlim] sample:		49093.08 time, 49090.01 real, 2601 MB, 1.01 load
[runlim] sample:		49103.08 time, 49100.01 real, 2610 MB, 1.01 load
[runlim] sample:		49113.09 time, 49110.01 real, 2610 MB, 1.01 load
[runlim] sample:		49123.10 time, 49120.01 real, 2626 MB, 1.01 load
[runlim] sample:		49133.10 time, 49130.01 real, 2626 MB, 1.00 load
[runlim] sample:		49143.11 time, 49140.01 real, 2638 MB, 1.00 load
[runlim] sample:		49153.11 time, 49150.01 real, 2653 MB, 1.00 load
[runlim] sample:		49163.12 time, 49160.01 real, 2653 MB, 1.00 load
[runlim] sample:		49173.13 time, 49170.01 real, 2669 MB, 1.00 load
[runlim] sample:		49183.02 time, 49180.01 real, 2669 MB, 1.00 load
[runlim] sample:		49193.03 time, 49190.01 real, 2684 MB, 1.00 load
[runlim] sample:		49203.04 time, 49200.01 real, 2698 MB, 1.00 load
[runlim] sample:		49213.05 time, 49210.01 real, 2698 MB, 1.00 load
[runlim] sample:		49223.04 time, 49220.01 real, 2715 MB, 1.00 load
[runlim] sample:		49233.05 time, 49230.01 real, 2715 MB, 1.00 load
[runlim] sample:		49243.06 time, 49240.01 real, 2732 MB, 1.00 load
[runlim] sample:		49253.07 time, 49250.01 real, 2732 MB, 1.00 load
[runlim] sample:		49263.07 time, 49260.01 real, 2750 MB, 1.00 load
[runlim] sample:		49273.08 time, 49270.01 real, 2750 MB, 1.00 load
[runlim] sample:		49283.08 time, 49280.01 real, 2773 MB, 1.00 load
[runlim] sample:		49293.09 time, 49290.01 real, 2773 MB, 1.00 load
[runlim] sample:		49303.09 time, 49300.01 real, 2816 MB, 1.00 load
[runlim] sample:		49313.10 time, 49310.01 real, 2816 MB, 1.00 load
[runlim] sample:		49323.10 time, 49320.01 real, 2870 MB, 1.00 load
[runlim] sample:		49333.11 time, 49330.01 real, 2870 MB, 1.00 load
[runlim] sample:		49343.11 time, 49340.01 real, 2870 MB, 1.00 load
[runlim] sample:		49353.12 time, 49350.01 real, 2916 MB, 1.00 load
[runlim] sample:		49363.13 time, 49360.01 real, 2916 MB, 1.00 load

NN₁: mnist_relu_3_100_gemm.onnx
NN₂: mnist_relu_3_100_0.49.onnx
Prop: mnist_10_global_5.vnnlib
[runlim] sample:		49373.12 time, 49370.01 real, 2412 MB, 1.00 load
[runlim] sample:		49383.13 time, 49380.01 real, 2412 MB, 1.00 load
[runlim] sample:		49393.13 time, 49390.01 real, 2412 MB, 1.00 load
[runlim] sample:		49403.14 time, 49400.01 real, 2412 MB, 1.00 load
[runlim] sample:		49413.14 time, 49410.01 real, 2416 MB, 1.00 load
[runlim] sample:		49423.15 time, 49420.01 real, 2420 MB, 1.00 load
[runlim] sample:		49433.15 time, 49430.01 real, 2424 MB, 1.00 load
[runlim] sample:		49443.15 time, 49440.01 real, 2428 MB, 1.00 load
[runlim] sample:		49453.06 time, 49450.01 real, 2435 MB, 1.15 load
[runlim] sample:		49463.06 time, 49460.01 real, 2435 MB, 1.13 load
[runlim] sample:		49473.06 time, 49470.01 real, 2441 MB, 1.11 load
[runlim] sample:		49483.06 time, 49480.01 real, 2447 MB, 1.09 load
[runlim] sample:		49493.06 time, 49490.01 real, 2451 MB, 1.08 load
[runlim] sample:		49503.07 time, 49500.01 real, 2456 MB, 1.06 load
[runlim] sample:		49513.07 time, 49510.01 real, 2456 MB, 1.05 load
[runlim] sample:		49523.08 time, 49520.01 real, 2467 MB, 1.05 load
[runlim] sample:		49533.08 time, 49530.01 real, 2472 MB, 1.04 load
[runlim] sample:		49543.09 time, 49540.01 real, 2481 MB, 1.03 load
[runlim] sample:		49553.09 time, 49550.01 real, 2481 MB, 1.03 load
[runlim] sample:		49563.10 time, 49560.01 real, 2488 MB, 1.02 load
[runlim] sample:		49573.10 time, 49570.01 real, 2495 MB, 1.02 load
[runlim] sample:		49583.10 time, 49580.01 real, 2495 MB, 1.02 load
[runlim] sample:		49593.11 time, 49590.01 real, 2505 MB, 1.01 load
[runlim] sample:		49603.11 time, 49600.01 real, 2505 MB, 1.01 load
[runlim] sample:		49613.12 time, 49610.01 real, 2513 MB, 1.01 load
[runlim] sample:		49623.12 time, 49620.01 real, 2522 MB, 1.01 load
[runlim] sample:		49633.12 time, 49630.01 real, 2522 MB, 1.00 load
[runlim] sample:		49643.12 time, 49640.01 real, 2533 MB, 1.00 load
[runlim] sample:		49653.13 time, 49650.01 real, 2533 MB, 1.00 load
[runlim] sample:		49663.13 time, 49660.01 real, 2542 MB, 1.00 load
[runlim] sample:		49673.13 time, 49670.01 real, 2542 MB, 1.00 load
[runlim] sample:		49683.14 time, 49680.01 real, 2553 MB, 1.00 load
[runlim] sample:		49693.15 time, 49690.01 real, 2553 MB, 1.00 load
[runlim] sample:		49703.15 time, 49700.01 real, 2562 MB, 1.00 load
[runlim] sample:		49713.15 time, 49710.01 real, 2562 MB, 1.00 load
[runlim] sample:		49723.05 time, 49720.01 real, 2585 MB, 1.00 load
[runlim] sample:		49733.06 time, 49730.01 real, 2585 MB, 1.00 load
[runlim] sample:		49743.06 time, 49740.01 real, 2596 MB, 1.00 load
[runlim] sample:		49753.07 time, 49750.01 real, 2596 MB, 1.00 load
[runlim] sample:		49763.07 time, 49760.01 real, 2607 MB, 1.00 load
[runlim] sample:		49773.07 time, 49770.01 real, 2607 MB, 1.00 load
[runlim] sample:		49783.08 time, 49780.01 real, 2618 MB, 1.00 load
[runlim] sample:		49793.08 time, 49790.01 real, 2618 MB, 1.00 load
[runlim] sample:		49803.09 time, 49800.01 real, 2618 MB, 1.00 load
[runlim] sample:		49813.09 time, 49810.01 real, 2629 MB, 1.00 load
[runlim] sample:		49823.09 time, 49820.01 real, 2629 MB, 1.00 load
[runlim] sample:		49833.10 time, 49830.01 real, 2642 MB, 1.00 load
[runlim] sample:		49843.10 time, 49840.01 real, 2642 MB, 1.00 load
[runlim] sample:		49853.10 time, 49850.01 real, 2655 MB, 1.00 load
[runlim] sample:		49863.11 time, 49860.01 real, 2654 MB, 1.00 load
[runlim] sample:		49873.11 time, 49870.01 real, 2654 MB, 1.00 load
[runlim] sample:		49883.11 time, 49880.01 real, 2667 MB, 1.00 load
[runlim] sample:		49893.12 time, 49890.01 real, 2667 MB, 1.00 load
[runlim] sample:		49903.12 time, 49900.01 real, 2667 MB, 1.00 load
[runlim] sample:		49913.13 time, 49910.01 real, 2680 MB, 1.00 load
[runlim] sample:		49923.13 time, 49920.01 real, 2680 MB, 1.08 load
[runlim] sample:		49933.13 time, 49930.01 real, 2694 MB, 1.07 load
[runlim] sample:		49943.14 time, 49940.01 real, 2693 MB, 1.06 load
[runlim] sample:		49953.14 time, 49950.01 real, 2693 MB, 1.20 load
[runlim] sample:		49963.14 time, 49960.01 real, 2707 MB, 1.17 load

NN₁: mnist_relu_3_100_gemm.onnx
NN₂: mnist_relu_3_100_0.79_adam_1_stepsize.onnx
Prop: mnist_0_global_4.vnnlib

NN₁: mnist_relu_3_100_gemm.onnx
NN₂: mnist_relu_3_100_0.79_adam_1_stepsize.onnx
Prop: mnist_0_global_5.vnnlib
[runlim] sample:		49973.14 time, 49970.01 real, 2412 MB, 1.14 load
[runlim] sample:		49983.14 time, 49980.01 real, 2412 MB, 1.12 load
[runlim] sample:		49993.04 time, 49990.01 real, 2412 MB, 1.10 load
[runlim] sample:		50003.04 time, 50000.01 real, 2412 MB, 1.09 load
[runlim] sample:		50013.04 time, 50010.01 real, 2412 MB, 1.07 load
[runlim] sample:		50023.05 time, 50020.01 real, 2412 MB, 1.06 load
[runlim] sample:		50033.05 time, 50030.01 real, 2412 MB, 1.05 load
[runlim] sample:		50043.06 time, 50040.01 real, 2412 MB, 1.04 load
[runlim] sample:		50053.06 time, 50050.01 real, 2418 MB, 1.04 load
[runlim] sample:		50063.07 time, 50060.01 real, 2420 MB, 1.03 load
[runlim] sample:		50073.07 time, 50070.01 real, 2425 MB, 1.02 load
[runlim] sample:		50083.07 time, 50080.01 real, 2432 MB, 1.02 load
[runlim] sample:		50093.08 time, 50090.01 real, 2436 MB, 1.02 load
[runlim] sample:		50103.09 time, 50100.01 real, 2439 MB, 1.01 load
[runlim] sample:		50113.09 time, 50110.01 real, 2447 MB, 1.01 load
[runlim] sample:		50123.09 time, 50120.01 real, 2451 MB, 1.01 load
[runlim] sample:		50133.10 time, 50130.01 real, 2457 MB, 1.01 load
[runlim] sample:		50143.10 time, 50140.01 real, 2464 MB, 1.01 load
[runlim] sample:		50153.11 time, 50150.01 real, 2470 MB, 1.00 load
[runlim] sample:		50163.12 time, 50160.01 real, 2477 MB, 1.00 load
[runlim] sample:		50173.12 time, 50170.01 real, 2477 MB, 1.00 load
[runlim] sample:		50183.13 time, 50180.01 real, 2484 MB, 1.00 load
[runlim] sample:		50193.12 time, 50190.01 real, 2495 MB, 1.00 load
[runlim] sample:		50203.13 time, 50200.01 real, 2500 MB, 1.00 load
[runlim] sample:		50213.13 time, 50210.01 real, 2500 MB, 1.00 load
[runlim] sample:		50223.14 time, 50220.01 real, 2510 MB, 1.00 load
[runlim] sample:		50233.15 time, 50230.01 real, 2516 MB, 1.00 load
[runlim] sample:		50243.15 time, 50240.01 real, 2525 MB, 1.00 load
[runlim] sample:		50253.16 time, 50250.01 real, 2525 MB, 1.00 load
[runlim] sample:		50263.06 time, 50260.01 real, 2534 MB, 1.00 load
[runlim] sample:		50273.07 time, 50270.01 real, 2543 MB, 1.00 load
[runlim] sample:		50283.07 time, 50280.01 real, 2543 MB, 1.00 load
[runlim] sample:		50293.07 time, 50290.01 real, 2554 MB, 1.00 load
[runlim] sample:		50303.08 time, 50300.01 real, 2585 MB, 1.00 load
[runlim] sample:		50313.08 time, 50310.01 real, 2585 MB, 1.00 load
[runlim] sample:		50323.09 time, 50320.01 real, 2593 MB, 1.00 load
[runlim] sample:		50333.10 time, 50330.01 real, 2593 MB, 1.00 load
[runlim] sample:		50343.10 time, 50340.01 real, 2604 MB, 1.00 load
[runlim] sample:		50353.11 time, 50350.01 real, 2616 MB, 1.00 load
[runlim] sample:		50363.11 time, 50360.01 real, 2616 MB, 1.00 load
[runlim] sample:		50373.11 time, 50370.01 real, 2631 MB, 1.00 load
[runlim] sample:		50383.12 time, 50380.01 real, 2631 MB, 1.00 load
[runlim] sample:		50393.12 time, 50390.01 real, 2641 MB, 1.00 load
[runlim] sample:		50403.13 time, 50400.01 real, 2641 MB, 1.00 load
[runlim] sample:		50413.14 time, 50410.01 real, 2652 MB, 1.00 load
[runlim] sample:		50423.14 time, 50420.01 real, 2652 MB, 1.00 load
[runlim] sample:		50433.14 time, 50430.01 real, 2673 MB, 1.07 load
[runlim] sample:		50443.15 time, 50440.01 real, 2673 MB, 1.06 load
[runlim] sample:		50453.15 time, 50450.01 real, 2685 MB, 1.21 load
[runlim] sample:		50463.16 time, 50460.01 real, 2685 MB, 1.17 load
[runlim] sample:		50473.17 time, 50470.01 real, 2693 MB, 1.15 load
[runlim] sample:		50483.17 time, 50480.01 real, 2693 MB, 1.12 load
[runlim] sample:		50493.18 time, 50490.01 real, 2710 MB, 1.18 load
[runlim] sample:		50503.18 time, 50500.01 real, 2710 MB, 1.15 load
[runlim] sample:		50513.18 time, 50510.01 real, 2726 MB, 1.13 load
[runlim] sample:		50523.19 time, 50520.01 real, 2726 MB, 1.11 load
[runlim] sample:		50533.11 time, 50530.01 real, 2742 MB, 1.09 load
[runlim] sample:		50543.12 time, 50540.01 real, 2742 MB, 1.08 load
[runlim] sample:		50553.12 time, 50550.01 real, 2742 MB, 1.14 load
[runlim] sample:		50563.12 time, 50560.01 real, 2759 MB, 1.12 load

NN₁: mnist_relu_3_100_gemm.onnx
NN₂: mnist_relu_3_100_0.79_adam_1_stepsize.onnx
Prop: mnist_1_global_4.vnnlib

NN₁: mnist_relu_3_100_gemm.onnx
NN₂: mnist_relu_3_100_0.79_adam_1_stepsize.onnx
Prop: mnist_1_global_5.vnnlib
[runlim] sample:		50573.12 time, 50570.01 real, 2412 MB, 1.10 load
[runlim] sample:		50583.12 time, 50580.01 real, 2412 MB, 1.08 load
[runlim] sample:		50593.13 time, 50590.01 real, 2412 MB, 1.07 load
[runlim] sample:		50603.14 time, 50600.01 real, 2412 MB, 1.06 load
[runlim] sample:		50613.14 time, 50610.01 real, 2412 MB, 1.12 load
[runlim] sample:		50623.15 time, 50620.01 real, 2412 MB, 1.10 load
[runlim] sample:		50633.15 time, 50630.01 real, 2420 MB, 1.09 load
[runlim] sample:		50643.16 time, 50640.01 real, 2434 MB, 1.07 load
[runlim] sample:		50653.16 time, 50650.01 real, 2443 MB, 1.06 load
[runlim] sample:		50663.17 time, 50660.01 real, 2452 MB, 1.05 load
[runlim] sample:		50673.17 time, 50670.01 real, 2462 MB, 1.19 load
[runlim] sample:		50683.18 time, 50680.01 real, 2471 MB, 1.16 load
[runlim] sample:		50693.18 time, 50690.01 real, 2482 MB, 1.14 load
[runlim] sample:		50703.19 time, 50700.01 real, 2493 MB, 1.11 load
[runlim] sample:		50713.19 time, 50710.01 real, 2496 MB, 1.10 load
[runlim] sample:		50723.19 time, 50720.01 real, 2506 MB, 1.08 load
[runlim] sample:		50733.20 time, 50730.01 real, 2515 MB, 1.07 load
[runlim] sample:		50743.20 time, 50740.01 real, 2526 MB, 1.06 load
[runlim] sample:		50753.22 time, 50750.01 real, 2539 MB, 1.05 load
[runlim] sample:		50763.22 time, 50760.01 real, 2549 MB, 1.04 load
[runlim] sample:		50773.23 time, 50770.01 real, 2562 MB, 1.03 load
[runlim] sample:		50783.22 time, 50780.01 real, 2575 MB, 1.03 load
[runlim] sample:		50793.23 time, 50790.01 real, 2587 MB, 1.02 load
[runlim] sample:		50803.14 time, 50800.01 real, 2587 MB, 1.02 load
[runlim] sample:		50813.15 time, 50810.01 real, 2599 MB, 1.02 load
[runlim] sample:		50823.14 time, 50820.01 real, 2612 MB, 1.01 load
[runlim] sample:		50833.15 time, 50830.01 real, 2612 MB, 1.01 load
[runlim] sample:		50843.16 time, 50840.01 real, 2626 MB, 1.01 load
[runlim] sample:		50853.16 time, 50850.01 real, 2639 MB, 1.01 load
[runlim] sample:		50863.17 time, 50860.01 real, 2639 MB, 1.00 load
[runlim] sample:		50873.18 time, 50870.01 real, 2652 MB, 1.00 load
[runlim] sample:		50883.17 time, 50880.01 real, 2667 MB, 1.00 load
[runlim] sample:		50893.18 time, 50890.01 real, 2667 MB, 1.00 load
[runlim] sample:		50903.19 time, 50900.01 real, 2682 MB, 1.00 load
[runlim] sample:		50913.19 time, 50910.01 real, 2682 MB, 1.00 load
[runlim] sample:		50923.20 time, 50920.01 real, 2697 MB, 1.00 load
[runlim] sample:		50933.20 time, 50930.01 real, 2697 MB, 1.00 load
[runlim] sample:		50943.21 time, 50940.01 real, 2714 MB, 1.00 load
[runlim] sample:		50953.21 time, 50950.01 real, 2731 MB, 1.15 load
[runlim] sample:		50963.22 time, 50960.01 real, 2731 MB, 1.13 load
[runlim] sample:		50973.23 time, 50970.01 real, 2752 MB, 1.11 load
[runlim] sample:		50983.23 time, 50980.01 real, 2752 MB, 1.09 load
[runlim] sample:		50993.23 time, 50990.01 real, 2799 MB, 1.08 load
[runlim] sample:		51003.24 time, 51000.01 real, 2799 MB, 1.06 load
[runlim] sample:		51013.25 time, 51010.01 real, 2841 MB, 1.05 load
[runlim] sample:		51023.25 time, 51020.01 real, 2841 MB, 1.05 load
[runlim] sample:		51033.26 time, 51030.01 real, 2885 MB, 1.04 load
[runlim] sample:		51043.26 time, 51040.01 real, 2885 MB, 1.03 load
[runlim] sample:		51053.27 time, 51050.01 real, 2885 MB, 1.03 load
[runlim] sample:		51063.27 time, 51060.01 real, 2932 MB, 1.02 load
[runlim] sample:		51073.18 time, 51070.01 real, 2932 MB, 1.02 load
[runlim] sample:		51083.19 time, 51080.01 real, 2982 MB, 1.02 load
[runlim] sample:		51093.20 time, 51090.01 real, 2982 MB, 1.01 load
[runlim] sample:		51103.20 time, 51100.01 real, 3029 MB, 1.01 load
[runlim] sample:		51113.20 time, 51110.01 real, 3029 MB, 1.01 load
[runlim] sample:		51123.21 time, 51120.01 real, 3029 MB, 1.01 load
[runlim] sample:		51133.22 time, 51130.01 real, 3084 MB, 1.00 load
[runlim] sample:		51143.23 time, 51140.01 real, 3084 MB, 1.00 load
[runlim] sample:		51153.22 time, 51150.01 real, 3141 MB, 1.00 load
[runlim] sample:		51163.23 time, 51160.01 real, 3141 MB, 1.00 load

NN₁: mnist_relu_3_100_gemm.onnx
NN₂: mnist_relu_3_100_0.79_adam_1_stepsize.onnx
Prop: mnist_2_global_4.vnnlib
[runlim] sample:		51173.23 time, 51170.01 real, 2421 MB, 1.00 load
[runlim] sample:		51183.23 time, 51180.01 real, 2421 MB, 1.00 load
[runlim] sample:		51193.24 time, 51190.01 real, 2421 MB, 1.00 load
[runlim] sample:		51203.24 time, 51200.01 real, 2421 MB, 1.00 load
[runlim] sample:		51213.24 time, 51210.01 real, 2421 MB, 1.00 load
[runlim] sample:		51223.25 time, 51220.01 real, 2421 MB, 1.00 load
[runlim] sample:		51233.25 time, 51230.01 real, 2421 MB, 1.00 load
[runlim] sample:		51243.25 time, 51240.01 real, 2421 MB, 1.00 load
[runlim] sample:		51253.26 time, 51250.01 real, 2427 MB, 1.00 load
[runlim] sample:		51263.26 time, 51260.01 real, 2431 MB, 1.00 load
[runlim] sample:		51273.27 time, 51270.01 real, 2433 MB, 1.00 load
[runlim] sample:		51283.27 time, 51280.01 real, 2437 MB, 1.00 load
[runlim] sample:		51293.28 time, 51290.01 real, 2437 MB, 1.00 load
[runlim] sample:		51303.27 time, 51300.01 real, 2442 MB, 1.00 load
[runlim] sample:		51313.28 time, 51310.01 real, 2448 MB, 1.00 load
[runlim] sample:		51323.28 time, 51320.01 real, 2453 MB, 1.00 load
[runlim] sample:		51333.29 time, 51330.01 real, 2460 MB, 1.00 load
[runlim] sample:		51343.19 time, 51340.01 real, 2468 MB, 1.00 load
[runlim] sample:		51353.20 time, 51350.01 real, 2468 MB, 1.00 load
[runlim] sample:		51363.20 time, 51360.01 real, 2472 MB, 1.00 load
[runlim] sample:		51373.21 time, 51370.01 real, 2477 MB, 1.00 load
[runlim] sample:		51383.21 time, 51380.01 real, 2485 MB, 1.00 load
[runlim] sample:		51393.21 time, 51390.01 real, 2485 MB, 1.00 load
[runlim] sample:		51403.22 time, 51400.01 real, 2489 MB, 1.00 load
[runlim] sample:		51413.22 time, 51410.01 real, 2500 MB, 1.00 load
[runlim] sample:		51423.22 time, 51420.01 real, 2500 MB, 1.00 load
[runlim] sample:		51433.23 time, 51430.01 real, 2506 MB, 1.00 load
[runlim] sample:		51443.23 time, 51440.01 real, 2512 MB, 1.00 load
[runlim] sample:		51453.24 time, 51450.01 real, 2512 MB, 1.15 load
[runlim] sample:		51463.24 time, 51460.01 real, 2522 MB, 1.13 load
[runlim] sample:		51473.24 time, 51470.01 real, 2527 MB, 1.11 load
[runlim] sample:		51483.25 time, 51480.01 real, 2527 MB, 1.09 load
[runlim] sample:		51493.25 time, 51490.01 real, 2534 MB, 1.08 load
[runlim] sample:		51503.25 time, 51500.01 real, 2541 MB, 1.06 load
[runlim] sample:		51513.26 time, 51510.01 real, 2541 MB, 1.05 load
[runlim] sample:		51523.27 time, 51520.01 real, 2552 MB, 1.05 load
[runlim] sample:		51533.27 time, 51530.01 real, 2552 MB, 1.04 load
[runlim] sample:		51543.27 time, 51540.01 real, 2561 MB, 1.03 load
[runlim] sample:		51553.27 time, 51550.01 real, 2561 MB, 1.10 load
[runlim] sample:		51563.28 time, 51560.01 real, 2569 MB, 1.08 load
[runlim] sample:		51573.29 time, 51570.01 real, 2569 MB, 1.07 load
[runlim] sample:		51583.29 time, 51580.01 real, 2599 MB, 1.06 load
[runlim] sample:		51593.29 time, 51590.01 real, 2599 MB, 1.05 load
[runlim] sample:		51603.29 time, 51600.01 real, 2609 MB, 1.04 load
[runlim] sample:		51613.20 time, 51610.01 real, 2609 MB, 1.04 load
[runlim] sample:		51623.21 time, 51620.01 real, 2618 MB, 1.03 load
[runlim] sample:		51633.21 time, 51630.01 real, 2618 MB, 1.02 load
[runlim] sample:		51643.21 time, 51640.01 real, 2628 MB, 1.02 load
[runlim] sample:		51653.21 time, 51650.01 real, 2628 MB, 1.02 load
[runlim] sample:		51663.22 time, 51660.01 real, 2638 MB, 1.01 load
[runlim] sample:		51673.22 time, 51670.01 real, 2638 MB, 1.01 load
[runlim] sample:		51683.23 time, 51680.01 real, 2648 MB, 1.01 load
[runlim] sample:		51693.24 time, 51690.01 real, 2648 MB, 1.01 load
[runlim] sample:		51703.24 time, 51700.01 real, 2658 MB, 1.01 load
[runlim] sample:		51713.24 time, 51710.01 real, 2658 MB, 1.00 load
[runlim] sample:		51723.25 time, 51720.01 real, 2670 MB, 1.00 load
[runlim] sample:		51733.25 time, 51730.01 real, 2669 MB, 1.00 load
[runlim] sample:		51743.25 time, 51740.01 real, 2669 MB, 1.00 load
[runlim] sample:		51753.26 time, 51750.01 real, 2680 MB, 1.00 load
[runlim] sample:		51763.26 time, 51760.01 real, 2680 MB, 1.00 load

NN₁: mnist_relu_3_100_gemm.onnx
NN₂: mnist_relu_3_100_0.79_adam_1_stepsize.onnx
Prop: mnist_3_global_5.vnnlib

NN₁: mnist_relu_3_100_gemm.onnx
NN₂: mnist_relu_3_100_0.79_adam_1_stepsize.onnx
Prop: mnist_4_global_4.vnnlib

NN₁: mnist_relu_3_100_gemm.onnx
NN₂: mnist_relu_3_100_0.79_adam_1_stepsize.onnx
Prop: mnist_4_global_5.vnnlib
[runlim] sample:		51773.25 time, 51770.01 real, 2421 MB, 1.00 load
[runlim] sample:		51783.26 time, 51780.01 real, 2421 MB, 1.00 load
[runlim] sample:		51793.27 time, 51790.01 real, 2421 MB, 1.00 load
[runlim] sample:		51803.26 time, 51800.01 real, 2421 MB, 1.00 load
[runlim] sample:		51813.27 time, 51810.01 real, 2421 MB, 1.00 load
[runlim] sample:		51823.28 time, 51820.01 real, 2421 MB, 1.00 load
[runlim] sample:		51833.28 time, 51830.01 real, 2421 MB, 1.00 load
[runlim] sample:		51843.29 time, 51840.01 real, 2422 MB, 1.00 load
[runlim] sample:		51853.30 time, 51850.01 real, 2428 MB, 1.00 load
[runlim] sample:		51863.30 time, 51860.01 real, 2436 MB, 1.00 load
[runlim] sample:		51873.30 time, 51870.01 real, 2452 MB, 1.00 load
[runlim] sample:		51883.22 time, 51880.01 real, 2458 MB, 1.00 load
[runlim] sample:		51893.23 time, 51890.01 real, 2467 MB, 1.00 load
[runlim] sample:		51903.23 time, 51900.01 real, 2474 MB, 1.00 load
[runlim] sample:		51913.23 time, 51910.01 real, 2481 MB, 1.00 load
[runlim] sample:		51923.23 time, 51920.01 real, 2484 MB, 1.00 load
[runlim] sample:		51933.25 time, 51930.01 real, 2492 MB, 1.00 load
[runlim] sample:		51943.24 time, 51940.01 real, 2500 MB, 1.00 load
[runlim] sample:		51953.26 time, 51950.01 real, 2507 MB, 1.15 load
[runlim] sample:		51963.25 time, 51960.01 real, 2516 MB, 1.13 load
[runlim] sample:		51973.27 time, 51970.01 real, 2524 MB, 1.11 load
[runlim] sample:		51983.27 time, 51980.01 real, 2534 MB, 1.09 load
[runlim] sample:		51993.27 time, 51990.01 real, 2536 MB, 1.08 load
[runlim] sample:		52003.28 time, 52000.01 real, 2544 MB, 1.06 load
[runlim] sample:		52013.28 time, 52010.01 real, 2552 MB, 1.05 load
[runlim] sample:		52023.29 time, 52020.01 real, 2572 MB, 1.05 load
[runlim] sample:		52033.29 time, 52030.01 real, 2581 MB, 1.04 load
[runlim] sample:		52043.30 time, 52040.01 real, 2581 MB, 1.03 load
[runlim] sample:		52053.30 time, 52050.01 real, 2590 MB, 1.03 load
[runlim] sample:		52063.31 time, 52060.01 real, 2600 MB, 1.02 load
[runlim] sample:		52073.32 time, 52070.01 real, 2600 MB, 1.10 load
[runlim] sample:		52083.32 time, 52080.01 real, 2609 MB, 1.08 load
[runlim] sample:		52093.32 time, 52090.01 real, 2620 MB, 1.07 load
[runlim] sample:		52103.33 time, 52100.01 real, 2620 MB, 1.06 load
[runlim] sample:		52113.33 time, 52110.01 real, 2630 MB, 1.05 load
[runlim] sample:		52123.35 time, 52120.01 real, 2638 MB, 1.04 load
[runlim] sample:		52133.34 time, 52130.01 real, 2638 MB, 1.03 load
[runlim] sample:		52143.35 time, 52140.01 real, 2649 MB, 1.03 load
[runlim] sample:		52153.26 time, 52150.01 real, 2657 MB, 1.02 load
[runlim] sample:		52163.27 time, 52160.01 real, 2657 MB, 1.02 load
[runlim] sample:		52173.27 time, 52170.01 real, 2665 MB, 1.02 load
[runlim] sample:		52183.28 time, 52180.01 real, 2665 MB, 1.01 load
[runlim] sample:		52193.29 time, 52190.01 real, 2675 MB, 1.01 load
[runlim] sample:		52203.29 time, 52200.01 real, 2675 MB, 1.01 load
[runlim] sample:		52213.29 time, 52210.01 real, 2684 MB, 1.01 load
[runlim] sample:		52223.30 time, 52220.01 real, 2692 MB, 1.01 load
[runlim] sample:		52233.30 time, 52230.01 real, 2692 MB, 1.00 load
[runlim] sample:		52243.31 time, 52240.01 real, 2701 MB, 1.00 load
[runlim] sample:		52253.32 time, 52250.01 real, 2701 MB, 1.00 load
[runlim] sample:		52263.32 time, 52260.01 real, 2713 MB, 1.00 load
[runlim] sample:		52273.32 time, 52270.01 real, 2713 MB, 1.07 load
[runlim] sample:		52283.33 time, 52280.01 real, 2719 MB, 1.06 load
[runlim] sample:		52293.34 time, 52290.01 real, 2719 MB, 1.05 load
[runlim] sample:		52303.34 time, 52300.01 real, 2728 MB, 1.04 load
[runlim] sample:		52313.35 time, 52310.01 real, 2728 MB, 1.04 load
[runlim] sample:		52323.35 time, 52320.01 real, 2737 MB, 1.03 load
[runlim] sample:		52333.36 time, 52330.01 real, 2737 MB, 1.03 load
[runlim] sample:		52343.36 time, 52340.01 real, 2745 MB, 1.02 load
[runlim] sample:		52353.37 time, 52350.01 real, 2745 MB, 1.02 load
[runlim] sample:		52363.38 time, 52360.01 real, 2756 MB, 1.01 load

NN₁: mnist_relu_3_100_gemm.onnx
NN₂: mnist_relu_3_100_0.79_adam_1_stepsize.onnx
Prop: mnist_5_global_4.vnnlib

NN₁: mnist_relu_3_100_gemm.onnx
NN₂: mnist_relu_3_100_0.79_adam_1_stepsize.onnx
Prop: mnist_5_global_5.vnnlib
[runlim] sample:		52373.37 time, 52370.01 real, 2421 MB, 1.01 load
[runlim] sample:		52383.37 time, 52380.01 real, 2421 MB, 1.01 load
[runlim] sample:		52393.38 time, 52390.01 real, 2421 MB, 1.01 load
[runlim] sample:		52403.38 time, 52400.01 real, 2421 MB, 1.01 load
[runlim] sample:		52413.38 time, 52410.01 real, 2421 MB, 1.00 load
[runlim] sample:		52423.39 time, 52420.01 real, 2421 MB, 1.00 load
[runlim] sample:		52433.35 time, 52430.01 real, 2421 MB, 1.00 load
[runlim] sample:		52443.35 time, 52440.01 real, 2421 MB, 1.00 load
[runlim] sample:		52453.35 time, 52450.01 real, 2421 MB, 1.16 load
[runlim] sample:		52463.36 time, 52460.01 real, 2421 MB, 1.13 load
[runlim] sample:		52473.36 time, 52470.01 real, 2421 MB, 1.11 load
[runlim] sample:		52483.37 time, 52480.01 real, 2421 MB, 1.09 load
[runlim] sample:		52493.37 time, 52490.01 real, 2421 MB, 1.08 load
[runlim] sample:		52503.38 time, 52500.01 real, 2421 MB, 1.07 load
[runlim] sample:		52513.39 time, 52510.01 real, 2421 MB, 1.14 load
[runlim] sample:		52523.40 time, 52520.01 real, 2421 MB, 1.11 load
[runlim] sample:		52533.40 time, 52530.01 real, 2421 MB, 1.10 load
[runlim] sample:		52543.41 time, 52540.01 real, 2421 MB, 1.08 load
[runlim] sample:		52553.41 time, 52550.01 real, 2421 MB, 1.07 load
[runlim] sample:		52563.42 time, 52560.01 real, 2421 MB, 1.06 load
[runlim] sample:		52573.42 time, 52570.01 real, 2421 MB, 1.05 load
[runlim] sample:		52583.44 time, 52580.01 real, 2422 MB, 1.04 load
[runlim] sample:		52593.44 time, 52590.01 real, 2422 MB, 1.03 load
[runlim] sample:		52603.44 time, 52600.01 real, 2429 MB, 1.03 load
[runlim] sample:		52613.45 time, 52610.01 real, 2429 MB, 1.02 load
[runlim] sample:		52623.46 time, 52620.01 real, 2435 MB, 1.02 load
[runlim] sample:		52633.47 time, 52630.01 real, 2435 MB, 1.02 load
[runlim] sample:		52643.47 time, 52640.01 real, 2435 MB, 1.01 load
[runlim] sample:		52653.48 time, 52650.01 real, 2438 MB, 1.01 load
[runlim] sample:		52663.48 time, 52660.01 real, 2438 MB, 1.01 load
[runlim] sample:		52673.50 time, 52670.01 real, 2439 MB, 1.01 load
[runlim] sample:		52683.50 time, 52680.01 real, 2442 MB, 1.00 load
[runlim] sample:		52693.52 time, 52690.01 real, 2442 MB, 1.00 load
[runlim] sample:		52703.43 time, 52700.01 real, 2448 MB, 1.00 load
[runlim] sample:		52713.44 time, 52710.01 real, 2448 MB, 1.00 load
[runlim] sample:		52723.45 time, 52720.01 real, 2448 MB, 1.00 load
[runlim] sample:		52733.45 time, 52730.01 real, 2449 MB, 1.00 load
[runlim] sample:		52743.46 time, 52740.01 real, 2455 MB, 1.00 load
[runlim] sample:		52753.47 time, 52750.01 real, 2455 MB, 1.00 load
[runlim] sample:		52763.47 time, 52760.01 real, 2455 MB, 1.00 load
[runlim] sample:		52773.49 time, 52770.01 real, 2455 MB, 1.00 load
[runlim] sample:		52783.50 time, 52780.01 real, 2461 MB, 1.00 load
[runlim] sample:		52793.50 time, 52790.01 real, 2463 MB, 1.00 load
[runlim] sample:		52803.50 time, 52800.01 real, 2463 MB, 1.00 load
[runlim] sample:		52813.52 time, 52810.01 real, 2463 MB, 1.00 load
[runlim] sample:		52823.53 time, 52820.01 real, 2464 MB, 1.00 load
[runlim] sample:		52833.54 time, 52830.01 real, 2466 MB, 1.00 load
[runlim] sample:		52843.55 time, 52840.01 real, 2469 MB, 1.00 load
[runlim] sample:		52853.57 time, 52850.01 real, 2470 MB, 1.00 load
[runlim] sample:		52863.59 time, 52860.01 real, 2474 MB, 1.00 load
[runlim] sample:		52873.62 time, 52870.01 real, 2474 MB, 1.00 load
[runlim] sample:		52883.64 time, 52880.01 real, 2475 MB, 1.00 load
[runlim] sample:		52893.67 time, 52890.01 real, 2478 MB, 1.00 load
[runlim] sample:		52903.68 time, 52900.01 real, 2480 MB, 1.00 load
[runlim] sample:		52913.71 time, 52910.01 real, 2480 MB, 1.00 load
[runlim] sample:		52923.74 time, 52920.01 real, 2482 MB, 1.00 load
[runlim] sample:		52933.76 time, 52930.01 real, 2484 MB, 1.00 load
[runlim] sample:		52943.77 time, 52940.01 real, 2486 MB, 1.00 load
[runlim] sample:		52953.79 time, 52950.01 real, 2487 MB, 1.15 load
[runlim] sample:		52963.81 time, 52960.01 real, 2488 MB, 1.13 load

NN₁: mnist_relu_3_100_gemm.onnx
NN₂: mnist_relu_3_100_0.79_adam_1_stepsize.onnx
Prop: mnist_6_global_4.vnnlib

NN₁: mnist_relu_3_100_gemm.onnx
NN₂: mnist_relu_3_100_0.79_adam_1_stepsize.onnx
Prop: mnist_6_global_5.vnnlib
[runlim] sample:		52973.74 time, 52970.01 real, 2421 MB, 1.11 load
[runlim] sample:		52983.74 time, 52980.01 real, 2421 MB, 1.09 load
[runlim] sample:		52993.74 time, 52990.01 real, 2421 MB, 1.08 load
[runlim] sample:		53003.74 time, 53000.01 real, 2421 MB, 1.06 load
[runlim] sample:		53013.75 time, 53010.01 real, 2421 MB, 1.05 load
[runlim] sample:		53023.75 time, 53020.01 real, 2421 MB, 1.05 load
[runlim] sample:		53033.76 time, 53030.01 real, 2421 MB, 1.04 load
[runlim] sample:		53043.76 time, 53040.01 real, 2426 MB, 1.03 load
[runlim] sample:		53053.77 time, 53050.01 real, 2433 MB, 1.03 load
[runlim] sample:		53063.77 time, 53060.01 real, 2439 MB, 1.02 load
[runlim] sample:		53073.78 time, 53070.01 real, 2445 MB, 1.02 load
[runlim] sample:		53083.79 time, 53080.01 real, 2451 MB, 1.02 load
[runlim] sample:		53093.79 time, 53090.01 real, 2457 MB, 1.01 load
[runlim] sample:		53103.79 time, 53100.01 real, 2465 MB, 1.01 load
[runlim] sample:		53113.80 time, 53110.01 real, 2465 MB, 1.01 load
[runlim] sample:		53123.80 time, 53120.01 real, 2472 MB, 1.01 load
[runlim] sample:		53133.81 time, 53130.01 real, 2482 MB, 1.00 load
[runlim] sample:		53143.82 time, 53140.01 real, 2490 MB, 1.00 load
[runlim] sample:		53153.82 time, 53150.01 real, 2501 MB, 1.00 load
[runlim] sample:		53163.83 time, 53160.01 real, 2501 MB, 1.08 load
[runlim] sample:		53173.82 time, 53170.01 real, 2508 MB, 1.06 load
[runlim] sample:		53183.84 time, 53180.01 real, 2518 MB, 1.05 load
[runlim] sample:		53193.84 time, 53190.01 real, 2526 MB, 1.04 load
[runlim] sample:		53203.84 time, 53200.01 real, 2528 MB, 1.04 load
[runlim] sample:		53213.85 time, 53210.01 real, 2537 MB, 1.03 load
[runlim] sample:		53223.86 time, 53220.01 real, 2547 MB, 1.03 load
[runlim] sample:		53233.76 time, 53230.01 real, 2547 MB, 1.02 load
[runlim] sample:		53243.76 time, 53240.01 real, 2557 MB, 1.02 load
[runlim] sample:		53253.77 time, 53250.01 real, 2579 MB, 1.01 load
[runlim] sample:		53263.77 time, 53260.01 real, 2592 MB, 1.01 load
[runlim] sample:		53273.78 time, 53270.01 real, 2603 MB, 1.01 load
[runlim] sample:		53283.78 time, 53280.01 real, 2603 MB, 1.01 load
[runlim] sample:		53293.79 time, 53290.01 real, 2615 MB, 1.01 load
[runlim] sample:		53303.79 time, 53300.01 real, 2615 MB, 1.00 load
[runlim] sample:		53313.80 time, 53310.01 real, 2627 MB, 1.00 load
[runlim] sample:		53323.81 time, 53320.01 real, 2641 MB, 1.00 load
[runlim] sample:		53333.81 time, 53330.01 real, 2641 MB, 1.00 load
[runlim] sample:		53343.82 time, 53340.01 real, 2654 MB, 1.00 load
[runlim] sample:		53353.81 time, 53350.01 real, 2654 MB, 1.00 load
[runlim] sample:		53363.82 time, 53360.01 real, 2665 MB, 1.00 load
[runlim] sample:		53373.83 time, 53370.01 real, 2665 MB, 1.00 load
[runlim] sample:		53383.83 time, 53380.01 real, 2680 MB, 1.00 load
[runlim] sample:		53393.83 time, 53390.01 real, 2680 MB, 1.00 load
[runlim] sample:		53403.84 time, 53400.01 real, 2695 MB, 1.00 load
[runlim] sample:		53413.85 time, 53410.01 real, 2695 MB, 1.00 load
[runlim] sample:		53423.84 time, 53420.01 real, 2709 MB, 1.00 load
[runlim] sample:		53433.85 time, 53430.01 real, 2709 MB, 1.00 load
[runlim] sample:		53443.85 time, 53440.01 real, 2724 MB, 1.00 load
[runlim] sample:		53453.86 time, 53450.01 real, 2724 MB, 1.15 load
[runlim] sample:		53463.86 time, 53460.01 real, 2724 MB, 1.13 load
[runlim] sample:		53473.87 time, 53470.01 real, 2741 MB, 1.11 load
[runlim] sample:		53483.87 time, 53480.01 real, 2741 MB, 1.09 load
[runlim] sample:		53493.88 time, 53490.01 real, 2757 MB, 1.08 load
[runlim] sample:		53503.78 time, 53500.01 real, 2757 MB, 1.06 load
[runlim] sample:		53513.79 time, 53510.01 real, 2774 MB, 1.05 load
[runlim] sample:		53523.79 time, 53520.01 real, 2774 MB, 1.05 load
[runlim] sample:		53533.79 time, 53530.01 real, 2774 MB, 1.04 load
[runlim] sample:		53543.80 time, 53540.01 real, 2793 MB, 1.03 load
[runlim] sample:		53553.81 time, 53550.01 real, 2793 MB, 1.03 load
[runlim] sample:		53563.81 time, 53560.01 real, 2839 MB, 1.02 load
[runlim] sample:		53573.82 time, 53570.01 real, 2420 MB, 1.02 load

NN₁: mnist_relu_3_100_gemm.onnx
NN₂: mnist_relu_3_100_0.79_adam_1_stepsize.onnx
Prop: mnist_7_global_4.vnnlib
[runlim] sample:		53583.81 time, 53580.01 real, 2419 MB, 1.02 load
[runlim] sample:		53593.81 time, 53590.01 real, 2419 MB, 1.01 load
[runlim] sample:		53603.82 time, 53600.01 real, 2419 MB, 1.01 load
[runlim] sample:		53613.83 time, 53610.01 real, 2419 MB, 1.01 load
[runlim] sample:		53623.82 time, 53620.01 real, 2419 MB, 1.01 load
[runlim] sample:		53633.84 time, 53630.01 real, 2419 MB, 1.00 load
[runlim] sample:		53643.83 time, 53640.01 real, 2421 MB, 1.00 load
[runlim] sample:		53653.84 time, 53650.01 real, 2423 MB, 1.00 load
[runlim] sample:		53663.84 time, 53660.01 real, 2426 MB, 1.00 load
[runlim] sample:		53673.85 time, 53670.01 real, 2430 MB, 1.00 load
[runlim] sample:		53683.85 time, 53680.01 real, 2435 MB, 1.00 load
[runlim] sample:		53693.85 time, 53690.01 real, 2439 MB, 1.00 load
[runlim] sample:		53703.86 time, 53700.01 real, 2439 MB, 1.08 load
[runlim] sample:		53713.87 time, 53710.01 real, 2444 MB, 1.07 load
[runlim] sample:		53723.86 time, 53720.01 real, 2445 MB, 1.06 load
[runlim] sample:		53733.87 time, 53730.01 real, 2452 MB, 1.05 load
[runlim] sample:		53743.87 time, 53740.01 real, 2456 MB, 1.04 load
[runlim] sample:		53753.87 time, 53750.01 real, 2456 MB, 1.03 load
[runlim] sample:		53763.88 time, 53760.01 real, 2463 MB, 1.03 load
[runlim] sample:		53773.79 time, 53770.01 real, 2469 MB, 1.02 load
[runlim] sample:		53783.79 time, 53780.01 real, 2469 MB, 1.02 load
[runlim] sample:		53793.79 time, 53790.01 real, 2474 MB, 1.02 load
[runlim] sample:		53803.80 time, 53800.01 real, 2483 MB, 1.01 load
[runlim] sample:		53813.80 time, 53810.01 real, 2483 MB, 1.01 load
[runlim] sample:		53823.79 time, 53820.01 real, 2488 MB, 1.01 load
[runlim] sample:		53833.80 time, 53830.01 real, 2496 MB, 1.01 load
[runlim] sample:		53843.80 time, 53840.01 real, 2496 MB, 1.00 load
[runlim] sample:		53853.81 time, 53850.01 real, 2502 MB, 1.00 load
[runlim] sample:		53863.81 time, 53860.01 real, 2508 MB, 1.00 load
[runlim] sample:		53873.82 time, 53870.01 real, 2508 MB, 1.00 load
[runlim] sample:		53883.82 time, 53880.01 real, 2515 MB, 1.00 load
[runlim] sample:		53893.83 time, 53890.01 real, 2515 MB, 1.00 load
[runlim] sample:		53903.83 time, 53900.01 real, 2523 MB, 1.00 load
[runlim] sample:		53913.83 time, 53910.01 real, 2523 MB, 1.00 load
[runlim] sample:		53923.83 time, 53920.01 real, 2530 MB, 1.00 load
[runlim] sample:		53933.84 time, 53930.01 real, 2530 MB, 1.00 load
[runlim] sample:		53943.84 time, 53940.01 real, 2538 MB, 1.00 load
[runlim] sample:		53953.84 time, 53950.01 real, 2546 MB, 1.15 load
[runlim] sample:		53963.85 time, 53960.01 real, 2546 MB, 1.13 load
[runlim] sample:		53973.85 time, 53970.01 real, 2554 MB, 1.11 load
[runlim] sample:		53983.85 time, 53980.01 real, 2554 MB, 1.09 load
[runlim] sample:		53993.86 time, 53990.01 real, 2565 MB, 1.16 load
[runlim] sample:		54003.86 time, 54000.01 real, 2565 MB, 1.13 load
[runlim] sample:		54013.86 time, 54010.01 real, 2569 MB, 1.11 load
[runlim] sample:		54023.87 time, 54020.01 real, 2569 MB, 1.09 load
[runlim] sample:		54033.88 time, 54030.01 real, 2577 MB, 1.08 load
[runlim] sample:		54043.88 time, 54040.01 real, 2577 MB, 1.07 load
[runlim] sample:		54053.76 time, 54050.01 real, 2599 MB, 1.06 load
[runlim] sample:		54063.76 time, 54060.01 real, 2599 MB, 1.05 load
[runlim] sample:		54073.78 time, 54070.01 real, 2607 MB, 1.04 load
[runlim] sample:		54083.77 time, 54080.01 real, 2607 MB, 1.03 load
[runlim] sample:		54093.78 time, 54090.01 real, 2607 MB, 1.03 load
[runlim] sample:		54103.78 time, 54100.01 real, 2616 MB, 1.02 load
[runlim] sample:		54113.79 time, 54110.01 real, 2616 MB, 1.02 load
[runlim] sample:		54123.79 time, 54120.01 real, 2624 MB, 1.02 load
[runlim] sample:		54133.80 time, 54130.01 real, 2624 MB, 1.01 load
[runlim] sample:		54143.79 time, 54140.01 real, 2633 MB, 1.01 load
[runlim] sample:		54153.80 time, 54150.01 real, 2633 MB, 1.01 load
[runlim] sample:		54163.81 time, 54160.01 real, 2641 MB, 1.01 load
[runlim] sample:		54173.81 time, 54170.01 real, 2641 MB, 1.00 load

NN₁: mnist_relu_3_100_gemm.onnx
NN₂: mnist_relu_3_100_0.79_adam_1_stepsize.onnx
Prop: mnist_7_global_5.vnnlib
[runlim] sample:		54183.80 time, 54180.01 real, 2419 MB, 1.00 load
[runlim] sample:		54193.80 time, 54190.01 real, 2419 MB, 1.00 load
[runlim] sample:		54203.81 time, 54200.01 real, 2419 MB, 1.00 load
[runlim] sample:		54213.81 time, 54210.01 real, 2419 MB, 1.00 load
[runlim] sample:		54223.82 time, 54220.01 real, 2419 MB, 1.00 load
[runlim] sample:		54233.83 time, 54230.01 real, 2419 MB, 1.00 load
[runlim] sample:		54243.83 time, 54240.01 real, 2419 MB, 1.00 load
[runlim] sample:		54253.83 time, 54250.01 real, 2422 MB, 1.00 load
[runlim] sample:		54263.84 time, 54260.01 real, 2422 MB, 1.00 load
[runlim] sample:		54273.85 time, 54270.01 real, 2426 MB, 1.00 load
[runlim] sample:		54283.84 time, 54280.01 real, 2431 MB, 1.00 load
[runlim] sample:		54293.85 time, 54290.01 real, 2434 MB, 1.00 load
[runlim] sample:		54303.86 time, 54300.01 real, 2436 MB, 1.00 load
[runlim] sample:		54313.86 time, 54310.01 real, 2440 MB, 1.00 load
[runlim] sample:		54323.76 time, 54320.01 real, 2444 MB, 1.00 load
[runlim] sample:		54333.76 time, 54330.01 real, 2448 MB, 1.00 load
[runlim] sample:		54343.76 time, 54340.01 real, 2454 MB, 1.00 load
[runlim] sample:		54353.77 time, 54350.01 real, 2454 MB, 1.00 load
[runlim] sample:		54363.77 time, 54360.01 real, 2457 MB, 1.00 load
[runlim] sample:		54373.78 time, 54370.01 real, 2463 MB, 1.00 load
[runlim] sample:		54383.78 time, 54380.01 real, 2467 MB, 1.00 load
[runlim] sample:		54393.79 time, 54390.01 real, 2467 MB, 1.00 load
[runlim] sample:		54403.79 time, 54400.01 real, 2473 MB, 1.00 load
[runlim] sample:		54413.79 time, 54410.01 real, 2479 MB, 1.00 load
[runlim] sample:		54423.80 time, 54420.01 real, 2484 MB, 1.00 load
[runlim] sample:		54433.80 time, 54430.01 real, 2484 MB, 1.00 load
[runlim] sample:		54443.81 time, 54440.01 real, 2488 MB, 1.00 load
[runlim] sample:		54453.81 time, 54450.01 real, 2497 MB, 1.15 load
[runlim] sample:		54463.82 time, 54460.01 real, 2497 MB, 1.13 load
[runlim] sample:		54473.82 time, 54470.01 real, 2502 MB, 1.11 load
[runlim] sample:		54483.82 time, 54480.01 real, 2507 MB, 1.09 load
[runlim] sample:		54493.83 time, 54490.01 real, 2507 MB, 1.08 load
[runlim] sample:		54503.83 time, 54500.01 real, 2514 MB, 1.06 load
[runlim] sample:		54513.84 time, 54510.01 real, 2521 MB, 1.05 load
[runlim] sample:		54523.84 time, 54520.01 real, 2521 MB, 1.05 load
[runlim] sample:		54533.85 time, 54530.01 real, 2527 MB, 1.04 load
[runlim] sample:		54543.85 time, 54540.01 real, 2527 MB, 1.03 load
[runlim] sample:		54553.85 time, 54550.01 real, 2534 MB, 1.03 load
[runlim] sample:		54563.85 time, 54560.01 real, 2541 MB, 1.02 load
[runlim] sample:		54573.86 time, 54570.01 real, 2541 MB, 1.09 load
[runlim] sample:		54583.86 time, 54580.01 real, 2547 MB, 1.08 load
[runlim] sample:		54593.80 time, 54590.01 real, 2547 MB, 1.07 load
[runlim] sample:		54603.80 time, 54600.01 real, 2555 MB, 1.06 load
[runlim] sample:		54613.81 time, 54610.01 real, 2555 MB, 1.05 load
[runlim] sample:		54623.81 time, 54620.01 real, 2562 MB, 1.04 load
[runlim] sample:		54633.81 time, 54630.01 real, 2562 MB, 1.03 load
[runlim] sample:		54643.81 time, 54640.01 real, 2569 MB, 1.03 load
[runlim] sample:		54653.83 time, 54650.01 real, 2569 MB, 1.02 load
[runlim] sample:		54663.82 time, 54660.01 real, 2578 MB, 1.02 load
[runlim] sample:		54673.83 time, 54670.01 real, 2578 MB, 1.02 load
[runlim] sample:		54683.83 time, 54680.01 real, 2604 MB, 1.01 load
[runlim] sample:		54693.83 time, 54690.01 real, 2604 MB, 1.01 load
[runlim] sample:		54703.84 time, 54700.01 real, 2612 MB, 1.01 load
[runlim] sample:		54713.85 time, 54710.01 real, 2612 MB, 1.01 load
[runlim] sample:		54723.85 time, 54720.01 real, 2622 MB, 1.00 load
[runlim] sample:		54733.86 time, 54730.01 real, 2621 MB, 1.00 load
[runlim] sample:		54743.86 time, 54740.01 real, 2621 MB, 1.00 load
[runlim] sample:		54753.86 time, 54750.01 real, 2630 MB, 1.00 load
[runlim] sample:		54763.86 time, 54760.01 real, 2630 MB, 1.00 load
[runlim] sample:		54773.87 time, 54770.01 real, 2638 MB, 1.00 load

NN₁: mnist_relu_3_100_gemm.onnx
NN₂: mnist_relu_3_100_0.79_adam_1_stepsize.onnx
Prop: mnist_8_global_4.vnnlib

NN₁: mnist_relu_3_100_gemm.onnx
NN₂: mnist_relu_3_100_0.79_adam_1_stepsize.onnx
Prop: mnist_8_global_5.vnnlib
[runlim] sample:		54783.86 time, 54780.01 real, 2420 MB, 1.00 load
[runlim] sample:		54793.87 time, 54790.01 real, 2420 MB, 1.00 load
[runlim] sample:		54803.87 time, 54800.01 real, 2420 MB, 1.00 load
[runlim] sample:		54813.88 time, 54810.01 real, 2420 MB, 1.00 load
[runlim] sample:		54823.88 time, 54820.01 real, 2420 MB, 1.00 load
[runlim] sample:		54833.88 time, 54830.01 real, 2422 MB, 1.00 load
[runlim] sample:		54843.88 time, 54840.01 real, 2424 MB, 1.00 load
[runlim] sample:		54853.89 time, 54850.01 real, 2430 MB, 1.00 load
[runlim] sample:		54863.80 time, 54860.01 real, 2433 MB, 1.00 load
[runlim] sample:		54873.80 time, 54870.01 real, 2438 MB, 1.00 load
[runlim] sample:		54883.81 time, 54880.01 real, 2438 MB, 1.00 load
[runlim] sample:		54893.80 time, 54890.01 real, 2444 MB, 1.00 load
[runlim] sample:		54903.81 time, 54900.01 real, 2447 MB, 1.00 load
[runlim] sample:		54913.82 time, 54910.01 real, 2451 MB, 1.00 load
[runlim] sample:		54923.82 time, 54920.01 real, 2459 MB, 1.00 load
[runlim] sample:		54933.82 time, 54930.01 real, 2459 MB, 1.00 load
[runlim] sample:		54943.83 time, 54940.01 real, 2463 MB, 1.00 load
[runlim] sample:		54953.83 time, 54950.01 real, 2470 MB, 1.15 load
[runlim] sample:		54963.83 time, 54960.01 real, 2476 MB, 1.13 load
[runlim] sample:		54973.84 time, 54970.01 real, 2476 MB, 1.11 load
[runlim] sample:		54983.85 time, 54980.01 real, 2482 MB, 1.09 load
[runlim] sample:		54993.84 time, 54990.01 real, 2490 MB, 1.08 load
[runlim] sample:		55003.85 time, 55000.01 real, 2490 MB, 1.06 load
[runlim] sample:		55013.86 time, 55010.01 real, 2498 MB, 1.14 load
[runlim] sample:		55023.86 time, 55020.01 real, 2505 MB, 1.11 load
[runlim] sample:		55033.86 time, 55030.01 real, 2505 MB, 1.10 load
[runlim] sample:		55043.87 time, 55040.01 real, 2513 MB, 1.08 load
[runlim] sample:		55053.87 time, 55050.01 real, 2513 MB, 1.07 load
[runlim] sample:		55063.88 time, 55060.01 real, 2518 MB, 1.06 load
[runlim] sample:		55073.88 time, 55070.01 real, 2528 MB, 1.05 load
[runlim] sample:		55083.88 time, 55080.01 real, 2528 MB, 1.04 load
[runlim] sample:		55093.88 time, 55090.01 real, 2537 MB, 1.03 load
[runlim] sample:		55103.89 time, 55100.01 real, 2537 MB, 1.03 load
[runlim] sample:		55113.90 time, 55110.01 real, 2544 MB, 1.02 load
[runlim] sample:		55123.90 time, 55120.01 real, 2544 MB, 1.02 load
[runlim] sample:		55133.80 time, 55130.01 real, 2554 MB, 1.02 load
[runlim] sample:		55143.80 time, 55140.01 real, 2554 MB, 1.09 load
[runlim] sample:		55153.81 time, 55150.01 real, 2563 MB, 1.08 load
[runlim] sample:		55163.81 time, 55160.01 real, 2563 MB, 1.07 load
[runlim] sample:		55173.81 time, 55170.01 real, 2572 MB, 1.06 load
[runlim] sample:		55183.82 time, 55180.01 real, 2572 MB, 1.05 load
[runlim] sample:		55193.82 time, 55190.01 real, 2581 MB, 1.12 load
[runlim] sample:		55203.82 time, 55200.01 real, 2581 MB, 1.10 load
[runlim] sample:		55213.83 time, 55210.01 real, 2602 MB, 1.08 load
[runlim] sample:		55223.84 time, 55220.01 real, 2602 MB, 1.15 load
[runlim] sample:		55233.83 time, 55230.01 real, 2612 MB, 1.13 load
[runlim] sample:		55243.84 time, 55240.01 real, 2612 MB, 1.11 load
[runlim] sample:		55253.85 time, 55250.01 real, 2622 MB, 1.09 load
[runlim] sample:		55263.85 time, 55260.01 real, 2622 MB, 1.08 load
[runlim] sample:		55273.85 time, 55270.01 real, 2622 MB, 1.06 load
[runlim] sample:		55283.85 time, 55280.01 real, 2632 MB, 1.05 load
[runlim] sample:		55293.86 time, 55290.01 real, 2632 MB, 1.05 load
[runlim] sample:		55303.87 time, 55300.01 real, 2643 MB, 1.04 load
[runlim] sample:		55313.87 time, 55310.01 real, 2643 MB, 1.03 load
[runlim] sample:		55323.88 time, 55320.01 real, 2653 MB, 1.03 load
[runlim] sample:		55333.88 time, 55330.01 real, 2653 MB, 1.02 load
[runlim] sample:		55343.88 time, 55340.01 real, 2653 MB, 1.02 load
[runlim] sample:		55353.88 time, 55350.01 real, 2664 MB, 1.02 load
[runlim] sample:		55363.88 time, 55360.01 real, 2664 MB, 1.01 load
[runlim] sample:		55373.89 time, 55370.01 real, 2675 MB, 1.01 load

NN₁: mnist_relu_3_100_gemm.onnx
NN₂: mnist_relu_3_100_0.79_adam_1_stepsize.onnx
Prop: mnist_9_global_4.vnnlib

NN₁: mnist_relu_3_100_gemm.onnx
NN₂: mnist_relu_3_100_0.79_adam_1_stepsize.onnx
Prop: mnist_9_global_5.vnnlib
[runlim] sample:		55383.89 time, 55380.01 real, 2419 MB, 1.01 load
[runlim] sample:		55393.89 time, 55390.01 real, 2419 MB, 1.01 load
[runlim] sample:		55403.79 time, 55400.01 real, 2419 MB, 1.08 load
[runlim] sample:		55413.80 time, 55410.01 real, 2419 MB, 1.07 load
[runlim] sample:		55423.81 time, 55420.01 real, 2419 MB, 1.06 load
[runlim] sample:		55433.81 time, 55430.01 real, 2419 MB, 1.05 load
[runlim] sample:		55443.81 time, 55440.01 real, 2419 MB, 1.04 load
[runlim] sample:		55453.82 time, 55450.01 real, 2419 MB, 1.19 load
[runlim] sample:		55463.82 time, 55460.01 real, 2428 MB, 1.16 load
[runlim] sample:		55473.83 time, 55470.01 real, 2431 MB, 1.13 load
[runlim] sample:		55483.83 time, 55480.01 real, 2439 MB, 1.11 load
[runlim] sample:		55493.84 time, 55490.01 real, 2451 MB, 1.09 load
[runlim] sample:		55503.84 time, 55500.01 real, 2457 MB, 1.08 load
[runlim] sample:		55513.84 time, 55510.01 real, 2461 MB, 1.07 load
[runlim] sample:		55523.85 time, 55520.01 real, 2463 MB, 1.06 load
[runlim] sample:		55533.86 time, 55530.01 real, 2469 MB, 1.05 load
[runlim] sample:		55543.86 time, 55540.01 real, 2476 MB, 1.04 load
[runlim] sample:		55553.87 time, 55550.01 real, 2484 MB, 1.03 load
[runlim] sample:		55563.87 time, 55560.01 real, 2491 MB, 1.03 load
[runlim] sample:		55573.88 time, 55570.01 real, 2497 MB, 1.02 load
[runlim] sample:		55583.88 time, 55580.01 real, 2503 MB, 1.02 load
[runlim] sample:		55593.89 time, 55590.01 real, 2509 MB, 1.02 load
[runlim] sample:		55603.89 time, 55600.01 real, 2509 MB, 1.01 load
[runlim] sample:		55613.90 time, 55610.01 real, 2515 MB, 1.01 load
[runlim] sample:		55623.90 time, 55620.01 real, 2522 MB, 1.01 load
[runlim] sample:		55633.91 time, 55630.01 real, 2522 MB, 1.01 load
[runlim] sample:		55643.91 time, 55640.01 real, 2528 MB, 1.00 load
[runlim] sample:		55653.92 time, 55650.01 real, 2537 MB, 1.00 load
[runlim] sample:		55663.92 time, 55660.01 real, 2544 MB, 1.00 load
[runlim] sample:		55673.83 time, 55670.01 real, 2544 MB, 1.00 load
[runlim] sample:		55683.83 time, 55680.01 real, 2554 MB, 1.00 load
[runlim] sample:		55693.83 time, 55690.01 real, 2566 MB, 1.00 load
[runlim] sample:		55703.84 time, 55700.01 real, 2566 MB, 1.00 load
[runlim] sample:		55713.84 time, 55710.01 real, 2585 MB, 1.00 load
[runlim] sample:		55723.85 time, 55720.01 real, 2589 MB, 1.07 load
[runlim] sample:		55733.86 time, 55730.01 real, 2589 MB, 1.06 load
[runlim] sample:		55743.86 time, 55740.01 real, 2601 MB, 1.05 load
[runlim] sample:		55753.87 time, 55750.01 real, 2601 MB, 1.04 load
[runlim] sample:		55763.87 time, 55760.01 real, 2601 MB, 1.04 load
[runlim] sample:		55773.87 time, 55770.01 real, 2615 MB, 1.03 load
[runlim] sample:		55783.87 time, 55780.01 real, 2615 MB, 1.02 load
[runlim] sample:		55793.88 time, 55790.01 real, 2620 MB, 1.02 load
[runlim] sample:		55803.88 time, 55800.01 real, 2620 MB, 1.02 load
[runlim] sample:		55813.89 time, 55810.01 real, 2631 MB, 1.01 load
[runlim] sample:		55823.90 time, 55820.01 real, 2637 MB, 1.01 load
[runlim] sample:		55833.90 time, 55830.01 real, 2637 MB, 1.01 load
[runlim] sample:		55843.91 time, 55840.01 real, 2645 MB, 1.01 load
[runlim] sample:		55853.91 time, 55850.01 real, 2645 MB, 1.01 load
[runlim] sample:		55863.92 time, 55860.01 real, 2653 MB, 1.00 load
[runlim] sample:		55873.92 time, 55870.01 real, 2653 MB, 1.00 load
[runlim] sample:		55883.93 time, 55880.01 real, 2669 MB, 1.00 load
[runlim] sample:		55893.93 time, 55890.01 real, 2669 MB, 1.00 load
[runlim] sample:		55903.94 time, 55900.01 real, 2676 MB, 1.00 load
[runlim] sample:		55913.94 time, 55910.01 real, 2676 MB, 1.00 load
[runlim] sample:		55923.95 time, 55920.01 real, 2690 MB, 1.00 load
[runlim] sample:		55933.95 time, 55930.01 real, 2690 MB, 1.00 load
[runlim] sample:		55943.85 time, 55940.01 real, 2707 MB, 1.00 load
[runlim] sample:		55953.86 time, 55950.01 real, 2707 MB, 1.15 load
[runlim] sample:		55963.86 time, 55960.01 real, 2723 MB, 1.13 load
[runlim] sample:		55973.87 time, 55970.01 real, 2723 MB, 1.11 load

NN₁: mnist_relu_3_100_gemm.onnx
NN₂: mnist_relu_3_100_0.79_adam_1_stepsize.onnx
Prop: mnist_10_global_4.vnnlib

NN₁: mnist_relu_3_100_gemm.onnx
NN₂: mnist_relu_3_100_0.79_adam_1_stepsize.onnx
Prop: mnist_10_global_5.vnnlib

NN₁: mnist_relu_4_1024_gemm.onnx
NN₂: mnist_relu_4_1024_0.79.onnx
Prop: mnist_0_global_4.vnnlib
[runlim] sample:		55983.86 time, 55980.01 real, 2416 MB, 1.09 load
[runlim] sample:		55993.87 time, 55990.01 real, 2429 MB, 1.08 load
[runlim] sample:		56003.87 time, 56000.01 real, 2434 MB, 1.06 load
[runlim] sample:		56013.88 time, 56010.01 real, 2434 MB, 1.05 load
[runlim] sample:		56023.89 time, 56020.01 real, 2423 MB, 1.05 load
[runlim] sample:		56033.89 time, 56030.01 real, 2430 MB, 1.04 load
[runlim] sample:		56043.90 time, 56040.01 real, 2430 MB, 1.03 load
[runlim] sample:		56053.91 time, 56050.01 real, 2430 MB, 1.03 load
[runlim] sample:		56063.92 time, 56060.01 real, 2419 MB, 1.02 load
[runlim] sample:		56073.93 time, 56070.01 real, 2423 MB, 1.02 load
[runlim] sample:		56083.94 time, 56080.01 real, 2435 MB, 1.02 load
[runlim] sample:		56093.94 time, 56090.01 real, 2435 MB, 1.01 load
[runlim] sample:		56103.95 time, 56100.01 real, 2426 MB, 1.01 load
[runlim] sample:		56113.96 time, 56110.01 real, 2427 MB, 1.01 load
[runlim] sample:		56123.96 time, 56120.01 real, 2416 MB, 1.01 load
[runlim] sample:		56133.97 time, 56130.01 real, 2427 MB, 1.00 load
[runlim] sample:		56143.98 time, 56140.01 real, 2416 MB, 1.00 load
[runlim] sample:		56153.98 time, 56150.01 real, 2425 MB, 1.00 load
[runlim] sample:		56163.99 time, 56160.01 real, 2429 MB, 1.00 load
[runlim] sample:		56174.00 time, 56170.01 real, 2416 MB, 1.00 load
[runlim] sample:		56184.01 time, 56180.01 real, 2425 MB, 1.00 load
[runlim] sample:		56194.01 time, 56190.01 real, 2431 MB, 1.00 load
[runlim] sample:		56204.02 time, 56200.01 real, 2419 MB, 1.00 load
[runlim] sample:		56214.03 time, 56210.01 real, 2433 MB, 1.00 load
[runlim] sample:		56224.04 time, 56220.01 real, 2458 MB, 1.00 load
[runlim] sample:		56234.04 time, 56230.01 real, 2445 MB, 1.00 load
[runlim] sample:		56244.05 time, 56240.01 real, 2433 MB, 1.00 load
[runlim] sample:		56254.06 time, 56250.01 real, 2440 MB, 1.00 load
[runlim] sample:		56264.06 time, 56260.01 real, 2447 MB, 1.00 load
[runlim] sample:		56274.08 time, 56270.01 real, 2444 MB, 1.00 load
[runlim] sample:		56284.08 time, 56280.01 real, 2449 MB, 1.00 load
[runlim] sample:		56294.09 time, 56290.01 real, 2433 MB, 1.00 load
[runlim] sample:		56304.10 time, 56300.01 real, 2433 MB, 1.00 load
[runlim] sample:		56314.11 time, 56310.01 real, 2442 MB, 1.00 load
[runlim] sample:		56324.11 time, 56320.01 real, 2433 MB, 1.00 load
[runlim] sample:		56334.12 time, 56330.01 real, 2449 MB, 1.00 load
[runlim] sample:		56344.12 time, 56340.01 real, 2491 MB, 1.00 load
[runlim] sample:		56354.13 time, 56350.01 real, 2441 MB, 1.00 load
[runlim] sample:		56364.14 time, 56360.01 real, 2496 MB, 1.00 load
[runlim] sample:		56374.15 time, 56370.01 real, 2447 MB, 1.00 load
[runlim] sample:		56384.15 time, 56380.01 real, 2442 MB, 1.00 load
[runlim] sample:		56394.16 time, 56390.01 real, 2447 MB, 1.00 load
[runlim] sample:		56404.17 time, 56400.01 real, 2441 MB, 1.00 load
[runlim] sample:		56414.17 time, 56410.01 real, 2433 MB, 1.00 load
[runlim] sample:		56424.18 time, 56420.01 real, 2442 MB, 1.00 load
[runlim] sample:		56434.19 time, 56430.01 real, 2474 MB, 1.07 load
[runlim] sample:		56444.19 time, 56440.01 real, 2445 MB, 1.06 load
[runlim] sample:		56454.20 time, 56450.01 real, 2433 MB, 1.21 load
[runlim] sample:		56464.21 time, 56460.01 real, 2433 MB, 1.17 load
[runlim] sample:		56474.22 time, 56470.01 real, 2439 MB, 1.15 load
[runlim] sample:		56484.12 time, 56480.01 real, 2446 MB, 1.12 load
[runlim] sample:		56494.12 time, 56490.01 real, 2433 MB, 1.10 load
[runlim] sample:		56504.13 time, 56500.01 real, 2439 MB, 1.09 load
[runlim] sample:		56514.14 time, 56510.01 real, 2433 MB, 1.07 load
[runlim] sample:		56524.14 time, 56520.01 real, 2433 MB, 1.06 load
[runlim] sample:		56534.15 time, 56530.01 real, 2527 MB, 1.05 load
[runlim] sample:		56544.16 time, 56540.01 real, 2433 MB, 1.04 load
[runlim] sample:		56554.17 time, 56550.01 real, 2556 MB, 1.04 load
[runlim] sample:		56564.17 time, 56560.01 real, 2551 MB, 1.03 load
[runlim] sample:		56574.18 time, 56570.01 real, 2559 MB, 1.02 load

NN₁: mnist_relu_4_1024_gemm.onnx
NN₂: mnist_relu_4_1024_0.79.onnx
Prop: mnist_0_global_5.vnnlib
[runlim] sample:		56584.18 time, 56580.01 real, 2433 MB, 1.02 load
[runlim] sample:		56594.19 time, 56590.01 real, 2416 MB, 1.02 load
[runlim] sample:		56604.19 time, 56600.01 real, 2416 MB, 1.01 load
[runlim] sample:		56614.20 time, 56610.01 real, 2416 MB, 1.01 load
[runlim] sample:		56624.21 time, 56620.01 real, 2416 MB, 1.01 load
[runlim] sample:		56634.22 time, 56630.01 real, 2523 MB, 1.01 load
[runlim] sample:		56644.22 time, 56640.01 real, 2420 MB, 1.01 load
[runlim] sample:		56654.23 time, 56650.01 real, 2420 MB, 1.00 load
[runlim] sample:		56664.23 time, 56660.01 real, 2416 MB, 1.00 load
[runlim] sample:		56674.24 time, 56670.01 real, 2420 MB, 1.00 load
[runlim] sample:		56684.25 time, 56680.01 real, 2416 MB, 1.00 load
[runlim] sample:		56694.26 time, 56690.01 real, 2416 MB, 1.00 load
[runlim] sample:		56704.26 time, 56700.01 real, 2416 MB, 1.00 load
[runlim] sample:		56714.27 time, 56710.01 real, 2597 MB, 1.00 load
[runlim] sample:		56724.28 time, 56720.01 real, 2416 MB, 1.00 load
[runlim] sample:		56734.28 time, 56730.01 real, 2416 MB, 1.00 load
[runlim] sample:		56744.29 time, 56740.01 real, 2499 MB, 1.00 load
[runlim] sample:		56754.30 time, 56750.01 real, 2416 MB, 1.00 load
[runlim] sample:		56764.30 time, 56760.01 real, 2416 MB, 1.00 load
[runlim] sample:		56774.31 time, 56770.01 real, 2416 MB, 1.00 load
[runlim] sample:		56784.31 time, 56780.01 real, 2419 MB, 1.00 load
[runlim] sample:		56794.33 time, 56790.01 real, 2416 MB, 1.00 load
[runlim] sample:		56804.33 time, 56800.01 real, 2416 MB, 1.00 load
[runlim] sample:		56814.34 time, 56810.01 real, 2416 MB, 1.00 load
[runlim] sample:		56824.35 time, 56820.01 real, 2434 MB, 1.00 load
[runlim] sample:		56834.35 time, 56830.01 real, 2416 MB, 1.00 load
[runlim] sample:		56844.36 time, 56840.01 real, 2416 MB, 1.07 load
[runlim] sample:		56854.37 time, 56850.01 real, 2416 MB, 1.06 load
[runlim] sample:		56864.37 time, 56860.01 real, 2434 MB, 1.05 load
[runlim] sample:		56874.38 time, 56870.01 real, 2416 MB, 1.04 load
[runlim] sample:		56884.38 time, 56880.01 real, 2416 MB, 1.04 load
[runlim] sample:		56894.39 time, 56890.01 real, 2416 MB, 1.19 load
[runlim] sample:		56904.40 time, 56900.01 real, 2422 MB, 1.16 load
[runlim] sample:		56914.41 time, 56910.01 real, 2416 MB, 1.14 load
[runlim] sample:		56924.41 time, 56920.01 real, 2416 MB, 1.11 load
[runlim] sample:		56934.42 time, 56930.01 real, 2428 MB, 1.10 load
[runlim] sample:		56944.43 time, 56940.01 real, 2416 MB, 1.08 load
[runlim] sample:		56954.43 time, 56950.01 real, 2416 MB, 1.22 load
[runlim] sample:		56964.44 time, 56960.01 real, 2416 MB, 1.19 load
[runlim] sample:		56974.45 time, 56970.01 real, 2416 MB, 1.16 load
[runlim] sample:		56984.45 time, 56980.01 real, 2416 MB, 1.13 load
[runlim] sample:		56994.46 time, 56990.01 real, 2416 MB, 1.11 load
[runlim] sample:		57004.47 time, 57000.01 real, 2425 MB, 1.10 load
[runlim] sample:		57014.47 time, 57010.01 real, 2449 MB, 1.08 load
[runlim] sample:		57024.49 time, 57020.01 real, 2416 MB, 1.07 load
[runlim] sample:		57034.48 time, 57030.01 real, 2438 MB, 1.06 load
[runlim] sample:		57044.49 time, 57040.01 real, 2416 MB, 1.05 load
[runlim] sample:		57054.50 time, 57050.01 real, 2620 MB, 1.04 load
[runlim] sample:		57064.50 time, 57060.01 real, 2416 MB, 1.03 load
[runlim] sample:		57074.51 time, 57070.01 real, 2621 MB, 1.03 load
[runlim] sample:		57084.52 time, 57080.01 real, 2419 MB, 1.02 load
[runlim] sample:		57094.52 time, 57090.01 real, 2416 MB, 1.02 load
[runlim] sample:		57104.53 time, 57100.01 real, 2416 MB, 1.02 load
[runlim] sample:		57114.54 time, 57110.01 real, 2589 MB, 1.01 load
[runlim] sample:		57124.55 time, 57120.01 real, 2416 MB, 1.01 load
[runlim] sample:		57134.55 time, 57130.01 real, 2468 MB, 1.01 load
[runlim] sample:		57144.56 time, 57140.01 real, 2416 MB, 1.01 load
[runlim] sample:		57154.57 time, 57150.01 real, 2416 MB, 1.23 load
[runlim] sample:		57164.57 time, 57160.01 real, 2621 MB, 1.19 load
[runlim] sample:		57174.58 time, 57170.01 real, 2416 MB, 1.16 load

NN₁: mnist_relu_4_1024_gemm.onnx
NN₂: mnist_relu_4_1024_0.79.onnx
Prop: mnist_1_global_4.vnnlib
[runlim] sample:		57184.58 time, 57180.01 real, 2443 MB, 1.14 load
[runlim] sample:		57194.58 time, 57190.01 real, 2416 MB, 1.11 load
[runlim] sample:		57204.59 time, 57200.01 real, 2416 MB, 1.10 load
[runlim] sample:		57214.59 time, 57210.01 real, 2416 MB, 1.08 load
[runlim] sample:		57224.61 time, 57220.01 real, 2416 MB, 1.07 load
[runlim] sample:		57234.61 time, 57230.01 real, 2416 MB, 1.06 load
[runlim] sample:		57244.62 time, 57240.01 real, 2416 MB, 1.05 load
[runlim] sample:		57254.63 time, 57250.01 real, 2416 MB, 1.04 load
[runlim] sample:		57264.64 time, 57260.01 real, 2416 MB, 1.03 load
[runlim] sample:		57274.65 time, 57270.01 real, 2416 MB, 1.03 load
[runlim] sample:		57284.65 time, 57280.01 real, 2416 MB, 1.02 load
[runlim] sample:		57294.67 time, 57290.01 real, 2416 MB, 1.02 load
[runlim] sample:		57304.67 time, 57300.01 real, 2416 MB, 1.02 load
[runlim] sample:		57314.68 time, 57310.01 real, 2416 MB, 1.01 load
[runlim] sample:		57324.69 time, 57320.01 real, 2416 MB, 1.01 load
[runlim] sample:		57334.70 time, 57330.01 real, 2416 MB, 1.01 load
[runlim] sample:		57344.71 time, 57340.01 real, 2416 MB, 1.01 load
[runlim] sample:		57354.71 time, 57350.01 real, 2416 MB, 1.00 load
[runlim] sample:		57364.72 time, 57360.01 real, 2416 MB, 1.00 load
[runlim] sample:		57374.73 time, 57370.01 real, 2416 MB, 1.00 load
[runlim] sample:		57384.73 time, 57380.01 real, 2416 MB, 1.00 load
[runlim] sample:		57394.74 time, 57390.01 real, 2416 MB, 1.00 load
[runlim] sample:		57404.75 time, 57400.01 real, 2416 MB, 1.00 load
[runlim] sample:		57414.76 time, 57410.01 real, 2416 MB, 1.00 load
[runlim] sample:		57424.77 time, 57420.01 real, 2416 MB, 1.00 load
[runlim] sample:		57434.78 time, 57430.01 real, 2416 MB, 1.00 load
[runlim] sample:		57444.78 time, 57440.01 real, 2416 MB, 1.00 load
[runlim] sample:		57454.79 time, 57450.01 real, 2416 MB, 1.15 load
[runlim] sample:		57464.80 time, 57460.01 real, 2416 MB, 1.13 load
[runlim] sample:		57474.81 time, 57470.01 real, 2416 MB, 1.11 load
[runlim] sample:		57484.82 time, 57480.01 real, 2416 MB, 1.09 load
[runlim] sample:		57494.82 time, 57490.01 real, 2416 MB, 1.08 load
[runlim] sample:		57504.83 time, 57500.01 real, 2416 MB, 1.06 load
[runlim] sample:		57514.84 time, 57510.01 real, 2420 MB, 1.05 load
[runlim] sample:		57524.84 time, 57520.01 real, 2425 MB, 1.05 load
[runlim] sample:		57534.86 time, 57530.01 real, 2432 MB, 1.04 load
[runlim] sample:		57544.87 time, 57540.01 real, 2432 MB, 1.03 load
[runlim] sample:		57554.87 time, 57550.01 real, 2440 MB, 1.03 load
[runlim] sample:		57564.89 time, 57560.01 real, 2440 MB, 1.02 load
[runlim] sample:		57574.89 time, 57570.01 real, 2441 MB, 1.02 load
[runlim] sample:		57584.90 time, 57580.01 real, 2446 MB, 1.02 load
[runlim] sample:		57594.91 time, 57590.01 real, 2450 MB, 1.01 load
[runlim] sample:		57604.92 time, 57600.01 real, 2452 MB, 1.01 load
[runlim] sample:		57614.93 time, 57610.01 real, 2452 MB, 1.01 load
[runlim] sample:		57624.93 time, 57620.01 real, 2452 MB, 1.01 load
[runlim] sample:		57634.94 time, 57630.01 real, 2458 MB, 1.00 load
[runlim] sample:		57644.95 time, 57640.01 real, 2458 MB, 1.08 load
[runlim] sample:		57654.95 time, 57650.01 real, 2458 MB, 1.07 load
[runlim] sample:		57664.96 time, 57660.01 real, 2461 MB, 1.06 load
[runlim] sample:		57674.97 time, 57670.01 real, 2461 MB, 1.05 load
[runlim] sample:		57684.98 time, 57680.01 real, 2473 MB, 1.04 load
[runlim] sample:		57694.99 time, 57690.01 real, 2456 MB, 1.04 load
[runlim] sample:		57705.00 time, 57700.01 real, 2462 MB, 1.03 load
[runlim] sample:		57715.00 time, 57710.01 real, 2456 MB, 1.02 load
[runlim] sample:		57725.01 time, 57720.01 real, 2456 MB, 1.02 load
[runlim] sample:		57735.02 time, 57730.01 real, 2473 MB, 1.02 load
[runlim] sample:		57745.02 time, 57740.01 real, 2456 MB, 1.01 load
[runlim] sample:		57755.03 time, 57750.01 real, 2456 MB, 1.01 load
[runlim] sample:		57765.04 time, 57760.01 real, 2503 MB, 1.01 load
[runlim] sample:		57775.05 time, 57770.01 real, 2456 MB, 1.01 load

NN₁: mnist_relu_4_1024_gemm.onnx
NN₂: mnist_relu_4_1024_0.79.onnx
Prop: mnist_1_global_5.vnnlib
[runlim] sample:		57785.05 time, 57780.01 real, 2416 MB, 1.01 load
[runlim] sample:		57795.06 time, 57790.01 real, 2434 MB, 1.00 load
[runlim] sample:		57805.06 time, 57800.01 real, 2435 MB, 1.00 load
[runlim] sample:		57815.07 time, 57810.01 real, 2435 MB, 1.00 load
[runlim] sample:		57825.08 time, 57820.01 real, 2416 MB, 1.00 load
[runlim] sample:		57835.09 time, 57830.01 real, 2428 MB, 1.00 load
[runlim] sample:		57845.09 time, 57840.01 real, 2430 MB, 1.00 load
[runlim] sample:		57855.11 time, 57850.01 real, 2444 MB, 1.00 load
[runlim] sample:		57865.11 time, 57860.01 real, 2446 MB, 1.00 load
[runlim] sample:		57875.11 time, 57870.01 real, 2446 MB, 1.00 load
[runlim] sample:		57885.13 time, 57880.01 real, 2446 MB, 1.00 load
[runlim] sample:		57895.13 time, 57890.01 real, 2440 MB, 1.00 load
[runlim] sample:		57905.14 time, 57900.01 real, 2440 MB, 1.00 load
[runlim] sample:		57915.15 time, 57910.01 real, 2446 MB, 1.00 load
[runlim] sample:		57925.16 time, 57920.01 real, 2459 MB, 1.00 load
[runlim] sample:		57935.16 time, 57930.01 real, 2440 MB, 1.00 load
[runlim] sample:		57945.17 time, 57940.01 real, 2446 MB, 1.00 load
[runlim] sample:		57955.18 time, 57950.01 real, 2440 MB, 1.15 load
[runlim] sample:		57965.19 time, 57960.01 real, 2457 MB, 1.20 load
[runlim] sample:		57975.20 time, 57970.01 real, 2504 MB, 1.17 load
[runlim] sample:		57985.20 time, 57980.01 real, 2440 MB, 1.15 load
[runlim] sample:		57995.20 time, 57990.01 real, 2440 MB, 1.12 load
[runlim] sample:		58005.22 time, 58000.01 real, 2458 MB, 1.10 load
[runlim] sample:		58015.23 time, 58010.01 real, 2445 MB, 1.09 load
[runlim] sample:		58025.23 time, 58020.01 real, 2454 MB, 1.07 load
[runlim] sample:		58035.24 time, 58030.01 real, 2445 MB, 1.06 load
[runlim] sample:		58045.25 time, 58040.01 real, 2445 MB, 1.05 load
[runlim] sample:		58055.25 time, 58050.01 real, 2445 MB, 1.04 load
[runlim] sample:		58065.26 time, 58060.01 real, 2475 MB, 1.04 load
[runlim] sample:		58075.26 time, 58070.01 real, 2456 MB, 1.03 load
[runlim] sample:		58085.28 time, 58080.01 real, 2456 MB, 1.02 load
[runlim] sample:		58095.28 time, 58090.01 real, 2456 MB, 1.02 load
[runlim] sample:		58105.29 time, 58100.01 real, 2456 MB, 1.02 load
[runlim] sample:		58115.30 time, 58110.01 real, 2456 MB, 1.01 load
[runlim] sample:		58125.31 time, 58120.01 real, 2456 MB, 1.01 load
[runlim] sample:		58135.32 time, 58130.01 real, 2458 MB, 1.01 load
[runlim] sample:		58145.32 time, 58140.01 real, 2461 MB, 1.01 load
[runlim] sample:		58155.32 time, 58150.01 real, 2549 MB, 1.01 load
[runlim] sample:		58165.33 time, 58160.01 real, 2471 MB, 1.00 load
[runlim] sample:		58175.34 time, 58170.01 real, 2457 MB, 1.00 load
[runlim] sample:		58185.35 time, 58180.01 real, 2456 MB, 1.00 load
[runlim] sample:		58195.35 time, 58190.01 real, 2456 MB, 1.00 load
[runlim] sample:		58205.36 time, 58200.01 real, 2482 MB, 1.00 load
[runlim] sample:		58215.37 time, 58210.01 real, 2482 MB, 1.00 load
[runlim] sample:		58225.38 time, 58220.01 real, 2482 MB, 1.00 load
[runlim] sample:		58235.38 time, 58230.01 real, 2482 MB, 1.00 load
[runlim] sample:		58245.39 time, 58240.01 real, 2482 MB, 1.00 load
[runlim] sample:		58255.40 time, 58250.01 real, 2492 MB, 1.00 load
[runlim] sample:		58265.41 time, 58260.01 real, 2488 MB, 1.00 load
[runlim] sample:		58275.41 time, 58270.01 real, 2522 MB, 1.00 load
[runlim] sample:		58285.42 time, 58280.01 real, 2526 MB, 1.00 load
[runlim] sample:		58295.43 time, 58290.01 real, 2508 MB, 1.00 load
[runlim] sample:		58305.44 time, 58300.01 real, 2510 MB, 1.00 load
[runlim] sample:		58315.44 time, 58310.01 real, 2508 MB, 1.00 load
[runlim] sample:		58325.46 time, 58320.01 real, 2510 MB, 1.00 load
[runlim] sample:		58335.46 time, 58330.01 real, 2508 MB, 1.00 load
[runlim] sample:		58345.46 time, 58340.01 real, 2522 MB, 1.00 load
[runlim] sample:		58355.48 time, 58350.01 real, 2508 MB, 1.00 load
[runlim] sample:		58365.49 time, 58360.01 real, 2516 MB, 1.00 load
[runlim] sample:		58375.49 time, 58370.01 real, 2508 MB, 1.00 load

NN₁: mnist_relu_4_1024_gemm.onnx
NN₂: mnist_relu_4_1024_0.79.onnx
Prop: mnist_2_global_4.vnnlib
[runlim] sample:		58385.49 time, 58380.01 real, 2508 MB, 1.00 load
[runlim] sample:		58395.50 time, 58390.01 real, 2514 MB, 1.00 load
[runlim] sample:		58405.50 time, 58400.01 real, 2561 MB, 1.00 load
[runlim] sample:		58415.52 time, 58410.01 real, 2502 MB, 1.00 load
[runlim] sample:		58425.52 time, 58420.01 real, 2524 MB, 1.00 load
[runlim] sample:		58435.53 time, 58430.01 real, 2589 MB, 1.07 load
[runlim] sample:		58445.54 time, 58440.01 real, 2495 MB, 1.06 load
[runlim] sample:		58455.54 time, 58450.01 real, 2495 MB, 1.21 load
[runlim] sample:		58465.54 time, 58460.01 real, 2495 MB, 1.17 load
[runlim] sample:		58475.55 time, 58470.01 real, 2500 MB, 1.15 load
[runlim] sample:		58485.55 time, 58480.01 real, 2498 MB, 1.12 load
[runlim] sample:		58495.56 time, 58490.01 real, 2501 MB, 1.10 load
[runlim] sample:		58505.57 time, 58500.01 real, 2575 MB, 1.09 load
[runlim] sample:		58515.58 time, 58510.01 real, 2495 MB, 1.07 load
[runlim] sample:		58525.59 time, 58520.01 real, 2495 MB, 1.06 load
[runlim] sample:		58535.59 time, 58530.01 real, 2502 MB, 1.05 load
[runlim] sample:		58545.60 time, 58540.01 real, 2501 MB, 1.04 load
[runlim] sample:		58555.61 time, 58550.01 real, 2495 MB, 1.04 load
[runlim] sample:		58565.62 time, 58560.01 real, 2540 MB, 1.03 load
[runlim] sample:		58575.62 time, 58570.01 real, 2495 MB, 1.02 load
[runlim] sample:		58585.63 time, 58580.01 real, 2495 MB, 1.02 load
[runlim] sample:		58595.64 time, 58590.01 real, 2495 MB, 1.02 load
[runlim] sample:		58605.64 time, 58600.01 real, 2495 MB, 1.01 load
[runlim] sample:		58615.65 time, 58610.01 real, 2524 MB, 1.01 load
[runlim] sample:		58625.66 time, 58620.01 real, 2607 MB, 1.01 load
[runlim] sample:		58635.66 time, 58630.01 real, 2644 MB, 1.01 load
[runlim] sample:		58645.67 time, 58640.01 real, 2631 MB, 1.01 load
[runlim] sample:		58655.68 time, 58650.01 real, 2495 MB, 1.00 load
[runlim] sample:		58665.68 time, 58660.01 real, 2495 MB, 1.00 load
[runlim] sample:		58675.69 time, 58670.01 real, 2495 MB, 1.00 load
[runlim] sample:		58685.69 time, 58680.01 real, 2505 MB, 1.00 load
[runlim] sample:		58695.70 time, 58690.01 real, 2508 MB, 1.00 load
[runlim] sample:		58705.71 time, 58700.01 real, 2505 MB, 1.00 load
[runlim] sample:		58715.72 time, 58710.01 real, 2508 MB, 1.00 load
[runlim] sample:		58725.73 time, 58720.01 real, 2495 MB, 1.00 load
[runlim] sample:		58735.73 time, 58730.01 real, 2533 MB, 1.00 load
[runlim] sample:		58745.74 time, 58740.01 real, 2505 MB, 1.00 load
[runlim] sample:		58755.74 time, 58750.01 real, 2495 MB, 1.00 load
[runlim] sample:		58765.75 time, 58760.01 real, 2495 MB, 1.00 load
[runlim] sample:		58775.76 time, 58770.01 real, 2584 MB, 1.00 load
[runlim] sample:		58785.76 time, 58780.01 real, 2495 MB, 1.00 load
[runlim] sample:		58795.76 time, 58790.01 real, 2495 MB, 1.00 load
[runlim] sample:		58805.77 time, 58800.01 real, 2510 MB, 1.00 load
[runlim] sample:		58815.78 time, 58810.01 real, 2501 MB, 1.00 load
[runlim] sample:		58825.78 time, 58820.01 real, 2501 MB, 1.00 load
[runlim] sample:		58835.80 time, 58830.01 real, 2501 MB, 1.00 load
[runlim] sample:		58845.80 time, 58840.01 real, 2501 MB, 1.00 load
[runlim] sample:		58855.80 time, 58850.01 real, 2655 MB, 1.00 load
[runlim] sample:		58865.81 time, 58860.01 real, 2661 MB, 1.00 load
[runlim] sample:		58875.82 time, 58870.01 real, 2642 MB, 1.00 load
[runlim] sample:		58885.83 time, 58880.01 real, 2642 MB, 1.00 load
[runlim] sample:		58895.83 time, 58890.01 real, 2656 MB, 1.00 load
[runlim] sample:		58905.84 time, 58900.01 real, 2642 MB, 1.00 load
[runlim] sample:		58915.85 time, 58910.01 real, 2658 MB, 1.00 load
[runlim] sample:		58925.86 time, 58920.01 real, 2658 MB, 1.00 load
[runlim] sample:		58935.87 time, 58930.01 real, 2658 MB, 1.00 load
[runlim] sample:		58945.87 time, 58940.01 real, 2642 MB, 1.00 load
[runlim] sample:		58955.89 time, 58950.01 real, 2655 MB, 1.15 load
[runlim] sample:		58965.89 time, 58960.01 real, 2661 MB, 1.13 load
[runlim] sample:		58975.90 time, 58970.01 real, 2661 MB, 1.11 load
[runlim] sample:		58985.90 time, 58980.01 real, 2642 MB, 1.09 load

NN₁: mnist_relu_4_1024_gemm.onnx
NN₂: mnist_relu_4_1024_0.79.onnx
Prop: mnist_3_global_5.vnnlib
[runlim] sample:		58995.89 time, 58990.01 real, 2476 MB, 1.08 load
[runlim] sample:		59005.90 time, 59000.01 real, 2476 MB, 1.14 load
[runlim] sample:		59015.90 time, 59010.01 real, 2476 MB, 1.12 load
[runlim] sample:		59025.91 time, 59020.01 real, 2476 MB, 1.10 load
[runlim] sample:		59035.93 time, 59030.01 real, 2476 MB, 1.08 load
[runlim] sample:		59045.93 time, 59040.01 real, 2476 MB, 1.07 load
[runlim] sample:		59055.94 time, 59050.01 real, 2476 MB, 1.06 load
[runlim] sample:		59065.95 time, 59060.01 real, 2476 MB, 1.05 load
[runlim] sample:		59075.96 time, 59070.01 real, 2482 MB, 1.04 load
[runlim] sample:		59085.96 time, 59080.01 real, 2482 MB, 1.03 load
[runlim] sample:		59095.96 time, 59090.01 real, 2483 MB, 1.03 load
[runlim] sample:		59105.98 time, 59100.01 real, 2483 MB, 1.02 load
[runlim] sample:		59115.99 time, 59110.01 real, 2475 MB, 1.02 load
[runlim] sample:		59125.99 time, 59120.01 real, 2479 MB, 1.02 load
[runlim] sample:		59136.00 time, 59130.01 real, 2479 MB, 1.01 load
[runlim] sample:		59146.01 time, 59140.01 real, 2479 MB, 1.01 load
[runlim] sample:		59156.01 time, 59150.01 real, 2479 MB, 1.01 load
[runlim] sample:		59166.02 time, 59160.01 real, 2489 MB, 1.01 load
[runlim] sample:		59176.02 time, 59170.01 real, 2489 MB, 1.01 load
[runlim] sample:		59186.03 time, 59180.01 real, 2471 MB, 1.00 load
[runlim] sample:		59196.04 time, 59190.01 real, 2471 MB, 1.00 load
[runlim] sample:		59206.04 time, 59200.01 real, 2471 MB, 1.00 load
[runlim] sample:		59216.05 time, 59210.01 real, 2471 MB, 1.00 load
[runlim] sample:		59226.06 time, 59220.01 real, 2471 MB, 1.00 load
[runlim] sample:		59236.07 time, 59230.01 real, 2471 MB, 1.00 load
[runlim] sample:		59246.07 time, 59240.01 real, 2477 MB, 1.00 load
[runlim] sample:		59256.09 time, 59250.01 real, 2477 MB, 1.00 load
[runlim] sample:		59266.09 time, 59260.01 real, 2477 MB, 1.00 load
[runlim] sample:		59276.10 time, 59270.01 real, 2477 MB, 1.00 load
[runlim] sample:		59286.11 time, 59280.01 real, 2477 MB, 1.00 load
[runlim] sample:		59296.12 time, 59290.01 real, 2480 MB, 1.08 load
[runlim] sample:		59306.12 time, 59300.01 real, 2484 MB, 1.07 load
[runlim] sample:		59316.13 time, 59310.01 real, 2471 MB, 1.06 load
[runlim] sample:		59326.14 time, 59320.01 real, 2471 MB, 1.05 load
[runlim] sample:		59336.15 time, 59330.01 real, 2488 MB, 1.04 load
[runlim] sample:		59346.15 time, 59340.01 real, 2490 MB, 1.03 load
[runlim] sample:		59356.16 time, 59350.01 real, 2484 MB, 1.03 load
[runlim] sample:		59366.17 time, 59360.01 real, 2489 MB, 1.02 load
[runlim] sample:		59376.17 time, 59370.01 real, 2489 MB, 1.02 load
[runlim] sample:		59386.19 time, 59380.01 real, 2489 MB, 1.02 load
[runlim] sample:		59396.19 time, 59390.01 real, 2483 MB, 1.01 load
[runlim] sample:		59406.20 time, 59400.01 real, 2487 MB, 1.01 load
[runlim] sample:		59416.21 time, 59410.01 real, 2481 MB, 1.01 load
[runlim] sample:		59426.21 time, 59420.01 real, 2471 MB, 1.01 load
[runlim] sample:		59436.23 time, 59430.01 real, 2477 MB, 1.00 load
[runlim] sample:		59446.23 time, 59440.01 real, 2477 MB, 1.00 load
[runlim] sample:		59456.24 time, 59450.01 real, 2473 MB, 1.16 load
[runlim] sample:		59466.24 time, 59460.01 real, 2480 MB, 1.13 load
[runlim] sample:		59476.25 time, 59470.01 real, 2510 MB, 1.11 load
[runlim] sample:		59486.25 time, 59480.01 real, 2502 MB, 1.09 load
[runlim] sample:		59496.26 time, 59490.01 real, 2518 MB, 1.08 load
[runlim] sample:		59506.26 time, 59500.01 real, 2512 MB, 1.07 load
[runlim] sample:		59516.26 time, 59510.01 real, 2502 MB, 1.06 load
[runlim] sample:		59526.27 time, 59520.01 real, 2524 MB, 1.05 load
[runlim] sample:		59536.26 time, 59530.01 real, 2518 MB, 1.04 load
[runlim] sample:		59546.27 time, 59540.01 real, 2565 MB, 1.03 load
[runlim] sample:		59556.28 time, 59550.01 real, 2532 MB, 1.03 load
[runlim] sample:		59566.28 time, 59560.01 real, 2556 MB, 1.02 load
[runlim] sample:		59576.29 time, 59570.01 real, 2556 MB, 1.02 load
[runlim] sample:		59586.29 time, 59580.01 real, 2556 MB, 1.02 load

NN₁: mnist_relu_4_1024_gemm.onnx
NN₂: mnist_relu_4_1024_0.79.onnx
Prop: mnist_4_global_4.vnnlib
[runlim] sample:		59596.28 time, 59590.01 real, 2430 MB, 1.01 load
[runlim] sample:		59606.29 time, 59600.01 real, 2416 MB, 1.01 load
[runlim] sample:		59616.29 time, 59610.01 real, 2421 MB, 1.09 load
[runlim] sample:		59626.30 time, 59620.01 real, 2416 MB, 1.07 load
[runlim] sample:		59636.30 time, 59630.01 real, 2416 MB, 1.06 load
[runlim] sample:		59646.30 time, 59640.01 real, 2422 MB, 1.05 load
[runlim] sample:		59656.31 time, 59650.01 real, 2447 MB, 1.04 load
[runlim] sample:		59666.31 time, 59660.01 real, 2425 MB, 1.11 load
[runlim] sample:		59676.31 time, 59670.01 real, 2434 MB, 1.09 load
[runlim] sample:		59686.32 time, 59680.01 real, 2430 MB, 1.08 load
[runlim] sample:		59696.32 time, 59690.01 real, 2425 MB, 1.07 load
[runlim] sample:		59706.33 time, 59700.01 real, 2427 MB, 1.06 load
[runlim] sample:		59716.33 time, 59710.01 real, 2416 MB, 1.05 load
[runlim] sample:		59726.34 time, 59720.01 real, 2425 MB, 1.04 load
[runlim] sample:		59736.34 time, 59730.01 real, 2416 MB, 1.03 load
[runlim] sample:		59746.35 time, 59740.01 real, 2416 MB, 1.03 load
[runlim] sample:		59756.35 time, 59750.01 real, 2416 MB, 1.02 load
[runlim] sample:		59766.35 time, 59760.01 real, 2416 MB, 1.02 load
[runlim] sample:		59776.35 time, 59770.01 real, 2443 MB, 1.02 load
[runlim] sample:		59786.36 time, 59780.01 real, 2429 MB, 1.01 load
[runlim] sample:		59796.36 time, 59790.01 real, 2421 MB, 1.01 load
[runlim] sample:		59806.37 time, 59800.01 real, 2416 MB, 1.01 load
[runlim] sample:		59816.37 time, 59810.01 real, 2422 MB, 1.01 load
[runlim] sample:		59826.38 time, 59820.01 real, 2416 MB, 1.00 load
[runlim] sample:		59836.37 time, 59830.01 real, 2416 MB, 1.00 load
[runlim] sample:		59846.38 time, 59840.01 real, 2428 MB, 1.00 load
[runlim] sample:		59856.39 time, 59850.01 real, 2416 MB, 1.00 load
[runlim] sample:		59866.39 time, 59860.01 real, 2416 MB, 1.00 load
[runlim] sample:		59876.39 time, 59870.01 real, 2416 MB, 1.00 load
[runlim] sample:		59886.39 time, 59880.01 real, 2468 MB, 1.00 load
[runlim] sample:		59896.39 time, 59890.01 real, 2517 MB, 1.00 load
[runlim] sample:		59906.40 time, 59900.01 real, 2416 MB, 1.00 load
[runlim] sample:		59916.40 time, 59910.01 real, 2416 MB, 1.00 load
[runlim] sample:		59926.40 time, 59920.01 real, 2431 MB, 1.00 load
[runlim] sample:		59936.41 time, 59930.01 real, 2470 MB, 1.00 load
[runlim] sample:		59946.41 time, 59940.01 real, 2416 MB, 1.00 load
[runlim] sample:		59956.42 time, 59950.01 real, 2490 MB, 1.15 load
[runlim] sample:		59966.41 time, 59960.01 real, 2489 MB, 1.13 load
[runlim] sample:		59976.42 time, 59970.01 real, 2484 MB, 1.11 load
[runlim] sample:		59986.43 time, 59980.01 real, 2512 MB, 1.09 load
[runlim] sample:		59996.43 time, 59990.01 real, 2474 MB, 1.08 load
[runlim] sample:		60006.44 time, 60000.01 real, 2474 MB, 1.06 load
[runlim] sample:		60016.44 time, 60010.01 real, 2474 MB, 1.05 load
[runlim] sample:		60026.44 time, 60020.01 real, 2474 MB, 1.05 load
[runlim] sample:		60036.45 time, 60030.01 real, 2474 MB, 1.04 load
[runlim] sample:		60046.45 time, 60040.01 real, 2474 MB, 1.03 load
[runlim] sample:		60056.45 time, 60050.01 real, 2474 MB, 1.03 load
[runlim] sample:		60066.46 time, 60060.01 real, 2474 MB, 1.02 load
[runlim] sample:		60076.46 time, 60070.01 real, 2474 MB, 1.02 load
[runlim] sample:		60086.47 time, 60080.01 real, 2474 MB, 1.02 load
[runlim] sample:		60096.47 time, 60090.01 real, 2474 MB, 1.01 load
[runlim] sample:		60106.47 time, 60100.01 real, 2488 MB, 1.01 load
[runlim] sample:		60116.47 time, 60110.01 real, 2524 MB, 1.01 load
[runlim] sample:		60126.48 time, 60120.01 real, 2519 MB, 1.01 load
[runlim] sample:		60136.49 time, 60130.01 real, 2519 MB, 1.00 load
[runlim] sample:		60146.48 time, 60140.01 real, 2536 MB, 1.00 load
[runlim] sample:		60156.49 time, 60150.01 real, 2521 MB, 1.00 load
[runlim] sample:		60166.49 time, 60160.01 real, 2537 MB, 1.00 load
[runlim] sample:		60176.50 time, 60170.01 real, 2531 MB, 1.00 load
[runlim] sample:		60186.50 time, 60180.01 real, 2524 MB, 1.00 load

NN₁: mnist_relu_4_1024_gemm.onnx
NN₂: mnist_relu_4_1024_0.79.onnx
Prop: mnist_4_global_5.vnnlib
[runlim] sample:		60196.50 time, 60190.01 real, 2428 MB, 1.00 load
[runlim] sample:		60206.50 time, 60200.01 real, 2416 MB, 1.00 load
[runlim] sample:		60216.50 time, 60210.01 real, 2426 MB, 1.00 load
[runlim] sample:		60226.50 time, 60220.01 real, 2569 MB, 1.00 load
[runlim] sample:		60236.51 time, 60230.01 real, 2435 MB, 1.00 load
[runlim] sample:		60246.51 time, 60240.01 real, 2434 MB, 1.00 load
[runlim] sample:		60256.51 time, 60250.01 real, 2416 MB, 1.00 load
[runlim] sample:		60266.52 time, 60260.01 real, 2416 MB, 1.00 load
[runlim] sample:		60276.52 time, 60270.01 real, 2416 MB, 1.00 load
[runlim] sample:		60286.53 time, 60280.01 real, 2416 MB, 1.00 load
[runlim] sample:		60296.53 time, 60290.01 real, 2416 MB, 1.00 load
[runlim] sample:		60306.53 time, 60300.01 real, 2416 MB, 1.00 load
[runlim] sample:		60316.53 time, 60310.01 real, 2416 MB, 1.00 load
[runlim] sample:		60326.53 time, 60320.01 real, 2416 MB, 1.00 load
[runlim] sample:		60336.54 time, 60330.01 real, 2416 MB, 1.00 load
[runlim] sample:		60346.54 time, 60340.01 real, 2416 MB, 1.00 load
[runlim] sample:		60356.54 time, 60350.01 real, 2416 MB, 1.00 load
[runlim] sample:		60366.54 time, 60360.01 real, 2416 MB, 1.00 load
[runlim] sample:		60376.55 time, 60370.01 real, 2435 MB, 1.00 load
[runlim] sample:		60386.55 time, 60380.01 real, 2416 MB, 1.00 load
[runlim] sample:		60396.56 time, 60390.01 real, 2416 MB, 1.00 load
[runlim] sample:		60406.56 time, 60400.01 real, 2416 MB, 1.00 load
[runlim] sample:		60416.56 time, 60410.01 real, 2416 MB, 1.00 load
[runlim] sample:		60426.56 time, 60420.01 real, 2416 MB, 1.00 load
[runlim] sample:		60436.56 time, 60430.01 real, 2416 MB, 1.00 load
[runlim] sample:		60446.57 time, 60440.01 real, 2416 MB, 1.00 load
[runlim] sample:		60456.57 time, 60450.01 real, 2416 MB, 1.15 load
[runlim] sample:		60466.57 time, 60460.01 real, 2429 MB, 1.20 load
[runlim] sample:		60476.58 time, 60470.01 real, 2421 MB, 1.17 load
[runlim] sample:		60486.59 time, 60480.01 real, 2518 MB, 1.15 load
[runlim] sample:		60496.59 time, 60490.01 real, 2416 MB, 1.12 load
[runlim] sample:		60506.59 time, 60500.01 real, 2421 MB, 1.10 load
[runlim] sample:		60516.59 time, 60510.01 real, 2432 MB, 1.17 load
[runlim] sample:		60526.59 time, 60520.01 real, 2616 MB, 1.14 load
[runlim] sample:		60536.60 time, 60530.01 real, 2421 MB, 1.12 load
[runlim] sample:		60546.60 time, 60540.01 real, 2416 MB, 1.10 load
[runlim] sample:		60556.60 time, 60550.01 real, 2431 MB, 1.08 load
[runlim] sample:		60566.61 time, 60560.01 real, 2590 MB, 1.07 load
[runlim] sample:		60576.61 time, 60570.01 real, 2416 MB, 1.06 load
[runlim] sample:		60586.61 time, 60580.01 real, 2416 MB, 1.05 load
[runlim] sample:		60596.62 time, 60590.01 real, 2423 MB, 1.04 load
[runlim] sample:		60606.62 time, 60600.01 real, 2429 MB, 1.04 load
[runlim] sample:		60616.63 time, 60610.01 real, 2646 MB, 1.03 load
[runlim] sample:		60626.62 time, 60620.01 real, 2416 MB, 1.02 load
[runlim] sample:		60636.63 time, 60630.01 real, 2416 MB, 1.02 load
[runlim] sample:		60646.63 time, 60640.01 real, 2416 MB, 1.02 load
[runlim] sample:		60656.63 time, 60650.01 real, 2422 MB, 1.01 load
[runlim] sample:		60666.63 time, 60660.01 real, 2416 MB, 1.01 load
[runlim] sample:		60676.64 time, 60670.01 real, 2416 MB, 1.01 load
[runlim] sample:		60686.64 time, 60680.01 real, 2654 MB, 1.01 load
[runlim] sample:		60696.65 time, 60690.01 real, 2639 MB, 1.01 load
[runlim] sample:		60706.65 time, 60700.01 real, 2416 MB, 1.00 load
[runlim] sample:		60716.65 time, 60710.01 real, 2416 MB, 1.00 load
[runlim] sample:		60726.65 time, 60720.01 real, 2416 MB, 1.00 load
[runlim] sample:		60736.66 time, 60730.01 real, 2435 MB, 1.00 load
[runlim] sample:		60746.66 time, 60740.01 real, 2520 MB, 1.00 load
[runlim] sample:		60756.66 time, 60750.01 real, 2416 MB, 1.00 load
[runlim] sample:		60766.67 time, 60760.01 real, 2416 MB, 1.00 load
[runlim] sample:		60776.67 time, 60770.01 real, 2416 MB, 1.00 load
[runlim] sample:		60786.67 time, 60780.01 real, 2416 MB, 1.00 load

NN₁: mnist_relu_4_1024_gemm.onnx
NN₂: mnist_relu_4_1024_0.79.onnx
Prop: mnist_5_global_4.vnnlib
[runlim] sample:		60796.67 time, 60790.01 real, 2416 MB, 1.00 load
[runlim] sample:		60806.68 time, 60800.01 real, 2429 MB, 1.00 load
[runlim] sample:		60816.68 time, 60810.01 real, 2429 MB, 1.00 load
[runlim] sample:		60826.68 time, 60820.01 real, 2436 MB, 1.00 load
[runlim] sample:		60836.69 time, 60830.01 real, 2436 MB, 1.00 load
[runlim] sample:		60846.69 time, 60840.01 real, 2433 MB, 1.00 load
[runlim] sample:		60856.70 time, 60850.01 real, 2422 MB, 1.00 load
[runlim] sample:		60866.70 time, 60860.01 real, 2428 MB, 1.08 load
[runlim] sample:		60876.70 time, 60870.01 real, 2424 MB, 1.15 load
[runlim] sample:		60886.71 time, 60880.01 real, 2424 MB, 1.12 load
[runlim] sample:		60896.71 time, 60890.01 real, 2426 MB, 1.10 load
[runlim] sample:		60906.71 time, 60900.01 real, 2419 MB, 1.09 load
[runlim] sample:		60916.71 time, 60910.01 real, 2442 MB, 1.07 load
[runlim] sample:		60926.71 time, 60920.01 real, 2416 MB, 1.06 load
[runlim] sample:		60936.72 time, 60930.01 real, 2422 MB, 1.05 load
[runlim] sample:		60946.72 time, 60940.01 real, 2505 MB, 1.04 load
[runlim] sample:		60956.73 time, 60950.01 real, 2416 MB, 1.19 load
[runlim] sample:		60966.73 time, 60960.01 real, 2427 MB, 1.23 load
[runlim] sample:		60976.73 time, 60970.01 real, 2469 MB, 1.20 load
[runlim] sample:		60986.74 time, 60980.01 real, 2422 MB, 1.17 load
[runlim] sample:		60996.74 time, 60990.01 real, 2422 MB, 1.14 load
[runlim] sample:		61006.74 time, 61000.01 real, 2422 MB, 1.12 load
[runlim] sample:		61016.74 time, 61010.01 real, 2422 MB, 1.10 load
[runlim] sample:		61026.74 time, 61020.01 real, 2428 MB, 1.08 load
[runlim] sample:		61036.75 time, 61030.01 real, 2422 MB, 1.07 load
[runlim] sample:		61046.75 time, 61040.01 real, 2428 MB, 1.06 load
[runlim] sample:		61056.76 time, 61050.01 real, 2422 MB, 1.05 load
[runlim] sample:		61066.75 time, 61060.01 real, 2474 MB, 1.04 load
[runlim] sample:		61076.76 time, 61070.01 real, 2422 MB, 1.04 load
[runlim] sample:		61086.76 time, 61080.01 real, 2422 MB, 1.03 load
[runlim] sample:		61096.76 time, 61090.01 real, 2422 MB, 1.02 load
[runlim] sample:		61106.77 time, 61100.01 real, 2422 MB, 1.02 load
[runlim] sample:		61116.77 time, 61110.01 real, 2438 MB, 1.02 load
[runlim] sample:		61126.77 time, 61120.01 real, 2422 MB, 1.01 load
[runlim] sample:		61136.78 time, 61130.01 real, 2422 MB, 1.01 load
[runlim] sample:		61146.78 time, 61140.01 real, 2471 MB, 1.01 load
[runlim] sample:		61156.79 time, 61150.01 real, 2422 MB, 1.01 load
[runlim] sample:		61166.78 time, 61160.01 real, 2422 MB, 1.01 load
[runlim] sample:		61176.78 time, 61170.01 real, 2422 MB, 1.00 load
[runlim] sample:		61186.79 time, 61180.01 real, 2422 MB, 1.00 load
[runlim] sample:		61196.79 time, 61190.01 real, 2532 MB, 1.00 load
[runlim] sample:		61206.79 time, 61200.01 real, 2489 MB, 1.00 load
[runlim] sample:		61216.80 time, 61210.01 real, 2489 MB, 1.00 load
[runlim] sample:		61226.80 time, 61220.01 real, 2509 MB, 1.00 load
[runlim] sample:		61236.81 time, 61230.01 real, 2494 MB, 1.00 load
[runlim] sample:		61246.81 time, 61240.01 real, 2528 MB, 1.00 load
[runlim] sample:		61256.82 time, 61250.01 real, 2489 MB, 1.00 load
[runlim] sample:		61266.82 time, 61260.01 real, 2551 MB, 1.00 load
[runlim] sample:		61276.82 time, 61270.01 real, 2489 MB, 1.00 load
[runlim] sample:		61286.83 time, 61280.01 real, 2516 MB, 1.00 load
[runlim] sample:		61296.83 time, 61290.01 real, 2495 MB, 1.00 load
[runlim] sample:		61306.84 time, 61300.01 real, 2541 MB, 1.00 load
[runlim] sample:		61316.84 time, 61310.01 real, 2566 MB, 1.00 load
[runlim] sample:		61326.85 time, 61320.01 real, 2567 MB, 1.00 load
[runlim] sample:		61336.85 time, 61330.01 real, 2567 MB, 1.00 load
[runlim] sample:		61346.82 time, 61340.01 real, 2571 MB, 1.00 load
[runlim] sample:		61356.83 time, 61350.01 real, 2571 MB, 1.00 load
[runlim] sample:		61366.84 time, 61360.01 real, 2571 MB, 1.00 load
[runlim] sample:		61376.84 time, 61370.01 real, 2575 MB, 1.00 load
[runlim] sample:		61386.85 time, 61380.01 real, 2568 MB, 1.00 load

NN₁: mnist_relu_4_1024_gemm.onnx
NN₂: mnist_relu_4_1024_0.79.onnx
Prop: mnist_5_global_5.vnnlib
[runlim] sample:		61396.85 time, 61390.01 real, 2429 MB, 1.00 load
[runlim] sample:		61406.86 time, 61400.01 real, 2416 MB, 1.00 load
[runlim] sample:		61416.86 time, 61410.01 real, 2416 MB, 1.08 load
[runlim] sample:		61426.86 time, 61420.01 real, 2421 MB, 1.07 load
[runlim] sample:		61436.87 time, 61430.01 real, 2548 MB, 1.06 load
[runlim] sample:		61446.88 time, 61440.01 real, 2549 MB, 1.05 load
[runlim] sample:		61456.88 time, 61450.01 real, 2567 MB, 1.19 load
[runlim] sample:		61466.90 time, 61460.01 real, 2416 MB, 1.16 load
[runlim] sample:		61476.90 time, 61470.01 real, 2474 MB, 1.14 load
[runlim] sample:		61486.91 time, 61480.01 real, 2416 MB, 1.12 load
[runlim] sample:		61496.91 time, 61490.01 real, 2416 MB, 1.10 load
[runlim] sample:		61506.92 time, 61500.01 real, 2422 MB, 1.08 load
[runlim] sample:		61516.92 time, 61510.01 real, 2422 MB, 1.07 load
[runlim] sample:		61526.93 time, 61520.01 real, 2625 MB, 1.06 load
[runlim] sample:		61536.93 time, 61530.01 real, 2416 MB, 1.05 load
[runlim] sample:		61546.94 time, 61540.01 real, 2416 MB, 1.04 load
[runlim] sample:		61556.95 time, 61550.01 real, 2428 MB, 1.03 load
[runlim] sample:		61566.96 time, 61560.01 real, 2575 MB, 1.03 load
[runlim] sample:		61576.96 time, 61570.01 real, 2428 MB, 1.02 load
[runlim] sample:		61586.97 time, 61580.01 real, 2428 MB, 1.02 load
[runlim] sample:		61596.97 time, 61590.01 real, 2428 MB, 1.02 load
[runlim] sample:		61606.99 time, 61600.01 real, 2416 MB, 1.09 load
[runlim] sample:		61616.99 time, 61610.01 real, 2416 MB, 1.08 load
[runlim] sample:		61627.00 time, 61620.01 real, 2416 MB, 1.07 load
[runlim] sample:		61637.00 time, 61630.01 real, 2416 MB, 1.06 load
[runlim] sample:		61647.00 time, 61640.01 real, 2428 MB, 1.05 load
[runlim] sample:		61657.02 time, 61650.01 real, 2416 MB, 1.04 load
[runlim] sample:		61667.02 time, 61660.01 real, 2416 MB, 1.03 load
[runlim] sample:		61677.03 time, 61670.01 real, 2416 MB, 1.03 load
[runlim] sample:		61687.03 time, 61680.01 real, 2434 MB, 1.02 load
[runlim] sample:		61697.04 time, 61690.01 real, 2416 MB, 1.02 load
[runlim] sample:		61707.04 time, 61700.01 real, 2606 MB, 1.02 load
[runlim] sample:		61717.05 time, 61710.01 real, 2416 MB, 1.01 load
[runlim] sample:		61727.06 time, 61720.01 real, 2432 MB, 1.01 load
[runlim] sample:		61737.07 time, 61730.01 real, 2570 MB, 1.01 load
[runlim] sample:		61747.08 time, 61740.01 real, 2561 MB, 1.01 load
[runlim] sample:		61757.09 time, 61750.01 real, 2416 MB, 1.00 load
[runlim] sample:		61767.09 time, 61760.01 real, 2435 MB, 1.00 load
[runlim] sample:		61777.09 time, 61770.01 real, 2416 MB, 1.00 load
[runlim] sample:		61787.10 time, 61780.01 real, 2448 MB, 1.00 load
[runlim] sample:		61797.10 time, 61790.01 real, 2499 MB, 1.00 load
[runlim] sample:		61807.12 time, 61800.01 real, 2416 MB, 1.00 load
[runlim] sample:		61817.12 time, 61810.01 real, 2416 MB, 1.00 load
[runlim] sample:		61827.13 time, 61820.01 real, 2416 MB, 1.00 load
[runlim] sample:		61837.13 time, 61830.01 real, 2435 MB, 1.00 load
[runlim] sample:		61847.14 time, 61840.01 real, 2416 MB, 1.00 load
[runlim] sample:		61857.15 time, 61850.01 real, 2646 MB, 1.00 load
[runlim] sample:		61867.16 time, 61860.01 real, 2655 MB, 1.00 load
[runlim] sample:		61877.16 time, 61870.01 real, 2655 MB, 1.00 load
[runlim] sample:		61887.18 time, 61880.01 real, 2655 MB, 1.00 load
[runlim] sample:		61897.18 time, 61890.01 real, 2636 MB, 1.00 load
[runlim] sample:		61907.19 time, 61900.01 real, 2636 MB, 1.00 load
[runlim] sample:		61917.20 time, 61910.01 real, 2636 MB, 1.00 load
[runlim] sample:		61927.21 time, 61920.01 real, 2673 MB, 1.00 load
[runlim] sample:		61937.22 time, 61930.01 real, 2648 MB, 1.00 load
[runlim] sample:		61947.22 time, 61940.01 real, 2648 MB, 1.00 load
[runlim] sample:		61957.23 time, 61950.01 real, 2691 MB, 1.15 load
[runlim] sample:		61967.24 time, 61960.01 real, 2636 MB, 1.13 load
[runlim] sample:		61977.25 time, 61970.01 real, 2687 MB, 1.11 load
[runlim] sample:		61987.25 time, 61980.01 real, 2710 MB, 1.09 load

NN₁: mnist_relu_4_1024_gemm.onnx
NN₂: mnist_relu_4_1024_0.79.onnx
Prop: mnist_6_global_4.vnnlib
[runlim] sample:		61997.23 time, 61990.01 real, 2416 MB, 1.08 load
[runlim] sample:		62007.24 time, 62000.01 real, 2427 MB, 1.06 load
[runlim] sample:		62017.24 time, 62010.01 real, 2416 MB, 1.05 load
[runlim] sample:		62027.25 time, 62020.01 real, 2416 MB, 1.05 load
[runlim] sample:		62037.25 time, 62030.01 real, 2416 MB, 1.04 load
[runlim] sample:		62047.26 time, 62040.01 real, 2428 MB, 1.03 load
[runlim] sample:		62057.27 time, 62050.01 real, 2431 MB, 1.03 load
[runlim] sample:		62067.27 time, 62060.01 real, 2434 MB, 1.02 load
[runlim] sample:		62077.28 time, 62070.01 real, 2416 MB, 1.02 load
[runlim] sample:		62087.29 time, 62080.01 real, 2431 MB, 1.02 load
[runlim] sample:		62097.30 time, 62090.01 real, 2434 MB, 1.01 load
[runlim] sample:		62107.31 time, 62100.01 real, 2416 MB, 1.01 load
[runlim] sample:		62117.31 time, 62110.01 real, 2428 MB, 1.01 load
[runlim] sample:		62127.32 time, 62120.01 real, 2461 MB, 1.01 load
[runlim] sample:		62137.33 time, 62130.01 real, 2432 MB, 1.00 load
[runlim] sample:		62147.33 time, 62140.01 real, 2428 MB, 1.00 load
[runlim] sample:		62157.24 time, 62150.01 real, 2416 MB, 1.00 load
[runlim] sample:		62167.25 time, 62160.01 real, 2431 MB, 1.00 load
[runlim] sample:		62177.25 time, 62170.01 real, 2428 MB, 1.00 load
[runlim] sample:		62187.26 time, 62180.01 real, 2509 MB, 1.00 load
[runlim] sample:		62197.27 time, 62190.01 real, 2422 MB, 1.00 load
[runlim] sample:		62207.27 time, 62200.01 real, 2416 MB, 1.00 load
[runlim] sample:		62217.28 time, 62210.01 real, 2416 MB, 1.00 load
[runlim] sample:		62227.29 time, 62220.01 real, 2416 MB, 1.00 load
[runlim] sample:		62237.30 time, 62230.01 real, 2416 MB, 1.00 load
[runlim] sample:		62247.30 time, 62240.01 real, 2421 MB, 1.00 load
[runlim] sample:		62257.31 time, 62250.01 real, 2416 MB, 1.00 load
[runlim] sample:		62267.31 time, 62260.01 real, 2416 MB, 1.00 load
[runlim] sample:		62277.32 time, 62270.01 real, 2416 MB, 1.08 load
[runlim] sample:		62287.33 time, 62280.01 real, 2433 MB, 1.15 load
[runlim] sample:		62297.34 time, 62290.01 real, 2472 MB, 1.20 load
[runlim] sample:		62307.35 time, 62300.01 real, 2462 MB, 1.17 load
[runlim] sample:		62317.35 time, 62310.01 real, 2453 MB, 1.15 load
[runlim] sample:		62327.36 time, 62320.01 real, 2470 MB, 1.28 load
[runlim] sample:		62337.36 time, 62330.01 real, 2482 MB, 1.24 load
[runlim] sample:		62347.37 time, 62340.01 real, 2463 MB, 1.20 load
[runlim] sample:		62357.39 time, 62350.01 real, 2470 MB, 1.17 load
[runlim] sample:		62367.39 time, 62360.01 real, 2478 MB, 1.14 load
[runlim] sample:		62377.40 time, 62370.01 real, 2474 MB, 1.12 load
[runlim] sample:		62387.41 time, 62380.01 real, 2475 MB, 1.10 load
[runlim] sample:		62397.41 time, 62390.01 real, 2463 MB, 1.09 load
[runlim] sample:		62407.42 time, 62400.01 real, 2463 MB, 1.07 load
[runlim] sample:		62417.43 time, 62410.01 real, 2483 MB, 1.06 load
[runlim] sample:		62427.44 time, 62420.01 real, 2486 MB, 1.05 load
[runlim] sample:		62437.44 time, 62430.01 real, 2508 MB, 1.04 load
[runlim] sample:		62447.46 time, 62440.01 real, 2501 MB, 1.04 load
[runlim] sample:		62457.46 time, 62450.01 real, 2496 MB, 1.18 load
[runlim] sample:		62467.47 time, 62460.01 real, 2508 MB, 1.16 load
[runlim] sample:		62477.48 time, 62470.01 real, 2498 MB, 1.13 load
[runlim] sample:		62487.49 time, 62480.01 real, 2518 MB, 1.11 load
[runlim] sample:		62497.50 time, 62490.01 real, 2498 MB, 1.09 load
[runlim] sample:		62507.50 time, 62500.01 real, 2498 MB, 1.08 load
[runlim] sample:		62517.51 time, 62510.01 real, 2498 MB, 1.07 load
[runlim] sample:		62527.52 time, 62520.01 real, 2515 MB, 1.06 load
[runlim] sample:		62537.52 time, 62530.01 real, 2498 MB, 1.05 load
[runlim] sample:		62547.53 time, 62540.01 real, 2498 MB, 1.04 load
[runlim] sample:		62557.53 time, 62550.01 real, 2501 MB, 1.03 load
[runlim] sample:		62567.54 time, 62560.01 real, 2515 MB, 1.03 load
[runlim] sample:		62577.55 time, 62570.01 real, 2501 MB, 1.02 load
[runlim] sample:		62587.56 time, 62580.01 real, 2501 MB, 1.02 load

NN₁: mnist_relu_4_1024_gemm.onnx
NN₂: mnist_relu_4_1024_0.79.onnx
Prop: mnist_6_global_5.vnnlib
[runlim] sample:		62597.56 time, 62590.01 real, 2416 MB, 1.02 load
[runlim] sample:		62607.56 time, 62600.01 real, 2416 MB, 1.01 load
[runlim] sample:		62617.57 time, 62610.01 real, 2416 MB, 1.01 load
[runlim] sample:		62627.58 time, 62620.01 real, 2432 MB, 1.01 load
[runlim] sample:		62637.59 time, 62630.01 real, 2432 MB, 1.01 load
[runlim] sample:		62647.59 time, 62640.01 real, 2427 MB, 1.00 load
[runlim] sample:		62657.59 time, 62650.01 real, 2432 MB, 1.00 load
[runlim] sample:		62667.60 time, 62660.01 real, 2416 MB, 1.00 load
[runlim] sample:		62677.61 time, 62670.01 real, 2416 MB, 1.08 load
[runlim] sample:		62687.61 time, 62680.01 real, 2580 MB, 1.07 load
[runlim] sample:		62697.62 time, 62690.01 real, 2416 MB, 1.06 load
[runlim] sample:		62707.63 time, 62700.01 real, 2416 MB, 1.05 load
[runlim] sample:		62717.63 time, 62710.01 real, 2416 MB, 1.04 load
[runlim] sample:		62727.64 time, 62720.01 real, 2416 MB, 1.03 load
[runlim] sample:		62737.65 time, 62730.01 real, 2416 MB, 1.03 load
[runlim] sample:		62747.65 time, 62740.01 real, 2416 MB, 1.02 load
[runlim] sample:		62757.66 time, 62750.01 real, 2416 MB, 1.02 load
[runlim] sample:		62767.67 time, 62760.01 real, 2416 MB, 1.02 load
[runlim] sample:		62777.68 time, 62770.01 real, 2422 MB, 1.01 load
[runlim] sample:		62787.68 time, 62780.01 real, 2416 MB, 1.01 load
[runlim] sample:		62797.69 time, 62790.01 real, 2416 MB, 1.01 load
[runlim] sample:		62807.70 time, 62800.01 real, 2416 MB, 1.01 load
[runlim] sample:		62817.71 time, 62810.01 real, 2416 MB, 1.00 load
[runlim] sample:		62827.71 time, 62820.01 real, 2416 MB, 1.00 load
[runlim] sample:		62837.71 time, 62830.01 real, 2416 MB, 1.00 load
[runlim] sample:		62847.72 time, 62840.01 real, 2416 MB, 1.00 load
[runlim] sample:		62857.72 time, 62850.01 real, 2416 MB, 1.00 load
[runlim] sample:		62867.73 time, 62860.01 real, 2416 MB, 1.00 load
[runlim] sample:		62877.74 time, 62870.01 real, 2416 MB, 1.00 load
[runlim] sample:		62887.75 time, 62880.01 real, 2416 MB, 1.00 load
[runlim] sample:		62897.75 time, 62890.01 real, 2416 MB, 1.00 load
[runlim] sample:		62907.76 time, 62900.01 real, 2416 MB, 1.00 load
[runlim] sample:		62917.76 time, 62910.01 real, 2416 MB, 1.00 load
[runlim] sample:		62927.77 time, 62920.01 real, 2416 MB, 1.00 load
[runlim] sample:		62937.78 time, 62930.01 real, 2435 MB, 1.00 load
[runlim] sample:		62947.79 time, 62940.01 real, 2591 MB, 1.00 load
[runlim] sample:		62957.79 time, 62950.01 real, 2416 MB, 1.15 load
[runlim] sample:		62967.81 time, 62960.01 real, 2416 MB, 1.13 load
[runlim] sample:		62977.82 time, 62970.01 real, 2416 MB, 1.11 load
[runlim] sample:		62987.81 time, 62980.01 real, 2416 MB, 1.09 load
[runlim] sample:		62997.82 time, 62990.01 real, 2580 MB, 1.08 load
[runlim] sample:		63007.83 time, 63000.01 real, 2416 MB, 1.06 load
[runlim] sample:		63017.84 time, 63010.01 real, 2416 MB, 1.05 load
[runlim] sample:		63027.84 time, 63020.01 real, 2416 MB, 1.05 load
[runlim] sample:		63037.85 time, 63030.01 real, 2416 MB, 1.04 load
[runlim] sample:		63047.86 time, 63040.01 real, 2416 MB, 1.03 load
[runlim] sample:		63057.87 time, 63050.01 real, 2636 MB, 1.03 load
[runlim] sample:		63067.88 time, 63060.01 real, 2636 MB, 1.02 load
[runlim] sample:		63077.88 time, 63070.01 real, 2661 MB, 1.02 load
[runlim] sample:		63087.89 time, 63080.01 real, 2629 MB, 1.02 load
[runlim] sample:		63097.90 time, 63090.01 real, 2639 MB, 1.01 load
[runlim] sample:		63107.91 time, 63100.01 real, 2648 MB, 1.01 load
[runlim] sample:		63117.92 time, 63110.01 real, 2629 MB, 1.01 load
[runlim] sample:		63127.92 time, 63120.01 real, 2629 MB, 1.01 load
[runlim] sample:		63137.93 time, 63130.01 real, 2629 MB, 1.00 load
[runlim] sample:		63147.93 time, 63140.01 real, 2629 MB, 1.00 load
[runlim] sample:		63157.94 time, 63150.01 real, 2629 MB, 1.00 load
[runlim] sample:		63167.95 time, 63160.01 real, 2642 MB, 1.00 load
[runlim] sample:		63177.96 time, 63170.01 real, 2645 MB, 1.00 load
[runlim] sample:		63187.96 time, 63180.01 real, 2692 MB, 1.00 load

NN₁: mnist_relu_4_1024_gemm.onnx
NN₂: mnist_relu_4_1024_0.79.onnx
Prop: mnist_7_global_4.vnnlib
[runlim] sample:		63197.97 time, 63190.01 real, 2416 MB, 1.00 load
[runlim] sample:		63207.97 time, 63200.01 real, 2416 MB, 1.00 load
[runlim] sample:		63217.98 time, 63210.01 real, 2459 MB, 1.00 load
[runlim] sample:		63227.98 time, 63220.01 real, 2416 MB, 1.00 load
[runlim] sample:		63238.00 time, 63230.01 real, 2416 MB, 1.00 load
[runlim] sample:		63248.01 time, 63240.01 real, 2435 MB, 1.00 load
[runlim] sample:		63258.01 time, 63250.01 real, 2435 MB, 1.00 load
[runlim] sample:		63268.02 time, 63260.01 real, 2477 MB, 1.00 load
[runlim] sample:		63278.02 time, 63270.01 real, 2416 MB, 1.00 load
[runlim] sample:		63288.03 time, 63280.01 real, 2416 MB, 1.00 load
[runlim] sample:		63298.04 time, 63290.01 real, 2419 MB, 1.00 load
[runlim] sample:		63308.05 time, 63300.01 real, 2423 MB, 1.00 load
[runlim] sample:		63318.06 time, 63310.01 real, 2435 MB, 1.00 load
[runlim] sample:		63328.07 time, 63320.01 real, 2416 MB, 1.00 load
[runlim] sample:		63338.07 time, 63330.01 real, 2416 MB, 1.00 load
[runlim] sample:		63348.08 time, 63340.01 real, 2457 MB, 1.00 load
[runlim] sample:		63358.08 time, 63350.01 real, 2425 MB, 1.00 load
[runlim] sample:		63368.08 time, 63360.01 real, 2416 MB, 1.00 load
[runlim] sample:		63378.09 time, 63370.01 real, 2487 MB, 1.00 load
[runlim] sample:		63388.10 time, 63380.01 real, 2422 MB, 1.00 load
[runlim] sample:		63398.11 time, 63390.01 real, 2430 MB, 1.00 load
[runlim] sample:		63408.12 time, 63400.01 real, 2416 MB, 1.00 load
[runlim] sample:		63418.12 time, 63410.01 real, 2427 MB, 1.00 load
[runlim] sample:		63428.13 time, 63420.01 real, 2427 MB, 1.00 load
[runlim] sample:		63438.14 time, 63430.01 real, 2461 MB, 1.00 load
[runlim] sample:		63448.15 time, 63440.01 real, 2416 MB, 1.00 load
[runlim] sample:		63458.15 time, 63450.01 real, 2416 MB, 1.15 load
[runlim] sample:		63468.16 time, 63460.01 real, 2416 MB, 1.13 load
[runlim] sample:		63478.17 time, 63470.01 real, 2416 MB, 1.11 load
[runlim] sample:		63488.17 time, 63480.01 real, 2416 MB, 1.09 load
[runlim] sample:		63498.18 time, 63490.01 real, 2416 MB, 1.08 load
[runlim] sample:		63508.15 time, 63500.01 real, 2416 MB, 1.06 load
[runlim] sample:		63518.16 time, 63510.01 real, 2486 MB, 1.05 load
[runlim] sample:		63528.17 time, 63520.01 real, 2429 MB, 1.05 load
[runlim] sample:		63538.17 time, 63530.01 real, 2416 MB, 1.04 load
[runlim] sample:		63548.18 time, 63540.01 real, 2433 MB, 1.03 load
[runlim] sample:		63558.19 time, 63550.01 real, 2428 MB, 1.03 load
[runlim] sample:		63568.19 time, 63560.01 real, 2428 MB, 1.02 load
[runlim] sample:		63578.21 time, 63570.01 real, 2462 MB, 1.02 load
[runlim] sample:		63588.21 time, 63580.01 real, 2445 MB, 1.02 load
[runlim] sample:		63598.22 time, 63590.01 real, 2428 MB, 1.01 load
[runlim] sample:		63608.22 time, 63600.01 real, 2428 MB, 1.01 load
[runlim] sample:		63618.23 time, 63610.01 real, 2444 MB, 1.01 load
[runlim] sample:		63628.23 time, 63620.01 real, 2434 MB, 1.01 load
[runlim] sample:		63638.25 time, 63630.01 real, 2433 MB, 1.00 load
[runlim] sample:		63648.25 time, 63640.01 real, 2512 MB, 1.00 load
[runlim] sample:		63658.26 time, 63650.01 real, 2428 MB, 1.00 load
[runlim] sample:		63668.26 time, 63660.01 real, 2428 MB, 1.00 load
[runlim] sample:		63678.27 time, 63670.01 real, 2439 MB, 1.00 load
[runlim] sample:		63688.27 time, 63680.01 real, 2428 MB, 1.00 load
[runlim] sample:		63698.28 time, 63690.01 real, 2435 MB, 1.00 load
[runlim] sample:		63708.29 time, 63700.01 real, 2428 MB, 1.00 load
[runlim] sample:		63718.30 time, 63710.01 real, 2428 MB, 1.00 load
[runlim] sample:		63728.30 time, 63720.01 real, 2428 MB, 1.00 load
[runlim] sample:		63738.31 time, 63730.01 real, 2435 MB, 1.00 load
[runlim] sample:		63748.31 time, 63740.01 real, 2559 MB, 1.00 load
[runlim] sample:		63758.33 time, 63750.01 real, 2559 MB, 1.00 load
[runlim] sample:		63768.33 time, 63760.01 real, 2559 MB, 1.00 load
[runlim] sample:		63778.34 time, 63770.01 real, 2570 MB, 1.00 load
[runlim] sample:		63788.35 time, 63780.01 real, 2570 MB, 1.00 load
[runlim] sample:		63798.36 time, 63790.01 real, 2570 MB, 1.00 load

NN₁: mnist_relu_4_1024_gemm.onnx
NN₂: mnist_relu_4_1024_0.79.onnx
Prop: mnist_7_global_5.vnnlib
[runlim] sample:		63808.34 time, 63800.01 real, 2577 MB, 1.00 load
[runlim] sample:		63818.35 time, 63810.01 real, 2416 MB, 1.00 load
[runlim] sample:		63828.36 time, 63820.01 real, 2416 MB, 1.00 load
[runlim] sample:		63838.36 time, 63830.01 real, 2444 MB, 1.00 load
[runlim] sample:		63848.37 time, 63840.01 real, 2478 MB, 1.00 load
[runlim] sample:		63858.37 time, 63850.01 real, 2416 MB, 1.00 load
[runlim] sample:		63868.38 time, 63860.01 real, 2416 MB, 1.00 load
[runlim] sample:		63878.39 time, 63870.01 real, 2416 MB, 1.00 load
[runlim] sample:		63888.39 time, 63880.01 real, 2422 MB, 1.00 load
[runlim] sample:		63898.40 time, 63890.01 real, 2416 MB, 1.00 load
[runlim] sample:		63908.41 time, 63900.01 real, 2416 MB, 1.00 load
[runlim] sample:		63918.42 time, 63910.01 real, 2426 MB, 1.00 load
[runlim] sample:		63928.42 time, 63920.01 real, 2416 MB, 1.00 load
[runlim] sample:		63938.43 time, 63930.01 real, 2416 MB, 1.00 load
[runlim] sample:		63948.43 time, 63940.01 real, 2416 MB, 1.00 load
[runlim] sample:		63958.43 time, 63950.01 real, 2416 MB, 1.15 load
[runlim] sample:		63968.44 time, 63960.01 real, 2416 MB, 1.13 load
[runlim] sample:		63978.45 time, 63970.01 real, 2416 MB, 1.11 load
[runlim] sample:		63988.46 time, 63980.01 real, 2431 MB, 1.09 load
[runlim] sample:		63998.47 time, 63990.01 real, 2559 MB, 1.08 load
[runlim] sample:		64008.47 time, 64000.01 real, 2416 MB, 1.06 load
[runlim] sample:		64018.48 time, 64010.01 real, 2416 MB, 1.05 load
[runlim] sample:		64028.48 time, 64020.01 real, 2422 MB, 1.05 load
[runlim] sample:		64038.49 time, 64030.01 real, 2603 MB, 1.04 load
[runlim] sample:		64048.50 time, 64040.01 real, 2422 MB, 1.03 load
[runlim] sample:		64058.50 time, 64050.01 real, 2416 MB, 1.03 load
[runlim] sample:		64068.51 time, 64060.01 real, 2416 MB, 1.02 load
[runlim] sample:		64078.52 time, 64070.01 real, 2416 MB, 1.02 load
[runlim] sample:		64088.53 time, 64080.01 real, 2416 MB, 1.02 load
[runlim] sample:		64098.54 time, 64090.01 real, 2416 MB, 1.01 load
[runlim] sample:		64108.55 time, 64100.01 real, 2603 MB, 1.01 load
[runlim] sample:		64118.55 time, 64110.01 real, 2416 MB, 1.01 load
[runlim] sample:		64128.56 time, 64120.01 real, 2416 MB, 1.01 load
[runlim] sample:		64138.57 time, 64130.01 real, 2416 MB, 1.00 load
[runlim] sample:		64148.57 time, 64140.01 real, 2416 MB, 1.16 load
[runlim] sample:		64158.57 time, 64150.01 real, 2421 MB, 1.14 load
[runlim] sample:		64168.58 time, 64160.01 real, 2429 MB, 1.12 load
[runlim] sample:		64178.59 time, 64170.01 real, 2416 MB, 1.10 load
[runlim] sample:		64188.59 time, 64180.01 real, 2416 MB, 1.08 load
[runlim] sample:		64198.60 time, 64190.01 real, 2421 MB, 1.07 load
[runlim] sample:		64208.61 time, 64200.01 real, 2416 MB, 1.06 load
[runlim] sample:		64218.61 time, 64210.01 real, 2416 MB, 1.05 load
[runlim] sample:		64228.62 time, 64220.01 real, 2416 MB, 1.04 load
[runlim] sample:		64238.63 time, 64230.01 real, 2416 MB, 1.03 load
[runlim] sample:		64248.63 time, 64240.01 real, 2416 MB, 1.03 load
[runlim] sample:		64258.64 time, 64250.01 real, 2422 MB, 1.02 load
[runlim] sample:		64268.65 time, 64260.01 real, 2416 MB, 1.02 load
[runlim] sample:		64278.65 time, 64270.01 real, 2429 MB, 1.02 load
[runlim] sample:		64288.66 time, 64280.01 real, 2416 MB, 1.01 load
[runlim] sample:		64298.67 time, 64290.01 real, 2416 MB, 1.01 load
[runlim] sample:		64308.67 time, 64300.01 real, 2416 MB, 1.01 load
[runlim] sample:		64318.53 time, 64310.01 real, 2416 MB, 1.01 load
[runlim] sample:		64328.54 time, 64320.01 real, 2416 MB, 1.01 load
[runlim] sample:		64338.55 time, 64330.01 real, 2416 MB, 1.00 load
[runlim] sample:		64348.55 time, 64340.01 real, 2599 MB, 1.00 load
[runlim] sample:		64358.56 time, 64350.01 real, 2416 MB, 1.00 load
[runlim] sample:		64368.56 time, 64360.01 real, 2496 MB, 1.00 load
[runlim] sample:		64378.57 time, 64370.01 real, 2416 MB, 1.00 load
[runlim] sample:		64388.57 time, 64380.01 real, 2422 MB, 1.00 load
[runlim] sample:		64398.59 time, 64390.01 real, 2416 MB, 1.00 load

NN₁: mnist_relu_4_1024_gemm.onnx
NN₂: mnist_relu_4_1024_0.79.onnx
Prop: mnist_8_global_4.vnnlib
[runlim] sample:		64408.58 time, 64400.01 real, 2432 MB, 1.00 load
[runlim] sample:		64418.60 time, 64410.01 real, 2432 MB, 1.00 load
[runlim] sample:		64428.60 time, 64420.01 real, 2432 MB, 1.00 load
[runlim] sample:		64438.61 time, 64430.01 real, 2432 MB, 1.07 load
[runlim] sample:		64448.61 time, 64440.01 real, 2432 MB, 1.06 load
[runlim] sample:		64458.62 time, 64450.01 real, 2432 MB, 1.21 load
[runlim] sample:		64468.63 time, 64460.01 real, 2432 MB, 1.17 load
[runlim] sample:		64478.64 time, 64470.01 real, 2432 MB, 1.15 load
[runlim] sample:		64488.65 time, 64480.01 real, 2432 MB, 1.12 load
[runlim] sample:		64498.66 time, 64490.01 real, 2432 MB, 1.10 load
[runlim] sample:		64508.66 time, 64500.01 real, 2432 MB, 1.09 load
[runlim] sample:		64518.68 time, 64510.01 real, 2432 MB, 1.07 load
[runlim] sample:		64528.68 time, 64520.01 real, 2432 MB, 1.06 load
[runlim] sample:		64538.69 time, 64530.01 real, 2432 MB, 1.05 load
[runlim] sample:		64548.70 time, 64540.01 real, 2432 MB, 1.04 load
[runlim] sample:		64558.70 time, 64550.01 real, 2432 MB, 1.04 load
[runlim] sample:		64568.72 time, 64560.01 real, 2432 MB, 1.03 load
[runlim] sample:		64578.73 time, 64570.01 real, 2432 MB, 1.02 load
[runlim] sample:		64588.73 time, 64580.01 real, 2432 MB, 1.02 load
[runlim] sample:		64598.74 time, 64590.01 real, 2432 MB, 1.02 load
[runlim] sample:		64608.75 time, 64600.01 real, 2432 MB, 1.01 load
[runlim] sample:		64618.76 time, 64610.01 real, 2432 MB, 1.01 load
[runlim] sample:		64628.77 time, 64620.01 real, 2432 MB, 1.01 load
[runlim] sample:		64638.78 time, 64630.01 real, 2432 MB, 1.01 load
[runlim] sample:		64648.79 time, 64640.01 real, 2432 MB, 1.01 load
[runlim] sample:		64658.80 time, 64650.01 real, 2432 MB, 1.00 load
[runlim] sample:		64668.80 time, 64660.01 real, 2432 MB, 1.16 load
[runlim] sample:		64678.81 time, 64670.01 real, 2432 MB, 1.14 load
[runlim] sample:		64688.82 time, 64680.01 real, 2435 MB, 1.12 load
[runlim] sample:		64698.83 time, 64690.01 real, 2435 MB, 1.10 load
[runlim] sample:		64708.83 time, 64700.01 real, 2424 MB, 1.08 load
[runlim] sample:		64718.85 time, 64710.01 real, 2430 MB, 1.15 load
[runlim] sample:		64728.85 time, 64720.01 real, 2430 MB, 1.13 load
[runlim] sample:		64738.86 time, 64730.01 real, 2416 MB, 1.11 load
[runlim] sample:		64748.88 time, 64740.01 real, 2422 MB, 1.09 load
[runlim] sample:		64758.88 time, 64750.01 real, 2416 MB, 1.15 load
[runlim] sample:		64768.89 time, 64760.01 real, 2416 MB, 1.13 load
[runlim] sample:		64778.89 time, 64770.01 real, 2454 MB, 1.11 load
[runlim] sample:		64788.91 time, 64780.01 real, 2455 MB, 1.09 load
[runlim] sample:		64798.91 time, 64790.01 real, 2455 MB, 1.08 load
[runlim] sample:		64808.92 time, 64800.01 real, 2455 MB, 1.06 load
[runlim] sample:		64818.92 time, 64810.01 real, 2460 MB, 1.05 load
[runlim] sample:		64828.93 time, 64820.01 real, 2460 MB, 1.04 load
[runlim] sample:		64838.95 time, 64830.01 real, 2454 MB, 1.04 load
[runlim] sample:		64848.95 time, 64840.01 real, 2454 MB, 1.03 load
[runlim] sample:		64858.93 time, 64850.01 real, 2455 MB, 1.03 load
[runlim] sample:		64868.94 time, 64860.01 real, 2459 MB, 1.02 load
[runlim] sample:		64878.94 time, 64870.01 real, 2448 MB, 1.02 load
[runlim] sample:		64888.96 time, 64880.01 real, 2448 MB, 1.01 load
[runlim] sample:		64898.96 time, 64890.01 real, 2467 MB, 1.01 load
[runlim] sample:		64908.97 time, 64900.01 real, 2448 MB, 1.01 load
[runlim] sample:		64918.98 time, 64910.01 real, 2448 MB, 1.01 load
[runlim] sample:		64928.98 time, 64920.01 real, 2448 MB, 1.01 load
[runlim] sample:		64938.99 time, 64930.01 real, 2448 MB, 1.00 load
[runlim] sample:		64949.00 time, 64940.01 real, 2448 MB, 1.00 load
[runlim] sample:		64959.00 time, 64950.01 real, 2448 MB, 1.16 load
[runlim] sample:		64969.02 time, 64960.01 real, 2448 MB, 1.21 load
[runlim] sample:		64979.02 time, 64970.01 real, 2448 MB, 1.17 load
[runlim] sample:		64989.03 time, 64980.01 real, 2448 MB, 1.15 load
[runlim] sample:		64999.03 time, 64990.01 real, 2448 MB, 1.12 load

NN₁: mnist_relu_4_1024_gemm.onnx
NN₂: mnist_relu_4_1024_0.79.onnx
Prop: mnist_8_global_5.vnnlib
[runlim] sample:		65009.03 time, 65000.01 real, 2416 MB, 1.10 load
[runlim] sample:		65019.04 time, 65010.01 real, 2416 MB, 1.09 load
[runlim] sample:		65029.05 time, 65020.01 real, 2416 MB, 1.07 load
[runlim] sample:		65039.05 time, 65030.01 real, 2428 MB, 1.14 load
[runlim] sample:		65049.05 time, 65040.01 real, 2416 MB, 1.12 load
[runlim] sample:		65059.06 time, 65050.01 real, 2428 MB, 1.10 load
[runlim] sample:		65069.07 time, 65060.01 real, 2428 MB, 1.08 load
[runlim] sample:		65079.09 time, 65070.01 real, 2426 MB, 1.07 load
[runlim] sample:		65089.09 time, 65080.01 real, 2426 MB, 1.06 load
[runlim] sample:		65099.10 time, 65090.01 real, 2428 MB, 1.05 load
[runlim] sample:		65109.10 time, 65100.01 real, 2430 MB, 1.04 load
[runlim] sample:		65119.12 time, 65110.01 real, 2430 MB, 1.04 load
[runlim] sample:		65129.06 time, 65120.01 real, 2434 MB, 1.03 load
[runlim] sample:		65139.07 time, 65130.01 real, 2434 MB, 1.02 load
[runlim] sample:		65149.08 time, 65140.01 real, 2416 MB, 1.10 load
[runlim] sample:		65159.09 time, 65150.01 real, 2416 MB, 1.08 load
[runlim] sample:		65169.09 time, 65160.01 real, 2427 MB, 1.07 load
[runlim] sample:		65179.10 time, 65170.01 real, 2416 MB, 1.06 load
[runlim] sample:		65189.11 time, 65180.01 real, 2416 MB, 1.05 load
[runlim] sample:		65199.12 time, 65190.01 real, 2431 MB, 1.04 load
[runlim] sample:		65209.12 time, 65200.01 real, 2416 MB, 1.04 load
[runlim] sample:		65219.13 time, 65210.01 real, 2431 MB, 1.03 load
[runlim] sample:		65229.14 time, 65220.01 real, 2416 MB, 1.02 load
[runlim] sample:		65239.14 time, 65230.01 real, 2429 MB, 1.02 load
[runlim] sample:		65249.15 time, 65240.01 real, 2487 MB, 1.02 load
[runlim] sample:		65259.16 time, 65250.01 real, 2490 MB, 1.01 load
[runlim] sample:		65269.17 time, 65260.01 real, 2480 MB, 1.01 load
[runlim] sample:		65279.17 time, 65270.01 real, 2481 MB, 1.01 load
[runlim] sample:		65289.19 time, 65280.01 real, 2487 MB, 1.01 load
[runlim] sample:		65299.19 time, 65290.01 real, 2487 MB, 1.01 load
[runlim] sample:		65309.20 time, 65300.01 real, 2487 MB, 1.00 load
[runlim] sample:		65319.21 time, 65310.01 real, 2487 MB, 1.00 load
[runlim] sample:		65329.22 time, 65320.01 real, 2483 MB, 1.00 load
[runlim] sample:		65339.22 time, 65330.01 real, 2472 MB, 1.00 load
[runlim] sample:		65349.23 time, 65340.01 real, 2491 MB, 1.00 load
[runlim] sample:		65359.24 time, 65350.01 real, 2475 MB, 1.00 load
[runlim] sample:		65369.25 time, 65360.01 real, 2504 MB, 1.00 load
[runlim] sample:		65379.26 time, 65370.01 real, 2472 MB, 1.08 load
[runlim] sample:		65389.27 time, 65380.01 real, 2472 MB, 1.15 load
[runlim] sample:		65399.28 time, 65390.01 real, 2506 MB, 1.12 load
[runlim] sample:		65409.28 time, 65400.01 real, 2472 MB, 1.10 load
[runlim] sample:		65419.29 time, 65410.01 real, 2472 MB, 1.09 load
[runlim] sample:		65429.29 time, 65420.01 real, 2472 MB, 1.07 load
[runlim] sample:		65439.30 time, 65430.01 real, 2486 MB, 1.06 load
[runlim] sample:		65449.31 time, 65440.01 real, 2472 MB, 1.05 load
[runlim] sample:		65459.32 time, 65450.01 real, 2472 MB, 1.20 load
[runlim] sample:		65469.33 time, 65460.01 real, 2472 MB, 1.17 load
[runlim] sample:		65479.33 time, 65470.01 real, 2525 MB, 1.14 load
[runlim] sample:		65489.34 time, 65480.01 real, 2472 MB, 1.12 load
[runlim] sample:		65499.35 time, 65490.01 real, 2484 MB, 1.10 load
[runlim] sample:		65509.35 time, 65500.01 real, 2484 MB, 1.08 load
[runlim] sample:		65519.37 time, 65510.01 real, 2490 MB, 1.07 load
[runlim] sample:		65529.37 time, 65520.01 real, 2484 MB, 1.06 load
[runlim] sample:		65539.37 time, 65530.01 real, 2484 MB, 1.05 load
[runlim] sample:		65549.38 time, 65540.01 real, 2484 MB, 1.04 load
[runlim] sample:		65559.40 time, 65550.01 real, 2498 MB, 1.04 load
[runlim] sample:		65569.40 time, 65560.01 real, 2484 MB, 1.11 load
[runlim] sample:		65579.40 time, 65570.01 real, 2489 MB, 1.09 load
[runlim] sample:		65589.41 time, 65580.01 real, 2484 MB, 1.08 load
[runlim] sample:		65599.42 time, 65590.01 real, 2484 MB, 1.07 load

NN₁: mnist_relu_4_1024_gemm.onnx
NN₂: mnist_relu_4_1024_0.79.onnx
Prop: mnist_9_global_4.vnnlib
[runlim] sample:		65609.42 time, 65600.01 real, 2416 MB, 1.06 load
[runlim] sample:		65619.42 time, 65610.01 real, 2416 MB, 1.05 load
[runlim] sample:		65629.42 time, 65620.01 real, 2416 MB, 1.04 load
[runlim] sample:		65639.44 time, 65630.01 real, 2416 MB, 1.03 load
[runlim] sample:		65649.44 time, 65640.01 real, 2416 MB, 1.03 load
[runlim] sample:		65659.46 time, 65650.01 real, 2416 MB, 1.02 load
[runlim] sample:		65669.46 time, 65660.01 real, 2416 MB, 1.02 load
[runlim] sample:		65679.47 time, 65670.01 real, 2416 MB, 1.02 load
[runlim] sample:		65689.48 time, 65680.01 real, 2416 MB, 1.01 load
[runlim] sample:		65699.49 time, 65690.01 real, 2416 MB, 1.01 load
[runlim] sample:		65709.49 time, 65700.01 real, 2416 MB, 1.01 load
[runlim] sample:		65719.50 time, 65710.01 real, 2416 MB, 1.01 load
[runlim] sample:		65729.51 time, 65720.01 real, 2416 MB, 1.00 load
[runlim] sample:		65739.53 time, 65730.01 real, 2416 MB, 1.00 load
[runlim] sample:		65749.53 time, 65740.01 real, 2416 MB, 1.00 load
[runlim] sample:		65759.54 time, 65750.01 real, 2416 MB, 1.00 load
[runlim] sample:		65769.54 time, 65760.01 real, 2416 MB, 1.00 load
[runlim] sample:		65779.56 time, 65770.01 real, 2416 MB, 1.00 load
[runlim] sample:		65789.56 time, 65780.01 real, 2416 MB, 1.00 load
[runlim] sample:		65799.58 time, 65790.01 real, 2416 MB, 1.00 load
[runlim] sample:		65809.58 time, 65800.01 real, 2416 MB, 1.00 load
[runlim] sample:		65819.59 time, 65810.01 real, 2416 MB, 1.00 load
[runlim] sample:		65829.60 time, 65820.01 real, 2416 MB, 1.00 load
[runlim] sample:		65839.61 time, 65830.01 real, 2416 MB, 1.00 load
[runlim] sample:		65849.61 time, 65840.01 real, 2416 MB, 1.00 load
[runlim] sample:		65859.62 time, 65850.01 real, 2426 MB, 1.00 load
[runlim] sample:		65869.64 time, 65860.01 real, 2427 MB, 1.00 load
[runlim] sample:		65879.64 time, 65870.01 real, 2430 MB, 1.00 load
[runlim] sample:		65889.65 time, 65880.01 real, 2433 MB, 1.00 load
[runlim] sample:		65899.66 time, 65890.01 real, 2438 MB, 1.00 load
[runlim] sample:		65909.66 time, 65900.01 real, 2416 MB, 1.00 load
[runlim] sample:		65919.67 time, 65910.01 real, 2416 MB, 1.00 load
[runlim] sample:		65929.67 time, 65920.01 real, 2447 MB, 1.00 load
[runlim] sample:		65939.69 time, 65930.01 real, 2416 MB, 1.00 load
[runlim] sample:		65949.69 time, 65940.01 real, 2416 MB, 1.00 load
[runlim] sample:		65959.70 time, 65950.01 real, 2469 MB, 1.15 load
[runlim] sample:		65969.71 time, 65960.01 real, 2472 MB, 1.13 load
[runlim] sample:		65979.72 time, 65970.01 real, 2472 MB, 1.11 load
[runlim] sample:		65989.73 time, 65980.01 real, 2472 MB, 1.17 load
[runlim] sample:		65999.73 time, 65990.01 real, 2472 MB, 1.15 load
[runlim] sample:		66009.74 time, 66000.01 real, 2475 MB, 1.12 load
[runlim] sample:		66019.75 time, 66010.01 real, 2475 MB, 1.10 load
[runlim] sample:		66029.77 time, 66020.01 real, 2475 MB, 1.09 load
[runlim] sample:		66039.77 time, 66030.01 real, 2466 MB, 1.15 load
[runlim] sample:		66049.77 time, 66040.01 real, 2478 MB, 1.12 load
[runlim] sample:		66059.78 time, 66050.01 real, 2470 MB, 1.10 load
[runlim] sample:		66069.79 time, 66060.01 real, 2485 MB, 1.09 load
[runlim] sample:		66079.80 time, 66070.01 real, 2494 MB, 1.07 load
[runlim] sample:		66089.81 time, 66080.01 real, 2466 MB, 1.06 load
[runlim] sample:		66099.81 time, 66090.01 real, 2481 MB, 1.05 load
[runlim] sample:		66109.82 time, 66100.01 real, 2506 MB, 1.12 load
[runlim] sample:		66119.83 time, 66110.01 real, 2466 MB, 1.10 load
[runlim] sample:		66129.84 time, 66120.01 real, 2466 MB, 1.09 load
[runlim] sample:		66139.85 time, 66130.01 real, 2466 MB, 1.29 load
[runlim] sample:		66149.85 time, 66140.01 real, 2510 MB, 1.25 load
[runlim] sample:		66159.87 time, 66150.01 real, 2520 MB, 1.21 load
[runlim] sample:		66169.87 time, 66160.01 real, 2520 MB, 1.18 load
[runlim] sample:		66179.88 time, 66170.01 real, 2520 MB, 1.15 load
[runlim] sample:		66189.89 time, 66180.01 real, 2512 MB, 1.13 load
[runlim] sample:		66199.90 time, 66190.01 real, 2510 MB, 1.11 load

NN₁: mnist_relu_4_1024_gemm.onnx
NN₂: mnist_relu_4_1024_0.79.onnx
Prop: mnist_9_global_5.vnnlib
[runlim] sample:		66209.90 time, 66200.01 real, 2416 MB, 1.09 load
[runlim] sample:		66219.90 time, 66210.01 real, 2416 MB, 1.08 load
[runlim] sample:		66229.91 time, 66220.01 real, 2416 MB, 1.06 load
[runlim] sample:		66239.92 time, 66230.01 real, 2446 MB, 1.05 load
[runlim] sample:		66249.92 time, 66240.01 real, 2416 MB, 1.04 load
[runlim] sample:		66259.93 time, 66250.01 real, 2425 MB, 1.04 load
[runlim] sample:		66269.94 time, 66260.01 real, 2428 MB, 1.03 load
[runlim] sample:		66279.95 time, 66270.01 real, 2428 MB, 1.03 load
[runlim] sample:		66289.96 time, 66280.01 real, 2416 MB, 1.02 load
[runlim] sample:		66299.96 time, 66290.01 real, 2425 MB, 1.02 load
[runlim] sample:		66309.97 time, 66300.01 real, 2422 MB, 1.01 load
[runlim] sample:		66319.98 time, 66310.01 real, 2422 MB, 1.01 load
[runlim] sample:		66329.98 time, 66320.01 real, 2422 MB, 1.01 load
[runlim] sample:		66340.00 time, 66330.01 real, 2416 MB, 1.01 load
[runlim] sample:		66350.00 time, 66340.01 real, 2416 MB, 1.01 load
[runlim] sample:		66360.00 time, 66350.01 real, 2427 MB, 1.00 load
[runlim] sample:		66370.01 time, 66360.01 real, 2416 MB, 1.00 load
[runlim] sample:		66380.02 time, 66370.01 real, 2416 MB, 1.00 load
[runlim] sample:		66390.02 time, 66380.01 real, 2416 MB, 1.00 load
[runlim] sample:		66400.03 time, 66390.01 real, 2416 MB, 1.00 load
[runlim] sample:		66410.04 time, 66400.01 real, 2495 MB, 1.00 load
[runlim] sample:		66420.05 time, 66410.01 real, 2416 MB, 1.00 load
[runlim] sample:		66430.06 time, 66420.01 real, 2416 MB, 1.00 load
[runlim] sample:		66440.06 time, 66430.01 real, 2424 MB, 1.00 load
[runlim] sample:		66450.07 time, 66440.01 real, 2429 MB, 1.00 load
[runlim] sample:		66460.07 time, 66450.01 real, 2416 MB, 1.15 load
[runlim] sample:		66470.08 time, 66460.01 real, 2416 MB, 1.13 load
[runlim] sample:		66480.09 time, 66470.01 real, 2486 MB, 1.11 load
[runlim] sample:		66490.10 time, 66480.01 real, 2416 MB, 1.09 load
[runlim] sample:		66500.10 time, 66490.01 real, 2416 MB, 1.08 load
[runlim] sample:		66510.11 time, 66500.01 real, 2432 MB, 1.06 load
[runlim] sample:		66520.12 time, 66510.01 real, 2416 MB, 1.05 load
[runlim] sample:		66530.13 time, 66520.01 real, 2416 MB, 1.05 load
[runlim] sample:		66540.13 time, 66530.01 real, 2416 MB, 1.04 load
[runlim] sample:		66550.13 time, 66540.01 real, 2416 MB, 1.03 load
[runlim] sample:		66560.15 time, 66550.01 real, 2416 MB, 1.03 load
[runlim] sample:		66570.15 time, 66560.01 real, 2498 MB, 1.02 load
[runlim] sample:		66580.16 time, 66570.01 real, 2419 MB, 1.02 load
[runlim] sample:		66590.16 time, 66580.01 real, 2416 MB, 1.02 load
[runlim] sample:		66600.17 time, 66590.01 real, 2542 MB, 1.01 load
[runlim] sample:		66610.18 time, 66600.01 real, 2416 MB, 1.01 load
[runlim] sample:		66620.18 time, 66610.01 real, 2539 MB, 1.01 load
[runlim] sample:		66630.19 time, 66620.01 real, 2550 MB, 1.01 load
[runlim] sample:		66640.20 time, 66630.01 real, 2550 MB, 1.00 load
[runlim] sample:		66650.21 time, 66640.01 real, 2547 MB, 1.00 load
[runlim] sample:		66660.21 time, 66650.01 real, 2547 MB, 1.00 load
[runlim] sample:		66670.22 time, 66660.01 real, 2553 MB, 1.00 load
[runlim] sample:		66680.23 time, 66670.01 real, 2553 MB, 1.00 load
[runlim] sample:		66690.24 time, 66680.01 real, 2536 MB, 1.00 load
[runlim] sample:		66700.25 time, 66690.01 real, 2547 MB, 1.00 load
[runlim] sample:		66710.26 time, 66700.01 real, 2553 MB, 1.00 load
[runlim] sample:		66720.26 time, 66710.01 real, 2536 MB, 1.00 load
[runlim] sample:		66730.27 time, 66720.01 real, 2552 MB, 1.00 load
[runlim] sample:		66740.28 time, 66730.01 real, 2536 MB, 1.00 load
[runlim] sample:		66750.28 time, 66740.01 real, 2547 MB, 1.00 load
[runlim] sample:		66760.30 time, 66750.01 real, 2536 MB, 1.00 load
[runlim] sample:		66770.30 time, 66760.01 real, 2536 MB, 1.00 load
[runlim] sample:		66780.31 time, 66770.01 real, 2542 MB, 1.00 load
[runlim] sample:		66790.32 time, 66780.01 real, 2536 MB, 1.00 load
[runlim] sample:		66800.33 time, 66790.01 real, 2548 MB, 1.00 load

NN₁: mnist_relu_4_1024_gemm.onnx
NN₂: mnist_relu_4_1024_0.79.onnx
Prop: mnist_10_global_4.vnnlib
[runlim] sample:		66810.32 time, 66800.01 real, 2416 MB, 1.00 load
[runlim] sample:		66820.33 time, 66810.01 real, 2416 MB, 1.00 load
[runlim] sample:		66830.33 time, 66820.01 real, 2416 MB, 1.08 load
[runlim] sample:		66840.35 time, 66830.01 real, 2416 MB, 1.07 load
[runlim] sample:		66850.35 time, 66840.01 real, 2416 MB, 1.06 load
[runlim] sample:		66860.36 time, 66850.01 real, 2416 MB, 1.05 load
[runlim] sample:		66870.37 time, 66860.01 real, 2416 MB, 1.04 load
[runlim] sample:		66880.38 time, 66870.01 real, 2416 MB, 1.03 load
[runlim] sample:		66890.39 time, 66880.01 real, 2416 MB, 1.03 load
[runlim] sample:		66900.39 time, 66890.01 real, 2416 MB, 1.02 load
[runlim] sample:		66910.40 time, 66900.01 real, 2416 MB, 1.02 load
[runlim] sample:		66920.41 time, 66910.01 real, 2416 MB, 1.02 load
[runlim] sample:		66930.42 time, 66920.01 real, 2416 MB, 1.01 load
[runlim] sample:		66940.43 time, 66930.01 real, 2416 MB, 1.01 load
[runlim] sample:		66950.43 time, 66940.01 real, 2416 MB, 1.01 load
[runlim] sample:		66960.44 time, 66950.01 real, 2416 MB, 1.16 load
[runlim] sample:		66970.46 time, 66960.01 real, 2416 MB, 1.21 load
[runlim] sample:		66980.46 time, 66970.01 real, 2416 MB, 1.18 load
[runlim] sample:		66990.47 time, 66980.01 real, 2416 MB, 1.15 load
[runlim] sample:		67000.48 time, 66990.01 real, 2416 MB, 1.13 load
[runlim] sample:		67010.48 time, 67000.01 real, 2416 MB, 1.11 load
[runlim] sample:		67020.50 time, 67010.01 real, 2416 MB, 1.09 load
[runlim] sample:		67030.50 time, 67020.01 real, 2416 MB, 1.08 load
[runlim] sample:		67040.51 time, 67030.01 real, 2416 MB, 1.06 load
[runlim] sample:		67050.52 time, 67040.01 real, 2416 MB, 1.05 load
[runlim] sample:		67060.53 time, 67050.01 real, 2416 MB, 1.04 load
[runlim] sample:		67070.54 time, 67060.01 real, 2418 MB, 1.04 load
[runlim] sample:		67080.54 time, 67070.01 real, 2423 MB, 1.03 load
[runlim] sample:		67090.55 time, 67080.01 real, 2416 MB, 1.03 load
[runlim] sample:		67100.56 time, 67090.01 real, 2441 MB, 1.02 load
[runlim] sample:		67110.57 time, 67100.01 real, 2443 MB, 1.02 load
[runlim] sample:		67120.58 time, 67110.01 real, 2443 MB, 1.01 load
[runlim] sample:		67130.59 time, 67120.01 real, 2447 MB, 1.01 load
[runlim] sample:		67140.60 time, 67130.01 real, 2447 MB, 1.01 load
[runlim] sample:		67150.61 time, 67140.01 real, 2447 MB, 1.01 load
[runlim] sample:		67160.61 time, 67150.01 real, 2447 MB, 1.01 load
[runlim] sample:		67170.62 time, 67160.01 real, 2447 MB, 1.00 load
[runlim] sample:		67180.62 time, 67170.01 real, 2450 MB, 1.00 load
[runlim] sample:		67190.64 time, 67180.01 real, 2451 MB, 1.00 load
[runlim] sample:		67200.64 time, 67190.01 real, 2451 MB, 1.00 load
[runlim] sample:		67210.65 time, 67200.01 real, 2461 MB, 1.00 load
[runlim] sample:		67220.66 time, 67210.01 real, 2462 MB, 1.00 load
[runlim] sample:		67230.67 time, 67220.01 real, 2464 MB, 1.00 load
[runlim] sample:		67240.68 time, 67230.01 real, 2470 MB, 1.00 load
[runlim] sample:		67250.68 time, 67240.01 real, 2447 MB, 1.00 load
[runlim] sample:		67260.69 time, 67250.01 real, 2459 MB, 1.00 load
[runlim] sample:		67270.70 time, 67260.01 real, 2459 MB, 1.00 load
[runlim] sample:		67280.71 time, 67270.01 real, 2447 MB, 1.00 load
[runlim] sample:		67290.58 time, 67280.01 real, 2459 MB, 1.00 load
[runlim] sample:		67300.59 time, 67290.01 real, 2495 MB, 1.00 load
[runlim] sample:		67310.60 time, 67300.01 real, 2496 MB, 1.00 load
[runlim] sample:		67320.61 time, 67310.01 real, 2501 MB, 1.00 load
[runlim] sample:		67330.61 time, 67320.01 real, 2503 MB, 1.00 load
[runlim] sample:		67340.62 time, 67330.01 real, 2485 MB, 1.00 load
[runlim] sample:		67350.63 time, 67340.01 real, 2510 MB, 1.00 load
[runlim] sample:		67360.63 time, 67350.01 real, 2512 MB, 1.00 load
[runlim] sample:		67370.64 time, 67360.01 real, 2517 MB, 1.00 load
[runlim] sample:		67380.66 time, 67370.01 real, 2517 MB, 1.00 load
[runlim] sample:		67390.67 time, 67380.01 real, 2517 MB, 1.00 load
[runlim] sample:		67400.67 time, 67390.01 real, 2511 MB, 1.00 load

NN₁: mnist_relu_4_1024_gemm.onnx
NN₂: mnist_relu_4_1024_0.79.onnx
Prop: mnist_10_global_5.vnnlib
[runlim] sample:		67410.66 time, 67400.01 real, 2416 MB, 1.00 load
[runlim] sample:		67420.66 time, 67410.01 real, 2416 MB, 1.00 load
[runlim] sample:		67430.67 time, 67420.01 real, 2416 MB, 1.00 load
[runlim] sample:		67440.68 time, 67430.01 real, 2427 MB, 1.00 load
[runlim] sample:		67450.69 time, 67440.01 real, 2424 MB, 1.00 load
[runlim] sample:		67460.69 time, 67450.01 real, 2436 MB, 1.15 load
[runlim] sample:		67470.70 time, 67460.01 real, 2424 MB, 1.13 load
[runlim] sample:		67480.71 time, 67470.01 real, 2416 MB, 1.11 load
[runlim] sample:		67490.71 time, 67480.01 real, 2416 MB, 1.09 load
[runlim] sample:		67500.72 time, 67490.01 real, 2421 MB, 1.08 load
[runlim] sample:		67510.73 time, 67500.01 real, 2429 MB, 1.06 load
[runlim] sample:		67520.74 time, 67510.01 real, 2429 MB, 1.05 load
[runlim] sample:		67530.75 time, 67520.01 real, 2431 MB, 1.05 load
[runlim] sample:		67540.75 time, 67530.01 real, 2416 MB, 1.04 load
[runlim] sample:		67550.76 time, 67540.01 real, 2419 MB, 1.03 load
[runlim] sample:		67560.63 time, 67550.01 real, 2432 MB, 1.03 load
[runlim] sample:		67570.64 time, 67560.01 real, 2416 MB, 1.02 load
[runlim] sample:		67580.65 time, 67570.01 real, 2416 MB, 1.02 load
[runlim] sample:		67590.66 time, 67580.01 real, 2427 MB, 1.02 load
[runlim] sample:		67600.67 time, 67590.01 real, 2416 MB, 1.01 load
[runlim] sample:		67610.67 time, 67600.01 real, 2444 MB, 1.01 load
[runlim] sample:		67620.68 time, 67610.01 real, 2416 MB, 1.01 load
[runlim] sample:		67630.68 time, 67620.01 real, 2419 MB, 1.01 load
[runlim] sample:		67640.69 time, 67630.01 real, 2431 MB, 1.00 load
[runlim] sample:		67650.70 time, 67640.01 real, 2421 MB, 1.00 load
[runlim] sample:		67660.70 time, 67650.01 real, 2424 MB, 1.00 load
[runlim] sample:		67670.71 time, 67660.01 real, 2419 MB, 1.00 load
[runlim] sample:		67680.72 time, 67670.01 real, 2416 MB, 1.00 load
[runlim] sample:		67690.72 time, 67680.01 real, 2515 MB, 1.00 load
[runlim] sample:		67700.73 time, 67690.01 real, 2416 MB, 1.00 load
[runlim] sample:		67710.74 time, 67700.01 real, 2431 MB, 1.00 load
[runlim] sample:		67720.74 time, 67710.01 real, 2416 MB, 1.00 load
[runlim] sample:		67730.75 time, 67720.01 real, 2416 MB, 1.00 load
[runlim] sample:		67740.76 time, 67730.01 real, 2416 MB, 1.00 load
[runlim] sample:		67750.76 time, 67740.01 real, 2416 MB, 1.00 load
[runlim] sample:		67760.77 time, 67750.01 real, 2416 MB, 1.08 load
[runlim] sample:		67770.78 time, 67760.01 real, 2517 MB, 1.14 load
[runlim] sample:		67780.78 time, 67770.01 real, 2416 MB, 1.12 load
[runlim] sample:		67790.79 time, 67780.01 real, 2416 MB, 1.10 load
[runlim] sample:		67800.79 time, 67790.01 real, 2416 MB, 1.08 load
[runlim] sample:		67810.80 time, 67800.01 real, 2416 MB, 1.07 load
[runlim] sample:		67820.80 time, 67810.01 real, 2558 MB, 1.06 load
[runlim] sample:		67830.72 time, 67820.01 real, 2416 MB, 1.05 load
[runlim] sample:		67840.72 time, 67830.01 real, 2416 MB, 1.04 load
[runlim] sample:		67850.72 time, 67840.01 real, 2416 MB, 1.04 load
[runlim] sample:		67860.74 time, 67850.01 real, 2416 MB, 1.03 load
[runlim] sample:		67870.73 time, 67860.01 real, 2426 MB, 1.02 load
[runlim] sample:		67880.75 time, 67870.01 real, 2427 MB, 1.02 load
[runlim] sample:		67890.76 time, 67880.01 real, 2430 MB, 1.02 load
[runlim] sample:		67900.76 time, 67890.01 real, 2416 MB, 1.01 load
[runlim] sample:		67910.76 time, 67900.01 real, 2416 MB, 1.01 load
[runlim] sample:		67920.78 time, 67910.01 real, 2546 MB, 1.01 load
[runlim] sample:		67930.78 time, 67920.01 real, 2424 MB, 1.01 load
[runlim] sample:		67940.78 time, 67930.01 real, 2416 MB, 1.01 load
[runlim] sample:		67950.80 time, 67940.01 real, 2416 MB, 1.00 load
[runlim] sample:		67960.80 time, 67950.01 real, 2531 MB, 1.16 load
[runlim] sample:		67970.81 time, 67960.01 real, 2522 MB, 1.13 load
[runlim] sample:		67980.81 time, 67970.01 real, 2529 MB, 1.11 load
[runlim] sample:		67990.82 time, 67980.01 real, 2516 MB, 1.10 load
[runlim] sample:		68000.83 time, 67990.01 real, 2516 MB, 1.08 load
Configuration: VeryDiff

Warmup...

NN₁: mnist_relu_2_512_gemm.onnx
NN₂: mnist_relu_2_512_0.79.onnx
Prop: mnist_0_global_3.vnnlib
[runlim] sample:		68010.82 time, 68000.01 real, 2416 MB, 1.07 load
[runlim] sample:		68020.83 time, 68010.01 real, 2416 MB, 1.06 load
[runlim] sample:		68030.85 time, 68020.01 real, 2416 MB, 1.05 load
[runlim] sample:		68040.85 time, 68030.01 real, 2416 MB, 1.04 load
[runlim] sample:		68050.86 time, 68040.01 real, 2416 MB, 1.03 load
[runlim] sample:		68060.87 time, 68050.01 real, 2416 MB, 1.03 load
[runlim] sample:		68070.88 time, 68060.01 real, 2416 MB, 1.02 load
[runlim] sample:		68080.89 time, 68070.01 real, 2416 MB, 1.02 load
[runlim] sample:		68090.90 time, 68080.01 real, 2416 MB, 1.02 load
[runlim] sample:		68100.91 time, 68090.01 real, 2416 MB, 1.01 load
[runlim] sample:		68110.93 time, 68100.01 real, 2416 MB, 1.01 load
[runlim] sample:		68120.93 time, 68110.01 real, 2416 MB, 1.01 load

Warmup End

NN₁: mnist_relu_2_512_gemm.onnx
NN₂: mnist_relu_2_512_0.79.onnx
Prop: mnist_0_global_4.vnnlib
[runlim] sample:		68130.93 time, 68120.01 real, 2416 MB, 1.01 load
[runlim] sample:		68140.94 time, 68130.01 real, 2416 MB, 1.00 load
[runlim] sample:		68150.96 time, 68140.01 real, 2416 MB, 1.00 load
[runlim] sample:		68160.97 time, 68150.01 real, 2416 MB, 1.00 load
[runlim] sample:		68170.97 time, 68160.01 real, 2416 MB, 1.00 load
[runlim] sample:		68180.99 time, 68170.01 real, 2416 MB, 1.00 load
[runlim] sample:		68190.99 time, 68180.01 real, 2416 MB, 1.00 load
[runlim] sample:		68201.00 time, 68190.01 real, 2416 MB, 1.00 load
[runlim] sample:		68211.01 time, 68200.01 real, 2416 MB, 1.00 load
[runlim] sample:		68221.02 time, 68210.01 real, 2416 MB, 1.00 load
[runlim] sample:		68231.04 time, 68220.01 real, 2416 MB, 1.00 load
[runlim] sample:		68241.04 time, 68230.01 real, 2416 MB, 1.00 load
[runlim] sample:		68251.05 time, 68240.01 real, 2416 MB, 1.00 load
[runlim] sample:		68261.06 time, 68250.01 real, 2416 MB, 1.00 load
[runlim] sample:		68271.07 time, 68260.01 real, 2416 MB, 1.00 load
[runlim] sample:		68281.09 time, 68270.01 real, 2416 MB, 1.00 load
[runlim] sample:		68291.10 time, 68280.01 real, 2416 MB, 1.00 load
[runlim] sample:		68301.10 time, 68290.01 real, 2416 MB, 1.00 load
[runlim] sample:		68311.11 time, 68300.01 real, 2416 MB, 1.00 load
[runlim] sample:		68321.12 time, 68310.01 real, 2416 MB, 1.00 load
[runlim] sample:		68331.13 time, 68320.01 real, 2416 MB, 1.00 load
[runlim] sample:		68341.15 time, 68330.01 real, 2416 MB, 1.00 load
[runlim] sample:		68351.16 time, 68340.01 real, 2416 MB, 1.00 load
[runlim] sample:		68361.16 time, 68350.01 real, 2416 MB, 1.00 load
[runlim] sample:		68371.18 time, 68360.01 real, 2416 MB, 1.00 load
[runlim] sample:		68381.18 time, 68370.01 real, 2416 MB, 1.00 load
[runlim] sample:		68391.20 time, 68380.01 real, 2416 MB, 1.00 load
[runlim] sample:		68401.21 time, 68390.01 real, 2416 MB, 1.00 load
[runlim] sample:		68411.21 time, 68400.01 real, 2416 MB, 1.00 load
[runlim] sample:		68421.22 time, 68410.01 real, 2416 MB, 1.00 load
[runlim] sample:		68431.23 time, 68420.01 real, 2416 MB, 1.00 load
[runlim] sample:		68441.24 time, 68430.01 real, 2416 MB, 1.00 load
[runlim] sample:		68451.25 time, 68440.01 real, 2416 MB, 1.00 load
[runlim] sample:		68461.26 time, 68450.01 real, 2416 MB, 1.15 load
[runlim] sample:		68471.28 time, 68460.01 real, 2416 MB, 1.20 load
[runlim] sample:		68481.28 time, 68470.01 real, 2416 MB, 1.17 load
[runlim] sample:		68491.29 time, 68480.01 real, 2416 MB, 1.15 load
[runlim] sample:		68501.30 time, 68490.01 real, 2416 MB, 1.12 load
[runlim] sample:		68511.31 time, 68500.01 real, 2416 MB, 1.10 load
[runlim] sample:		68521.33 time, 68510.01 real, 2416 MB, 1.09 load
[runlim] sample:		68531.34 time, 68520.01 real, 2416 MB, 1.07 load
[runlim] sample:		68541.35 time, 68530.01 real, 2416 MB, 1.06 load
[runlim] sample:		68551.36 time, 68540.01 real, 2416 MB, 1.05 load
[runlim] sample:		68561.37 time, 68550.01 real, 2416 MB, 1.04 load
[runlim] sample:		68571.38 time, 68560.01 real, 2416 MB, 1.04 load
[runlim] sample:		68581.39 time, 68570.01 real, 2416 MB, 1.03 load
[runlim] sample:		68591.40 time, 68580.01 real, 2416 MB, 1.02 load
[runlim] sample:		68601.40 time, 68590.01 real, 2423 MB, 1.02 load
[runlim] sample:		68611.42 time, 68600.01 real, 2423 MB, 1.02 load
[runlim] sample:		68621.42 time, 68610.01 real, 2438 MB, 1.01 load
[runlim] sample:		68631.43 time, 68620.01 real, 2419 MB, 1.01 load
[runlim] sample:		68641.45 time, 68630.01 real, 2419 MB, 1.01 load
[runlim] sample:		68651.45 time, 68640.01 real, 2419 MB, 1.01 load
[runlim] sample:		68661.46 time, 68650.01 real, 2419 MB, 1.01 load
[runlim] sample:		68671.46 time, 68660.01 real, 2419 MB, 1.00 load
[runlim] sample:		68681.46 time, 68670.01 real, 2419 MB, 1.00 load
[runlim] sample:		68691.47 time, 68680.01 real, 2419 MB, 1.00 load
[runlim] sample:		68701.46 time, 68690.01 real, 2419 MB, 1.00 load
[runlim] sample:		68711.47 time, 68700.01 real, 2419 MB, 1.00 load
[runlim] sample:		68721.47 time, 68710.01 real, 2419 MB, 1.00 load

NN₁: mnist_relu_2_512_gemm.onnx
NN₂: mnist_relu_2_512_0.79.onnx
Prop: mnist_0_global_5.vnnlib
[runlim] sample:		68731.45 time, 68720.01 real, 2419 MB, 1.00 load
[runlim] sample:		68741.45 time, 68730.01 real, 2419 MB, 1.00 load
[runlim] sample:		68751.46 time, 68740.01 real, 2419 MB, 1.00 load
[runlim] sample:		68761.46 time, 68750.01 real, 2419 MB, 1.00 load
[runlim] sample:		68771.46 time, 68760.01 real, 2419 MB, 1.00 load
[runlim] sample:		68781.47 time, 68770.01 real, 2419 MB, 1.00 load
[runlim] sample:		68791.48 time, 68780.01 real, 2419 MB, 1.00 load
[runlim] sample:		68801.48 time, 68790.01 real, 2419 MB, 1.00 load
[runlim] sample:		68811.48 time, 68800.01 real, 2419 MB, 1.08 load
[runlim] sample:		68821.49 time, 68810.01 real, 2419 MB, 1.07 load
[runlim] sample:		68831.49 time, 68820.01 real, 2419 MB, 1.06 load
[runlim] sample:		68841.49 time, 68830.01 real, 2419 MB, 1.05 load
[runlim] sample:		68851.50 time, 68840.01 real, 2419 MB, 1.04 load
[runlim] sample:		68861.50 time, 68850.01 real, 2419 MB, 1.03 load
[runlim] sample:		68871.51 time, 68860.01 real, 2419 MB, 1.03 load
[runlim] sample:		68881.51 time, 68870.01 real, 2419 MB, 1.02 load
[runlim] sample:		68891.51 time, 68880.01 real, 2419 MB, 1.02 load
[runlim] sample:		68901.52 time, 68890.01 real, 2419 MB, 1.02 load
[runlim] sample:		68911.53 time, 68900.01 real, 2419 MB, 1.01 load
[runlim] sample:		68921.53 time, 68910.01 real, 2419 MB, 1.01 load
[runlim] sample:		68931.54 time, 68920.01 real, 2419 MB, 1.01 load
[runlim] sample:		68941.54 time, 68930.01 real, 2419 MB, 1.01 load
[runlim] sample:		68951.54 time, 68940.01 real, 2419 MB, 1.00 load
[runlim] sample:		68961.55 time, 68950.01 real, 2419 MB, 1.16 load
[runlim] sample:		68971.55 time, 68960.01 real, 2419 MB, 1.13 load
[runlim] sample:		68981.56 time, 68970.01 real, 2419 MB, 1.11 load
[runlim] sample:		68991.56 time, 68980.01 real, 2419 MB, 1.10 load
[runlim] sample:		69001.57 time, 68990.01 real, 2419 MB, 1.08 load
[runlim] sample:		69011.57 time, 69000.01 real, 2419 MB, 1.07 load
[runlim] sample:		69021.58 time, 69010.01 real, 2419 MB, 1.06 load
[runlim] sample:		69031.59 time, 69020.01 real, 2419 MB, 1.05 load
[runlim] sample:		69041.58 time, 69030.01 real, 2419 MB, 1.04 load
[runlim] sample:		69051.59 time, 69040.01 real, 2419 MB, 1.03 load
[runlim] sample:		69061.59 time, 69050.01 real, 2419 MB, 1.03 load
[runlim] sample:		69071.60 time, 69060.01 real, 2419 MB, 1.02 load
[runlim] sample:		69081.60 time, 69070.01 real, 2419 MB, 1.02 load
[runlim] sample:		69091.61 time, 69080.01 real, 2419 MB, 1.02 load
[runlim] sample:		69101.62 time, 69090.01 real, 2419 MB, 1.01 load
[runlim] sample:		69111.62 time, 69100.01 real, 2419 MB, 1.01 load
[runlim] sample:		69121.62 time, 69110.01 real, 2419 MB, 1.01 load
[runlim] sample:		69131.63 time, 69120.01 real, 2419 MB, 1.01 load
[runlim] sample:		69141.63 time, 69130.01 real, 2419 MB, 1.00 load
[runlim] sample:		69151.64 time, 69140.01 real, 2419 MB, 1.00 load
[runlim] sample:		69161.64 time, 69150.01 real, 2419 MB, 1.00 load
[runlim] sample:		69171.64 time, 69160.01 real, 2419 MB, 1.00 load
[runlim] sample:		69181.65 time, 69170.01 real, 2419 MB, 1.00 load
[runlim] sample:		69191.66 time, 69180.01 real, 2419 MB, 1.00 load
[runlim] sample:		69201.68 time, 69190.01 real, 2419 MB, 1.00 load
[runlim] sample:		69211.68 time, 69200.01 real, 2419 MB, 1.00 load
[runlim] sample:		69221.69 time, 69210.01 real, 2419 MB, 1.00 load
[runlim] sample:		69231.71 time, 69220.01 real, 2419 MB, 1.00 load
[runlim] sample:		69241.72 time, 69230.01 real, 2419 MB, 1.00 load
[runlim] sample:		69251.72 time, 69240.01 real, 2419 MB, 1.00 load
[runlim] sample:		69261.73 time, 69250.01 real, 2427 MB, 1.00 load
[runlim] sample:		69271.74 time, 69260.01 real, 2435 MB, 1.00 load
[runlim] sample:		69281.75 time, 69270.01 real, 2423 MB, 1.00 load
[runlim] sample:		69291.76 time, 69280.01 real, 2423 MB, 1.00 load
[runlim] sample:		69301.78 time, 69290.01 real, 2423 MB, 1.00 load
[runlim] sample:		69311.78 time, 69300.01 real, 2423 MB, 1.00 load
[runlim] sample:		69321.79 time, 69310.01 real, 2439 MB, 1.00 load

NN₁: mnist_relu_2_512_gemm.onnx
NN₂: mnist_relu_2_512_0.79.onnx
Prop: mnist_1_global_4.vnnlib
[runlim] sample:		69331.79 time, 69320.01 real, 2423 MB, 1.00 load
[runlim] sample:		69341.80 time, 69330.01 real, 2423 MB, 1.00 load
[runlim] sample:		69351.81 time, 69340.01 real, 2423 MB, 1.00 load
[runlim] sample:		69361.82 time, 69350.01 real, 2423 MB, 1.00 load
[runlim] sample:		69371.83 time, 69360.01 real, 2423 MB, 1.00 load
[runlim] sample:		69381.84 time, 69370.01 real, 2423 MB, 1.00 load
[runlim] sample:		69391.84 time, 69380.01 real, 2423 MB, 1.00 load
[runlim] sample:		69401.86 time, 69390.01 real, 2423 MB, 1.00 load
[runlim] sample:		69411.87 time, 69400.01 real, 2423 MB, 1.00 load
[runlim] sample:		69421.88 time, 69410.01 real, 2423 MB, 1.00 load
[runlim] sample:		69431.88 time, 69420.01 real, 2423 MB, 1.00 load
[runlim] sample:		69441.90 time, 69430.01 real, 2423 MB, 1.00 load
[runlim] sample:		69451.91 time, 69440.01 real, 2423 MB, 1.00 load
[runlim] sample:		69461.91 time, 69450.01 real, 2423 MB, 1.15 load
[runlim] sample:		69471.92 time, 69460.01 real, 2423 MB, 1.20 load
[runlim] sample:		69481.94 time, 69470.01 real, 2423 MB, 1.17 load
[runlim] sample:		69491.95 time, 69480.01 real, 2423 MB, 1.15 load
[runlim] sample:		69501.96 time, 69490.01 real, 2423 MB, 1.12 load
[runlim] sample:		69511.96 time, 69500.01 real, 2423 MB, 1.10 load
[runlim] sample:		69521.98 time, 69510.01 real, 2423 MB, 1.09 load
[runlim] sample:		69531.98 time, 69520.01 real, 2423 MB, 1.07 load
[runlim] sample:		69542.00 time, 69530.01 real, 2423 MB, 1.06 load
[runlim] sample:		69552.01 time, 69540.01 real, 2423 MB, 1.05 load
[runlim] sample:		69562.01 time, 69550.01 real, 2423 MB, 1.04 load
[runlim] sample:		69572.03 time, 69560.01 real, 2423 MB, 1.04 load
[runlim] sample:		69582.03 time, 69570.01 real, 2423 MB, 1.03 load
[runlim] sample:		69592.04 time, 69580.01 real, 2423 MB, 1.02 load
[runlim] sample:		69602.05 time, 69590.01 real, 2423 MB, 1.02 load
[runlim] sample:		69612.07 time, 69600.01 real, 2423 MB, 1.02 load
[runlim] sample:		69622.08 time, 69610.01 real, 2423 MB, 1.01 load
[runlim] sample:		69632.08 time, 69620.01 real, 2423 MB, 1.01 load
[runlim] sample:		69642.09 time, 69630.01 real, 2423 MB, 1.01 load
[runlim] sample:		69652.11 time, 69640.01 real, 2423 MB, 1.01 load
[runlim] sample:		69662.11 time, 69650.01 real, 2423 MB, 1.01 load
[runlim] sample:		69672.12 time, 69660.01 real, 2423 MB, 1.00 load
[runlim] sample:		69682.14 time, 69670.01 real, 2423 MB, 1.00 load
[runlim] sample:		69692.14 time, 69680.01 real, 2423 MB, 1.00 load
[runlim] sample:		69702.15 time, 69690.01 real, 2423 MB, 1.00 load
[runlim] sample:		69712.16 time, 69700.01 real, 2423 MB, 1.00 load
[runlim] sample:		69722.18 time, 69710.01 real, 2423 MB, 1.00 load
[runlim] sample:		69732.18 time, 69720.01 real, 2423 MB, 1.00 load
[runlim] sample:		69742.19 time, 69730.01 real, 2423 MB, 1.00 load
[runlim] sample:		69752.20 time, 69740.01 real, 2423 MB, 1.00 load
[runlim] sample:		69762.21 time, 69750.01 real, 2443 MB, 1.00 load
[runlim] sample:		69772.23 time, 69760.01 real, 2443 MB, 1.00 load
[runlim] sample:		69782.24 time, 69770.01 real, 2443 MB, 1.00 load
[runlim] sample:		69792.24 time, 69780.01 real, 2480 MB, 1.00 load
[runlim] sample:		69802.26 time, 69790.01 real, 2480 MB, 1.00 load
[runlim] sample:		69812.26 time, 69800.01 real, 2480 MB, 1.00 load
[runlim] sample:		69822.27 time, 69810.01 real, 2521 MB, 1.00 load
[runlim] sample:		69832.28 time, 69820.01 real, 2521 MB, 1.00 load
[runlim] sample:		69842.29 time, 69830.01 real, 2521 MB, 1.00 load
[runlim] sample:		69852.30 time, 69840.01 real, 2561 MB, 1.00 load
[runlim] sample:		69862.31 time, 69850.01 real, 2561 MB, 1.00 load
[runlim] sample:		69872.32 time, 69860.01 real, 2561 MB, 1.00 load
[runlim] sample:		69882.33 time, 69870.01 real, 2561 MB, 1.07 load
[runlim] sample:		69892.34 time, 69880.01 real, 2617 MB, 1.06 load
[runlim] sample:		69902.35 time, 69890.01 real, 2617 MB, 1.05 load
[runlim] sample:		69912.36 time, 69900.01 real, 2617 MB, 1.04 load
[runlim] sample:		69922.37 time, 69910.01 real, 2617 MB, 1.04 load
[runlim] sample:		69932.38 time, 69920.01 real, 2612 MB, 1.03 load

NN₁: mnist_relu_2_512_gemm.onnx
NN₂: mnist_relu_2_512_0.79.onnx
Prop: mnist_1_global_5.vnnlib
[runlim] sample:		69942.37 time, 69930.01 real, 2412 MB, 1.02 load
[runlim] sample:		69952.39 time, 69940.01 real, 2412 MB, 1.02 load
[runlim] sample:		69962.40 time, 69950.01 real, 2412 MB, 1.17 load
[runlim] sample:		69972.41 time, 69960.01 real, 2412 MB, 1.22 load
[runlim] sample:		69982.42 time, 69970.01 real, 2412 MB, 1.19 load
[runlim] sample:		69992.42 time, 69980.01 real, 2412 MB, 1.16 load
[runlim] sample:		70002.44 time, 69990.01 real, 2412 MB, 1.13 load
[runlim] sample:		70012.44 time, 70000.01 real, 2412 MB, 1.11 load
[runlim] sample:		70022.46 time, 70010.01 real, 2412 MB, 1.09 load
[runlim] sample:		70032.47 time, 70020.01 real, 2412 MB, 1.08 load
[runlim] sample:		70042.48 time, 70030.01 real, 2412 MB, 1.07 load
[runlim] sample:		70052.49 time, 70040.01 real, 2412 MB, 1.06 load
[runlim] sample:		70062.49 time, 70050.01 real, 2412 MB, 1.05 load
[runlim] sample:		70072.50 time, 70060.01 real, 2412 MB, 1.04 load
[runlim] sample:		70082.51 time, 70070.01 real, 2412 MB, 1.03 load
[runlim] sample:		70092.52 time, 70080.01 real, 2412 MB, 1.03 load
[runlim] sample:		70102.54 time, 70090.01 real, 2412 MB, 1.02 load
[runlim] sample:		70112.54 time, 70100.01 real, 2412 MB, 1.02 load
[runlim] sample:		70122.55 time, 70110.01 real, 2412 MB, 1.02 load
[runlim] sample:		70132.56 time, 70120.01 real, 2412 MB, 1.01 load
[runlim] sample:		70142.58 time, 70130.01 real, 2412 MB, 1.01 load
[runlim] sample:		70152.58 time, 70140.01 real, 2412 MB, 1.01 load
[runlim] sample:		70162.60 time, 70150.01 real, 2412 MB, 1.01 load
[runlim] sample:		70172.61 time, 70160.01 real, 2412 MB, 1.00 load
[runlim] sample:		70182.62 time, 70170.01 real, 2412 MB, 1.00 load
[runlim] sample:		70192.62 time, 70180.01 real, 2412 MB, 1.00 load
[runlim] sample:		70202.63 time, 70190.01 real, 2412 MB, 1.00 load
[runlim] sample:		70212.64 time, 70200.01 real, 2412 MB, 1.00 load
[runlim] sample:		70222.66 time, 70210.01 real, 2412 MB, 1.00 load
[runlim] sample:		70232.67 time, 70220.01 real, 2412 MB, 1.00 load
[runlim] sample:		70242.68 time, 70230.01 real, 2412 MB, 1.00 load
[runlim] sample:		70252.68 time, 70240.01 real, 2412 MB, 1.00 load
[runlim] sample:		70262.70 time, 70250.01 real, 2412 MB, 1.00 load
[runlim] sample:		70272.71 time, 70260.01 real, 2412 MB, 1.00 load
[runlim] sample:		70282.72 time, 70270.01 real, 2412 MB, 1.00 load
[runlim] sample:		70292.73 time, 70280.01 real, 2412 MB, 1.00 load
[runlim] sample:		70302.74 time, 70290.01 real, 2412 MB, 1.00 load
[runlim] sample:		70312.74 time, 70300.01 real, 2412 MB, 1.00 load
[runlim] sample:		70322.76 time, 70310.01 real, 2412 MB, 1.00 load
[runlim] sample:		70332.76 time, 70320.01 real, 2412 MB, 1.00 load
[runlim] sample:		70342.77 time, 70330.01 real, 2412 MB, 1.08 load
[runlim] sample:		70352.78 time, 70340.01 real, 2412 MB, 1.07 load
[runlim] sample:		70362.79 time, 70350.01 real, 2412 MB, 1.06 load
[runlim] sample:		70372.81 time, 70360.01 real, 2413 MB, 1.05 load
[runlim] sample:		70382.82 time, 70370.01 real, 2413 MB, 1.04 load
[runlim] sample:		70392.82 time, 70380.01 real, 2437 MB, 1.03 load
[runlim] sample:		70402.83 time, 70390.01 real, 2437 MB, 1.03 load
[runlim] sample:		70412.84 time, 70400.01 real, 2450 MB, 1.02 load
[runlim] sample:		70422.86 time, 70410.01 real, 2450 MB, 1.02 load
[runlim] sample:		70432.86 time, 70420.01 real, 2450 MB, 1.10 load
[runlim] sample:		70442.87 time, 70430.01 real, 2437 MB, 1.08 load
[runlim] sample:		70452.88 time, 70440.01 real, 2437 MB, 1.07 load
[runlim] sample:		70462.89 time, 70450.01 real, 2519 MB, 1.21 load
[runlim] sample:		70472.90 time, 70460.01 real, 2519 MB, 1.25 load
[runlim] sample:		70482.91 time, 70470.01 real, 2519 MB, 1.21 load
[runlim] sample:		70492.92 time, 70480.01 real, 2518 MB, 1.18 load
[runlim] sample:		70502.93 time, 70490.01 real, 2518 MB, 1.15 load
[runlim] sample:		70512.94 time, 70500.01 real, 2518 MB, 1.13 load
[runlim] sample:		70522.95 time, 70510.01 real, 2518 MB, 1.11 load
[runlim] sample:		70532.96 time, 70520.01 real, 2525 MB, 1.09 load

NN₁: mnist_relu_2_512_gemm.onnx
NN₂: mnist_relu_2_512_0.79.onnx
Prop: mnist_2_global_4.vnnlib
[runlim] sample:		70542.95 time, 70530.01 real, 2412 MB, 1.08 load
[runlim] sample:		70552.96 time, 70540.01 real, 2412 MB, 1.06 load
[runlim] sample:		70562.97 time, 70550.01 real, 2412 MB, 1.05 load
[runlim] sample:		70572.99 time, 70560.01 real, 2412 MB, 1.05 load
[runlim] sample:		70583.00 time, 70570.01 real, 2412 MB, 1.04 load
[runlim] sample:		70593.01 time, 70580.01 real, 2412 MB, 1.03 load
[runlim] sample:		70603.01 time, 70590.01 real, 2412 MB, 1.03 load
[runlim] sample:		70613.03 time, 70600.01 real, 2412 MB, 1.02 load
[runlim] sample:		70623.03 time, 70610.01 real, 2412 MB, 1.02 load
[runlim] sample:		70633.05 time, 70620.01 real, 2412 MB, 1.02 load
[runlim] sample:		70643.05 time, 70630.01 real, 2412 MB, 1.01 load
[runlim] sample:		70653.06 time, 70640.01 real, 2412 MB, 1.01 load
[runlim] sample:		70663.07 time, 70650.01 real, 2412 MB, 1.01 load
[runlim] sample:		70673.09 time, 70660.01 real, 2412 MB, 1.01 load
[runlim] sample:		70683.09 time, 70670.01 real, 2412 MB, 1.00 load
[runlim] sample:		70693.11 time, 70680.01 real, 2412 MB, 1.00 load
[runlim] sample:		70703.11 time, 70690.01 real, 2412 MB, 1.00 load
[runlim] sample:		70713.12 time, 70700.01 real, 2412 MB, 1.00 load
[runlim] sample:		70723.13 time, 70710.01 real, 2412 MB, 1.00 load
[runlim] sample:		70733.14 time, 70720.01 real, 2412 MB, 1.00 load
[runlim] sample:		70743.16 time, 70730.01 real, 2412 MB, 1.00 load
[runlim] sample:		70753.16 time, 70740.01 real, 2412 MB, 1.00 load
[runlim] sample:		70763.17 time, 70750.01 real, 2412 MB, 1.00 load
[runlim] sample:		70773.19 time, 70760.01 real, 2412 MB, 1.00 load
[runlim] sample:		70783.19 time, 70770.01 real, 2412 MB, 1.00 load
[runlim] sample:		70793.20 time, 70780.01 real, 2412 MB, 1.00 load
[runlim] sample:		70803.21 time, 70790.01 real, 2412 MB, 1.00 load
[runlim] sample:		70813.22 time, 70800.01 real, 2412 MB, 1.00 load
[runlim] sample:		70823.23 time, 70810.01 real, 2412 MB, 1.00 load
[runlim] sample:		70833.24 time, 70820.01 real, 2412 MB, 1.00 load
[runlim] sample:		70843.26 time, 70830.01 real, 2412 MB, 1.00 load
[runlim] sample:		70853.27 time, 70840.01 real, 2412 MB, 1.00 load
[runlim] sample:		70863.28 time, 70850.01 real, 2412 MB, 1.00 load
[runlim] sample:		70873.28 time, 70860.01 real, 2412 MB, 1.00 load
[runlim] sample:		70883.30 time, 70870.01 real, 2412 MB, 1.00 load
[runlim] sample:		70893.30 time, 70880.01 real, 2412 MB, 1.00 load
[runlim] sample:		70903.32 time, 70890.01 real, 2412 MB, 1.00 load
[runlim] sample:		70913.32 time, 70900.01 real, 2412 MB, 1.00 load
[runlim] sample:		70923.33 time, 70910.01 real, 2412 MB, 1.00 load
[runlim] sample:		70933.34 time, 70920.01 real, 2412 MB, 1.00 load
[runlim] sample:		70943.35 time, 70930.01 real, 2412 MB, 1.00 load
[runlim] sample:		70953.36 time, 70940.01 real, 2412 MB, 1.00 load
[runlim] sample:		70963.37 time, 70950.01 real, 2412 MB, 1.15 load
[runlim] sample:		70973.38 time, 70960.01 real, 2412 MB, 1.20 load
[runlim] sample:		70983.40 time, 70970.01 real, 2412 MB, 1.17 load
[runlim] sample:		70993.41 time, 70980.01 real, 2412 MB, 1.22 load
[runlim] sample:		71003.41 time, 70990.01 real, 2412 MB, 1.19 load
[runlim] sample:		71013.43 time, 71000.01 real, 2412 MB, 1.16 load
[runlim] sample:		71023.43 time, 71010.01 real, 2412 MB, 1.13 load
[runlim] sample:		71033.45 time, 71020.01 real, 2412 MB, 1.11 load
[runlim] sample:		71043.46 time, 71030.01 real, 2412 MB, 1.09 load
[runlim] sample:		71053.46 time, 71040.01 real, 2412 MB, 1.08 load
[runlim] sample:		71063.48 time, 71050.01 real, 2412 MB, 1.07 load
[runlim] sample:		71073.49 time, 71060.01 real, 2412 MB, 1.06 load
[runlim] sample:		71083.50 time, 71070.01 real, 2415 MB, 1.05 load
[runlim] sample:		71093.51 time, 71080.01 real, 2416 MB, 1.04 load
[runlim] sample:		71103.52 time, 71090.01 real, 2429 MB, 1.03 load
[runlim] sample:		71113.53 time, 71100.01 real, 2420 MB, 1.03 load
[runlim] sample:		71123.54 time, 71110.01 real, 2447 MB, 1.02 load
[runlim] sample:		71133.55 time, 71120.01 real, 2462 MB, 1.02 load

NN₁: mnist_relu_2_512_gemm.onnx
NN₂: mnist_relu_2_512_0.79.onnx
Prop: mnist_3_global_5.vnnlib
[runlim] sample:		71143.55 time, 71130.01 real, 2412 MB, 1.02 load
[runlim] sample:		71153.56 time, 71140.01 real, 2412 MB, 1.01 load
[runlim] sample:		71163.57 time, 71150.01 real, 2412 MB, 1.01 load
[runlim] sample:		71173.58 time, 71160.01 real, 2412 MB, 1.01 load
[runlim] sample:		71183.59 time, 71170.01 real, 2412 MB, 1.01 load
[runlim] sample:		71193.60 time, 71180.01 real, 2412 MB, 1.00 load
[runlim] sample:		71203.61 time, 71190.01 real, 2412 MB, 1.00 load
[runlim] sample:		71213.62 time, 71200.01 real, 2412 MB, 1.00 load
[runlim] sample:		71223.63 time, 71210.01 real, 2412 MB, 1.00 load
[runlim] sample:		71233.64 time, 71220.01 real, 2412 MB, 1.00 load
[runlim] sample:		71243.65 time, 71230.01 real, 2412 MB, 1.00 load
[runlim] sample:		71253.66 time, 71240.01 real, 2412 MB, 1.00 load
[runlim] sample:		71263.67 time, 71250.01 real, 2412 MB, 1.00 load
[runlim] sample:		71273.68 time, 71260.01 real, 2412 MB, 1.00 load
[runlim] sample:		71283.69 time, 71270.01 real, 2412 MB, 1.00 load
[runlim] sample:		71293.70 time, 71280.01 real, 2412 MB, 1.00 load
[runlim] sample:		71303.71 time, 71290.01 real, 2412 MB, 1.00 load
[runlim] sample:		71313.72 time, 71300.01 real, 2412 MB, 1.00 load
[runlim] sample:		71323.73 time, 71310.01 real, 2412 MB, 1.00 load
[runlim] sample:		71333.74 time, 71320.01 real, 2412 MB, 1.00 load
[runlim] sample:		71343.75 time, 71330.01 real, 2412 MB, 1.00 load
[runlim] sample:		71353.76 time, 71340.01 real, 2412 MB, 1.00 load
[runlim] sample:		71363.78 time, 71350.01 real, 2412 MB, 1.00 load
[runlim] sample:		71373.79 time, 71360.01 real, 2412 MB, 1.00 load
[runlim] sample:		71383.80 time, 71370.01 real, 2412 MB, 1.00 load
[runlim] sample:		71393.80 time, 71380.01 real, 2412 MB, 1.00 load
[runlim] sample:		71403.81 time, 71390.01 real, 2412 MB, 1.00 load
[runlim] sample:		71413.82 time, 71400.01 real, 2412 MB, 1.00 load
[runlim] sample:		71423.83 time, 71410.01 real, 2412 MB, 1.00 load
[runlim] sample:		71433.84 time, 71420.01 real, 2412 MB, 1.00 load
[runlim] sample:		71443.85 time, 71430.01 real, 2412 MB, 1.00 load
[runlim] sample:		71453.86 time, 71440.01 real, 2412 MB, 1.00 load
[runlim] sample:		71463.88 time, 71450.01 real, 2412 MB, 1.08 load
[runlim] sample:		71473.88 time, 71460.01 real, 2412 MB, 1.22 load
[runlim] sample:		71483.90 time, 71470.01 real, 2412 MB, 1.19 load
[runlim] sample:		71493.91 time, 71480.01 real, 2412 MB, 1.16 load
[runlim] sample:		71503.91 time, 71490.01 real, 2412 MB, 1.13 load
[runlim] sample:		71513.92 time, 71500.01 real, 2412 MB, 1.11 load
[runlim] sample:		71523.93 time, 71510.01 real, 2412 MB, 1.09 load
[runlim] sample:		71533.94 time, 71520.01 real, 2412 MB, 1.08 load
[runlim] sample:		71543.95 time, 71530.01 real, 2412 MB, 1.07 load
[runlim] sample:		71553.97 time, 71540.01 real, 2412 MB, 1.06 load
[runlim] sample:		71563.98 time, 71550.01 real, 2413 MB, 1.05 load
[runlim] sample:		71573.98 time, 71560.01 real, 2430 MB, 1.04 load
[runlim] sample:		71583.99 time, 71570.01 real, 2430 MB, 1.03 load
[runlim] sample:		71594.00 time, 71580.01 real, 2447 MB, 1.03 load
[runlim] sample:		71604.01 time, 71590.01 real, 2447 MB, 1.02 load
[runlim] sample:		71614.03 time, 71600.01 real, 2441 MB, 1.02 load
[runlim] sample:		71624.04 time, 71610.01 real, 2441 MB, 1.02 load
[runlim] sample:		71634.04 time, 71620.01 real, 2441 MB, 1.01 load
[runlim] sample:		71644.05 time, 71630.01 real, 2441 MB, 1.01 load
[runlim] sample:		71654.06 time, 71640.01 real, 2441 MB, 1.01 load
[runlim] sample:		71664.07 time, 71650.01 real, 2441 MB, 1.01 load
[runlim] sample:		71674.08 time, 71660.01 real, 2441 MB, 1.00 load
[runlim] sample:		71684.09 time, 71670.01 real, 2550 MB, 1.00 load
[runlim] sample:		71694.10 time, 71680.01 real, 2550 MB, 1.00 load
[runlim] sample:		71704.11 time, 71690.01 real, 2552 MB, 1.00 load
[runlim] sample:		71714.12 time, 71700.01 real, 2552 MB, 1.00 load
[runlim] sample:		71724.12 time, 71710.01 real, 2599 MB, 1.00 load
[runlim] sample:		71734.14 time, 71720.01 real, 2599 MB, 1.00 load

NN₁: mnist_relu_2_512_gemm.onnx
NN₂: mnist_relu_2_512_0.79.onnx
Prop: mnist_4_global_4.vnnlib
[runlim] sample:		71744.13 time, 71730.01 real, 2412 MB, 1.00 load
[runlim] sample:		71754.14 time, 71740.01 real, 2412 MB, 1.00 load
[runlim] sample:		71764.16 time, 71750.01 real, 2412 MB, 1.00 load
[runlim] sample:		71774.17 time, 71760.01 real, 2412 MB, 1.00 load
[runlim] sample:		71784.18 time, 71770.01 real, 2412 MB, 1.00 load
[runlim] sample:		71794.18 time, 71780.01 real, 2412 MB, 1.00 load
[runlim] sample:		71804.19 time, 71790.01 real, 2412 MB, 1.08 load
[runlim] sample:		71814.21 time, 71800.01 real, 2412 MB, 1.07 load
[runlim] sample:		71824.21 time, 71810.01 real, 2412 MB, 1.06 load
[runlim] sample:		71834.22 time, 71820.01 real, 2412 MB, 1.05 load
[runlim] sample:		71844.23 time, 71830.01 real, 2412 MB, 1.04 load
[runlim] sample:		71854.24 time, 71840.01 real, 2412 MB, 1.03 load
[runlim] sample:		71864.25 time, 71850.01 real, 2412 MB, 1.03 load
[runlim] sample:		71874.26 time, 71860.01 real, 2412 MB, 1.02 load
[runlim] sample:		71884.27 time, 71870.01 real, 2412 MB, 1.02 load
[runlim] sample:		71894.28 time, 71880.01 real, 2412 MB, 1.02 load
[runlim] sample:		71904.29 time, 71890.01 real, 2412 MB, 1.01 load
[runlim] sample:		71914.30 time, 71900.01 real, 2412 MB, 1.01 load
[runlim] sample:		71924.31 time, 71910.01 real, 2412 MB, 1.01 load
[runlim] sample:		71934.32 time, 71920.01 real, 2412 MB, 1.01 load
[runlim] sample:		71944.34 time, 71930.01 real, 2412 MB, 1.00 load
[runlim] sample:		71954.34 time, 71940.01 real, 2412 MB, 1.00 load
[runlim] sample:		71964.35 time, 71950.01 real, 2412 MB, 1.08 load
[runlim] sample:		71974.36 time, 71960.01 real, 2412 MB, 1.23 load
[runlim] sample:		71984.37 time, 71970.01 real, 2412 MB, 1.26 load
[runlim] sample:		71994.38 time, 71980.01 real, 2412 MB, 1.22 load
[runlim] sample:		72004.39 time, 71990.01 real, 2412 MB, 1.19 load
[runlim] sample:		72014.40 time, 72000.01 real, 2412 MB, 1.16 load
[runlim] sample:		72024.41 time, 72010.01 real, 2412 MB, 1.13 load
[runlim] sample:		72034.42 time, 72020.01 real, 2412 MB, 1.19 load
[runlim] sample:		72044.43 time, 72030.01 real, 2412 MB, 1.16 load
[runlim] sample:		72054.44 time, 72040.01 real, 2412 MB, 1.14 load
[runlim] sample:		72064.45 time, 72050.01 real, 2412 MB, 1.12 load
[runlim] sample:		72074.46 time, 72060.01 real, 2412 MB, 1.10 load
[runlim] sample:		72084.47 time, 72070.01 real, 2412 MB, 1.08 load
[runlim] sample:		72094.48 time, 72080.01 real, 2412 MB, 1.07 load
[runlim] sample:		72104.49 time, 72090.01 real, 2412 MB, 1.06 load
[runlim] sample:		72114.50 time, 72100.01 real, 2412 MB, 1.05 load
[runlim] sample:		72124.51 time, 72110.01 real, 2412 MB, 1.04 load
[runlim] sample:		72134.52 time, 72120.01 real, 2412 MB, 1.03 load
[runlim] sample:		72144.53 time, 72130.01 real, 2412 MB, 1.03 load
[runlim] sample:		72154.54 time, 72140.01 real, 2412 MB, 1.02 load
[runlim] sample:		72164.55 time, 72150.01 real, 2412 MB, 1.02 load
[runlim] sample:		72174.56 time, 72160.01 real, 2412 MB, 1.02 load
[runlim] sample:		72184.57 time, 72170.01 real, 2412 MB, 1.01 load
[runlim] sample:		72194.58 time, 72180.01 real, 2412 MB, 1.01 load
[runlim] sample:		72204.59 time, 72190.01 real, 2412 MB, 1.01 load
[runlim] sample:		72214.60 time, 72200.01 real, 2427 MB, 1.01 load
[runlim] sample:		72224.61 time, 72210.01 real, 2412 MB, 1.00 load
[runlim] sample:		72234.62 time, 72220.01 real, 2412 MB, 1.00 load
[runlim] sample:		72244.63 time, 72230.01 real, 2412 MB, 1.00 load
[runlim] sample:		72254.64 time, 72240.01 real, 2474 MB, 1.00 load
[runlim] sample:		72264.65 time, 72250.01 real, 2467 MB, 1.00 load
[runlim] sample:		72274.66 time, 72260.01 real, 2467 MB, 1.00 load
[runlim] sample:		72284.67 time, 72270.01 real, 2506 MB, 1.00 load
[runlim] sample:		72294.68 time, 72280.01 real, 2494 MB, 1.00 load
[runlim] sample:		72304.69 time, 72290.01 real, 2493 MB, 1.00 load
[runlim] sample:		72314.70 time, 72300.01 real, 2493 MB, 1.00 load
[runlim] sample:		72324.70 time, 72310.01 real, 2493 MB, 1.00 load
[runlim] sample:		72334.72 time, 72320.01 real, 2493 MB, 1.00 load

NN₁: mnist_relu_2_512_gemm.onnx
NN₂: mnist_relu_2_512_0.79.onnx
Prop: mnist_4_global_5.vnnlib
[runlim] sample:		72344.72 time, 72330.01 real, 2412 MB, 1.00 load
[runlim] sample:		72354.73 time, 72340.01 real, 2412 MB, 1.00 load
[runlim] sample:		72364.74 time, 72350.01 real, 2412 MB, 1.00 load
[runlim] sample:		72374.75 time, 72360.01 real, 2412 MB, 1.00 load
[runlim] sample:		72384.76 time, 72370.01 real, 2412 MB, 1.00 load
[runlim] sample:		72394.78 time, 72380.01 real, 2412 MB, 1.00 load
[runlim] sample:		72404.78 time, 72390.01 real, 2412 MB, 1.00 load
[runlim] sample:		72414.80 time, 72400.01 real, 2412 MB, 1.00 load
[runlim] sample:		72424.81 time, 72410.01 real, 2412 MB, 1.00 load
[runlim] sample:		72434.82 time, 72420.01 real, 2412 MB, 1.00 load
[runlim] sample:		72444.83 time, 72430.01 real, 2412 MB, 1.00 load
[runlim] sample:		72454.84 time, 72440.01 real, 2412 MB, 1.00 load
[runlim] sample:		72464.85 time, 72450.01 real, 2412 MB, 1.08 load
[runlim] sample:		72474.86 time, 72460.01 real, 2412 MB, 1.22 load
[runlim] sample:		72484.87 time, 72470.01 real, 2412 MB, 1.19 load
[runlim] sample:		72494.88 time, 72480.01 real, 2412 MB, 1.16 load
[runlim] sample:		72504.89 time, 72490.01 real, 2412 MB, 1.13 load
[runlim] sample:		72514.90 time, 72500.01 real, 2412 MB, 1.11 load
[runlim] sample:		72524.91 time, 72510.01 real, 2412 MB, 1.09 load
[runlim] sample:		72534.92 time, 72520.01 real, 2412 MB, 1.08 load
[runlim] sample:		72544.93 time, 72530.01 real, 2412 MB, 1.07 load
[runlim] sample:		72554.94 time, 72540.01 real, 2412 MB, 1.06 load
[runlim] sample:		72564.95 time, 72550.01 real, 2412 MB, 1.05 load
[runlim] sample:		72574.96 time, 72560.01 real, 2412 MB, 1.04 load
[runlim] sample:		72584.96 time, 72570.01 real, 2412 MB, 1.03 load
[runlim] sample:		72594.98 time, 72580.01 real, 2412 MB, 1.03 load
[runlim] sample:		72604.99 time, 72590.01 real, 2412 MB, 1.02 load
[runlim] sample:		72615.00 time, 72600.01 real, 2412 MB, 1.02 load
[runlim] sample:		72625.01 time, 72610.01 real, 2412 MB, 1.02 load
[runlim] sample:		72635.02 time, 72620.01 real, 2412 MB, 1.01 load
[runlim] sample:		72645.03 time, 72630.01 real, 2412 MB, 1.01 load
[runlim] sample:		72655.04 time, 72640.01 real, 2412 MB, 1.01 load
[runlim] sample:		72665.05 time, 72650.01 real, 2412 MB, 1.01 load
[runlim] sample:		72675.06 time, 72660.01 real, 2412 MB, 1.00 load
[runlim] sample:		72685.07 time, 72670.01 real, 2412 MB, 1.00 load
[runlim] sample:		72695.09 time, 72680.01 real, 2412 MB, 1.00 load
[runlim] sample:		72705.10 time, 72690.01 real, 2412 MB, 1.00 load
[runlim] sample:		72715.10 time, 72700.01 real, 2412 MB, 1.00 load
[runlim] sample:		72725.12 time, 72710.01 real, 2412 MB, 1.00 load
[runlim] sample:		72735.12 time, 72720.01 real, 2412 MB, 1.00 load
[runlim] sample:		72745.14 time, 72730.01 real, 2412 MB, 1.00 load
[runlim] sample:		72755.15 time, 72740.01 real, 2412 MB, 1.00 load
[runlim] sample:		72765.16 time, 72750.01 real, 2412 MB, 1.00 load
[runlim] sample:		72775.17 time, 72760.01 real, 2412 MB, 1.00 load
[runlim] sample:		72785.17 time, 72770.01 real, 2412 MB, 1.00 load
[runlim] sample:		72795.19 time, 72780.01 real, 2412 MB, 1.08 load
[runlim] sample:		72805.20 time, 72790.01 real, 2412 MB, 1.07 load
[runlim] sample:		72815.21 time, 72800.01 real, 2412 MB, 1.06 load
[runlim] sample:		72825.21 time, 72810.01 real, 2412 MB, 1.05 load
[runlim] sample:		72835.22 time, 72820.01 real, 2412 MB, 1.04 load
[runlim] sample:		72845.24 time, 72830.01 real, 2412 MB, 1.03 load
[runlim] sample:		72855.24 time, 72840.01 real, 2421 MB, 1.03 load
[runlim] sample:		72865.26 time, 72850.01 real, 2430 MB, 1.02 load
[runlim] sample:		72875.27 time, 72860.01 real, 2412 MB, 1.02 load
[runlim] sample:		72885.27 time, 72870.01 real, 2443 MB, 1.02 load
[runlim] sample:		72895.28 time, 72880.01 real, 2458 MB, 1.01 load
[runlim] sample:		72905.29 time, 72890.01 real, 2441 MB, 1.01 load
[runlim] sample:		72915.30 time, 72900.01 real, 2441 MB, 1.01 load
[runlim] sample:		72925.32 time, 72910.01 real, 2441 MB, 1.01 load
[runlim] sample:		72935.33 time, 72920.01 real, 2441 MB, 1.00 load

NN₁: mnist_relu_2_512_gemm.onnx
NN₂: mnist_relu_2_512_0.79.onnx
Prop: mnist_5_global_4.vnnlib
[runlim] sample:		72945.33 time, 72930.01 real, 2412 MB, 1.00 load
[runlim] sample:		72955.34 time, 72940.01 real, 2412 MB, 1.00 load
[runlim] sample:		72965.35 time, 72950.01 real, 2412 MB, 1.08 load
[runlim] sample:		72975.36 time, 72960.01 real, 2412 MB, 1.22 load
[runlim] sample:		72985.37 time, 72970.01 real, 2412 MB, 1.19 load
[runlim] sample:		72995.38 time, 72980.01 real, 2412 MB, 1.16 load
[runlim] sample:		73005.38 time, 72990.01 real, 2412 MB, 1.13 load
[runlim] sample:		73015.40 time, 73000.01 real, 2412 MB, 1.11 load
[runlim] sample:		73025.41 time, 73010.01 real, 2412 MB, 1.10 load
[runlim] sample:		73035.42 time, 73020.01 real, 2412 MB, 1.08 load
[runlim] sample:		73045.43 time, 73030.01 real, 2412 MB, 1.07 load
[runlim] sample:		73055.44 time, 73040.01 real, 2412 MB, 1.06 load
[runlim] sample:		73065.44 time, 73050.01 real, 2412 MB, 1.05 load
[runlim] sample:		73075.45 time, 73060.01 real, 2412 MB, 1.04 load
[runlim] sample:		73085.47 time, 73070.01 real, 2412 MB, 1.03 load
[runlim] sample:		73095.48 time, 73080.01 real, 2412 MB, 1.03 load
[runlim] sample:		73105.49 time, 73090.01 real, 2412 MB, 1.02 load
[runlim] sample:		73115.49 time, 73100.01 real, 2412 MB, 1.02 load
[runlim] sample:		73125.50 time, 73110.01 real, 2412 MB, 1.02 load
[runlim] sample:		73135.51 time, 73120.01 real, 2412 MB, 1.01 load
[runlim] sample:		73145.53 time, 73130.01 real, 2412 MB, 1.01 load
[runlim] sample:		73155.53 time, 73140.01 real, 2412 MB, 1.01 load
[runlim] sample:		73165.54 time, 73150.01 real, 2412 MB, 1.01 load
[runlim] sample:		73175.55 time, 73160.01 real, 2412 MB, 1.00 load
[runlim] sample:		73185.57 time, 73170.01 real, 2412 MB, 1.00 load
[runlim] sample:		73195.57 time, 73180.01 real, 2412 MB, 1.00 load
[runlim] sample:		73205.58 time, 73190.01 real, 2412 MB, 1.00 load
[runlim] sample:		73215.59 time, 73200.01 real, 2412 MB, 1.00 load
[runlim] sample:		73225.60 time, 73210.01 real, 2412 MB, 1.00 load
[runlim] sample:		73235.62 time, 73220.01 real, 2412 MB, 1.00 load
[runlim] sample:		73245.63 time, 73230.01 real, 2412 MB, 1.00 load
[runlim] sample:		73255.63 time, 73240.01 real, 2412 MB, 1.00 load
[runlim] sample:		73265.65 time, 73250.01 real, 2412 MB, 1.00 load
[runlim] sample:		73275.65 time, 73260.01 real, 2412 MB, 1.00 load
[runlim] sample:		73285.67 time, 73270.01 real, 2412 MB, 1.00 load
[runlim] sample:		73295.68 time, 73280.01 real, 2412 MB, 1.00 load
[runlim] sample:		73305.69 time, 73290.01 real, 2412 MB, 1.00 load
[runlim] sample:		73315.70 time, 73300.01 real, 2412 MB, 1.00 load
[runlim] sample:		73325.71 time, 73310.01 real, 2412 MB, 1.00 load
[runlim] sample:		73335.72 time, 73320.01 real, 2412 MB, 1.00 load
[runlim] sample:		73345.73 time, 73330.01 real, 2412 MB, 1.00 load
[runlim] sample:		73355.74 time, 73340.01 real, 2412 MB, 1.00 load
[runlim] sample:		73365.75 time, 73350.01 real, 2412 MB, 1.00 load
[runlim] sample:		73375.76 time, 73360.01 real, 2412 MB, 1.00 load
[runlim] sample:		73385.77 time, 73370.01 real, 2412 MB, 1.00 load
[runlim] sample:		73395.78 time, 73380.01 real, 2412 MB, 1.00 load
[runlim] sample:		73405.79 time, 73390.01 real, 2412 MB, 1.00 load
[runlim] sample:		73415.80 time, 73400.01 real, 2412 MB, 1.00 load
[runlim] sample:		73425.81 time, 73410.01 real, 2412 MB, 1.00 load
[runlim] sample:		73435.82 time, 73420.01 real, 2412 MB, 1.00 load
[runlim] sample:		73445.84 time, 73430.01 real, 2412 MB, 1.00 load
[runlim] sample:		73455.85 time, 73440.01 real, 2422 MB, 1.00 load
[runlim] sample:		73465.86 time, 73450.01 real, 2428 MB, 1.08 load
[runlim] sample:		73475.87 time, 73460.01 real, 2417 MB, 1.14 load
[runlim] sample:		73485.88 time, 73470.01 real, 2417 MB, 1.12 load
[runlim] sample:		73495.89 time, 73480.01 real, 2417 MB, 1.10 load
[runlim] sample:		73505.90 time, 73490.01 real, 2417 MB, 1.08 load
[runlim] sample:		73515.91 time, 73500.01 real, 2417 MB, 1.07 load
[runlim] sample:		73525.91 time, 73510.01 real, 2417 MB, 1.06 load
[runlim] sample:		73535.93 time, 73520.01 real, 2417 MB, 1.05 load

NN₁: mnist_relu_2_512_gemm.onnx
NN₂: mnist_relu_2_512_0.79.onnx
Prop: mnist_5_global_5.vnnlib
[runlim] sample:		73545.93 time, 73530.01 real, 2417 MB, 1.04 load
[runlim] sample:		73555.94 time, 73540.01 real, 2417 MB, 1.04 load
[runlim] sample:		73565.95 time, 73550.01 real, 2417 MB, 1.03 load
[runlim] sample:		73575.95 time, 73560.01 real, 2417 MB, 1.02 load
[runlim] sample:		73585.97 time, 73570.01 real, 2417 MB, 1.02 load
[runlim] sample:		73595.98 time, 73580.01 real, 2417 MB, 1.02 load
[runlim] sample:		73605.98 time, 73590.01 real, 2417 MB, 1.01 load
[runlim] sample:		73616.00 time, 73600.01 real, 2417 MB, 1.01 load
[runlim] sample:		73626.01 time, 73610.01 real, 2417 MB, 1.01 load
[runlim] sample:		73636.01 time, 73620.01 real, 2417 MB, 1.01 load
[runlim] sample:		73646.03 time, 73630.01 real, 2417 MB, 1.01 load
[runlim] sample:		73656.04 time, 73640.01 real, 2417 MB, 1.00 load
[runlim] sample:		73666.05 time, 73650.01 real, 2417 MB, 1.00 load
[runlim] sample:		73676.06 time, 73660.01 real, 2417 MB, 1.00 load
[runlim] sample:		73686.07 time, 73670.01 real, 2417 MB, 1.00 load
[runlim] sample:		73696.08 time, 73680.01 real, 2417 MB, 1.00 load
[runlim] sample:		73706.09 time, 73690.01 real, 2417 MB, 1.00 load
[runlim] sample:		73716.10 time, 73700.01 real, 2417 MB, 1.00 load
[runlim] sample:		73726.10 time, 73710.01 real, 2417 MB, 1.00 load
[runlim] sample:		73736.12 time, 73720.01 real, 2417 MB, 1.00 load
[runlim] sample:		73746.13 time, 73730.01 real, 2417 MB, 1.00 load
[runlim] sample:		73756.13 time, 73740.01 real, 2417 MB, 1.08 load
[runlim] sample:		73766.15 time, 73750.01 real, 2417 MB, 1.07 load
[runlim] sample:		73776.16 time, 73760.01 real, 2417 MB, 1.06 load
[runlim] sample:		73786.17 time, 73770.01 real, 2417 MB, 1.05 load
[runlim] sample:		73796.19 time, 73780.01 real, 2417 MB, 1.04 load
[runlim] sample:		73806.20 time, 73790.01 real, 2417 MB, 1.03 load
[runlim] sample:		73816.20 time, 73800.01 real, 2417 MB, 1.03 load
[runlim] sample:		73826.21 time, 73810.01 real, 2417 MB, 1.02 load
[runlim] sample:		73836.22 time, 73820.01 real, 2417 MB, 1.02 load
[runlim] sample:		73846.23 time, 73830.01 real, 2417 MB, 1.02 load
[runlim] sample:		73856.24 time, 73840.01 real, 2417 MB, 1.01 load
[runlim] sample:		73866.26 time, 73850.01 real, 2417 MB, 1.01 load
[runlim] sample:		73876.27 time, 73860.01 real, 2417 MB, 1.01 load
[runlim] sample:		73886.28 time, 73870.01 real, 2417 MB, 1.01 load
[runlim] sample:		73896.29 time, 73880.01 real, 2417 MB, 1.00 load
[runlim] sample:		73906.30 time, 73890.01 real, 2417 MB, 1.00 load
[runlim] sample:		73916.30 time, 73900.01 real, 2417 MB, 1.00 load
[runlim] sample:		73926.32 time, 73910.01 real, 2417 MB, 1.00 load
[runlim] sample:		73936.33 time, 73920.01 real, 2417 MB, 1.00 load
[runlim] sample:		73946.34 time, 73930.01 real, 2417 MB, 1.00 load
[runlim] sample:		73956.35 time, 73940.01 real, 2417 MB, 1.00 load
[runlim] sample:		73966.36 time, 73950.01 real, 2417 MB, 1.08 load
[runlim] sample:		73976.37 time, 73960.01 real, 2417 MB, 1.14 load
[runlim] sample:		73986.38 time, 73970.01 real, 2417 MB, 1.12 load
[runlim] sample:		73996.39 time, 73980.01 real, 2417 MB, 1.10 load
[runlim] sample:		74006.40 time, 73990.01 real, 2417 MB, 1.08 load
[runlim] sample:		74016.41 time, 74000.01 real, 2417 MB, 1.07 load
[runlim] sample:		74026.42 time, 74010.01 real, 2417 MB, 1.06 load
[runlim] sample:		74036.43 time, 74020.01 real, 2417 MB, 1.05 load
[runlim] sample:		74046.45 time, 74030.01 real, 2417 MB, 1.04 load
[runlim] sample:		74056.46 time, 74040.01 real, 2417 MB, 1.04 load
[runlim] sample:		74066.46 time, 74050.01 real, 2417 MB, 1.03 load
[runlim] sample:		74076.48 time, 74060.01 real, 2417 MB, 1.02 load
[runlim] sample:		74086.48 time, 74070.01 real, 2417 MB, 1.02 load
[runlim] sample:		74096.49 time, 74080.01 real, 2419 MB, 1.02 load
[runlim] sample:		74106.50 time, 74090.01 real, 2423 MB, 1.01 load
[runlim] sample:		74116.52 time, 74100.01 real, 2432 MB, 1.01 load
[runlim] sample:		74126.52 time, 74110.01 real, 2442 MB, 1.01 load
[runlim] sample:		74136.53 time, 74120.01 real, 2450 MB, 1.01 load

NN₁: mnist_relu_2_512_gemm.onnx
NN₂: mnist_relu_2_512_0.79.onnx
Prop: mnist_6_global_4.vnnlib
[runlim] sample:		74146.54 time, 74130.01 real, 2419 MB, 1.01 load
[runlim] sample:		74156.54 time, 74140.01 real, 2419 MB, 1.00 load
[runlim] sample:		74166.55 time, 74150.01 real, 2419 MB, 1.00 load
[runlim] sample:		74176.57 time, 74160.01 real, 2419 MB, 1.00 load
[runlim] sample:		74186.57 time, 74170.01 real, 2419 MB, 1.00 load
[runlim] sample:		74196.58 time, 74180.01 real, 2419 MB, 1.00 load
[runlim] sample:		74206.59 time, 74190.01 real, 2419 MB, 1.00 load
[runlim] sample:		74216.61 time, 74200.01 real, 2419 MB, 1.00 load
[runlim] sample:		74226.62 time, 74210.01 real, 2419 MB, 1.00 load
[runlim] sample:		74236.62 time, 74220.01 real, 2419 MB, 1.00 load
[runlim] sample:		74246.64 time, 74230.01 real, 2419 MB, 1.00 load
[runlim] sample:		74256.65 time, 74240.01 real, 2419 MB, 1.00 load
[runlim] sample:		74266.66 time, 74250.01 real, 2419 MB, 1.00 load
[runlim] sample:		74276.66 time, 74260.01 real, 2419 MB, 1.00 load
[runlim] sample:		74286.68 time, 74270.01 real, 2419 MB, 1.00 load
[runlim] sample:		74296.68 time, 74280.01 real, 2419 MB, 1.00 load
[runlim] sample:		74306.70 time, 74290.01 real, 2419 MB, 1.00 load
[runlim] sample:		74316.70 time, 74300.01 real, 2419 MB, 1.00 load
[runlim] sample:		74326.72 time, 74310.01 real, 2419 MB, 1.00 load
[runlim] sample:		74336.73 time, 74320.01 real, 2419 MB, 1.00 load
[runlim] sample:		74346.74 time, 74330.01 real, 2419 MB, 1.00 load
[runlim] sample:		74356.75 time, 74340.01 real, 2419 MB, 1.00 load
[runlim] sample:		74366.76 time, 74350.01 real, 2419 MB, 1.00 load
[runlim] sample:		74376.76 time, 74360.01 real, 2419 MB, 1.00 load
[runlim] sample:		74386.78 time, 74370.01 real, 2419 MB, 1.00 load
[runlim] sample:		74396.79 time, 74380.01 real, 2419 MB, 1.00 load
[runlim] sample:		74406.80 time, 74390.01 real, 2419 MB, 1.00 load
[runlim] sample:		74416.81 time, 74400.01 real, 2419 MB, 1.00 load
[runlim] sample:		74426.82 time, 74410.01 real, 2419 MB, 1.00 load
[runlim] sample:		74436.83 time, 74420.01 real, 2419 MB, 1.00 load
[runlim] sample:		74446.84 time, 74430.01 real, 2419 MB, 1.00 load
[runlim] sample:		74456.85 time, 74440.01 real, 2419 MB, 1.00 load
[runlim] sample:		74466.85 time, 74450.01 real, 2419 MB, 1.08 load
[runlim] sample:		74476.87 time, 74460.01 real, 2419 MB, 1.14 load
[runlim] sample:		74486.88 time, 74470.01 real, 2419 MB, 1.12 load
[runlim] sample:		74496.89 time, 74480.01 real, 2419 MB, 1.10 load
[runlim] sample:		74506.90 time, 74490.01 real, 2419 MB, 1.08 load
[runlim] sample:		74516.91 time, 74500.01 real, 2419 MB, 1.07 load
[runlim] sample:		74526.92 time, 74510.01 real, 2419 MB, 1.06 load
[runlim] sample:		74536.94 time, 74520.01 real, 2419 MB, 1.05 load
[runlim] sample:		74546.94 time, 74530.01 real, 2419 MB, 1.04 load
[runlim] sample:		74556.95 time, 74540.01 real, 2419 MB, 1.04 load
[runlim] sample:		74566.97 time, 74550.01 real, 2419 MB, 1.03 load
[runlim] sample:		74576.98 time, 74560.01 real, 2419 MB, 1.02 load
[runlim] sample:		74586.99 time, 74570.01 real, 2419 MB, 1.02 load
[runlim] sample:		74597.00 time, 74580.01 real, 2424 MB, 1.02 load
[runlim] sample:		74607.01 time, 74590.01 real, 2424 MB, 1.01 load
[runlim] sample:		74617.02 time, 74600.01 real, 2423 MB, 1.01 load
[runlim] sample:		74627.02 time, 74610.01 real, 2412 MB, 1.01 load
[runlim] sample:		74637.03 time, 74620.01 real, 2480 MB, 1.01 load
[runlim] sample:		74647.05 time, 74630.01 real, 2412 MB, 1.01 load
[runlim] sample:		74657.05 time, 74640.01 real, 2412 MB, 1.00 load
[runlim] sample:		74667.06 time, 74650.01 real, 2412 MB, 1.00 load
[runlim] sample:		74677.07 time, 74660.01 real, 2412 MB, 1.00 load
[runlim] sample:		74687.09 time, 74670.01 real, 2412 MB, 1.00 load
[runlim] sample:		74697.10 time, 74680.01 real, 2412 MB, 1.00 load
[runlim] sample:		74707.10 time, 74690.01 real, 2412 MB, 1.00 load
[runlim] sample:		74717.10 time, 74700.01 real, 2412 MB, 1.00 load
[runlim] sample:		74727.11 time, 74710.01 real, 2412 MB, 1.00 load
[runlim] sample:		74737.12 time, 74720.01 real, 2412 MB, 1.00 load

NN₁: mnist_relu_2_512_gemm.onnx
NN₂: mnist_relu_2_512_0.79.onnx
Prop: mnist_6_global_5.vnnlib
[runlim] sample:		74747.13 time, 74730.01 real, 2412 MB, 1.00 load
[runlim] sample:		74757.13 time, 74740.01 real, 2412 MB, 1.00 load
[runlim] sample:		74767.15 time, 74750.01 real, 2412 MB, 1.00 load
[runlim] sample:		74777.16 time, 74760.01 real, 2412 MB, 1.00 load
[runlim] sample:		74787.17 time, 74770.01 real, 2412 MB, 1.00 load
[runlim] sample:		74797.18 time, 74780.01 real, 2412 MB, 1.00 load
[runlim] sample:		74807.19 time, 74790.01 real, 2412 MB, 1.00 load
[runlim] sample:		74817.19 time, 74800.01 real, 2412 MB, 1.00 load
[runlim] sample:		74827.21 time, 74810.01 real, 2412 MB, 1.00 load
[runlim] sample:		74837.21 time, 74820.01 real, 2412 MB, 1.00 load
[runlim] sample:		74847.23 time, 74830.01 real, 2412 MB, 1.00 load
[runlim] sample:		74857.23 time, 74840.01 real, 2412 MB, 1.00 load
[runlim] sample:		74867.25 time, 74850.01 real, 2412 MB, 1.00 load
[runlim] sample:		74877.26 time, 74860.01 real, 2412 MB, 1.00 load
[runlim] sample:		74887.27 time, 74870.01 real, 2412 MB, 1.00 load
[runlim] sample:		74897.28 time, 74880.01 real, 2412 MB, 1.00 load
[runlim] sample:		74907.29 time, 74890.01 real, 2412 MB, 1.00 load
[runlim] sample:		74917.30 time, 74900.01 real, 2412 MB, 1.00 load
[runlim] sample:		74927.30 time, 74910.01 real, 2412 MB, 1.00 load
[runlim] sample:		74937.31 time, 74920.01 real, 2412 MB, 1.00 load
[runlim] sample:		74947.33 time, 74930.01 real, 2412 MB, 1.00 load
[runlim] sample:		74957.34 time, 74940.01 real, 2412 MB, 1.00 load
[runlim] sample:		74967.35 time, 74950.01 real, 2412 MB, 1.08 load
[runlim] sample:		74977.36 time, 74960.01 real, 2412 MB, 1.14 load
[runlim] sample:		74987.36 time, 74970.01 real, 2412 MB, 1.12 load
[runlim] sample:		74997.37 time, 74980.01 real, 2412 MB, 1.10 load
[runlim] sample:		75007.39 time, 74990.01 real, 2412 MB, 1.16 load
[runlim] sample:		75017.40 time, 75000.01 real, 2412 MB, 1.14 load
[runlim] sample:		75027.40 time, 75010.01 real, 2412 MB, 1.12 load
[runlim] sample:		75037.41 time, 75020.01 real, 2412 MB, 1.10 load
[runlim] sample:		75047.42 time, 75030.01 real, 2412 MB, 1.08 load
[runlim] sample:		75057.44 time, 75040.01 real, 2412 MB, 1.07 load
[runlim] sample:		75067.44 time, 75050.01 real, 2412 MB, 1.06 load
[runlim] sample:		75077.45 time, 75060.01 real, 2412 MB, 1.05 load
[runlim] sample:		75087.47 time, 75070.01 real, 2412 MB, 1.04 load
[runlim] sample:		75097.48 time, 75080.01 real, 2412 MB, 1.03 load
[runlim] sample:		75107.49 time, 75090.01 real, 2412 MB, 1.03 load
[runlim] sample:		75117.49 time, 75100.01 real, 2412 MB, 1.02 load
[runlim] sample:		75127.51 time, 75110.01 real, 2412 MB, 1.02 load
[runlim] sample:		75137.52 time, 75120.01 real, 2412 MB, 1.02 load
[runlim] sample:		75147.53 time, 75130.01 real, 2412 MB, 1.01 load
[runlim] sample:		75157.54 time, 75140.01 real, 2412 MB, 1.08 load
[runlim] sample:		75167.55 time, 75150.01 real, 2412 MB, 1.07 load
[runlim] sample:		75177.56 time, 75160.01 real, 2412 MB, 1.06 load
[runlim] sample:		75187.57 time, 75170.01 real, 2412 MB, 1.05 load
[runlim] sample:		75197.58 time, 75180.01 real, 2412 MB, 1.04 load
[runlim] sample:		75207.59 time, 75190.01 real, 2412 MB, 1.04 load
[runlim] sample:		75217.60 time, 75200.01 real, 2412 MB, 1.03 load
[runlim] sample:		75227.61 time, 75210.01 real, 2412 MB, 1.02 load
[runlim] sample:		75237.62 time, 75220.01 real, 2412 MB, 1.02 load
[runlim] sample:		75247.63 time, 75230.01 real, 2413 MB, 1.02 load
[runlim] sample:		75257.65 time, 75240.01 real, 2419 MB, 1.01 load
[runlim] sample:		75267.66 time, 75250.01 real, 2435 MB, 1.01 load
[runlim] sample:		75277.66 time, 75260.01 real, 2442 MB, 1.01 load
[runlim] sample:		75287.67 time, 75270.01 real, 2449 MB, 1.01 load
[runlim] sample:		75297.68 time, 75280.01 real, 2463 MB, 1.01 load
[runlim] sample:		75307.70 time, 75290.01 real, 2473 MB, 1.00 load
[runlim] sample:		75317.70 time, 75300.01 real, 2485 MB, 1.00 load
[runlim] sample:		75327.72 time, 75310.01 real, 2492 MB, 1.00 load
[runlim] sample:		75337.72 time, 75320.01 real, 2480 MB, 1.00 load

NN₁: mnist_relu_2_512_gemm.onnx
NN₂: mnist_relu_2_512_0.79.onnx
Prop: mnist_7_global_4.vnnlib
[runlim] sample:		75347.73 time, 75330.01 real, 2417 MB, 1.00 load
[runlim] sample:		75357.73 time, 75340.01 real, 2417 MB, 1.00 load
[runlim] sample:		75367.75 time, 75350.01 real, 2417 MB, 1.00 load
[runlim] sample:		75377.76 time, 75360.01 real, 2417 MB, 1.08 load
[runlim] sample:		75387.77 time, 75370.01 real, 2417 MB, 1.07 load
[runlim] sample:		75397.78 time, 75380.01 real, 2417 MB, 1.06 load
[runlim] sample:		75407.79 time, 75390.01 real, 2417 MB, 1.05 load
[runlim] sample:		75417.80 time, 75400.01 real, 2417 MB, 1.04 load
[runlim] sample:		75427.81 time, 75410.01 real, 2417 MB, 1.03 load
[runlim] sample:		75437.82 time, 75420.01 real, 2417 MB, 1.03 load
[runlim] sample:		75447.83 time, 75430.01 real, 2417 MB, 1.02 load
[runlim] sample:		75457.84 time, 75440.01 real, 2417 MB, 1.02 load
[runlim] sample:		75467.85 time, 75450.01 real, 2417 MB, 1.10 load
[runlim] sample:		75477.86 time, 75460.01 real, 2417 MB, 1.15 load
[runlim] sample:		75487.86 time, 75470.01 real, 2417 MB, 1.13 load
[runlim] sample:		75497.88 time, 75480.01 real, 2417 MB, 1.11 load
[runlim] sample:		75507.89 time, 75490.01 real, 2417 MB, 1.09 load
[runlim] sample:		75517.90 time, 75500.01 real, 2417 MB, 1.08 load
[runlim] sample:		75527.91 time, 75510.01 real, 2417 MB, 1.07 load
[runlim] sample:		75537.92 time, 75520.01 real, 2417 MB, 1.06 load
[runlim] sample:		75547.93 time, 75530.01 real, 2417 MB, 1.05 load
[runlim] sample:		75557.94 time, 75540.01 real, 2417 MB, 1.04 load
[runlim] sample:		75567.95 time, 75550.01 real, 2417 MB, 1.03 load
[runlim] sample:		75577.96 time, 75560.01 real, 2417 MB, 1.03 load
[runlim] sample:		75587.97 time, 75570.01 real, 2417 MB, 1.02 load
[runlim] sample:		75597.98 time, 75580.01 real, 2417 MB, 1.02 load
[runlim] sample:		75607.99 time, 75590.01 real, 2417 MB, 1.02 load
[runlim] sample:		75618.00 time, 75600.01 real, 2417 MB, 1.01 load
[runlim] sample:		75628.01 time, 75610.01 real, 2417 MB, 1.01 load
[runlim] sample:		75638.02 time, 75620.01 real, 2417 MB, 1.01 load
[runlim] sample:		75648.03 time, 75630.01 real, 2417 MB, 1.01 load
[runlim] sample:		75658.04 time, 75640.01 real, 2417 MB, 1.00 load
[runlim] sample:		75668.05 time, 75650.01 real, 2417 MB, 1.00 load
[runlim] sample:		75678.07 time, 75660.01 real, 2417 MB, 1.00 load
[runlim] sample:		75688.08 time, 75670.01 real, 2417 MB, 1.00 load
[runlim] sample:		75698.08 time, 75680.01 real, 2417 MB, 1.00 load
[runlim] sample:		75708.09 time, 75690.01 real, 2417 MB, 1.00 load
[runlim] sample:		75718.10 time, 75700.01 real, 2417 MB, 1.00 load
[runlim] sample:		75728.11 time, 75710.01 real, 2417 MB, 1.00 load
[runlim] sample:		75738.13 time, 75720.01 real, 2417 MB, 1.00 load
[runlim] sample:		75748.13 time, 75730.01 real, 2417 MB, 1.00 load
[runlim] sample:		75758.14 time, 75740.01 real, 2417 MB, 1.00 load
[runlim] sample:		75768.15 time, 75750.01 real, 2417 MB, 1.00 load
[runlim] sample:		75778.17 time, 75760.01 real, 2417 MB, 1.00 load
[runlim] sample:		75788.18 time, 75770.01 real, 2417 MB, 1.00 load
[runlim] sample:		75798.19 time, 75780.01 real, 2417 MB, 1.00 load
[runlim] sample:		75808.20 time, 75790.01 real, 2417 MB, 1.00 load
[runlim] sample:		75818.21 time, 75800.01 real, 2417 MB, 1.00 load
[runlim] sample:		75828.22 time, 75810.01 real, 2412 MB, 1.00 load
[runlim] sample:		75838.24 time, 75820.01 real, 2412 MB, 1.00 load
[runlim] sample:		75848.24 time, 75830.01 real, 2412 MB, 1.00 load
[runlim] sample:		75858.25 time, 75840.01 real, 2462 MB, 1.00 load
[runlim] sample:		75868.26 time, 75850.01 real, 2476 MB, 1.00 load
[runlim] sample:		75878.27 time, 75860.01 real, 2476 MB, 1.00 load
[runlim] sample:		75888.28 time, 75870.01 real, 2460 MB, 1.00 load
[runlim] sample:		75898.29 time, 75880.01 real, 2507 MB, 1.00 load
[runlim] sample:		75908.30 time, 75890.01 real, 2523 MB, 1.00 load
[runlim] sample:		75918.31 time, 75900.01 real, 2523 MB, 1.00 load
[runlim] sample:		75928.32 time, 75910.01 real, 2504 MB, 1.00 load
[runlim] sample:		75938.34 time, 75920.01 real, 2504 MB, 1.00 load

NN₁: mnist_relu_2_512_gemm.onnx
NN₂: mnist_relu_2_512_0.79.onnx
Prop: mnist_7_global_5.vnnlib
[runlim] sample:		75948.34 time, 75930.01 real, 2412 MB, 1.00 load
[runlim] sample:		75958.35 time, 75940.01 real, 2412 MB, 1.00 load
[runlim] sample:		75968.35 time, 75950.01 real, 2412 MB, 1.15 load
[runlim] sample:		75978.36 time, 75960.01 real, 2412 MB, 1.20 load
[runlim] sample:		75988.36 time, 75970.01 real, 2412 MB, 1.17 load
[runlim] sample:		75998.36 time, 75980.01 real, 2412 MB, 1.15 load
[runlim] sample:		76008.37 time, 75990.01 real, 2412 MB, 1.12 load
[runlim] sample:		76018.37 time, 76000.01 real, 2412 MB, 1.10 load
[runlim] sample:		76028.38 time, 76010.01 real, 2412 MB, 1.09 load
[runlim] sample:		76038.38 time, 76020.01 real, 2412 MB, 1.07 load
[runlim] sample:		76048.39 time, 76030.01 real, 2412 MB, 1.06 load
[runlim] sample:		76058.39 time, 76040.01 real, 2412 MB, 1.05 load
[runlim] sample:		76068.40 time, 76050.01 real, 2412 MB, 1.04 load
[runlim] sample:		76078.40 time, 76060.01 real, 2412 MB, 1.04 load
[runlim] sample:		76088.41 time, 76070.01 real, 2412 MB, 1.03 load
[runlim] sample:		76098.41 time, 76080.01 real, 2412 MB, 1.02 load
[runlim] sample:		76108.42 time, 76090.01 real, 2412 MB, 1.02 load
[runlim] sample:		76118.42 time, 76100.01 real, 2412 MB, 1.02 load
[runlim] sample:		76128.43 time, 76110.01 real, 2412 MB, 1.01 load
[runlim] sample:		76138.44 time, 76120.01 real, 2412 MB, 1.01 load
[runlim] sample:		76148.44 time, 76130.01 real, 2412 MB, 1.01 load
[runlim] sample:		76158.44 time, 76140.01 real, 2412 MB, 1.01 load
[runlim] sample:		76168.45 time, 76150.01 real, 2412 MB, 1.01 load
[runlim] sample:		76178.45 time, 76160.01 real, 2412 MB, 1.00 load
[runlim] sample:		76188.46 time, 76170.01 real, 2412 MB, 1.00 load
[runlim] sample:		76198.47 time, 76180.01 real, 2412 MB, 1.00 load
[runlim] sample:		76208.47 time, 76190.01 real, 2412 MB, 1.00 load
[runlim] sample:		76218.48 time, 76200.01 real, 2412 MB, 1.00 load
[runlim] sample:		76228.49 time, 76210.01 real, 2412 MB, 1.00 load
[runlim] sample:		76238.50 time, 76220.01 real, 2412 MB, 1.00 load
[runlim] sample:		76248.51 time, 76230.01 real, 2412 MB, 1.00 load
[runlim] sample:		76258.52 time, 76240.01 real, 2412 MB, 1.00 load
[runlim] sample:		76268.54 time, 76250.01 real, 2412 MB, 1.00 load
[runlim] sample:		76278.55 time, 76260.01 real, 2412 MB, 1.00 load
[runlim] sample:		76288.55 time, 76270.01 real, 2412 MB, 1.00 load
[runlim] sample:		76298.57 time, 76280.01 real, 2412 MB, 1.00 load
[runlim] sample:		76308.57 time, 76290.01 real, 2412 MB, 1.00 load
[runlim] sample:		76318.59 time, 76300.01 real, 2412 MB, 1.00 load
[runlim] sample:		76328.60 time, 76310.01 real, 2412 MB, 1.00 load
[runlim] sample:		76338.61 time, 76320.01 real, 2412 MB, 1.00 load
[runlim] sample:		76348.62 time, 76330.01 real, 2412 MB, 1.00 load
[runlim] sample:		76358.63 time, 76340.01 real, 2412 MB, 1.00 load
[runlim] sample:		76368.64 time, 76350.01 real, 2412 MB, 1.00 load
[runlim] sample:		76378.65 time, 76360.01 real, 2412 MB, 1.00 load
[runlim] sample:		76388.66 time, 76370.01 real, 2412 MB, 1.00 load
[runlim] sample:		76398.67 time, 76380.01 real, 2412 MB, 1.00 load
[runlim] sample:		76408.68 time, 76390.01 real, 2412 MB, 1.00 load
[runlim] sample:		76418.68 time, 76400.01 real, 2412 MB, 1.00 load
[runlim] sample:		76428.70 time, 76410.01 real, 2412 MB, 1.00 load
[runlim] sample:		76438.71 time, 76420.01 real, 2412 MB, 1.00 load
[runlim] sample:		76448.72 time, 76430.01 real, 2412 MB, 1.00 load
[runlim] sample:		76458.73 time, 76440.01 real, 2420 MB, 1.00 load
[runlim] sample:		76468.74 time, 76450.01 real, 2431 MB, 1.08 load
[runlim] sample:		76478.75 time, 76460.01 real, 2436 MB, 1.22 load
[runlim] sample:		76488.76 time, 76470.01 real, 2418 MB, 1.19 load
[runlim] sample:		76498.78 time, 76480.01 real, 2458 MB, 1.16 load
[runlim] sample:		76508.78 time, 76490.01 real, 2471 MB, 1.13 load
[runlim] sample:		76518.79 time, 76500.01 real, 2418 MB, 1.11 load
[runlim] sample:		76528.80 time, 76510.01 real, 2482 MB, 1.09 load
[runlim] sample:		76538.82 time, 76520.01 real, 2493 MB, 1.08 load

NN₁: mnist_relu_2_512_gemm.onnx
NN₂: mnist_relu_2_512_0.79.onnx
Prop: mnist_8_global_4.vnnlib
[runlim] sample:		76548.81 time, 76530.01 real, 2418 MB, 1.07 load
[runlim] sample:		76558.82 time, 76540.01 real, 2418 MB, 1.06 load
[runlim] sample:		76568.83 time, 76550.01 real, 2418 MB, 1.05 load
[runlim] sample:		76578.84 time, 76560.01 real, 2418 MB, 1.04 load
[runlim] sample:		76588.85 time, 76570.01 real, 2418 MB, 1.03 load
[runlim] sample:		76598.86 time, 76580.01 real, 2418 MB, 1.03 load
[runlim] sample:		76608.87 time, 76590.01 real, 2418 MB, 1.02 load
[runlim] sample:		76618.88 time, 76600.01 real, 2418 MB, 1.02 load
[runlim] sample:		76628.89 time, 76610.01 real, 2418 MB, 1.02 load
[runlim] sample:		76638.91 time, 76620.01 real, 2418 MB, 1.01 load
[runlim] sample:		76648.91 time, 76630.01 real, 2418 MB, 1.08 load
[runlim] sample:		76658.92 time, 76640.01 real, 2418 MB, 1.15 load
[runlim] sample:		76668.93 time, 76650.01 real, 2418 MB, 1.12 load
[runlim] sample:		76678.94 time, 76660.01 real, 2418 MB, 1.10 load
[runlim] sample:		76688.96 time, 76670.01 real, 2418 MB, 1.09 load
[runlim] sample:		76698.96 time, 76680.01 real, 2418 MB, 1.07 load
[runlim] sample:		76708.97 time, 76690.01 real, 2418 MB, 1.06 load
[runlim] sample:		76718.98 time, 76700.01 real, 2418 MB, 1.05 load
[runlim] sample:		76728.99 time, 76710.01 real, 2418 MB, 1.04 load
[runlim] sample:		76739.01 time, 76720.01 real, 2418 MB, 1.04 load
[runlim] sample:		76749.02 time, 76730.01 real, 2418 MB, 1.03 load
[runlim] sample:		76759.03 time, 76740.01 real, 2418 MB, 1.02 load
[runlim] sample:		76769.04 time, 76750.01 real, 2418 MB, 1.02 load
[runlim] sample:		76779.05 time, 76760.01 real, 2418 MB, 1.02 load
[runlim] sample:		76789.05 time, 76770.01 real, 2418 MB, 1.01 load
[runlim] sample:		76799.06 time, 76780.01 real, 2418 MB, 1.01 load
[runlim] sample:		76809.08 time, 76790.01 real, 2418 MB, 1.01 load
[runlim] sample:		76819.09 time, 76800.01 real, 2418 MB, 1.01 load
[runlim] sample:		76829.09 time, 76810.01 real, 2418 MB, 1.01 load
[runlim] sample:		76839.11 time, 76820.01 real, 2418 MB, 1.00 load
[runlim] sample:		76849.12 time, 76830.01 real, 2418 MB, 1.00 load
[runlim] sample:		76859.12 time, 76840.01 real, 2418 MB, 1.00 load
[runlim] sample:		76869.14 time, 76850.01 real, 2418 MB, 1.00 load
[runlim] sample:		76879.15 time, 76860.01 real, 2418 MB, 1.00 load
[runlim] sample:		76889.16 time, 76870.01 real, 2418 MB, 1.00 load
[runlim] sample:		76899.16 time, 76880.01 real, 2418 MB, 1.00 load
[runlim] sample:		76909.17 time, 76890.01 real, 2418 MB, 1.00 load
[runlim] sample:		76919.18 time, 76900.01 real, 2418 MB, 1.00 load
[runlim] sample:		76929.19 time, 76910.01 real, 2418 MB, 1.00 load
[runlim] sample:		76939.21 time, 76920.01 real, 2418 MB, 1.00 load
[runlim] sample:		76949.22 time, 76930.01 real, 2418 MB, 1.00 load
[runlim] sample:		76959.23 time, 76940.01 real, 2418 MB, 1.00 load
[runlim] sample:		76969.24 time, 76950.01 real, 2418 MB, 1.08 load
[runlim] sample:		76979.25 time, 76960.01 real, 2418 MB, 1.14 load
[runlim] sample:		76989.26 time, 76970.01 real, 2426 MB, 1.12 load
[runlim] sample:		76999.27 time, 76980.01 real, 2447 MB, 1.10 load
[runlim] sample:		77009.28 time, 76990.01 real, 2447 MB, 1.08 load
[runlim] sample:		77019.30 time, 77000.01 real, 2467 MB, 1.07 load
[runlim] sample:		77029.31 time, 77010.01 real, 2467 MB, 1.06 load
[runlim] sample:		77039.32 time, 77020.01 real, 2470 MB, 1.05 load
[runlim] sample:		77049.33 time, 77030.01 real, 2505 MB, 1.04 load
[runlim] sample:		77059.33 time, 77040.01 real, 2505 MB, 1.04 load
[runlim] sample:		77069.34 time, 77050.01 real, 2505 MB, 1.03 load
[runlim] sample:		77079.36 time, 77060.01 real, 2503 MB, 1.02 load
[runlim] sample:		77089.36 time, 77070.01 real, 2503 MB, 1.02 load
[runlim] sample:		77099.37 time, 77080.01 real, 2563 MB, 1.02 load
[runlim] sample:		77109.39 time, 77090.01 real, 2563 MB, 1.01 load
[runlim] sample:		77119.39 time, 77100.01 real, 2563 MB, 1.01 load
[runlim] sample:		77129.40 time, 77110.01 real, 2574 MB, 1.01 load
[runlim] sample:		77139.41 time, 77120.01 real, 2574 MB, 1.01 load

NN₁: mnist_relu_2_512_gemm.onnx
NN₂: mnist_relu_2_512_0.79.onnx
Prop: mnist_8_global_5.vnnlib
[runlim] sample:		77149.42 time, 77130.01 real, 2412 MB, 1.01 load
[runlim] sample:		77159.43 time, 77140.01 real, 2412 MB, 1.00 load
[runlim] sample:		77169.43 time, 77150.01 real, 2412 MB, 1.00 load
[runlim] sample:		77179.45 time, 77160.01 real, 2412 MB, 1.00 load
[runlim] sample:		77189.46 time, 77170.01 real, 2412 MB, 1.00 load
[runlim] sample:		77199.47 time, 77180.01 real, 2412 MB, 1.00 load
[runlim] sample:		77209.48 time, 77190.01 real, 2412 MB, 1.00 load
[runlim] sample:		77219.49 time, 77200.01 real, 2412 MB, 1.00 load
[runlim] sample:		77229.50 time, 77210.01 real, 2412 MB, 1.00 load
[runlim] sample:		77239.50 time, 77220.01 real, 2412 MB, 1.00 load
[runlim] sample:		77249.51 time, 77230.01 real, 2412 MB, 1.00 load
[runlim] sample:		77259.53 time, 77240.01 real, 2412 MB, 1.00 load
[runlim] sample:		77269.54 time, 77250.01 real, 2412 MB, 1.00 load
[runlim] sample:		77279.54 time, 77260.01 real, 2412 MB, 1.00 load
[runlim] sample:		77289.56 time, 77270.01 real, 2412 MB, 1.00 load
[runlim] sample:		77299.57 time, 77280.01 real, 2412 MB, 1.00 load
[runlim] sample:		77309.58 time, 77290.01 real, 2412 MB, 1.00 load
[runlim] sample:		77319.59 time, 77300.01 real, 2412 MB, 1.00 load
[runlim] sample:		77329.60 time, 77310.01 real, 2412 MB, 1.00 load
[runlim] sample:		77339.61 time, 77320.01 real, 2412 MB, 1.00 load
[runlim] sample:		77349.61 time, 77330.01 real, 2412 MB, 1.00 load
[runlim] sample:		77359.63 time, 77340.01 real, 2412 MB, 1.00 load
[runlim] sample:		77369.64 time, 77350.01 real, 2412 MB, 1.00 load
[runlim] sample:		77379.64 time, 77360.01 real, 2412 MB, 1.07 load
[runlim] sample:		77389.66 time, 77370.01 real, 2412 MB, 1.06 load
[runlim] sample:		77399.66 time, 77380.01 real, 2412 MB, 1.05 load
[runlim] sample:		77409.68 time, 77390.01 real, 2412 MB, 1.04 load
[runlim] sample:		77419.69 time, 77400.01 real, 2412 MB, 1.04 load
[runlim] sample:		77429.70 time, 77410.01 real, 2412 MB, 1.03 load
[runlim] sample:		77439.71 time, 77420.01 real, 2412 MB, 1.02 load
[runlim] sample:		77449.72 time, 77430.01 real, 2412 MB, 1.02 load
[runlim] sample:		77459.73 time, 77440.01 real, 2412 MB, 1.02 load
[runlim] sample:		77469.74 time, 77450.01 real, 2412 MB, 1.09 load
[runlim] sample:		77479.75 time, 77460.01 real, 2412 MB, 1.15 load
[runlim] sample:		77489.76 time, 77470.01 real, 2412 MB, 1.13 load
[runlim] sample:		77499.77 time, 77480.01 real, 2412 MB, 1.11 load
[runlim] sample:		77509.78 time, 77490.01 real, 2412 MB, 1.09 load
[runlim] sample:		77519.79 time, 77500.01 real, 2412 MB, 1.08 load
[runlim] sample:		77529.80 time, 77510.01 real, 2412 MB, 1.06 load
[runlim] sample:		77539.82 time, 77520.01 real, 2412 MB, 1.05 load
[runlim] sample:		77549.82 time, 77530.01 real, 2412 MB, 1.05 load
[runlim] sample:		77559.84 time, 77540.01 real, 2412 MB, 1.04 load
[runlim] sample:		77569.85 time, 77550.01 real, 2412 MB, 1.03 load
[runlim] sample:		77579.86 time, 77560.01 real, 2412 MB, 1.03 load
[runlim] sample:		77589.87 time, 77570.01 real, 2412 MB, 1.02 load
[runlim] sample:		77599.88 time, 77580.01 real, 2412 MB, 1.02 load
[runlim] sample:		77609.90 time, 77590.01 real, 2412 MB, 1.02 load
[runlim] sample:		77619.91 time, 77600.01 real, 2429 MB, 1.01 load
[runlim] sample:		77629.92 time, 77610.01 real, 2412 MB, 1.01 load
[runlim] sample:		77639.93 time, 77620.01 real, 2412 MB, 1.01 load
[runlim] sample:		77649.94 time, 77630.01 real, 2462 MB, 1.01 load
[runlim] sample:		77659.94 time, 77640.01 real, 2447 MB, 1.00 load
[runlim] sample:		77669.95 time, 77650.01 real, 2447 MB, 1.00 load
[runlim] sample:		77679.97 time, 77660.01 real, 2447 MB, 1.00 load
[runlim] sample:		77689.97 time, 77670.01 real, 2447 MB, 1.00 load
[runlim] sample:		77699.98 time, 77680.01 real, 2447 MB, 1.00 load
[runlim] sample:		77709.99 time, 77690.01 real, 2447 MB, 1.00 load
[runlim] sample:		77720.00 time, 77700.01 real, 2518 MB, 1.00 load
[runlim] sample:		77730.01 time, 77710.01 real, 2447 MB, 1.00 load
[runlim] sample:		77740.03 time, 77720.01 real, 2447 MB, 1.00 load

NN₁: mnist_relu_2_512_gemm.onnx
NN₂: mnist_relu_2_512_0.79.onnx
Prop: mnist_9_global_4.vnnlib
[runlim] sample:		77750.02 time, 77730.01 real, 2412 MB, 1.00 load
[runlim] sample:		77760.03 time, 77740.01 real, 2412 MB, 1.00 load
[runlim] sample:		77770.03 time, 77750.01 real, 2412 MB, 1.00 load
[runlim] sample:		77780.05 time, 77760.01 real, 2412 MB, 1.00 load
[runlim] sample:		77790.06 time, 77770.01 real, 2412 MB, 1.00 load
[runlim] sample:		77800.06 time, 77780.01 real, 2412 MB, 1.00 load
[runlim] sample:		77810.08 time, 77790.01 real, 2412 MB, 1.00 load
[runlim] sample:		77820.08 time, 77800.01 real, 2412 MB, 1.00 load
[runlim] sample:		77830.10 time, 77810.01 real, 2412 MB, 1.00 load
[runlim] sample:		77840.11 time, 77820.01 real, 2412 MB, 1.00 load
[runlim] sample:		77850.12 time, 77830.01 real, 2412 MB, 1.00 load
[runlim] sample:		77860.13 time, 77840.01 real, 2412 MB, 1.00 load
[runlim] sample:		77870.15 time, 77850.01 real, 2412 MB, 1.00 load
[runlim] sample:		77880.15 time, 77860.01 real, 2412 MB, 1.00 load
[runlim] sample:		77890.16 time, 77870.01 real, 2412 MB, 1.00 load
[runlim] sample:		77900.17 time, 77880.01 real, 2412 MB, 1.00 load
[runlim] sample:		77910.18 time, 77890.01 real, 2412 MB, 1.00 load
[runlim] sample:		77920.19 time, 77900.01 real, 2412 MB, 1.00 load
[runlim] sample:		77930.20 time, 77910.01 real, 2412 MB, 1.00 load
[runlim] sample:		77940.21 time, 77920.01 real, 2412 MB, 1.00 load
[runlim] sample:		77950.22 time, 77930.01 real, 2412 MB, 1.00 load
[runlim] sample:		77960.23 time, 77940.01 real, 2412 MB, 1.00 load
[runlim] sample:		77970.24 time, 77950.01 real, 2412 MB, 1.08 load
[runlim] sample:		77980.25 time, 77960.01 real, 2412 MB, 1.14 load
[runlim] sample:		77990.26 time, 77970.01 real, 2412 MB, 1.12 load
[runlim] sample:		78000.27 time, 77980.01 real, 2412 MB, 1.10 load
[runlim] sample:		78010.28 time, 77990.01 real, 2412 MB, 1.08 load
[runlim] sample:		78020.29 time, 78000.01 real, 2412 MB, 1.07 load
[runlim] sample:		78030.30 time, 78010.01 real, 2412 MB, 1.06 load
[runlim] sample:		78040.31 time, 78020.01 real, 2412 MB, 1.05 load
[runlim] sample:		78050.31 time, 78030.01 real, 2412 MB, 1.04 load
[runlim] sample:		78060.33 time, 78040.01 real, 2412 MB, 1.04 load
[runlim] sample:		78070.33 time, 78050.01 real, 2412 MB, 1.03 load
[runlim] sample:		78080.35 time, 78060.01 real, 2412 MB, 1.02 load
[runlim] sample:		78090.36 time, 78070.01 real, 2412 MB, 1.02 load
[runlim] sample:		78100.38 time, 78080.01 real, 2412 MB, 1.02 load
[runlim] sample:		78110.38 time, 78090.01 real, 2412 MB, 1.01 load
[runlim] sample:		78120.40 time, 78100.01 real, 2412 MB, 1.01 load
[runlim] sample:		78130.41 time, 78110.01 real, 2412 MB, 1.01 load
[runlim] sample:		78140.41 time, 78120.01 real, 2412 MB, 1.01 load
[runlim] sample:		78150.42 time, 78130.01 real, 2412 MB, 1.01 load
[runlim] sample:		78160.44 time, 78140.01 real, 2412 MB, 1.00 load
[runlim] sample:		78170.45 time, 78150.01 real, 2412 MB, 1.00 load
[runlim] sample:		78180.46 time, 78160.01 real, 2412 MB, 1.00 load
[runlim] sample:		78190.47 time, 78170.01 real, 2420 MB, 1.00 load
[runlim] sample:		78200.48 time, 78180.01 real, 2420 MB, 1.00 load
[runlim] sample:		78210.49 time, 78190.01 real, 2416 MB, 1.00 load
[runlim] sample:		78220.50 time, 78200.01 real, 2416 MB, 1.00 load
[runlim] sample:		78230.51 time, 78210.01 real, 2458 MB, 1.00 load
[runlim] sample:		78240.52 time, 78220.01 real, 2455 MB, 1.00 load
[runlim] sample:		78250.53 time, 78230.01 real, 2455 MB, 1.00 load
[runlim] sample:		78260.54 time, 78240.01 real, 2503 MB, 1.00 load
[runlim] sample:		78270.55 time, 78250.01 real, 2503 MB, 1.00 load
[runlim] sample:		78280.56 time, 78260.01 real, 2490 MB, 1.00 load
[runlim] sample:		78290.57 time, 78270.01 real, 2490 MB, 1.00 load
[runlim] sample:		78300.58 time, 78280.01 real, 2542 MB, 1.00 load
[runlim] sample:		78310.59 time, 78290.01 real, 2542 MB, 1.00 load
[runlim] sample:		78320.60 time, 78300.01 real, 2564 MB, 1.00 load
[runlim] sample:		78330.61 time, 78310.01 real, 2564 MB, 1.00 load
[runlim] sample:		78340.62 time, 78320.01 real, 2562 MB, 1.00 load

NN₁: mnist_relu_2_512_gemm.onnx
NN₂: mnist_relu_2_512_0.79.onnx
Prop: mnist_9_global_5.vnnlib
[runlim] sample:		78350.63 time, 78330.01 real, 2412 MB, 1.00 load
[runlim] sample:		78360.63 time, 78340.01 real, 2412 MB, 1.00 load
[runlim] sample:		78370.64 time, 78350.01 real, 2412 MB, 1.00 load
[runlim] sample:		78380.66 time, 78360.01 real, 2412 MB, 1.00 load
[runlim] sample:		78390.67 time, 78370.01 real, 2412 MB, 1.00 load
[runlim] sample:		78400.68 time, 78380.01 real, 2412 MB, 1.00 load
[runlim] sample:		78410.69 time, 78390.01 real, 2412 MB, 1.00 load
[runlim] sample:		78420.70 time, 78400.01 real, 2412 MB, 1.00 load
[runlim] sample:		78430.71 time, 78410.01 real, 2412 MB, 1.00 load
[runlim] sample:		78440.72 time, 78420.01 real, 2412 MB, 1.00 load
[runlim] sample:		78450.73 time, 78430.01 real, 2412 MB, 1.00 load
[runlim] sample:		78460.74 time, 78440.01 real, 2412 MB, 1.00 load
[runlim] sample:		78470.74 time, 78450.01 real, 2412 MB, 1.08 load
[runlim] sample:		78480.76 time, 78460.01 real, 2412 MB, 1.22 load
[runlim] sample:		78490.77 time, 78470.01 real, 2412 MB, 1.19 load
[runlim] sample:		78500.78 time, 78480.01 real, 2412 MB, 1.23 load
[runlim] sample:		78510.79 time, 78490.01 real, 2412 MB, 1.20 load
[runlim] sample:		78520.80 time, 78500.01 real, 2412 MB, 1.17 load
[runlim] sample:		78530.81 time, 78510.01 real, 2412 MB, 1.14 load
[runlim] sample:		78540.82 time, 78520.01 real, 2412 MB, 1.12 load
[runlim] sample:		78550.83 time, 78530.01 real, 2412 MB, 1.10 load
[runlim] sample:		78560.84 time, 78540.01 real, 2412 MB, 1.08 load
[runlim] sample:		78570.85 time, 78550.01 real, 2412 MB, 1.07 load
[runlim] sample:		78580.86 time, 78560.01 real, 2412 MB, 1.06 load
[runlim] sample:		78590.87 time, 78570.01 real, 2412 MB, 1.05 load
[runlim] sample:		78600.88 time, 78580.01 real, 2412 MB, 1.04 load
[runlim] sample:		78610.89 time, 78590.01 real, 2412 MB, 1.03 load
[runlim] sample:		78620.90 time, 78600.01 real, 2412 MB, 1.03 load
[runlim] sample:		78630.91 time, 78610.01 real, 2412 MB, 1.02 load
[runlim] sample:		78640.92 time, 78620.01 real, 2412 MB, 1.02 load
[runlim] sample:		78650.94 time, 78630.01 real, 2412 MB, 1.02 load
[runlim] sample:		78660.95 time, 78640.01 real, 2412 MB, 1.09 load
[runlim] sample:		78670.95 time, 78650.01 real, 2412 MB, 1.07 load
[runlim] sample:		78680.96 time, 78660.01 real, 2412 MB, 1.06 load
[runlim] sample:		78690.97 time, 78670.01 real, 2412 MB, 1.05 load
[runlim] sample:		78700.98 time, 78680.01 real, 2412 MB, 1.04 load
[runlim] sample:		78711.00 time, 78690.01 real, 2412 MB, 1.11 load
[runlim] sample:		78721.00 time, 78700.01 real, 2412 MB, 1.09 load
[runlim] sample:		78731.01 time, 78710.01 real, 2412 MB, 1.08 load
[runlim] sample:		78741.03 time, 78720.01 real, 2412 MB, 1.07 load
[runlim] sample:		78751.03 time, 78730.01 real, 2412 MB, 1.06 load
[runlim] sample:		78761.05 time, 78740.01 real, 2412 MB, 1.05 load
[runlim] sample:		78771.05 time, 78750.01 real, 2412 MB, 1.11 load
[runlim] sample:		78781.07 time, 78760.01 real, 2412 MB, 1.09 load
[runlim] sample:		78791.07 time, 78770.01 real, 2412 MB, 1.08 load
[runlim] sample:		78801.09 time, 78780.01 real, 2412 MB, 1.07 load
[runlim] sample:		78811.09 time, 78790.01 real, 2412 MB, 1.06 load
[runlim] sample:		78821.10 time, 78800.01 real, 2412 MB, 1.05 load
[runlim] sample:		78831.12 time, 78810.01 real, 2412 MB, 1.04 load
[runlim] sample:		78841.12 time, 78820.01 real, 2422 MB, 1.03 load
[runlim] sample:		78851.13 time, 78830.01 real, 2422 MB, 1.03 load
[runlim] sample:		78861.14 time, 78840.01 real, 2422 MB, 1.02 load
[runlim] sample:		78871.15 time, 78850.01 real, 2422 MB, 1.02 load
[runlim] sample:		78881.16 time, 78860.01 real, 2471 MB, 1.02 load
[runlim] sample:		78891.17 time, 78870.01 real, 2471 MB, 1.01 load
[runlim] sample:		78901.18 time, 78880.01 real, 2471 MB, 1.01 load
[runlim] sample:		78911.19 time, 78890.01 real, 2471 MB, 1.01 load
[runlim] sample:		78921.21 time, 78900.01 real, 2471 MB, 1.01 load
[runlim] sample:		78931.22 time, 78910.01 real, 2471 MB, 1.00 load
[runlim] sample:		78941.23 time, 78920.01 real, 2471 MB, 1.00 load

NN₁: mnist_relu_2_512_gemm.onnx
NN₂: mnist_relu_2_512_0.79.onnx
Prop: mnist_10_global_4.vnnlib
[runlim] sample:		78951.21 time, 78930.01 real, 2419 MB, 1.00 load
[runlim] sample:		78961.22 time, 78940.01 real, 2419 MB, 1.00 load
[runlim] sample:		78971.23 time, 78950.01 real, 2419 MB, 1.08 load
[runlim] sample:		78981.23 time, 78960.01 real, 2419 MB, 1.22 load
[runlim] sample:		78991.24 time, 78970.01 real, 2419 MB, 1.19 load
[runlim] sample:		79001.24 time, 78980.01 real, 2419 MB, 1.24 load
[runlim] sample:		79011.25 time, 78990.01 real, 2419 MB, 1.20 load
[runlim] sample:		79021.25 time, 79000.01 real, 2419 MB, 1.17 load
[runlim] sample:		79031.26 time, 79010.01 real, 2419 MB, 1.14 load
[runlim] sample:		79041.26 time, 79020.01 real, 2419 MB, 1.12 load
[runlim] sample:		79051.27 time, 79030.01 real, 2419 MB, 1.10 load
[runlim] sample:		79061.27 time, 79040.01 real, 2419 MB, 1.09 load
[runlim] sample:		79071.28 time, 79050.01 real, 2419 MB, 1.07 load
[runlim] sample:		79081.28 time, 79060.01 real, 2419 MB, 1.06 load
[runlim] sample:		79091.29 time, 79070.01 real, 2419 MB, 1.05 load
[runlim] sample:		79101.29 time, 79080.01 real, 2419 MB, 1.04 load
[runlim] sample:		79111.29 time, 79090.01 real, 2419 MB, 1.04 load
[runlim] sample:		79121.30 time, 79100.01 real, 2419 MB, 1.03 load
[runlim] sample:		79131.31 time, 79110.01 real, 2419 MB, 1.02 load
[runlim] sample:		79141.30 time, 79120.01 real, 2419 MB, 1.02 load
[runlim] sample:		79151.31 time, 79130.01 real, 2419 MB, 1.02 load
[runlim] sample:		79161.32 time, 79140.01 real, 2419 MB, 1.01 load
[runlim] sample:		79171.33 time, 79150.01 real, 2419 MB, 1.01 load
[runlim] sample:		79181.33 time, 79160.01 real, 2419 MB, 1.01 load
[runlim] sample:		79191.34 time, 79170.01 real, 2419 MB, 1.01 load
[runlim] sample:		79201.34 time, 79180.01 real, 2419 MB, 1.01 load
[runlim] sample:		79211.35 time, 79190.01 real, 2419 MB, 1.00 load
[runlim] sample:		79221.35 time, 79200.01 real, 2419 MB, 1.00 load
[runlim] sample:		79231.35 time, 79210.01 real, 2419 MB, 1.00 load
[runlim] sample:		79241.36 time, 79220.01 real, 2419 MB, 1.00 load
[runlim] sample:		79251.36 time, 79230.01 real, 2419 MB, 1.00 load
[runlim] sample:		79261.37 time, 79240.01 real, 2419 MB, 1.00 load
[runlim] sample:		79271.37 time, 79250.01 real, 2419 MB, 1.00 load
[runlim] sample:		79281.38 time, 79260.01 real, 2419 MB, 1.00 load
[runlim] sample:		79291.38 time, 79270.01 real, 2419 MB, 1.00 load
[runlim] sample:		79301.39 time, 79280.01 real, 2419 MB, 1.00 load
[runlim] sample:		79311.40 time, 79290.01 real, 2419 MB, 1.00 load
[runlim] sample:		79321.40 time, 79300.01 real, 2419 MB, 1.00 load
[runlim] sample:		79331.41 time, 79310.01 real, 2419 MB, 1.00 load
[runlim] sample:		79341.40 time, 79320.01 real, 2419 MB, 1.00 load
[runlim] sample:		79351.41 time, 79330.01 real, 2419 MB, 1.00 load
[runlim] sample:		79361.41 time, 79340.01 real, 2419 MB, 1.00 load
[runlim] sample:		79371.42 time, 79350.01 real, 2419 MB, 1.00 load
[runlim] sample:		79381.43 time, 79360.01 real, 2424 MB, 1.00 load
[runlim] sample:		79391.43 time, 79370.01 real, 2424 MB, 1.00 load
[runlim] sample:		79401.43 time, 79380.01 real, 2424 MB, 1.00 load
[runlim] sample:		79411.44 time, 79390.01 real, 2416 MB, 1.00 load
[runlim] sample:		79421.44 time, 79400.01 real, 2416 MB, 1.00 load
[runlim] sample:		79431.44 time, 79410.01 real, 2429 MB, 1.00 load
[runlim] sample:		79441.46 time, 79420.01 real, 2429 MB, 1.00 load
[runlim] sample:		79451.45 time, 79430.01 real, 2429 MB, 1.00 load
[runlim] sample:		79461.46 time, 79440.01 real, 2412 MB, 1.00 load
[runlim] sample:		79471.46 time, 79450.01 real, 2412 MB, 1.08 load
[runlim] sample:		79481.46 time, 79460.01 real, 2412 MB, 1.22 load
[runlim] sample:		79491.47 time, 79470.01 real, 2412 MB, 1.19 load
[runlim] sample:		79501.48 time, 79480.01 real, 2412 MB, 1.16 load
[runlim] sample:		79511.48 time, 79490.01 real, 2412 MB, 1.13 load
[runlim] sample:		79521.49 time, 79500.01 real, 2421 MB, 1.11 load
[runlim] sample:		79531.49 time, 79510.01 real, 2421 MB, 1.09 load
[runlim] sample:		79541.49 time, 79520.01 real, 2421 MB, 1.08 load

NN₁: mnist_relu_2_512_gemm.onnx
NN₂: mnist_relu_2_512_0.79.onnx
Prop: mnist_10_global_5.vnnlib
[runlim] sample:		79551.48 time, 79530.01 real, 2412 MB, 1.07 load
[runlim] sample:		79561.48 time, 79540.01 real, 2412 MB, 1.06 load
[runlim] sample:		79571.49 time, 79550.01 real, 2412 MB, 1.05 load
[runlim] sample:		79581.49 time, 79560.01 real, 2412 MB, 1.04 load
[runlim] sample:		79591.50 time, 79570.01 real, 2412 MB, 1.03 load
[runlim] sample:		79601.50 time, 79580.01 real, 2412 MB, 1.03 load
[runlim] sample:		79611.51 time, 79590.01 real, 2412 MB, 1.02 load
[runlim] sample:		79621.51 time, 79600.01 real, 2412 MB, 1.02 load
[runlim] sample:		79631.51 time, 79610.01 real, 2412 MB, 1.02 load
[runlim] sample:		79641.52 time, 79620.01 real, 2412 MB, 1.01 load
[runlim] sample:		79651.52 time, 79630.01 real, 2412 MB, 1.01 load
[runlim] sample:		79661.53 time, 79640.01 real, 2412 MB, 1.01 load
[runlim] sample:		79671.53 time, 79650.01 real, 2412 MB, 1.01 load
[runlim] sample:		79681.54 time, 79660.01 real, 2412 MB, 1.00 load
[runlim] sample:		79691.54 time, 79670.01 real, 2412 MB, 1.00 load
[runlim] sample:		79701.55 time, 79680.01 real, 2412 MB, 1.00 load
[runlim] sample:		79711.55 time, 79690.01 real, 2412 MB, 1.00 load
[runlim] sample:		79721.56 time, 79700.01 real, 2412 MB, 1.00 load
[runlim] sample:		79731.57 time, 79710.01 real, 2412 MB, 1.00 load
[runlim] sample:		79741.56 time, 79720.01 real, 2412 MB, 1.00 load
[runlim] sample:		79751.57 time, 79730.01 real, 2412 MB, 1.00 load
[runlim] sample:		79761.57 time, 79740.01 real, 2412 MB, 1.00 load
[runlim] sample:		79771.58 time, 79750.01 real, 2412 MB, 1.00 load
[runlim] sample:		79781.59 time, 79760.01 real, 2412 MB, 1.00 load
[runlim] sample:		79791.59 time, 79770.01 real, 2412 MB, 1.00 load
[runlim] sample:		79801.59 time, 79780.01 real, 2412 MB, 1.00 load
[runlim] sample:		79811.60 time, 79790.01 real, 2412 MB, 1.00 load
[runlim] sample:		79821.60 time, 79800.01 real, 2412 MB, 1.00 load
[runlim] sample:		79831.61 time, 79810.01 real, 2412 MB, 1.00 load
[runlim] sample:		79841.61 time, 79820.01 real, 2412 MB, 1.00 load
[runlim] sample:		79851.61 time, 79830.01 real, 2412 MB, 1.00 load
[runlim] sample:		79861.62 time, 79840.01 real, 2412 MB, 1.00 load
[runlim] sample:		79871.62 time, 79850.01 real, 2412 MB, 1.00 load
[runlim] sample:		79881.63 time, 79860.01 real, 2412 MB, 1.00 load
[runlim] sample:		79891.63 time, 79870.01 real, 2412 MB, 1.00 load
[runlim] sample:		79901.63 time, 79880.01 real, 2412 MB, 1.00 load
[runlim] sample:		79911.64 time, 79890.01 real, 2412 MB, 1.00 load
[runlim] sample:		79921.64 time, 79900.01 real, 2412 MB, 1.00 load
[runlim] sample:		79931.64 time, 79910.01 real, 2412 MB, 1.00 load
[runlim] sample:		79941.65 time, 79920.01 real, 2412 MB, 1.00 load
[runlim] sample:		79951.66 time, 79930.01 real, 2412 MB, 1.00 load
[runlim] sample:		79961.66 time, 79940.01 real, 2412 MB, 1.00 load
[runlim] sample:		79971.66 time, 79950.01 real, 2412 MB, 1.08 load
[runlim] sample:		79981.66 time, 79960.01 real, 2412 MB, 1.22 load
[runlim] sample:		79991.67 time, 79970.01 real, 2416 MB, 1.19 load
[runlim] sample:		80001.68 time, 79980.01 real, 2416 MB, 1.16 load
[runlim] sample:		80011.68 time, 79990.01 real, 2412 MB, 1.13 load
[runlim] sample:		80021.68 time, 80000.01 real, 2429 MB, 1.11 load
[runlim] sample:		80031.69 time, 80010.01 real, 2429 MB, 1.09 load
[runlim] sample:		80041.69 time, 80020.01 real, 2427 MB, 1.08 load
[runlim] sample:		80051.70 time, 80030.01 real, 2419 MB, 1.07 load
[runlim] sample:		80061.70 time, 80040.01 real, 2419 MB, 1.06 load
[runlim] sample:		80071.70 time, 80050.01 real, 2412 MB, 1.05 load
[runlim] sample:		80081.70 time, 80060.01 real, 2412 MB, 1.04 load
[runlim] sample:		80091.71 time, 80070.01 real, 2412 MB, 1.11 load
[runlim] sample:		80101.71 time, 80080.01 real, 2412 MB, 1.10 load
[runlim] sample:		80111.71 time, 80090.01 real, 2412 MB, 1.08 load
[runlim] sample:		80121.71 time, 80100.01 real, 2412 MB, 1.07 load
[runlim] sample:		80131.72 time, 80110.01 real, 2412 MB, 1.06 load
[runlim] sample:		80141.72 time, 80120.01 real, 2412 MB, 1.05 load

NN₁: mnist_relu_3_100_gemm.onnx
NN₂: mnist_relu_3_100_0.49.onnx
Prop: mnist_0_global_4.vnnlib
[runlim] sample:		80151.72 time, 80130.01 real, 2412 MB, 1.04 load
[runlim] sample:		80161.72 time, 80140.01 real, 2412 MB, 1.03 load
[runlim] sample:		80171.72 time, 80150.01 real, 2412 MB, 1.03 load
[runlim] sample:		80181.73 time, 80160.01 real, 2412 MB, 1.02 load
[runlim] sample:		80191.74 time, 80170.01 real, 2412 MB, 1.02 load
[runlim] sample:		80201.74 time, 80180.01 real, 2412 MB, 1.02 load
[runlim] sample:		80211.74 time, 80190.01 real, 2420 MB, 1.01 load
[runlim] sample:		80221.75 time, 80200.01 real, 2429 MB, 1.01 load
[runlim] sample:		80231.75 time, 80210.01 real, 2439 MB, 1.01 load
[runlim] sample:		80241.75 time, 80220.01 real, 2447 MB, 1.01 load
[runlim] sample:		80251.76 time, 80230.01 real, 2457 MB, 1.00 load
[runlim] sample:		80261.77 time, 80240.01 real, 2466 MB, 1.00 load
[runlim] sample:		80271.78 time, 80250.01 real, 2475 MB, 1.00 load
[runlim] sample:		80281.79 time, 80260.01 real, 2485 MB, 1.00 load
[runlim] sample:		80291.80 time, 80270.01 real, 2494 MB, 1.00 load
[runlim] sample:		80301.81 time, 80280.01 real, 2503 MB, 1.00 load
[runlim] sample:		80311.82 time, 80290.01 real, 2513 MB, 1.00 load
[runlim] sample:		80321.84 time, 80300.01 real, 2522 MB, 1.00 load
[runlim] sample:		80331.85 time, 80310.01 real, 2532 MB, 1.00 load
[runlim] sample:		80341.87 time, 80320.01 real, 2541 MB, 1.15 load
[runlim] sample:		80351.88 time, 80330.01 real, 2550 MB, 1.12 load
[runlim] sample:		80361.89 time, 80340.01 real, 2560 MB, 1.10 load
[runlim] sample:		80371.90 time, 80350.01 real, 2569 MB, 1.09 load
[runlim] sample:		80381.91 time, 80360.01 real, 2578 MB, 1.07 load
[runlim] sample:		80391.93 time, 80370.01 real, 2588 MB, 1.06 load
[runlim] sample:		80401.95 time, 80380.01 real, 2597 MB, 1.05 load
[runlim] sample:		80411.95 time, 80390.01 real, 2607 MB, 1.04 load
[runlim] sample:		80421.97 time, 80400.01 real, 2662 MB, 1.04 load
[runlim] sample:		80431.99 time, 80410.01 real, 2669 MB, 1.03 load
[runlim] sample:		80442.00 time, 80420.01 real, 2679 MB, 1.02 load
[runlim] sample:		80452.01 time, 80430.01 real, 2688 MB, 1.02 load
[runlim] sample:		80462.02 time, 80440.01 real, 2698 MB, 1.02 load
[runlim] sample:		80472.04 time, 80450.01 real, 2821 MB, 1.09 load
[runlim] sample:		80482.05 time, 80460.01 real, 2828 MB, 1.15 load
[runlim] sample:		80492.06 time, 80470.01 real, 2838 MB, 1.13 load
[runlim] sample:		80502.08 time, 80480.01 real, 2847 MB, 1.11 load
[runlim] sample:		80512.09 time, 80490.01 real, 2856 MB, 1.09 load
[runlim] sample:		80522.10 time, 80500.01 real, 2866 MB, 1.08 load
[runlim] sample:		80532.12 time, 80510.01 real, 3005 MB, 1.06 load
[runlim] sample:		80542.13 time, 80520.01 real, 3015 MB, 1.05 load
[runlim] sample:		80552.14 time, 80530.01 real, 3025 MB, 1.05 load
[runlim] sample:		80562.15 time, 80540.01 real, 3035 MB, 1.04 load
[runlim] sample:		80572.17 time, 80550.01 real, 3045 MB, 1.03 load
[runlim] sample:		80582.19 time, 80560.01 real, 3055 MB, 1.03 load
[runlim] sample:		80592.20 time, 80570.01 real, 3211 MB, 1.02 load
[runlim] sample:		80602.21 time, 80580.01 real, 3218 MB, 1.02 load
[runlim] sample:		80612.23 time, 80590.01 real, 3228 MB, 1.02 load
[runlim] sample:		80622.24 time, 80600.01 real, 3238 MB, 1.01 load
[runlim] sample:		80632.25 time, 80610.01 real, 3248 MB, 1.01 load
[runlim] sample:		80642.26 time, 80620.01 real, 3258 MB, 1.01 load
[runlim] sample:		80652.28 time, 80630.01 real, 3269 MB, 1.01 load
[runlim] sample:		80662.29 time, 80640.01 real, 3449 MB, 1.00 load
[runlim] sample:		80672.31 time, 80650.01 real, 3456 MB, 1.00 load
[runlim] sample:		80682.32 time, 80660.01 real, 3466 MB, 1.00 load
[runlim] sample:		80692.33 time, 80670.01 real, 3476 MB, 1.00 load
[runlim] sample:		80702.35 time, 80680.01 real, 3486 MB, 1.00 load
[runlim] sample:		80712.37 time, 80690.01 real, 3497 MB, 1.00 load
[runlim] sample:		80722.37 time, 80700.01 real, 3507 MB, 1.00 load
[runlim] sample:		80732.39 time, 80710.01 real, 3517 MB, 1.00 load
[runlim] sample:		80742.40 time, 80720.01 real, 3527 MB, 1.00 load

NN₁: mnist_relu_3_100_gemm.onnx
NN₂: mnist_relu_3_100_0.49.onnx
Prop: mnist_0_global_5.vnnlib
[runlim] sample:		80752.35 time, 80730.01 real, 2389 MB, 1.00 load
[runlim] sample:		80762.36 time, 80740.01 real, 2420 MB, 1.00 load
[runlim] sample:		80772.36 time, 80750.01 real, 2422 MB, 1.00 load
[runlim] sample:		80782.37 time, 80760.01 real, 2422 MB, 1.08 load
[runlim] sample:		80792.38 time, 80770.01 real, 2423 MB, 1.07 load
[runlim] sample:		80802.40 time, 80780.01 real, 2432 MB, 1.06 load
[runlim] sample:		80812.42 time, 80790.01 real, 2435 MB, 1.05 load
[runlim] sample:		80822.43 time, 80800.01 real, 2446 MB, 1.04 load
[runlim] sample:		80832.44 time, 80810.01 real, 2454 MB, 1.03 load
[runlim] sample:		80842.45 time, 80820.01 real, 2470 MB, 1.03 load
[runlim] sample:		80852.46 time, 80830.01 real, 2478 MB, 1.02 load
[runlim] sample:		80862.47 time, 80840.01 real, 2491 MB, 1.02 load
[runlim] sample:		80872.49 time, 80850.01 real, 2500 MB, 1.02 load
[runlim] sample:		80882.50 time, 80860.01 real, 2517 MB, 1.01 load
[runlim] sample:		80892.51 time, 80870.01 real, 2524 MB, 1.01 load
[runlim] sample:		80902.53 time, 80880.01 real, 2532 MB, 1.01 load
[runlim] sample:		80912.53 time, 80890.01 real, 2610 MB, 1.01 load
[runlim] sample:		80922.55 time, 80900.01 real, 2619 MB, 1.00 load
[runlim] sample:		80932.57 time, 80910.01 real, 2628 MB, 1.00 load
[runlim] sample:		80942.58 time, 80920.01 real, 2647 MB, 1.00 load
[runlim] sample:		80952.59 time, 80930.01 real, 2656 MB, 1.00 load
[runlim] sample:		80962.61 time, 80940.01 real, 2665 MB, 1.00 load
[runlim] sample:		80972.61 time, 80950.01 real, 2674 MB, 1.08 load
[runlim] sample:		80982.63 time, 80960.01 real, 2710 MB, 1.22 load
[runlim] sample:		80992.64 time, 80970.01 real, 2718 MB, 1.19 load
[runlim] sample:		81002.66 time, 80980.01 real, 2727 MB, 1.16 load
[runlim] sample:		81012.66 time, 80990.01 real, 2749 MB, 1.13 load
[runlim] sample:		81022.68 time, 81000.01 real, 2757 MB, 1.11 load
[runlim] sample:		81032.69 time, 81010.01 real, 2766 MB, 1.10 load
[runlim] sample:		81042.70 time, 81020.01 real, 2774 MB, 1.08 load
[runlim] sample:		81052.72 time, 81030.01 real, 2783 MB, 1.07 load
[runlim] sample:		81062.73 time, 81040.01 real, 2819 MB, 1.06 load
[runlim] sample:		81072.74 time, 81050.01 real, 2828 MB, 1.05 load
[runlim] sample:		81082.76 time, 81060.01 real, 2836 MB, 1.04 load
[runlim] sample:		81092.77 time, 81070.01 real, 2845 MB, 1.03 load
[runlim] sample:		81102.78 time, 81080.01 real, 2893 MB, 1.03 load
[runlim] sample:		81112.79 time, 81090.01 real, 2901 MB, 1.02 load
[runlim] sample:		81122.81 time, 81100.01 real, 2910 MB, 1.02 load
[runlim] sample:		81132.82 time, 81110.01 real, 2919 MB, 1.02 load
[runlim] sample:		81142.84 time, 81120.01 real, 2928 MB, 1.01 load
[runlim] sample:		81152.86 time, 81130.01 real, 3007 MB, 1.01 load
[runlim] sample:		81162.87 time, 81140.01 real, 3015 MB, 1.01 load
[runlim] sample:		81172.88 time, 81150.01 real, 3024 MB, 1.01 load
[runlim] sample:		81182.90 time, 81160.01 real, 3033 MB, 1.00 load
[runlim] sample:		81192.91 time, 81170.01 real, 3042 MB, 1.00 load
[runlim] sample:		81202.93 time, 81180.01 real, 3051 MB, 1.00 load
[runlim] sample:		81212.93 time, 81190.01 real, 3146 MB, 1.00 load
[runlim] sample:		81222.94 time, 81200.01 real, 3155 MB, 1.00 load
[runlim] sample:		81232.96 time, 81210.01 real, 3164 MB, 1.00 load
[runlim] sample:		81242.98 time, 81220.01 real, 3173 MB, 1.00 load
[runlim] sample:		81252.99 time, 81230.01 real, 3183 MB, 1.00 load
[runlim] sample:		81263.01 time, 81240.01 real, 3192 MB, 1.00 load
[runlim] sample:		81273.01 time, 81250.01 real, 3201 MB, 1.00 load
[runlim] sample:		81283.02 time, 81260.01 real, 3345 MB, 1.00 load
[runlim] sample:		81293.05 time, 81270.01 real, 3354 MB, 1.00 load
[runlim] sample:		81303.06 time, 81280.01 real, 3363 MB, 1.00 load
[runlim] sample:		81313.07 time, 81290.01 real, 3373 MB, 1.00 load
[runlim] sample:		81323.08 time, 81300.01 real, 3382 MB, 1.00 load
[runlim] sample:		81333.10 time, 81310.01 real, 3391 MB, 1.00 load
[runlim] sample:		81343.10 time, 81320.01 real, 3401 MB, 1.00 load

NN₁: mnist_relu_3_100_gemm.onnx
NN₂: mnist_relu_3_100_0.49.onnx
Prop: mnist_1_global_4.vnnlib
[runlim] sample:		81353.12 time, 81330.01 real, 3537 MB, 1.00 load
[runlim] sample:		81363.12 time, 81340.01 real, 3537 MB, 1.00 load
[runlim] sample:		81373.13 time, 81350.01 real, 3537 MB, 1.00 load
[runlim] sample:		81383.14 time, 81360.01 real, 3537 MB, 1.00 load
[runlim] sample:		81393.16 time, 81370.01 real, 3537 MB, 1.00 load
[runlim] sample:		81403.17 time, 81380.01 real, 3537 MB, 1.00 load
[runlim] sample:		81413.18 time, 81390.01 real, 3548 MB, 1.00 load
[runlim] sample:		81423.20 time, 81400.01 real, 3556 MB, 1.00 load
[runlim] sample:		81433.21 time, 81410.01 real, 3565 MB, 1.00 load
[runlim] sample:		81443.22 time, 81420.01 real, 3575 MB, 1.00 load
[runlim] sample:		81453.24 time, 81430.01 real, 3585 MB, 1.00 load
[runlim] sample:		81463.25 time, 81440.01 real, 3596 MB, 1.00 load
[runlim] sample:		81473.26 time, 81450.01 real, 3604 MB, 1.08 load
[runlim] sample:		81483.27 time, 81460.01 real, 3614 MB, 1.14 load
[runlim] sample:		81493.29 time, 81470.01 real, 3626 MB, 1.12 load
[runlim] sample:		81503.30 time, 81480.01 real, 3634 MB, 1.10 load
[runlim] sample:		81513.31 time, 81490.01 real, 3643 MB, 1.08 load
[runlim] sample:		81523.32 time, 81500.01 real, 3655 MB, 1.07 load
[runlim] sample:		81533.34 time, 81510.01 real, 3663 MB, 1.06 load
[runlim] sample:		81543.35 time, 81520.01 real, 3673 MB, 1.05 load
[runlim] sample:		81553.36 time, 81530.01 real, 3683 MB, 1.04 load
[runlim] sample:		81563.37 time, 81540.01 real, 3692 MB, 1.04 load
[runlim] sample:		81573.39 time, 81550.01 real, 3702 MB, 1.03 load
[runlim] sample:		81583.40 time, 81560.01 real, 3712 MB, 1.02 load
[runlim] sample:		81593.41 time, 81570.01 real, 3722 MB, 1.02 load
[runlim] sample:		81603.43 time, 81580.01 real, 3731 MB, 1.02 load
[runlim] sample:		81613.44 time, 81590.01 real, 3741 MB, 1.01 load
[runlim] sample:		81623.45 time, 81600.01 real, 3751 MB, 1.01 load
[runlim] sample:		81633.47 time, 81610.01 real, 3761 MB, 1.01 load
[runlim] sample:		81643.48 time, 81620.01 real, 3773 MB, 1.01 load
[runlim] sample:		81653.50 time, 81630.01 real, 3780 MB, 1.01 load
[runlim] sample:		81663.51 time, 81640.01 real, 3790 MB, 1.00 load
[runlim] sample:		81673.52 time, 81650.01 real, 3800 MB, 1.00 load
[runlim] sample:		81683.54 time, 81660.01 real, 3810 MB, 1.00 load
[runlim] sample:		81693.54 time, 81670.01 real, 3820 MB, 1.00 load
[runlim] sample:		81703.56 time, 81680.01 real, 3830 MB, 1.00 load
[runlim] sample:		81713.58 time, 81690.01 real, 3840 MB, 1.00 load
[runlim] sample:		81723.59 time, 81700.01 real, 3850 MB, 1.00 load
[runlim] sample:		81733.60 time, 81710.01 real, 3861 MB, 1.00 load
[runlim] sample:		81743.61 time, 81720.01 real, 3871 MB, 1.00 load
[runlim] sample:		81753.62 time, 81730.01 real, 3886 MB, 1.00 load
[runlim] sample:		81763.64 time, 81740.01 real, 3892 MB, 1.00 load
[runlim] sample:		81773.65 time, 81750.01 real, 3902 MB, 1.00 load
[runlim] sample:		81783.67 time, 81760.01 real, 3913 MB, 1.00 load
[runlim] sample:		81793.68 time, 81770.01 real, 3923 MB, 1.00 load
[runlim] sample:		81803.69 time, 81780.01 real, 3934 MB, 1.00 load
[runlim] sample:		81813.71 time, 81790.01 real, 3944 MB, 1.00 load
[runlim] sample:		81823.72 time, 81800.01 real, 3955 MB, 1.00 load
[runlim] sample:		81833.73 time, 81810.01 real, 3965 MB, 1.00 load
[runlim] sample:		81843.74 time, 81820.01 real, 3975 MB, 1.00 load
[runlim] sample:		81853.76 time, 81830.01 real, 3986 MB, 1.07 load
[runlim] sample:		81863.77 time, 81840.01 real, 3997 MB, 1.06 load
[runlim] sample:		81873.78 time, 81850.01 real, 4008 MB, 1.05 load
[runlim] sample:		81883.80 time, 81860.01 real, 4018 MB, 1.12 load
[runlim] sample:		81893.81 time, 81870.01 real, 4131 MB, 1.10 load
[runlim] sample:		81903.82 time, 81880.01 real, 4132 MB, 1.08 load
[runlim] sample:		81913.84 time, 81890.01 real, 4143 MB, 1.07 load
[runlim] sample:		81923.85 time, 81900.01 real, 4153 MB, 1.06 load
[runlim] sample:		81933.87 time, 81910.01 real, 4164 MB, 1.05 load
[runlim] sample:		81943.88 time, 81920.01 real, 4174 MB, 1.04 load

NN₁: mnist_relu_3_100_gemm.onnx
NN₂: mnist_relu_3_100_0.49.onnx
Prop: mnist_1_global_5.vnnlib
[runlim] sample:		81953.85 time, 81930.01 real, 3537 MB, 1.03 load
[runlim] sample:		81963.87 time, 81940.01 real, 3537 MB, 1.03 load
[runlim] sample:		81973.88 time, 81950.01 real, 3537 MB, 1.10 load
[runlim] sample:		81983.90 time, 81960.01 real, 3537 MB, 1.16 load
[runlim] sample:		81993.91 time, 81970.01 real, 3537 MB, 1.14 load
[runlim] sample:		82003.92 time, 81980.01 real, 3537 MB, 1.11 load
[runlim] sample:		82013.93 time, 81990.01 real, 3543 MB, 1.10 load
[runlim] sample:		82023.95 time, 82000.01 real, 3552 MB, 1.08 load
[runlim] sample:		82033.96 time, 82010.01 real, 3561 MB, 1.07 load
[runlim] sample:		82043.97 time, 82020.01 real, 3571 MB, 1.06 load
[runlim] sample:		82053.98 time, 82030.01 real, 3580 MB, 1.12 load
[runlim] sample:		82063.99 time, 82040.01 real, 3589 MB, 1.10 load
[runlim] sample:		82074.00 time, 82050.01 real, 3601 MB, 1.09 load
[runlim] sample:		82084.02 time, 82060.01 real, 3608 MB, 1.07 load
[runlim] sample:		82094.03 time, 82070.01 real, 3617 MB, 1.06 load
[runlim] sample:		82104.05 time, 82080.01 real, 3627 MB, 1.05 load
[runlim] sample:		82114.06 time, 82090.01 real, 3636 MB, 1.04 load
[runlim] sample:		82124.08 time, 82100.01 real, 3645 MB, 1.04 load
[runlim] sample:		82134.09 time, 82110.01 real, 3654 MB, 1.03 load
[runlim] sample:		82144.10 time, 82120.01 real, 3664 MB, 1.02 load
[runlim] sample:		82154.11 time, 82130.01 real, 3673 MB, 1.02 load
[runlim] sample:		82164.13 time, 82140.01 real, 3683 MB, 1.02 load
[runlim] sample:		82174.14 time, 82150.01 real, 3692 MB, 1.01 load
[runlim] sample:		82184.15 time, 82160.01 real, 3701 MB, 1.01 load
[runlim] sample:		82194.17 time, 82170.01 real, 3711 MB, 1.01 load
[runlim] sample:		82204.18 time, 82180.01 real, 3720 MB, 1.01 load
[runlim] sample:		82214.19 time, 82190.01 real, 3729 MB, 1.01 load
[runlim] sample:		82224.21 time, 82200.01 real, 3739 MB, 1.00 load
[runlim] sample:		82234.22 time, 82210.01 real, 3748 MB, 1.00 load
[runlim] sample:		82244.23 time, 82220.01 real, 3758 MB, 1.00 load
[runlim] sample:		82254.25 time, 82230.01 real, 3767 MB, 1.00 load
[runlim] sample:		82264.26 time, 82240.01 real, 3776 MB, 1.00 load
[runlim] sample:		82274.27 time, 82250.01 real, 3785 MB, 1.00 load
[runlim] sample:		82284.29 time, 82260.01 real, 3795 MB, 1.00 load
[runlim] sample:		82294.30 time, 82270.01 real, 3804 MB, 1.07 load
[runlim] sample:		82304.31 time, 82280.01 real, 3813 MB, 1.06 load
[runlim] sample:		82314.32 time, 82290.01 real, 3823 MB, 1.05 load
[runlim] sample:		82324.34 time, 82300.01 real, 3832 MB, 1.04 load
[runlim] sample:		82334.36 time, 82310.01 real, 3842 MB, 1.04 load
[runlim] sample:		82344.37 time, 82320.01 real, 3852 MB, 1.03 load
[runlim] sample:		82354.38 time, 82330.01 real, 3862 MB, 1.02 load
[runlim] sample:		82364.39 time, 82340.01 real, 3872 MB, 1.02 load
[runlim] sample:		82374.40 time, 82350.01 real, 3882 MB, 1.02 load
[runlim] sample:		82384.42 time, 82360.01 real, 3892 MB, 1.01 load
[runlim] sample:		82394.43 time, 82370.01 real, 3902 MB, 1.01 load
[runlim] sample:		82404.45 time, 82380.01 real, 3912 MB, 1.01 load
[runlim] sample:		82414.46 time, 82390.01 real, 3922 MB, 1.01 load
[runlim] sample:		82424.47 time, 82400.01 real, 3932 MB, 1.01 load
[runlim] sample:		82434.50 time, 82410.01 real, 3942 MB, 1.00 load
[runlim] sample:		82444.51 time, 82420.01 real, 3952 MB, 1.00 load
[runlim] sample:		82454.52 time, 82430.01 real, 3962 MB, 1.00 load
[runlim] sample:		82464.53 time, 82440.01 real, 3972 MB, 1.00 load
[runlim] sample:		82474.54 time, 82450.01 real, 3982 MB, 1.08 load
[runlim] sample:		82484.56 time, 82460.01 real, 3992 MB, 1.22 load
[runlim] sample:		82494.57 time, 82470.01 real, 4003 MB, 1.19 load
[runlim] sample:		82504.58 time, 82480.01 real, 4013 MB, 1.16 load
[runlim] sample:		82514.60 time, 82490.01 real, 4023 MB, 1.13 load
[runlim] sample:		82524.61 time, 82500.01 real, 4154 MB, 1.11 load
[runlim] sample:		82534.62 time, 82510.01 real, 4156 MB, 1.10 load
[runlim] sample:		82544.64 time, 82520.01 real, 4166 MB, 1.08 load

NN₁: mnist_relu_3_100_gemm.onnx
NN₂: mnist_relu_3_100_0.49.onnx
Prop: mnist_2_global_4.vnnlib
[runlim] sample:		82554.64 time, 82530.01 real, 3537 MB, 1.07 load
[runlim] sample:		82564.66 time, 82540.01 real, 3537 MB, 1.06 load
[runlim] sample:		82574.67 time, 82550.01 real, 3537 MB, 1.05 load
[runlim] sample:		82584.68 time, 82560.01 real, 3537 MB, 1.04 load
[runlim] sample:		82594.69 time, 82570.01 real, 3537 MB, 1.03 load
[runlim] sample:		82604.70 time, 82580.01 real, 3537 MB, 1.03 load
[runlim] sample:		82614.72 time, 82590.01 real, 3537 MB, 1.02 load
[runlim] sample:		82624.73 time, 82600.01 real, 3543 MB, 1.02 load
[runlim] sample:		82634.74 time, 82610.01 real, 3551 MB, 1.02 load
[runlim] sample:		82644.76 time, 82620.01 real, 3559 MB, 1.09 load
[runlim] sample:		82654.77 time, 82630.01 real, 3569 MB, 1.07 load
[runlim] sample:		82664.79 time, 82640.01 real, 3575 MB, 1.06 load
[runlim] sample:		82674.80 time, 82650.01 real, 3584 MB, 1.05 load
[runlim] sample:		82684.81 time, 82660.01 real, 3591 MB, 1.04 load
[runlim] sample:		82694.82 time, 82670.01 real, 3599 MB, 1.04 load
[runlim] sample:		82704.83 time, 82680.01 real, 3608 MB, 1.03 load
[runlim] sample:		82714.85 time, 82690.01 real, 3617 MB, 1.02 load
[runlim] sample:		82724.87 time, 82700.01 real, 3624 MB, 1.02 load
[runlim] sample:		82734.87 time, 82710.01 real, 3632 MB, 1.02 load
[runlim] sample:		82744.89 time, 82720.01 real, 3641 MB, 1.01 load
[runlim] sample:		82754.90 time, 82730.01 real, 3648 MB, 1.01 load
[runlim] sample:		82764.91 time, 82740.01 real, 3656 MB, 1.01 load
[runlim] sample:		82774.92 time, 82750.01 real, 3664 MB, 1.01 load
[runlim] sample:		82784.94 time, 82760.01 real, 3673 MB, 1.01 load
[runlim] sample:		82794.95 time, 82770.01 real, 3681 MB, 1.00 load
[runlim] sample:		82804.97 time, 82780.01 real, 3689 MB, 1.00 load
[runlim] sample:		82814.98 time, 82790.01 real, 3697 MB, 1.00 load
[runlim] sample:		82824.99 time, 82800.01 real, 3705 MB, 1.00 load
[runlim] sample:		82835.00 time, 82810.01 real, 3713 MB, 1.00 load
[runlim] sample:		82845.02 time, 82820.01 real, 3722 MB, 1.00 load
[runlim] sample:		82855.03 time, 82830.01 real, 3730 MB, 1.00 load
[runlim] sample:		82865.05 time, 82840.01 real, 3738 MB, 1.00 load
[runlim] sample:		82875.06 time, 82850.01 real, 3746 MB, 1.00 load
[runlim] sample:		82885.07 time, 82860.01 real, 3754 MB, 1.00 load
[runlim] sample:		82895.08 time, 82870.01 real, 3762 MB, 1.00 load
[runlim] sample:		82905.10 time, 82880.01 real, 3771 MB, 1.00 load
[runlim] sample:		82915.12 time, 82890.01 real, 3779 MB, 1.00 load
[runlim] sample:		82925.12 time, 82900.01 real, 3787 MB, 1.00 load
[runlim] sample:		82935.14 time, 82910.01 real, 3795 MB, 1.00 load
[runlim] sample:		82945.15 time, 82920.01 real, 3803 MB, 1.00 load
[runlim] sample:		82955.18 time, 82930.01 real, 3812 MB, 1.00 load
[runlim] sample:		82965.18 time, 82940.01 real, 3820 MB, 1.00 load
[runlim] sample:		82975.20 time, 82950.01 real, 3828 MB, 1.08 load
[runlim] sample:		82985.21 time, 82960.01 real, 3837 MB, 1.22 load
[runlim] sample:		82995.22 time, 82970.01 real, 3845 MB, 1.19 load
[runlim] sample:		83005.24 time, 82980.01 real, 3854 MB, 1.16 load
[runlim] sample:		83015.26 time, 82990.01 real, 3862 MB, 1.13 load
[runlim] sample:		83025.26 time, 83000.01 real, 3871 MB, 1.11 load
[runlim] sample:		83035.27 time, 83010.01 real, 3880 MB, 1.09 load
[runlim] sample:		83045.29 time, 83020.01 real, 3888 MB, 1.08 load
[runlim] sample:		83055.31 time, 83030.01 real, 3897 MB, 1.07 load
[runlim] sample:		83065.32 time, 83040.01 real, 3906 MB, 1.06 load
[runlim] sample:		83075.33 time, 83050.01 real, 3914 MB, 1.05 load
[runlim] sample:		83085.34 time, 83060.01 real, 3923 MB, 1.04 load
[runlim] sample:		83095.36 time, 83070.01 real, 3931 MB, 1.03 load
[runlim] sample:		83105.37 time, 83080.01 real, 3940 MB, 1.03 load
[runlim] sample:		83115.39 time, 83090.01 real, 3949 MB, 1.02 load
[runlim] sample:		83125.40 time, 83100.01 real, 3957 MB, 1.02 load
[runlim] sample:		83135.41 time, 83110.01 real, 3966 MB, 1.02 load
[runlim] sample:		83145.42 time, 83120.01 real, 3975 MB, 1.01 load
[runlim] sample:		83155.43 time, 83130.01 real, 3983 MB, 1.01 load

NN₁: mnist_relu_3_100_gemm.onnx
NN₂: mnist_relu_3_100_0.49.onnx
Prop: mnist_3_global_5.vnnlib
[runlim] sample:		83165.44 time, 83140.01 real, 3537 MB, 1.01 load
[runlim] sample:		83175.45 time, 83150.01 real, 3537 MB, 1.01 load
[runlim] sample:		83185.46 time, 83160.01 real, 3537 MB, 1.00 load
[runlim] sample:		83195.47 time, 83170.01 real, 3537 MB, 1.00 load
[runlim] sample:		83205.49 time, 83180.01 real, 3537 MB, 1.00 load
[runlim] sample:		83215.51 time, 83190.01 real, 3541 MB, 1.00 load
[runlim] sample:		83225.52 time, 83200.01 real, 3550 MB, 1.00 load
[runlim] sample:		83235.53 time, 83210.01 real, 3559 MB, 1.00 load
[runlim] sample:		83245.55 time, 83220.01 real, 3569 MB, 1.00 load
[runlim] sample:		83255.55 time, 83230.01 real, 3578 MB, 1.00 load
[runlim] sample:		83265.56 time, 83240.01 real, 3587 MB, 1.00 load
[runlim] sample:		83275.58 time, 83250.01 real, 3596 MB, 1.00 load
[runlim] sample:		83285.60 time, 83260.01 real, 3605 MB, 1.00 load
[runlim] sample:		83295.61 time, 83270.01 real, 3615 MB, 1.00 load
[runlim] sample:		83305.62 time, 83280.01 real, 3627 MB, 1.00 load
[runlim] sample:		83315.63 time, 83290.01 real, 3633 MB, 1.00 load
[runlim] sample:		83325.65 time, 83300.01 real, 3642 MB, 1.00 load
[runlim] sample:		83335.66 time, 83310.01 real, 3651 MB, 1.00 load
[runlim] sample:		83345.67 time, 83320.01 real, 3660 MB, 1.00 load
[runlim] sample:		83355.68 time, 83330.01 real, 3670 MB, 1.00 load
[runlim] sample:		83365.70 time, 83340.01 real, 3679 MB, 1.00 load
[runlim] sample:		83375.71 time, 83350.01 real, 3688 MB, 1.00 load
[runlim] sample:		83385.72 time, 83360.01 real, 3697 MB, 1.00 load
[runlim] sample:		83395.73 time, 83370.01 real, 3707 MB, 1.00 load
[runlim] sample:		83405.75 time, 83380.01 real, 3716 MB, 1.00 load
[runlim] sample:		83415.76 time, 83390.01 real, 3727 MB, 1.00 load
[runlim] sample:		83425.78 time, 83400.01 real, 3734 MB, 1.00 load
[runlim] sample:		83435.79 time, 83410.01 real, 3743 MB, 1.00 load
[runlim] sample:		83445.80 time, 83420.01 real, 3753 MB, 1.00 load
[runlim] sample:		83455.81 time, 83430.01 real, 3766 MB, 1.00 load
[runlim] sample:		83465.83 time, 83440.01 real, 3771 MB, 1.00 load
[runlim] sample:		83475.84 time, 83450.01 real, 3780 MB, 1.08 load
[runlim] sample:		83485.85 time, 83460.01 real, 3789 MB, 1.22 load
[runlim] sample:		83495.87 time, 83470.01 real, 3799 MB, 1.19 load
[runlim] sample:		83505.88 time, 83480.01 real, 3808 MB, 1.16 load
[runlim] sample:		83515.89 time, 83490.01 real, 3817 MB, 1.13 load
[runlim] sample:		83525.91 time, 83500.01 real, 3826 MB, 1.11 load
[runlim] sample:		83535.92 time, 83510.01 real, 3836 MB, 1.09 load
[runlim] sample:		83545.93 time, 83520.01 real, 3846 MB, 1.08 load
[runlim] sample:		83555.95 time, 83530.01 real, 3855 MB, 1.14 load
[runlim] sample:		83565.96 time, 83540.01 real, 3867 MB, 1.12 load
[runlim] sample:		83575.97 time, 83550.01 real, 3874 MB, 1.10 load
[runlim] sample:		83585.99 time, 83560.01 real, 3884 MB, 1.08 load
[runlim] sample:		83596.00 time, 83570.01 real, 3894 MB, 1.07 load
[runlim] sample:		83606.01 time, 83580.01 real, 3904 MB, 1.06 load
[runlim] sample:		83616.02 time, 83590.01 real, 3913 MB, 1.05 load
[runlim] sample:		83626.04 time, 83600.01 real, 3923 MB, 1.04 load
[runlim] sample:		83636.05 time, 83610.01 real, 3934 MB, 1.04 load
[runlim] sample:		83646.06 time, 83620.01 real, 3942 MB, 1.03 load
[runlim] sample:		83656.08 time, 83630.01 real, 3952 MB, 1.02 load
[runlim] sample:		83666.09 time, 83640.01 real, 3962 MB, 1.02 load
[runlim] sample:		83676.11 time, 83650.01 real, 3972 MB, 1.02 load
[runlim] sample:		83686.12 time, 83660.01 real, 3982 MB, 1.01 load
[runlim] sample:		83696.13 time, 83670.01 real, 3992 MB, 1.01 load
[runlim] sample:		83706.14 time, 83680.01 real, 4033 MB, 1.01 load
[runlim] sample:		83716.16 time, 83690.01 real, 4040 MB, 1.01 load
[runlim] sample:		83726.18 time, 83700.01 real, 4050 MB, 1.01 load
[runlim] sample:		83736.19 time, 83710.01 real, 4060 MB, 1.00 load
[runlim] sample:		83746.20 time, 83720.01 real, 4070 MB, 1.00 load
[runlim] sample:		83756.21 time, 83730.01 real, 4080 MB, 1.00 load

NN₁: mnist_relu_3_100_gemm.onnx
NN₂: mnist_relu_3_100_0.49.onnx
Prop: mnist_4_global_4.vnnlib
[runlim] sample:		83766.20 time, 83740.01 real, 3537 MB, 1.00 load
[runlim] sample:		83776.22 time, 83750.01 real, 3537 MB, 1.00 load
[runlim] sample:		83786.23 time, 83760.01 real, 3537 MB, 1.00 load
[runlim] sample:		83796.24 time, 83770.01 real, 3537 MB, 1.00 load
[runlim] sample:		83806.25 time, 83780.01 real, 3537 MB, 1.00 load
[runlim] sample:		83816.26 time, 83790.01 real, 3542 MB, 1.00 load
[runlim] sample:		83826.28 time, 83800.01 real, 3551 MB, 1.00 load
[runlim] sample:		83836.29 time, 83810.01 real, 3560 MB, 1.00 load
[runlim] sample:		83846.30 time, 83820.01 real, 3570 MB, 1.00 load
[runlim] sample:		83856.32 time, 83830.01 real, 3579 MB, 1.00 load
[runlim] sample:		83866.33 time, 83840.01 real, 3589 MB, 1.00 load
[runlim] sample:		83876.34 time, 83850.01 real, 3599 MB, 1.00 load
[runlim] sample:		83886.36 time, 83860.01 real, 3607 MB, 1.00 load
[runlim] sample:		83896.37 time, 83870.01 real, 3617 MB, 1.00 load
[runlim] sample:		83906.38 time, 83880.01 real, 3630 MB, 1.00 load
[runlim] sample:		83916.40 time, 83890.01 real, 3635 MB, 1.00 load
[runlim] sample:		83926.41 time, 83900.01 real, 3645 MB, 1.00 load
[runlim] sample:		83936.42 time, 83910.01 real, 3657 MB, 1.00 load
[runlim] sample:		83946.43 time, 83920.01 real, 3664 MB, 1.00 load
[runlim] sample:		83956.44 time, 83930.01 real, 3673 MB, 1.00 load
[runlim] sample:		83966.46 time, 83940.01 real, 3683 MB, 1.00 load
[runlim] sample:		83976.47 time, 83950.01 real, 3694 MB, 1.08 load
[runlim] sample:		83986.48 time, 83960.01 real, 3701 MB, 1.14 load
[runlim] sample:		83996.50 time, 83970.01 real, 3711 MB, 1.12 load
[runlim] sample:		84006.51 time, 83980.01 real, 3720 MB, 1.10 load
[runlim] sample:		84016.52 time, 83990.01 real, 3732 MB, 1.08 load
[runlim] sample:		84026.53 time, 84000.01 real, 3739 MB, 1.07 load
[runlim] sample:		84036.55 time, 84010.01 real, 3748 MB, 1.06 load
[runlim] sample:		84046.56 time, 84020.01 real, 3758 MB, 1.05 load
[runlim] sample:		84056.58 time, 84030.01 real, 3767 MB, 1.04 load
[runlim] sample:		84066.60 time, 84040.01 real, 3777 MB, 1.04 load
[runlim] sample:		84076.61 time, 84050.01 real, 3786 MB, 1.03 load
[runlim] sample:		84086.63 time, 84060.01 real, 3795 MB, 1.02 load
[runlim] sample:		84096.63 time, 84070.01 real, 3805 MB, 1.02 load
[runlim] sample:		84106.65 time, 84080.01 real, 3814 MB, 1.02 load
[runlim] sample:		84116.66 time, 84090.01 real, 3823 MB, 1.01 load
[runlim] sample:		84126.67 time, 84100.01 real, 3833 MB, 1.01 load
[runlim] sample:		84136.68 time, 84110.01 real, 3843 MB, 1.01 load
[runlim] sample:		84146.70 time, 84120.01 real, 3853 MB, 1.01 load
[runlim] sample:		84156.72 time, 84130.01 real, 3863 MB, 1.01 load
[runlim] sample:		84166.72 time, 84140.01 real, 3874 MB, 1.00 load
[runlim] sample:		84176.74 time, 84150.01 real, 3883 MB, 1.00 load
[runlim] sample:		84186.75 time, 84160.01 real, 3893 MB, 1.00 load
[runlim] sample:		84196.76 time, 84170.01 real, 3903 MB, 1.00 load
[runlim] sample:		84206.78 time, 84180.01 real, 3913 MB, 1.08 load
[runlim] sample:		84216.79 time, 84190.01 real, 3923 MB, 1.07 load
[runlim] sample:		84226.80 time, 84200.01 real, 3937 MB, 1.06 load
[runlim] sample:		84236.82 time, 84210.01 real, 3943 MB, 1.05 load
[runlim] sample:		84246.83 time, 84220.01 real, 3953 MB, 1.04 load
[runlim] sample:		84256.84 time, 84230.01 real, 3963 MB, 1.03 load
[runlim] sample:		84266.86 time, 84240.01 real, 3973 MB, 1.03 load
[runlim] sample:		84276.87 time, 84250.01 real, 3984 MB, 1.02 load
[runlim] sample:		84286.89 time, 84260.01 real, 3994 MB, 1.02 load
[runlim] sample:		84296.90 time, 84270.01 real, 4004 MB, 1.02 load
[runlim] sample:		84306.91 time, 84280.01 real, 4065 MB, 1.01 load
[runlim] sample:		84316.92 time, 84290.01 real, 4075 MB, 1.01 load
[runlim] sample:		84326.94 time, 84300.01 real, 4085 MB, 1.01 load
[runlim] sample:		84336.96 time, 84310.01 real, 4095 MB, 1.01 load
[runlim] sample:		84346.96 time, 84320.01 real, 4106 MB, 1.00 load
[runlim] sample:		84356.98 time, 84330.01 real, 4116 MB, 1.00 load

NN₁: mnist_relu_3_100_gemm.onnx
NN₂: mnist_relu_3_100_0.49.onnx
Prop: mnist_4_global_5.vnnlib
[runlim] sample:		84366.98 time, 84340.01 real, 3537 MB, 1.00 load
[runlim] sample:		84377.00 time, 84350.01 real, 3537 MB, 1.00 load
[runlim] sample:		84387.01 time, 84360.01 real, 3537 MB, 1.00 load
[runlim] sample:		84397.02 time, 84370.01 real, 3537 MB, 1.00 load
[runlim] sample:		84407.04 time, 84380.01 real, 3537 MB, 1.00 load
[runlim] sample:		84417.05 time, 84390.01 real, 3537 MB, 1.00 load
[runlim] sample:		84427.06 time, 84400.01 real, 3545 MB, 1.00 load
[runlim] sample:		84437.08 time, 84410.01 real, 3554 MB, 1.00 load
[runlim] sample:		84447.08 time, 84420.01 real, 3562 MB, 1.00 load
[runlim] sample:		84457.10 time, 84430.01 real, 3572 MB, 1.00 load
[runlim] sample:		84467.12 time, 84440.01 real, 3579 MB, 1.00 load
[runlim] sample:		84477.12 time, 84450.01 real, 3589 MB, 1.08 load
[runlim] sample:		84487.14 time, 84460.01 real, 3596 MB, 1.14 load
[runlim] sample:		84497.15 time, 84470.01 real, 3605 MB, 1.12 load
[runlim] sample:		84507.16 time, 84480.01 real, 3613 MB, 1.10 load
[runlim] sample:		84517.19 time, 84490.01 real, 3622 MB, 1.08 load
[runlim] sample:		84527.20 time, 84500.01 real, 3634 MB, 1.07 load
[runlim] sample:		84537.21 time, 84510.01 real, 3639 MB, 1.06 load
[runlim] sample:		84547.22 time, 84520.01 real, 3647 MB, 1.05 load
[runlim] sample:		84557.24 time, 84530.01 real, 3657 MB, 1.04 load
[runlim] sample:		84567.24 time, 84540.01 real, 3665 MB, 1.04 load
[runlim] sample:		84577.26 time, 84550.01 real, 3673 MB, 1.03 load
[runlim] sample:		84587.28 time, 84560.01 real, 3682 MB, 1.02 load
[runlim] sample:		84597.29 time, 84570.01 real, 3690 MB, 1.02 load
[runlim] sample:		84607.31 time, 84580.01 real, 3699 MB, 1.02 load
[runlim] sample:		84617.31 time, 84590.01 real, 3708 MB, 1.01 load
[runlim] sample:		84627.33 time, 84600.01 real, 3719 MB, 1.01 load
[runlim] sample:		84637.34 time, 84610.01 real, 3725 MB, 1.01 load
[runlim] sample:		84647.35 time, 84620.01 real, 3733 MB, 1.08 load
[runlim] sample:		84657.37 time, 84630.01 real, 3742 MB, 1.07 load
[runlim] sample:		84667.38 time, 84640.01 real, 3751 MB, 1.06 load
[runlim] sample:		84677.39 time, 84650.01 real, 3759 MB, 1.05 load
[runlim] sample:		84687.41 time, 84660.01 real, 3768 MB, 1.04 load
[runlim] sample:		84697.42 time, 84670.01 real, 3776 MB, 1.03 load
[runlim] sample:		84707.43 time, 84680.01 real, 3785 MB, 1.03 load
[runlim] sample:		84717.45 time, 84690.01 real, 3793 MB, 1.02 load
[runlim] sample:		84727.46 time, 84700.01 real, 3802 MB, 1.02 load
[runlim] sample:		84737.48 time, 84710.01 real, 3811 MB, 1.02 load
[runlim] sample:		84747.49 time, 84720.01 real, 3819 MB, 1.01 load
[runlim] sample:		84757.50 time, 84730.01 real, 3828 MB, 1.01 load
[runlim] sample:		84767.51 time, 84740.01 real, 3837 MB, 1.01 load
[runlim] sample:		84777.52 time, 84750.01 real, 3846 MB, 1.01 load
[runlim] sample:		84787.54 time, 84760.01 real, 3855 MB, 1.00 load
[runlim] sample:		84797.56 time, 84770.01 real, 3864 MB, 1.00 load
[runlim] sample:		84807.56 time, 84780.01 real, 3873 MB, 1.00 load
[runlim] sample:		84817.58 time, 84790.01 real, 3882 MB, 1.00 load
[runlim] sample:		84827.60 time, 84800.01 real, 3891 MB, 1.00 load
[runlim] sample:		84837.61 time, 84810.01 real, 3900 MB, 1.00 load
[runlim] sample:		84847.63 time, 84820.01 real, 3909 MB, 1.00 load
[runlim] sample:		84857.64 time, 84830.01 real, 3919 MB, 1.00 load
[runlim] sample:		84867.65 time, 84840.01 real, 3928 MB, 1.00 load
[runlim] sample:		84877.66 time, 84850.01 real, 3940 MB, 1.00 load
[runlim] sample:		84887.68 time, 84860.01 real, 3945 MB, 1.08 load
[runlim] sample:		84897.69 time, 84870.01 real, 3955 MB, 1.07 load
[runlim] sample:		84907.71 time, 84880.01 real, 3964 MB, 1.06 load
[runlim] sample:		84917.72 time, 84890.01 real, 3973 MB, 1.05 load
[runlim] sample:		84927.73 time, 84900.01 real, 3983 MB, 1.04 load
[runlim] sample:		84937.75 time, 84910.01 real, 3992 MB, 1.03 load
[runlim] sample:		84947.75 time, 84920.01 real, 4009 MB, 1.03 load
[runlim] sample:		84957.77 time, 84930.01 real, 4010 MB, 1.02 load

NN₁: mnist_relu_3_100_gemm.onnx
NN₂: mnist_relu_3_100_0.49.onnx
Prop: mnist_5_global_4.vnnlib
[runlim] sample:		84967.76 time, 84940.01 real, 3537 MB, 1.02 load
[runlim] sample:		84977.78 time, 84950.01 real, 3537 MB, 1.10 load
[runlim] sample:		84987.79 time, 84960.01 real, 3537 MB, 1.24 load
[runlim] sample:		84997.80 time, 84970.01 real, 3537 MB, 1.27 load
[runlim] sample:		85007.82 time, 84980.01 real, 3537 MB, 1.23 load
[runlim] sample:		85017.83 time, 84990.01 real, 3537 MB, 1.19 load
[runlim] sample:		85027.83 time, 85000.01 real, 3546 MB, 1.16 load
[runlim] sample:		85037.85 time, 85010.01 real, 3555 MB, 1.14 load
[runlim] sample:		85047.86 time, 85020.01 real, 3565 MB, 1.19 load
[runlim] sample:		85057.88 time, 85030.01 real, 3572 MB, 1.16 load
[runlim] sample:		85067.89 time, 85040.01 real, 3581 MB, 1.14 load
[runlim] sample:		85077.90 time, 85050.01 real, 3589 MB, 1.11 load
[runlim] sample:		85087.92 time, 85060.01 real, 3598 MB, 1.10 load
[runlim] sample:		85097.93 time, 85070.01 real, 3607 MB, 1.08 load
[runlim] sample:		85107.94 time, 85080.01 real, 3615 MB, 1.07 load
[runlim] sample:		85117.96 time, 85090.01 real, 3627 MB, 1.06 load
[runlim] sample:		85127.97 time, 85100.01 real, 3633 MB, 1.05 load
[runlim] sample:		85137.98 time, 85110.01 real, 3641 MB, 1.04 load
[runlim] sample:		85147.99 time, 85120.01 real, 3652 MB, 1.03 load
[runlim] sample:		85158.01 time, 85130.01 real, 3659 MB, 1.03 load
[runlim] sample:		85168.02 time, 85140.01 real, 3668 MB, 1.02 load
[runlim] sample:		85178.04 time, 85150.01 real, 3677 MB, 1.02 load
[runlim] sample:		85188.05 time, 85160.01 real, 3685 MB, 1.02 load
[runlim] sample:		85198.06 time, 85170.01 real, 3694 MB, 1.01 load
[runlim] sample:		85208.08 time, 85180.01 real, 3703 MB, 1.01 load
[runlim] sample:		85218.09 time, 85190.01 real, 3713 MB, 1.01 load
[runlim] sample:		85228.10 time, 85200.01 real, 3720 MB, 1.01 load
[runlim] sample:		85238.11 time, 85210.01 real, 3729 MB, 1.00 load
[runlim] sample:		85248.12 time, 85220.01 real, 3738 MB, 1.00 load
[runlim] sample:		85258.13 time, 85230.01 real, 3747 MB, 1.00 load
[runlim] sample:		85268.15 time, 85240.01 real, 3755 MB, 1.00 load
[runlim] sample:		85278.17 time, 85250.01 real, 3764 MB, 1.00 load
[runlim] sample:		85288.17 time, 85260.01 real, 3773 MB, 1.00 load
[runlim] sample:		85298.19 time, 85270.01 real, 3782 MB, 1.00 load
[runlim] sample:		85308.21 time, 85280.01 real, 3793 MB, 1.00 load
[runlim] sample:		85318.22 time, 85290.01 real, 3799 MB, 1.00 load
[runlim] sample:		85328.23 time, 85300.01 real, 3808 MB, 1.00 load
[runlim] sample:		85338.24 time, 85310.01 real, 3817 MB, 1.00 load
[runlim] sample:		85348.26 time, 85320.01 real, 3825 MB, 1.00 load
[runlim] sample:		85358.27 time, 85330.01 real, 3835 MB, 1.08 load
[runlim] sample:		85368.28 time, 85340.01 real, 3844 MB, 1.07 load
[runlim] sample:		85378.29 time, 85350.01 real, 3853 MB, 1.06 load
[runlim] sample:		85388.31 time, 85360.01 real, 3862 MB, 1.05 load
[runlim] sample:		85398.32 time, 85370.01 real, 3871 MB, 1.04 load
[runlim] sample:		85408.34 time, 85380.01 real, 3881 MB, 1.03 load
[runlim] sample:		85418.35 time, 85390.01 real, 3892 MB, 1.03 load
[runlim] sample:		85428.36 time, 85400.01 real, 3899 MB, 1.02 load
[runlim] sample:		85438.37 time, 85410.01 real, 3908 MB, 1.02 load
[runlim] sample:		85448.39 time, 85420.01 real, 3917 MB, 1.02 load
[runlim] sample:		85458.40 time, 85430.01 real, 3926 MB, 1.01 load
[runlim] sample:		85468.42 time, 85440.01 real, 3936 MB, 1.01 load
[runlim] sample:		85478.43 time, 85450.01 real, 3945 MB, 1.09 load
[runlim] sample:		85488.44 time, 85460.01 real, 3957 MB, 1.23 load
[runlim] sample:		85498.46 time, 85470.01 real, 3964 MB, 1.19 load
[runlim] sample:		85508.47 time, 85480.01 real, 3973 MB, 1.16 load
[runlim] sample:		85518.48 time, 85490.01 real, 3982 MB, 1.14 load
[runlim] sample:		85528.49 time, 85500.01 real, 3992 MB, 1.12 load
[runlim] sample:		85538.51 time, 85510.01 real, 4002 MB, 1.10 load
[runlim] sample:		85548.52 time, 85520.01 real, 4011 MB, 1.08 load
[runlim] sample:		85558.54 time, 85530.01 real, 4020 MB, 1.07 load

NN₁: mnist_relu_3_100_gemm.onnx
NN₂: mnist_relu_3_100_0.49.onnx
Prop: mnist_5_global_5.vnnlib
[runlim] sample:		85568.53 time, 85540.01 real, 3537 MB, 1.06 load
[runlim] sample:		85578.55 time, 85550.01 real, 3537 MB, 1.13 load
[runlim] sample:		85588.56 time, 85560.01 real, 3537 MB, 1.11 load
[runlim] sample:		85598.57 time, 85570.01 real, 3537 MB, 1.09 load
[runlim] sample:		85608.58 time, 85580.01 real, 3537 MB, 1.08 load
[runlim] sample:		85618.59 time, 85590.01 real, 3537 MB, 1.06 load
[runlim] sample:		85628.61 time, 85600.01 real, 3542 MB, 1.05 load
[runlim] sample:		85638.62 time, 85610.01 real, 3550 MB, 1.05 load
[runlim] sample:		85648.63 time, 85620.01 real, 3558 MB, 1.04 load
[runlim] sample:		85658.64 time, 85630.01 real, 3566 MB, 1.03 load
[runlim] sample:		85668.66 time, 85640.01 real, 3574 MB, 1.03 load
[runlim] sample:		85678.67 time, 85650.01 real, 3583 MB, 1.02 load
[runlim] sample:		85688.69 time, 85660.01 real, 3591 MB, 1.02 load
[runlim] sample:		85698.69 time, 85670.01 real, 3600 MB, 1.02 load
[runlim] sample:		85708.71 time, 85680.01 real, 3607 MB, 1.01 load
[runlim] sample:		85718.72 time, 85690.01 real, 3615 MB, 1.01 load
[runlim] sample:		85728.73 time, 85700.01 real, 3626 MB, 1.01 load
[runlim] sample:		85738.74 time, 85710.01 real, 3632 MB, 1.01 load
[runlim] sample:		85748.76 time, 85720.01 real, 3640 MB, 1.00 load
[runlim] sample:		85758.77 time, 85730.01 real, 3648 MB, 1.00 load
[runlim] sample:		85768.78 time, 85740.01 real, 3656 MB, 1.00 load
[runlim] sample:		85778.79 time, 85750.01 real, 3664 MB, 1.00 load
[runlim] sample:		85788.81 time, 85760.01 real, 3672 MB, 1.00 load
[runlim] sample:		85798.82 time, 85770.01 real, 3681 MB, 1.00 load
[runlim] sample:		85808.84 time, 85780.01 real, 3689 MB, 1.00 load
[runlim] sample:		85818.85 time, 85790.01 real, 3698 MB, 1.00 load
[runlim] sample:		85828.86 time, 85800.01 real, 3705 MB, 1.00 load
[runlim] sample:		85838.87 time, 85810.01 real, 3714 MB, 1.00 load
[runlim] sample:		85848.89 time, 85820.01 real, 3725 MB, 1.00 load
[runlim] sample:		85858.89 time, 85830.01 real, 3730 MB, 1.00 load
[runlim] sample:		85868.91 time, 85840.01 real, 3738 MB, 1.00 load
[runlim] sample:		85878.92 time, 85850.01 real, 3747 MB, 1.00 load
[runlim] sample:		85888.94 time, 85860.01 real, 3756 MB, 1.00 load
[runlim] sample:		85898.95 time, 85870.01 real, 3763 MB, 1.00 load
[runlim] sample:		85908.96 time, 85880.01 real, 3771 MB, 1.08 load
[runlim] sample:		85918.97 time, 85890.01 real, 3779 MB, 1.07 load
[runlim] sample:		85928.99 time, 85900.01 real, 3787 MB, 1.06 load
[runlim] sample:		85939.00 time, 85910.01 real, 3796 MB, 1.05 load
[runlim] sample:		85949.01 time, 85920.01 real, 3804 MB, 1.04 load
[runlim] sample:		85959.02 time, 85930.01 real, 3812 MB, 1.11 load
[runlim] sample:		85969.04 time, 85940.01 real, 3821 MB, 1.10 load
[runlim] sample:		85979.05 time, 85950.01 real, 3829 MB, 1.16 load
[runlim] sample:		85989.07 time, 85960.01 real, 3838 MB, 1.21 load
[runlim] sample:		85999.09 time, 85970.01 real, 3846 MB, 1.18 load
[runlim] sample:		86009.09 time, 85980.01 real, 3855 MB, 1.15 load
[runlim] sample:		86019.11 time, 85990.01 real, 3864 MB, 1.13 load
[runlim] sample:		86029.13 time, 86000.01 real, 3873 MB, 1.11 load
[runlim] sample:		86039.14 time, 86010.01 real, 3881 MB, 1.09 load
[runlim] sample:		86049.15 time, 86020.01 real, 3890 MB, 1.08 load
[runlim] sample:		86059.16 time, 86030.01 real, 3898 MB, 1.06 load
[runlim] sample:		86069.17 time, 86040.01 real, 3907 MB, 1.05 load
[runlim] sample:		86079.19 time, 86050.01 real, 3916 MB, 1.04 load
[runlim] sample:		86089.20 time, 86060.01 real, 3925 MB, 1.04 load
[runlim] sample:		86099.21 time, 86070.01 real, 3933 MB, 1.03 load
[runlim] sample:		86109.22 time, 86080.01 real, 3942 MB, 1.03 load
[runlim] sample:		86119.24 time, 86090.01 real, 3950 MB, 1.02 load
[runlim] sample:		86129.25 time, 86100.01 real, 3959 MB, 1.02 load
[runlim] sample:		86139.27 time, 86110.01 real, 3968 MB, 1.01 load
[runlim] sample:		86149.28 time, 86120.01 real, 3977 MB, 1.01 load
[runlim] sample:		86159.30 time, 86130.01 real, 3986 MB, 1.01 load

NN₁: mnist_relu_3_100_gemm.onnx
NN₂: mnist_relu_3_100_0.49.onnx
Prop: mnist_6_global_4.vnnlib
[runlim] sample:		86169.29 time, 86140.01 real, 3538 MB, 1.01 load
[runlim] sample:		86179.30 time, 86150.01 real, 3538 MB, 1.01 load
[runlim] sample:		86189.32 time, 86160.01 real, 3538 MB, 1.00 load
[runlim] sample:		86199.33 time, 86170.01 real, 3538 MB, 1.00 load
[runlim] sample:		86209.35 time, 86180.01 real, 3538 MB, 1.00 load
[runlim] sample:		86219.36 time, 86190.01 real, 3541 MB, 1.00 load
[runlim] sample:		86229.37 time, 86200.01 real, 3551 MB, 1.00 load
[runlim] sample:		86239.38 time, 86210.01 real, 3560 MB, 1.00 load
[runlim] sample:		86249.41 time, 86220.01 real, 3569 MB, 1.00 load
[runlim] sample:		86259.41 time, 86230.01 real, 3579 MB, 1.00 load
[runlim] sample:		86269.43 time, 86240.01 real, 3588 MB, 1.00 load
[runlim] sample:		86279.44 time, 86250.01 real, 3598 MB, 1.00 load
[runlim] sample:		86289.45 time, 86260.01 real, 3610 MB, 1.00 load
[runlim] sample:		86299.47 time, 86270.01 real, 3617 MB, 1.00 load
[runlim] sample:		86309.49 time, 86280.01 real, 3626 MB, 1.00 load
[runlim] sample:		86319.50 time, 86290.01 real, 3636 MB, 1.00 load
[runlim] sample:		86329.51 time, 86300.01 real, 3645 MB, 1.00 load
[runlim] sample:		86339.53 time, 86310.01 real, 3655 MB, 1.00 load
[runlim] sample:		86349.54 time, 86320.01 real, 3664 MB, 1.00 load
[runlim] sample:		86359.55 time, 86330.01 real, 3675 MB, 1.00 load
[runlim] sample:		86369.57 time, 86340.01 real, 3683 MB, 1.00 load
[runlim] sample:		86379.58 time, 86350.01 real, 3693 MB, 1.00 load
[runlim] sample:		86389.59 time, 86360.01 real, 3703 MB, 1.00 load
[runlim] sample:		86399.61 time, 86370.01 real, 3712 MB, 1.00 load
[runlim] sample:		86409.62 time, 86380.01 real, 3721 MB, 1.00 load
[runlim] sample:		86419.63 time, 86390.01 real, 3731 MB, 1.00 load
[runlim] sample:		86429.64 time, 86400.01 real, 3740 MB, 1.00 load
[runlim] sample:		86439.66 time, 86410.01 real, 3750 MB, 1.00 load
[runlim] sample:		86449.68 time, 86420.01 real, 3759 MB, 1.08 load
[runlim] sample:		86459.68 time, 86430.01 real, 3769 MB, 1.07 load
[runlim] sample:		86469.70 time, 86440.01 real, 3778 MB, 1.06 load
[runlim] sample:		86479.71 time, 86450.01 real, 3792 MB, 1.13 load
[runlim] sample:		86489.73 time, 86460.01 real, 3798 MB, 1.26 load
[runlim] sample:		86499.75 time, 86470.01 real, 3807 MB, 1.22 load
[runlim] sample:		86509.76 time, 86480.01 real, 3817 MB, 1.35 load
[runlim] sample:		86519.77 time, 86490.01 real, 3826 MB, 1.29 load
[runlim] sample:		86529.78 time, 86500.01 real, 3836 MB, 1.25 load
[runlim] sample:		86539.80 time, 86510.01 real, 3847 MB, 1.21 load
[runlim] sample:		86549.81 time, 86520.01 real, 3856 MB, 1.18 load
[runlim] sample:		86559.82 time, 86530.01 real, 3866 MB, 1.15 load
[runlim] sample:		86569.84 time, 86540.01 real, 3876 MB, 1.13 load
[runlim] sample:		86579.85 time, 86550.01 real, 3886 MB, 1.11 load
[runlim] sample:		86589.87 time, 86560.01 real, 3896 MB, 1.09 load
[runlim] sample:		86599.88 time, 86570.01 real, 3908 MB, 1.08 load
[runlim] sample:		86609.89 time, 86580.01 real, 3916 MB, 1.06 load
[runlim] sample:		86619.91 time, 86590.01 real, 3926 MB, 1.05 load
[runlim] sample:		86629.92 time, 86600.01 real, 3936 MB, 1.04 load
[runlim] sample:		86639.93 time, 86610.01 real, 3946 MB, 1.04 load
[runlim] sample:		86649.95 time, 86620.01 real, 3956 MB, 1.03 load
[runlim] sample:		86659.96 time, 86630.01 real, 3967 MB, 1.03 load
[runlim] sample:		86669.97 time, 86640.01 real, 3980 MB, 1.02 load
[runlim] sample:		86679.99 time, 86650.01 real, 3987 MB, 1.02 load
[runlim] sample:		86689.99 time, 86660.01 real, 3997 MB, 1.01 load
[runlim] sample:		86700.01 time, 86670.01 real, 4008 MB, 1.01 load
[runlim] sample:		86710.03 time, 86680.01 real, 4018 MB, 1.01 load
[runlim] sample:		86720.03 time, 86690.01 real, 4028 MB, 1.01 load
[runlim] sample:		86730.05 time, 86700.01 real, 4039 MB, 1.01 load
[runlim] sample:		86740.06 time, 86710.01 real, 4049 MB, 1.00 load
[runlim] sample:		86750.08 time, 86720.01 real, 4059 MB, 1.00 load
[runlim] sample:		86760.09 time, 86730.01 real, 4242 MB, 1.00 load

NN₁: mnist_relu_3_100_gemm.onnx
NN₂: mnist_relu_3_100_0.49.onnx
Prop: mnist_6_global_5.vnnlib
[runlim] sample:		86770.09 time, 86740.01 real, 3538 MB, 1.00 load
[runlim] sample:		86780.11 time, 86750.01 real, 3538 MB, 1.00 load
[runlim] sample:		86790.12 time, 86760.01 real, 3538 MB, 1.00 load
[runlim] sample:		86800.13 time, 86770.01 real, 3538 MB, 1.00 load
[runlim] sample:		86810.14 time, 86780.01 real, 3538 MB, 1.00 load
[runlim] sample:		86820.16 time, 86790.01 real, 3538 MB, 1.00 load
[runlim] sample:		86830.17 time, 86800.01 real, 3544 MB, 1.00 load
[runlim] sample:		86840.18 time, 86810.01 real, 3553 MB, 1.00 load
[runlim] sample:		86850.19 time, 86820.01 real, 3561 MB, 1.00 load
[runlim] sample:		86860.21 time, 86830.01 real, 3570 MB, 1.00 load
[runlim] sample:		86870.22 time, 86840.01 real, 3578 MB, 1.00 load
[runlim] sample:		86880.24 time, 86850.01 real, 3587 MB, 1.00 load
[runlim] sample:		86890.25 time, 86860.01 real, 3595 MB, 1.00 load
[runlim] sample:		86900.26 time, 86870.01 real, 3604 MB, 1.00 load
[runlim] sample:		86910.28 time, 86880.01 real, 3612 MB, 1.00 load
[runlim] sample:		86920.29 time, 86890.01 real, 3621 MB, 1.00 load
[runlim] sample:		86930.31 time, 86900.01 real, 3629 MB, 1.00 load
[runlim] sample:		86940.32 time, 86910.01 real, 3640 MB, 1.00 load
[runlim] sample:		86950.33 time, 86920.01 real, 3646 MB, 1.00 load
[runlim] sample:		86960.35 time, 86930.01 real, 3655 MB, 1.00 load
[runlim] sample:		86970.36 time, 86940.01 real, 3664 MB, 1.00 load
[runlim] sample:		86980.38 time, 86950.01 real, 3672 MB, 1.08 load
[runlim] sample:		86990.39 time, 86960.01 real, 3681 MB, 1.14 load
[runlim] sample:		87000.40 time, 86970.01 real, 3689 MB, 1.12 load
[runlim] sample:		87010.41 time, 86980.01 real, 3698 MB, 1.10 load
[runlim] sample:		87020.42 time, 86990.01 real, 3706 MB, 1.08 load
[runlim] sample:		87030.44 time, 87000.01 real, 3715 MB, 1.07 load
[runlim] sample:		87040.46 time, 87010.01 real, 3726 MB, 1.06 load
[runlim] sample:		87050.47 time, 87020.01 real, 3732 MB, 1.05 load
[runlim] sample:		87060.48 time, 87030.01 real, 3741 MB, 1.04 load
[runlim] sample:		87070.49 time, 87040.01 real, 3749 MB, 1.04 load
[runlim] sample:		87080.50 time, 87050.01 real, 3758 MB, 1.03 load
[runlim] sample:		87090.52 time, 87060.01 real, 3766 MB, 1.02 load
[runlim] sample:		87100.53 time, 87070.01 real, 3775 MB, 1.02 load
[runlim] sample:		87110.55 time, 87080.01 real, 3784 MB, 1.02 load
[runlim] sample:		87120.56 time, 87090.01 real, 3792 MB, 1.01 load
[runlim] sample:		87130.58 time, 87100.01 real, 3802 MB, 1.01 load
[runlim] sample:		87140.58 time, 87110.01 real, 3809 MB, 1.01 load
[runlim] sample:		87150.60 time, 87120.01 real, 3818 MB, 1.01 load
[runlim] sample:		87160.62 time, 87130.01 real, 3827 MB, 1.01 load
[runlim] sample:		87170.63 time, 87140.01 real, 3836 MB, 1.00 load
[runlim] sample:		87180.63 time, 87150.01 real, 3845 MB, 1.00 load
[runlim] sample:		87190.65 time, 87160.01 real, 3854 MB, 1.00 load
[runlim] sample:		87200.66 time, 87170.01 real, 3863 MB, 1.00 load
[runlim] sample:		87210.68 time, 87180.01 real, 3872 MB, 1.00 load
[runlim] sample:		87220.69 time, 87190.01 real, 3881 MB, 1.00 load
[runlim] sample:		87230.70 time, 87200.01 real, 3890 MB, 1.07 load
[runlim] sample:		87240.71 time, 87210.01 real, 3903 MB, 1.06 load
[runlim] sample:		87250.73 time, 87220.01 real, 3908 MB, 1.05 load
[runlim] sample:		87260.74 time, 87230.01 real, 3917 MB, 1.04 load
[runlim] sample:		87270.75 time, 87240.01 real, 3926 MB, 1.04 load
[runlim] sample:		87280.77 time, 87250.01 real, 3935 MB, 1.03 load
[runlim] sample:		87290.78 time, 87260.01 real, 3944 MB, 1.02 load
[runlim] sample:		87300.80 time, 87270.01 real, 3953 MB, 1.02 load
[runlim] sample:		87310.81 time, 87280.01 real, 3962 MB, 1.02 load
[runlim] sample:		87320.82 time, 87290.01 real, 3972 MB, 1.01 load
[runlim] sample:		87330.83 time, 87300.01 real, 3981 MB, 1.01 load
[runlim] sample:		87340.84 time, 87310.01 real, 3990 MB, 1.01 load
[runlim] sample:		87350.86 time, 87320.01 real, 4000 MB, 1.01 load
[runlim] sample:		87360.87 time, 87330.01 real, 4009 MB, 1.01 load

NN₁: mnist_relu_3_100_gemm.onnx
NN₂: mnist_relu_3_100_0.49.onnx
Prop: mnist_7_global_4.vnnlib
[runlim] sample:		87370.86 time, 87340.01 real, 3538 MB, 1.00 load
[runlim] sample:		87380.88 time, 87350.01 real, 3538 MB, 1.00 load
[runlim] sample:		87390.89 time, 87360.01 real, 3538 MB, 1.00 load
[runlim] sample:		87400.90 time, 87370.01 real, 3538 MB, 1.00 load
[runlim] sample:		87410.91 time, 87380.01 real, 3538 MB, 1.07 load
[runlim] sample:		87420.92 time, 87390.01 real, 3538 MB, 1.06 load
[runlim] sample:		87430.94 time, 87400.01 real, 3543 MB, 1.05 load
[runlim] sample:		87440.96 time, 87410.01 real, 3549 MB, 1.04 load
[runlim] sample:		87450.97 time, 87420.01 real, 3557 MB, 1.04 load
[runlim] sample:		87460.98 time, 87430.01 real, 3565 MB, 1.03 load
[runlim] sample:		87471.00 time, 87440.01 real, 3573 MB, 1.10 load
[runlim] sample:		87481.01 time, 87450.01 real, 3581 MB, 1.16 load
[runlim] sample:		87491.03 time, 87460.01 real, 3589 MB, 1.29 load
[runlim] sample:		87501.04 time, 87470.01 real, 3597 MB, 1.25 load
[runlim] sample:		87511.05 time, 87480.01 real, 3605 MB, 1.21 load
[runlim] sample:		87521.07 time, 87490.01 real, 3613 MB, 1.18 load
[runlim] sample:		87531.08 time, 87500.01 real, 3622 MB, 1.15 load
[runlim] sample:		87541.09 time, 87510.01 real, 3629 MB, 1.13 load
[runlim] sample:		87551.11 time, 87520.01 real, 3637 MB, 1.11 load
[runlim] sample:		87561.12 time, 87530.01 real, 3646 MB, 1.09 load
[runlim] sample:		87571.13 time, 87540.01 real, 3653 MB, 1.08 load
[runlim] sample:		87581.14 time, 87550.01 real, 3661 MB, 1.06 load
[runlim] sample:		87591.15 time, 87560.01 real, 3669 MB, 1.05 load
[runlim] sample:		87601.17 time, 87570.01 real, 3677 MB, 1.04 load
[runlim] sample:		87611.18 time, 87580.01 real, 3685 MB, 1.04 load
[runlim] sample:		87621.20 time, 87590.01 real, 3694 MB, 1.03 load
[runlim] sample:		87631.21 time, 87600.01 real, 3701 MB, 1.03 load
[runlim] sample:		87641.22 time, 87610.01 real, 3709 MB, 1.02 load
[runlim] sample:		87651.23 time, 87620.01 real, 3718 MB, 1.02 load
[runlim] sample:		87661.25 time, 87630.01 real, 3726 MB, 1.01 load
[runlim] sample:		87671.26 time, 87640.01 real, 3734 MB, 1.01 load
[runlim] sample:		87681.28 time, 87650.01 real, 3742 MB, 1.01 load
[runlim] sample:		87691.28 time, 87660.01 real, 3750 MB, 1.01 load
[runlim] sample:		87701.30 time, 87670.01 real, 3758 MB, 1.01 load
[runlim] sample:		87711.31 time, 87680.01 real, 3766 MB, 1.00 load
[runlim] sample:		87721.33 time, 87690.01 real, 3774 MB, 1.00 load
[runlim] sample:		87731.34 time, 87700.01 real, 3782 MB, 1.00 load
[runlim] sample:		87741.35 time, 87710.01 real, 3791 MB, 1.00 load
[runlim] sample:		87751.36 time, 87720.01 real, 3798 MB, 1.00 load
[runlim] sample:		87761.38 time, 87730.01 real, 3806 MB, 1.00 load
[runlim] sample:		87771.39 time, 87740.01 real, 3814 MB, 1.00 load
[runlim] sample:		87781.41 time, 87750.01 real, 3823 MB, 1.00 load
[runlim] sample:		87791.42 time, 87760.01 real, 3831 MB, 1.00 load
[runlim] sample:		87801.43 time, 87770.01 real, 3839 MB, 1.00 load
[runlim] sample:		87811.44 time, 87780.01 real, 3848 MB, 1.00 load
[runlim] sample:		87821.46 time, 87790.01 real, 3857 MB, 1.00 load
[runlim] sample:		87831.47 time, 87800.01 real, 3868 MB, 1.00 load
[runlim] sample:		87841.49 time, 87810.01 real, 3873 MB, 1.00 load
[runlim] sample:		87851.51 time, 87820.01 real, 3882 MB, 1.00 load
[runlim] sample:		87861.52 time, 87830.01 real, 3891 MB, 1.00 load
[runlim] sample:		87871.53 time, 87840.01 real, 3899 MB, 1.00 load
[runlim] sample:		87881.55 time, 87850.01 real, 3908 MB, 1.00 load
[runlim] sample:		87891.55 time, 87860.01 real, 3916 MB, 1.00 load
[runlim] sample:		87901.57 time, 87870.01 real, 3925 MB, 1.00 load
[runlim] sample:		87911.58 time, 87880.01 real, 3933 MB, 1.00 load
[runlim] sample:		87921.60 time, 87890.01 real, 3942 MB, 1.00 load
[runlim] sample:		87931.61 time, 87900.01 real, 3950 MB, 1.00 load
[runlim] sample:		87941.62 time, 87910.01 real, 3959 MB, 1.00 load
[runlim] sample:		87951.63 time, 87920.01 real, 3968 MB, 1.00 load
[runlim] sample:		87961.64 time, 87930.01 real, 3977 MB, 1.00 load

NN₁: mnist_relu_3_100_gemm.onnx
NN₂: mnist_relu_3_100_0.49.onnx
Prop: mnist_7_global_5.vnnlib
[runlim] sample:		87971.65 time, 87940.01 real, 3538 MB, 1.00 load
[runlim] sample:		87981.66 time, 87950.01 real, 3538 MB, 1.08 load
[runlim] sample:		87991.67 time, 87960.01 real, 3538 MB, 1.14 load
[runlim] sample:		88001.69 time, 87970.01 real, 3538 MB, 1.12 load
[runlim] sample:		88011.70 time, 87980.01 real, 3538 MB, 1.10 load
[runlim] sample:		88021.71 time, 87990.01 real, 3538 MB, 1.08 load
[runlim] sample:		88031.72 time, 88000.01 real, 3538 MB, 1.07 load
[runlim] sample:		88041.74 time, 88010.01 real, 3542 MB, 1.06 load
[runlim] sample:		88051.75 time, 88020.01 real, 3551 MB, 1.05 load
[runlim] sample:		88061.77 time, 88030.01 real, 3556 MB, 1.04 load
[runlim] sample:		88071.77 time, 88040.01 real, 3563 MB, 1.04 load
[runlim] sample:		88081.79 time, 88050.01 real, 3570 MB, 1.03 load
[runlim] sample:		88091.80 time, 88060.01 real, 3578 MB, 1.10 load
[runlim] sample:		88101.82 time, 88070.01 real, 3586 MB, 1.09 load
[runlim] sample:		88111.82 time, 88080.01 real, 3592 MB, 1.07 load
[runlim] sample:		88121.84 time, 88090.01 real, 3599 MB, 1.06 load
[runlim] sample:		88131.85 time, 88100.01 real, 3607 MB, 1.05 load
[runlim] sample:		88141.86 time, 88110.01 real, 3614 MB, 1.04 load
[runlim] sample:		88151.88 time, 88120.01 real, 3621 MB, 1.04 load
[runlim] sample:		88161.89 time, 88130.01 real, 3628 MB, 1.03 load
[runlim] sample:		88171.90 time, 88140.01 real, 3636 MB, 1.03 load
[runlim] sample:		88181.92 time, 88150.01 real, 3643 MB, 1.02 load
[runlim] sample:		88191.93 time, 88160.01 real, 3650 MB, 1.02 load
[runlim] sample:		88201.94 time, 88170.01 real, 3659 MB, 1.01 load
[runlim] sample:		88211.96 time, 88180.01 real, 3665 MB, 1.01 load
[runlim] sample:		88221.97 time, 88190.01 real, 3672 MB, 1.01 load
[runlim] sample:		88231.99 time, 88200.01 real, 3682 MB, 1.01 load
[runlim] sample:		88242.00 time, 88210.01 real, 3687 MB, 1.01 load
[runlim] sample:		88252.02 time, 88220.01 real, 3694 MB, 1.00 load
[runlim] sample:		88262.03 time, 88230.01 real, 3701 MB, 1.00 load
[runlim] sample:		88272.04 time, 88240.01 real, 3708 MB, 1.00 load
[runlim] sample:		88282.06 time, 88250.01 real, 3716 MB, 1.00 load
[runlim] sample:		88292.07 time, 88260.01 real, 3723 MB, 1.00 load
[runlim] sample:		88302.09 time, 88270.01 real, 3730 MB, 1.00 load
[runlim] sample:		88312.10 time, 88280.01 real, 3737 MB, 1.00 load
[runlim] sample:		88322.11 time, 88290.01 real, 3745 MB, 1.00 load
[runlim] sample:		88332.13 time, 88300.01 real, 3752 MB, 1.00 load
[runlim] sample:		88342.14 time, 88310.01 real, 3759 MB, 1.00 load
[runlim] sample:		88352.15 time, 88320.01 real, 3766 MB, 1.00 load
[runlim] sample:		88362.17 time, 88330.01 real, 3774 MB, 1.00 load
[runlim] sample:		88372.18 time, 88340.01 real, 3781 MB, 1.00 load
[runlim] sample:		88382.19 time, 88350.01 real, 3788 MB, 1.00 load
[runlim] sample:		88392.20 time, 88360.01 real, 3797 MB, 1.00 load
[runlim] sample:		88402.20 time, 88370.01 real, 3803 MB, 1.00 load
[runlim] sample:		88412.21 time, 88380.01 real, 3810 MB, 1.00 load
[runlim] sample:		88422.22 time, 88390.01 real, 3818 MB, 1.00 load
[runlim] sample:		88432.22 time, 88400.01 real, 3825 MB, 1.00 load
[runlim] sample:		88442.23 time, 88410.01 real, 3832 MB, 1.00 load
[runlim] sample:		88452.23 time, 88420.01 real, 3840 MB, 1.00 load
[runlim] sample:		88462.23 time, 88430.01 real, 3848 MB, 1.00 load
[runlim] sample:		88472.24 time, 88440.01 real, 3858 MB, 1.00 load
[runlim] sample:		88482.24 time, 88450.01 real, 3863 MB, 1.08 load
[runlim] sample:		88492.25 time, 88460.01 real, 3871 MB, 1.14 load
[runlim] sample:		88502.25 time, 88470.01 real, 3879 MB, 1.12 load
[runlim] sample:		88512.25 time, 88480.01 real, 3887 MB, 1.10 load
[runlim] sample:		88522.26 time, 88490.01 real, 3894 MB, 1.08 load
[runlim] sample:		88532.27 time, 88500.01 real, 3904 MB, 1.07 load
[runlim] sample:		88542.27 time, 88510.01 real, 3909 MB, 1.06 load
[runlim] sample:		88552.27 time, 88520.01 real, 3917 MB, 1.05 load
[runlim] sample:		88562.28 time, 88530.01 real, 3925 MB, 1.04 load

NN₁: mnist_relu_3_100_gemm.onnx
NN₂: mnist_relu_3_100_0.49.onnx
Prop: mnist_8_global_4.vnnlib
[runlim] sample:		88572.27 time, 88540.01 real, 3538 MB, 1.04 load
[runlim] sample:		88582.28 time, 88550.01 real, 3538 MB, 1.03 load
[runlim] sample:		88592.29 time, 88560.01 real, 3538 MB, 1.02 load
[runlim] sample:		88602.29 time, 88570.01 real, 3538 MB, 1.02 load
[runlim] sample:		88612.29 time, 88580.01 real, 3538 MB, 1.02 load
[runlim] sample:		88622.29 time, 88590.01 real, 3538 MB, 1.01 load
[runlim] sample:		88632.30 time, 88600.01 real, 3545 MB, 1.01 load
[runlim] sample:		88642.30 time, 88610.01 real, 3554 MB, 1.01 load
[runlim] sample:		88652.31 time, 88620.01 real, 3565 MB, 1.01 load
[runlim] sample:		88662.33 time, 88630.01 real, 3572 MB, 1.01 load
[runlim] sample:		88672.34 time, 88640.01 real, 3580 MB, 1.00 load
[runlim] sample:		88682.35 time, 88650.01 real, 3589 MB, 1.00 load
[runlim] sample:		88692.36 time, 88660.01 real, 3598 MB, 1.00 load
[runlim] sample:		88702.38 time, 88670.01 real, 3607 MB, 1.00 load
[runlim] sample:		88712.39 time, 88680.01 real, 3616 MB, 1.00 load
[runlim] sample:		88722.41 time, 88690.01 real, 3624 MB, 1.00 load
[runlim] sample:		88732.42 time, 88700.01 real, 3633 MB, 1.00 load
[runlim] sample:		88742.44 time, 88710.01 real, 3642 MB, 1.00 load
[runlim] sample:		88752.45 time, 88720.01 real, 3651 MB, 1.00 load
[runlim] sample:		88762.46 time, 88730.01 real, 3660 MB, 1.00 load
[runlim] sample:		88772.48 time, 88740.01 real, 3669 MB, 1.00 load
[runlim] sample:		88782.48 time, 88750.01 real, 3678 MB, 1.00 load
[runlim] sample:		88792.50 time, 88760.01 real, 3686 MB, 1.00 load
[runlim] sample:		88802.51 time, 88770.01 real, 3695 MB, 1.00 load
[runlim] sample:		88812.53 time, 88780.01 real, 3704 MB, 1.00 load
[runlim] sample:		88822.54 time, 88790.01 real, 3715 MB, 1.00 load
[runlim] sample:		88832.55 time, 88800.01 real, 3722 MB, 1.00 load
[runlim] sample:		88842.57 time, 88810.01 real, 3731 MB, 1.00 load
[runlim] sample:		88852.58 time, 88820.01 real, 3740 MB, 1.00 load
[runlim] sample:		88862.59 time, 88830.01 real, 3748 MB, 1.00 load
[runlim] sample:		88872.60 time, 88840.01 real, 3757 MB, 1.00 load
[runlim] sample:		88882.62 time, 88850.01 real, 3766 MB, 1.00 load
[runlim] sample:		88892.63 time, 88860.01 real, 3775 MB, 1.00 load
[runlim] sample:		88902.65 time, 88870.01 real, 3784 MB, 1.00 load
[runlim] sample:		88912.66 time, 88880.01 real, 3792 MB, 1.00 load
[runlim] sample:		88922.67 time, 88890.01 real, 3801 MB, 1.00 load
[runlim] sample:		88932.69 time, 88900.01 real, 3810 MB, 1.00 load
[runlim] sample:		88942.70 time, 88910.01 real, 3819 MB, 1.00 load
[runlim] sample:		88952.71 time, 88920.01 real, 3828 MB, 1.00 load
[runlim] sample:		88962.73 time, 88930.01 real, 3837 MB, 1.00 load
[runlim] sample:		88972.74 time, 88940.01 real, 3847 MB, 1.00 load
[runlim] sample:		88982.76 time, 88950.01 real, 3856 MB, 1.08 load
[runlim] sample:		88992.77 time, 88960.01 real, 3865 MB, 1.22 load
[runlim] sample:		89002.78 time, 88970.01 real, 3875 MB, 1.19 load
[runlim] sample:		89012.79 time, 88980.01 real, 3884 MB, 1.16 load
[runlim] sample:		89022.81 time, 88990.01 real, 3893 MB, 1.13 load
[runlim] sample:		89032.82 time, 89000.01 real, 3903 MB, 1.11 load
[runlim] sample:		89042.83 time, 89010.01 real, 3912 MB, 1.09 load
[runlim] sample:		89052.85 time, 89020.01 real, 3921 MB, 1.08 load
[runlim] sample:		89062.85 time, 89030.01 real, 3931 MB, 1.07 load
[runlim] sample:		89072.87 time, 89040.01 real, 3940 MB, 1.06 load
[runlim] sample:		89082.89 time, 89050.01 real, 3949 MB, 1.05 load
[runlim] sample:		89092.90 time, 89060.01 real, 3959 MB, 1.04 load
[runlim] sample:		89102.91 time, 89070.01 real, 3969 MB, 1.03 load
[runlim] sample:		89112.93 time, 89080.01 real, 3978 MB, 1.03 load
[runlim] sample:		89122.95 time, 89090.01 real, 3988 MB, 1.02 load
[runlim] sample:		89132.96 time, 89100.01 real, 3998 MB, 1.02 load
[runlim] sample:		89142.98 time, 89110.01 real, 4007 MB, 1.02 load
[runlim] sample:		89152.98 time, 89120.01 real, 4080 MB, 1.01 load
[runlim] sample:		89162.99 time, 89130.01 real, 4089 MB, 1.01 load

NN₁: mnist_relu_3_100_gemm.onnx
NN₂: mnist_relu_3_100_0.49.onnx
Prop: mnist_8_global_5.vnnlib
[runlim] sample:		89172.98 time, 89140.01 real, 3538 MB, 1.01 load
[runlim] sample:		89183.00 time, 89150.01 real, 3538 MB, 1.01 load
[runlim] sample:		89193.01 time, 89160.01 real, 3538 MB, 1.00 load
[runlim] sample:		89203.03 time, 89170.01 real, 3538 MB, 1.00 load
[runlim] sample:		89213.04 time, 89180.01 real, 3538 MB, 1.00 load
[runlim] sample:		89223.05 time, 89190.01 real, 3538 MB, 1.00 load
[runlim] sample:		89233.06 time, 89200.01 real, 3541 MB, 1.00 load
[runlim] sample:		89243.07 time, 89210.01 real, 3549 MB, 1.00 load
[runlim] sample:		89253.08 time, 89220.01 real, 3557 MB, 1.00 load
[runlim] sample:		89263.10 time, 89230.01 real, 3566 MB, 1.00 load
[runlim] sample:		89273.11 time, 89240.01 real, 3574 MB, 1.00 load
[runlim] sample:		89283.13 time, 89250.01 real, 3582 MB, 1.00 load
[runlim] sample:		89293.13 time, 89260.01 real, 3591 MB, 1.00 load
[runlim] sample:		89303.15 time, 89270.01 real, 3599 MB, 1.00 load
[runlim] sample:		89313.16 time, 89280.01 real, 3607 MB, 1.00 load
[runlim] sample:		89323.17 time, 89290.01 real, 3615 MB, 1.00 load
[runlim] sample:		89333.19 time, 89300.01 real, 3624 MB, 1.00 load
[runlim] sample:		89343.20 time, 89310.01 real, 3632 MB, 1.00 load
[runlim] sample:		89353.21 time, 89320.01 real, 3640 MB, 1.00 load
[runlim] sample:		89363.23 time, 89330.01 real, 3650 MB, 1.00 load
[runlim] sample:		89373.24 time, 89340.01 real, 3657 MB, 1.00 load
[runlim] sample:		89383.25 time, 89350.01 real, 3665 MB, 1.00 load
[runlim] sample:		89393.26 time, 89360.01 real, 3674 MB, 1.00 load
[runlim] sample:		89403.28 time, 89370.01 real, 3682 MB, 1.00 load
[runlim] sample:		89413.29 time, 89380.01 real, 3690 MB, 1.00 load
[runlim] sample:		89423.30 time, 89390.01 real, 3698 MB, 1.00 load
[runlim] sample:		89433.32 time, 89400.01 real, 3707 MB, 1.00 load
[runlim] sample:		89443.33 time, 89410.01 real, 3715 MB, 1.00 load
[runlim] sample:		89453.34 time, 89420.01 real, 3724 MB, 1.00 load
[runlim] sample:		89463.36 time, 89430.01 real, 3732 MB, 1.00 load
[runlim] sample:		89473.37 time, 89440.01 real, 3740 MB, 1.00 load
[runlim] sample:		89483.39 time, 89450.01 real, 3749 MB, 1.08 load
[runlim] sample:		89493.40 time, 89460.01 real, 3757 MB, 1.22 load
[runlim] sample:		89503.40 time, 89470.01 real, 3765 MB, 1.26 load
[runlim] sample:		89513.42 time, 89480.01 real, 3774 MB, 1.22 load
[runlim] sample:		89523.43 time, 89490.01 real, 3782 MB, 1.19 load
[runlim] sample:		89533.44 time, 89500.01 real, 3791 MB, 1.16 load
[runlim] sample:		89543.46 time, 89510.01 real, 3799 MB, 1.13 load
[runlim] sample:		89553.47 time, 89520.01 real, 3807 MB, 1.11 load
[runlim] sample:		89563.49 time, 89530.01 real, 3815 MB, 1.09 load
[runlim] sample:		89573.50 time, 89540.01 real, 3824 MB, 1.08 load
[runlim] sample:		89583.52 time, 89550.01 real, 3832 MB, 1.07 load
[runlim] sample:		89593.53 time, 89560.01 real, 3841 MB, 1.14 load
[runlim] sample:		89603.54 time, 89570.01 real, 3850 MB, 1.12 load
[runlim] sample:		89613.55 time, 89580.01 real, 3859 MB, 1.10 load
[runlim] sample:		89623.57 time, 89590.01 real, 3869 MB, 1.08 load
[runlim] sample:		89633.58 time, 89600.01 real, 3876 MB, 1.07 load
[runlim] sample:		89643.60 time, 89610.01 real, 3885 MB, 1.06 load
[runlim] sample:		89653.61 time, 89620.01 real, 3894 MB, 1.13 load
[runlim] sample:		89663.62 time, 89630.01 real, 3903 MB, 1.11 load
[runlim] sample:		89673.64 time, 89640.01 real, 3912 MB, 1.09 load
[runlim] sample:		89683.65 time, 89650.01 real, 3923 MB, 1.08 load
[runlim] sample:		89693.67 time, 89660.01 real, 3929 MB, 1.06 load
[runlim] sample:		89703.68 time, 89670.01 real, 3938 MB, 1.05 load
[runlim] sample:		89713.69 time, 89680.01 real, 3947 MB, 1.05 load
[runlim] sample:		89723.71 time, 89690.01 real, 3956 MB, 1.04 load
[runlim] sample:		89733.73 time, 89700.01 real, 3965 MB, 1.03 load
[runlim] sample:		89743.73 time, 89710.01 real, 3975 MB, 1.03 load
[runlim] sample:		89753.75 time, 89720.01 real, 3983 MB, 1.02 load
[runlim] sample:		89763.77 time, 89730.01 real, 3992 MB, 1.02 load

NN₁: mnist_relu_3_100_gemm.onnx
NN₂: mnist_relu_3_100_0.49.onnx
Prop: mnist_9_global_4.vnnlib
[runlim] sample:		89773.76 time, 89740.01 real, 3538 MB, 1.02 load
[runlim] sample:		89783.78 time, 89750.01 real, 3538 MB, 1.01 load
[runlim] sample:		89793.79 time, 89760.01 real, 3538 MB, 1.01 load
[runlim] sample:		89803.82 time, 89770.01 real, 3538 MB, 1.01 load
[runlim] sample:		89813.83 time, 89780.01 real, 3538 MB, 1.01 load
[runlim] sample:		89823.84 time, 89790.01 real, 3538 MB, 1.00 load
[runlim] sample:		89833.86 time, 89800.01 real, 3547 MB, 1.00 load
[runlim] sample:		89843.87 time, 89810.01 real, 3558 MB, 1.00 load
[runlim] sample:		89853.88 time, 89820.01 real, 3566 MB, 1.00 load
[runlim] sample:		89863.89 time, 89830.01 real, 3575 MB, 1.00 load
[runlim] sample:		89873.90 time, 89840.01 real, 3584 MB, 1.00 load
[runlim] sample:		89883.92 time, 89850.01 real, 3594 MB, 1.00 load
[runlim] sample:		89893.93 time, 89860.01 real, 3603 MB, 1.00 load
[runlim] sample:		89903.95 time, 89870.01 real, 3612 MB, 1.00 load
[runlim] sample:		89913.96 time, 89880.01 real, 3622 MB, 1.00 load
[runlim] sample:		89923.98 time, 89890.01 real, 3631 MB, 1.00 load
[runlim] sample:		89933.98 time, 89900.01 real, 3640 MB, 1.00 load
[runlim] sample:		89944.00 time, 89910.01 real, 3650 MB, 1.00 load
[runlim] sample:		89954.01 time, 89920.01 real, 3659 MB, 1.00 load
[runlim] sample:		89964.03 time, 89930.01 real, 3668 MB, 1.00 load
[runlim] sample:		89974.04 time, 89940.01 real, 3678 MB, 1.00 load
[runlim] sample:		89984.06 time, 89950.01 real, 3687 MB, 1.08 load
[runlim] sample:		89994.07 time, 89960.01 real, 3696 MB, 1.22 load
[runlim] sample:		90004.09 time, 89970.01 real, 3705 MB, 1.19 load
[runlim] sample:		90014.09 time, 89980.01 real, 3715 MB, 1.24 load
[runlim] sample:		90024.11 time, 89990.01 real, 3724 MB, 1.20 load
[runlim] sample:		90034.13 time, 90000.01 real, 3733 MB, 1.17 load
[runlim] sample:		90044.14 time, 90010.01 real, 3743 MB, 1.14 load
[runlim] sample:		90054.15 time, 90020.01 real, 3752 MB, 1.20 load
[runlim] sample:		90064.17 time, 90030.01 real, 3761 MB, 1.16 load
[runlim] sample:		90074.18 time, 90040.01 real, 3771 MB, 1.14 load
[runlim] sample:		90084.18 time, 90050.01 real, 3780 MB, 1.12 load
[runlim] sample:		90094.20 time, 90060.01 real, 3790 MB, 1.10 load
[runlim] sample:		90104.21 time, 90070.01 real, 3803 MB, 1.08 load
[runlim] sample:		90114.23 time, 90080.01 real, 3808 MB, 1.07 load
[runlim] sample:		90124.24 time, 90090.01 real, 3817 MB, 1.06 load
[runlim] sample:		90134.26 time, 90100.01 real, 3827 MB, 1.05 load
[runlim] sample:		90144.27 time, 90110.01 real, 3837 MB, 1.04 load
[runlim] sample:		90154.28 time, 90120.01 real, 3847 MB, 1.03 load
[runlim] sample:		90164.30 time, 90130.01 real, 3856 MB, 1.03 load
[runlim] sample:		90174.31 time, 90140.01 real, 3866 MB, 1.02 load
[runlim] sample:		90184.32 time, 90150.01 real, 3876 MB, 1.02 load
[runlim] sample:		90194.34 time, 90160.01 real, 3886 MB, 1.02 load
[runlim] sample:		90204.36 time, 90170.01 real, 3896 MB, 1.01 load
[runlim] sample:		90214.37 time, 90180.01 real, 3906 MB, 1.01 load
[runlim] sample:		90224.38 time, 90190.01 real, 3916 MB, 1.01 load
[runlim] sample:		90234.40 time, 90200.01 real, 3926 MB, 1.01 load
[runlim] sample:		90244.41 time, 90210.01 real, 3936 MB, 1.01 load
[runlim] sample:		90254.43 time, 90220.01 real, 3946 MB, 1.00 load
[runlim] sample:		90264.44 time, 90230.01 real, 3956 MB, 1.00 load
[runlim] sample:		90274.46 time, 90240.01 real, 3966 MB, 1.00 load
[runlim] sample:		90284.46 time, 90250.01 real, 3976 MB, 1.00 load
[runlim] sample:		90294.47 time, 90260.01 real, 3986 MB, 1.00 load
[runlim] sample:		90304.47 time, 90270.01 real, 3996 MB, 1.00 load
[runlim] sample:		90314.47 time, 90280.01 real, 4006 MB, 1.00 load
[runlim] sample:		90324.48 time, 90290.01 real, 4017 MB, 1.00 load
[runlim] sample:		90334.48 time, 90300.01 real, 4027 MB, 1.00 load
[runlim] sample:		90344.49 time, 90310.01 real, 4037 MB, 1.07 load
[runlim] sample:		90354.50 time, 90320.01 real, 4047 MB, 1.06 load
[runlim] sample:		90364.50 time, 90330.01 real, 4058 MB, 1.05 load

NN₁: mnist_relu_3_100_gemm.onnx
NN₂: mnist_relu_3_100_0.49.onnx
Prop: mnist_9_global_5.vnnlib
[runlim] sample:		90374.50 time, 90340.01 real, 3538 MB, 1.04 load
[runlim] sample:		90384.50 time, 90350.01 real, 3538 MB, 1.12 load
[runlim] sample:		90394.50 time, 90360.01 real, 3538 MB, 1.10 load
[runlim] sample:		90404.50 time, 90370.01 real, 3538 MB, 1.08 load
[runlim] sample:		90414.51 time, 90380.01 real, 3538 MB, 1.07 load
[runlim] sample:		90424.51 time, 90390.01 real, 3538 MB, 1.06 load
[runlim] sample:		90434.51 time, 90400.01 real, 3543 MB, 1.05 load
[runlim] sample:		90444.52 time, 90410.01 real, 3552 MB, 1.04 load
[runlim] sample:		90454.52 time, 90420.01 real, 3562 MB, 1.03 load
[runlim] sample:		90464.53 time, 90430.01 real, 3569 MB, 1.03 load
[runlim] sample:		90474.53 time, 90440.01 real, 3578 MB, 1.02 load
[runlim] sample:		90484.54 time, 90450.01 real, 3586 MB, 1.10 load
[runlim] sample:		90494.54 time, 90460.01 real, 3595 MB, 1.24 load
[runlim] sample:		90504.54 time, 90470.01 real, 3603 MB, 1.20 load
[runlim] sample:		90514.55 time, 90480.01 real, 3612 MB, 1.17 load
[runlim] sample:		90524.56 time, 90490.01 real, 3622 MB, 1.14 load
[runlim] sample:		90534.56 time, 90500.01 real, 3629 MB, 1.12 load
[runlim] sample:		90544.57 time, 90510.01 real, 3638 MB, 1.10 load
[runlim] sample:		90554.57 time, 90520.01 real, 3647 MB, 1.09 load
[runlim] sample:		90564.57 time, 90530.01 real, 3655 MB, 1.07 load
[runlim] sample:		90574.58 time, 90540.01 real, 3664 MB, 1.06 load
[runlim] sample:		90584.58 time, 90550.01 real, 3676 MB, 1.05 load
[runlim] sample:		90594.58 time, 90560.01 real, 3681 MB, 1.04 load
[runlim] sample:		90604.59 time, 90570.01 real, 3690 MB, 1.04 load
[runlim] sample:		90614.59 time, 90580.01 real, 3699 MB, 1.03 load
[runlim] sample:		90624.59 time, 90590.01 real, 3707 MB, 1.02 load
[runlim] sample:		90634.61 time, 90600.01 real, 3716 MB, 1.02 load
[runlim] sample:		90644.61 time, 90610.01 real, 3725 MB, 1.02 load
[runlim] sample:		90654.62 time, 90620.01 real, 3734 MB, 1.01 load
[runlim] sample:		90664.62 time, 90630.01 real, 3742 MB, 1.01 load
[runlim] sample:		90674.63 time, 90640.01 real, 3751 MB, 1.01 load
[runlim] sample:		90684.63 time, 90650.01 real, 3760 MB, 1.01 load
[runlim] sample:		90694.63 time, 90660.01 real, 3768 MB, 1.01 load
[runlim] sample:		90704.64 time, 90670.01 real, 3778 MB, 1.00 load
[runlim] sample:		90714.64 time, 90680.01 real, 3786 MB, 1.00 load
[runlim] sample:		90724.64 time, 90690.01 real, 3794 MB, 1.00 load
[runlim] sample:		90734.65 time, 90700.01 real, 3803 MB, 1.00 load
[runlim] sample:		90744.66 time, 90710.01 real, 3812 MB, 1.00 load
[runlim] sample:		90754.66 time, 90720.01 real, 3820 MB, 1.00 load
[runlim] sample:		90764.67 time, 90730.01 real, 3829 MB, 1.00 load
[runlim] sample:		90774.66 time, 90740.01 real, 3839 MB, 1.00 load
[runlim] sample:		90784.67 time, 90750.01 real, 3848 MB, 1.00 load
[runlim] sample:		90794.68 time, 90760.01 real, 3857 MB, 1.00 load
[runlim] sample:		90804.68 time, 90770.01 real, 3866 MB, 1.00 load
[runlim] sample:		90814.68 time, 90780.01 real, 3875 MB, 1.00 load
[runlim] sample:		90824.69 time, 90790.01 real, 3884 MB, 1.00 load
[runlim] sample:		90834.69 time, 90800.01 real, 3894 MB, 1.00 load
[runlim] sample:		90844.69 time, 90810.01 real, 3903 MB, 1.00 load
[runlim] sample:		90854.71 time, 90820.01 real, 3912 MB, 1.00 load
[runlim] sample:		90864.71 time, 90830.01 real, 3921 MB, 1.00 load
[runlim] sample:		90874.72 time, 90840.01 real, 3930 MB, 1.00 load
[runlim] sample:		90884.72 time, 90850.01 real, 3939 MB, 1.00 load
[runlim] sample:		90894.72 time, 90860.01 real, 3948 MB, 1.00 load
[runlim] sample:		90904.73 time, 90870.01 real, 3958 MB, 1.00 load
[runlim] sample:		90914.73 time, 90880.01 real, 3967 MB, 1.00 load
[runlim] sample:		90924.73 time, 90890.01 real, 3977 MB, 1.00 load
[runlim] sample:		90934.74 time, 90900.01 real, 3986 MB, 1.00 load
[runlim] sample:		90944.74 time, 90910.01 real, 3996 MB, 1.00 load
[runlim] sample:		90954.74 time, 90920.01 real, 4005 MB, 1.00 load
[runlim] sample:		90964.75 time, 90930.01 real, 4014 MB, 1.00 load

NN₁: mnist_relu_3_100_gemm.onnx
NN₂: mnist_relu_3_100_0.49.onnx
Prop: mnist_10_global_4.vnnlib
[runlim] sample:		90974.72 time, 90940.01 real, 3538 MB, 1.00 load
[runlim] sample:		90984.73 time, 90950.01 real, 3538 MB, 1.08 load
[runlim] sample:		90994.73 time, 90960.01 real, 3538 MB, 1.14 load
[runlim] sample:		91004.74 time, 90970.01 real, 3538 MB, 1.12 load
[runlim] sample:		91014.74 time, 90980.01 real, 3538 MB, 1.10 load
[runlim] sample:		91024.75 time, 90990.01 real, 3540 MB, 1.08 load
[runlim] sample:		91034.76 time, 91000.01 real, 3550 MB, 1.15 load
[runlim] sample:		91044.76 time, 91010.01 real, 3560 MB, 1.13 load
[runlim] sample:		91054.77 time, 91020.01 real, 3570 MB, 1.11 load
[runlim] sample:		91064.77 time, 91030.01 real, 3579 MB, 1.09 load
[runlim] sample:		91074.77 time, 91040.01 real, 3589 MB, 1.08 load
[runlim] sample:		91084.78 time, 91050.01 real, 3599 MB, 1.06 load
[runlim] sample:		91094.80 time, 91060.01 real, 3608 MB, 1.05 load
[runlim] sample:		91104.80 time, 91070.01 real, 3618 MB, 1.05 load
[runlim] sample:		91114.82 time, 91080.01 real, 3629 MB, 1.04 load
[runlim] sample:		91124.83 time, 91090.01 real, 3638 MB, 1.03 load
[runlim] sample:		91134.84 time, 91100.01 real, 3648 MB, 1.03 load
[runlim] sample:		91144.85 time, 91110.01 real, 3660 MB, 1.02 load
[runlim] sample:		91154.87 time, 91120.01 real, 3667 MB, 1.02 load
[runlim] sample:		91164.88 time, 91130.01 real, 3677 MB, 1.02 load
[runlim] sample:		91174.90 time, 91140.01 real, 3687 MB, 1.01 load
[runlim] sample:		91184.91 time, 91150.01 real, 3699 MB, 1.01 load
[runlim] sample:		91194.93 time, 91160.01 real, 3707 MB, 1.01 load
[runlim] sample:		91204.93 time, 91170.01 real, 3716 MB, 1.01 load
[runlim] sample:		91214.95 time, 91180.01 real, 3726 MB, 1.00 load
[runlim] sample:		91224.97 time, 91190.01 real, 3740 MB, 1.00 load
[runlim] sample:		91234.98 time, 91200.01 real, 3746 MB, 1.00 load
[runlim] sample:		91245.00 time, 91210.01 real, 3756 MB, 1.00 load
[runlim] sample:		91255.01 time, 91220.01 real, 3766 MB, 1.00 load
[runlim] sample:		91265.02 time, 91230.01 real, 3775 MB, 1.00 load
[runlim] sample:		91275.03 time, 91240.01 real, 3785 MB, 1.00 load
[runlim] sample:		91285.04 time, 91250.01 real, 3795 MB, 1.00 load
[runlim] sample:		91295.05 time, 91260.01 real, 3805 MB, 1.00 load
[runlim] sample:		91305.07 time, 91270.01 real, 3814 MB, 1.00 load
[runlim] sample:		91315.08 time, 91280.01 real, 3824 MB, 1.00 load
[runlim] sample:		91325.09 time, 91290.01 real, 3836 MB, 1.00 load
[runlim] sample:		91335.11 time, 91300.01 real, 3845 MB, 1.00 load
[runlim] sample:		91345.12 time, 91310.01 real, 3855 MB, 1.00 load
[runlim] sample:		91355.14 time, 91320.01 real, 3865 MB, 1.00 load
[runlim] sample:		91365.15 time, 91330.01 real, 3876 MB, 1.00 load
[runlim] sample:		91375.17 time, 91340.01 real, 3886 MB, 1.08 load
[runlim] sample:		91385.18 time, 91350.01 real, 3900 MB, 1.07 load
[runlim] sample:		91395.18 time, 91360.01 real, 3906 MB, 1.06 load
[runlim] sample:		91405.20 time, 91370.01 real, 3917 MB, 1.05 load
[runlim] sample:		91415.22 time, 91380.01 real, 3927 MB, 1.04 load
[runlim] sample:		91425.23 time, 91390.01 real, 3938 MB, 1.03 load
[runlim] sample:		91435.24 time, 91400.01 real, 3948 MB, 1.03 load
[runlim] sample:		91445.26 time, 91410.01 real, 3959 MB, 1.02 load
[runlim] sample:		91455.27 time, 91420.01 real, 3969 MB, 1.02 load
[runlim] sample:		91465.28 time, 91430.01 real, 3980 MB, 1.02 load
[runlim] sample:		91475.30 time, 91440.01 real, 3990 MB, 1.01 load
[runlim] sample:		91485.31 time, 91450.01 real, 4001 MB, 1.09 load
[runlim] sample:		91495.32 time, 91460.01 real, 4012 MB, 1.22 load
[runlim] sample:		91505.34 time, 91470.01 real, 4022 MB, 1.19 load
[runlim] sample:		91515.35 time, 91480.01 real, 4033 MB, 1.16 load
[runlim] sample:		91525.36 time, 91490.01 real, 4043 MB, 1.13 load
[runlim] sample:		91535.37 time, 91500.01 real, 4198 MB, 1.11 load
[runlim] sample:		91545.39 time, 91510.01 real, 4203 MB, 1.10 load
[runlim] sample:		91555.40 time, 91520.01 real, 4213 MB, 1.08 load
[runlim] sample:		91565.42 time, 91530.01 real, 4224 MB, 1.07 load

NN₁: mnist_relu_3_100_gemm.onnx
NN₂: mnist_relu_3_100_0.49.onnx
Prop: mnist_10_global_5.vnnlib
[runlim] sample:		91575.41 time, 91540.01 real, 3538 MB, 1.06 load
[runlim] sample:		91585.42 time, 91550.01 real, 3538 MB, 1.05 load
[runlim] sample:		91595.43 time, 91560.01 real, 3538 MB, 1.04 load
[runlim] sample:		91605.44 time, 91570.01 real, 3538 MB, 1.03 load
[runlim] sample:		91615.46 time, 91580.01 real, 3538 MB, 1.03 load
[runlim] sample:		91625.47 time, 91590.01 real, 3538 MB, 1.02 load
[runlim] sample:		91635.49 time, 91600.01 real, 3546 MB, 1.02 load
[runlim] sample:		91645.50 time, 91610.01 real, 3555 MB, 1.02 load
[runlim] sample:		91655.51 time, 91620.01 real, 3564 MB, 1.01 load
[runlim] sample:		91665.52 time, 91630.01 real, 3573 MB, 1.01 load
[runlim] sample:		91675.53 time, 91640.01 real, 3582 MB, 1.01 load
[runlim] sample:		91685.55 time, 91650.01 real, 3591 MB, 1.01 load
[runlim] sample:		91695.56 time, 91660.01 real, 3602 MB, 1.00 load
[runlim] sample:		91705.57 time, 91670.01 real, 3610 MB, 1.00 load
[runlim] sample:		91715.59 time, 91680.01 real, 3619 MB, 1.00 load
[runlim] sample:		91725.61 time, 91690.01 real, 3628 MB, 1.00 load
[runlim] sample:		91735.62 time, 91700.01 real, 3637 MB, 1.00 load
[runlim] sample:		91745.63 time, 91710.01 real, 3647 MB, 1.00 load
[runlim] sample:		91755.65 time, 91720.01 real, 3656 MB, 1.08 load
[runlim] sample:		91765.65 time, 91730.01 real, 3665 MB, 1.07 load
[runlim] sample:		91775.66 time, 91740.01 real, 3674 MB, 1.06 load
[runlim] sample:		91785.68 time, 91750.01 real, 3686 MB, 1.05 load
[runlim] sample:		91795.69 time, 91760.01 real, 3693 MB, 1.04 load
[runlim] sample:		91805.71 time, 91770.01 real, 3702 MB, 1.03 load
[runlim] sample:		91815.72 time, 91780.01 real, 3711 MB, 1.03 load
[runlim] sample:		91825.74 time, 91790.01 real, 3724 MB, 1.02 load
[runlim] sample:		91835.75 time, 91800.01 real, 3729 MB, 1.02 load
[runlim] sample:		91845.76 time, 91810.01 real, 3739 MB, 1.02 load
[runlim] sample:		91855.78 time, 91820.01 real, 3748 MB, 1.01 load
[runlim] sample:		91865.79 time, 91830.01 real, 3757 MB, 1.01 load
[runlim] sample:		91875.80 time, 91840.01 real, 3766 MB, 1.01 load
[runlim] sample:		91885.81 time, 91850.01 real, 3776 MB, 1.01 load
[runlim] sample:		91895.83 time, 91860.01 real, 3785 MB, 1.00 load
[runlim] sample:		91905.84 time, 91870.01 real, 3794 MB, 1.00 load
[runlim] sample:		91915.85 time, 91880.01 real, 3804 MB, 1.00 load
[runlim] sample:		91925.87 time, 91890.01 real, 3813 MB, 1.00 load
[runlim] sample:		91935.88 time, 91900.01 real, 3822 MB, 1.00 load
[runlim] sample:		91945.89 time, 91910.01 real, 3831 MB, 1.00 load
[runlim] sample:		91955.91 time, 91920.01 real, 3841 MB, 1.00 load
[runlim] sample:		91965.92 time, 91930.01 real, 3851 MB, 1.00 load
[runlim] sample:		91975.93 time, 91940.01 real, 3860 MB, 1.07 load
[runlim] sample:		91985.94 time, 91950.01 real, 3873 MB, 1.14 load
[runlim] sample:		91995.95 time, 91960.01 real, 3880 MB, 1.35 load
[runlim] sample:		92005.97 time, 91970.01 real, 3889 MB, 1.30 load
[runlim] sample:		92015.98 time, 91980.01 real, 3899 MB, 1.25 load
[runlim] sample:		92026.00 time, 91990.01 real, 3909 MB, 1.21 load
[runlim] sample:		92036.01 time, 92000.01 real, 3918 MB, 1.18 load
[runlim] sample:		92046.02 time, 92010.01 real, 3928 MB, 1.15 load
[runlim] sample:		92056.03 time, 92020.01 real, 3938 MB, 1.13 load
[runlim] sample:		92066.05 time, 92030.01 real, 3947 MB, 1.11 load
[runlim] sample:		92076.06 time, 92040.01 real, 3957 MB, 1.09 load
[runlim] sample:		92086.08 time, 92050.01 real, 3967 MB, 1.08 load
[runlim] sample:		92096.09 time, 92060.01 real, 3977 MB, 1.06 load
[runlim] sample:		92106.10 time, 92070.01 real, 3987 MB, 1.05 load
[runlim] sample:		92116.11 time, 92080.01 real, 3997 MB, 1.05 load
[runlim] sample:		92126.13 time, 92090.01 real, 4007 MB, 1.04 load
[runlim] sample:		92136.14 time, 92100.01 real, 4085 MB, 1.03 load
[runlim] sample:		92146.15 time, 92110.01 real, 4091 MB, 1.03 load
[runlim] sample:		92156.17 time, 92120.01 real, 4101 MB, 1.02 load
[runlim] sample:		92166.18 time, 92130.01 real, 4111 MB, 1.02 load

NN₁: mnist_relu_3_100_gemm.onnx
NN₂: mnist_relu_3_100_0.79_adam_1_stepsize.onnx
Prop: mnist_0_global_4.vnnlib

NN₁: mnist_relu_3_100_gemm.onnx
NN₂: mnist_relu_3_100_0.79_adam_1_stepsize.onnx
Prop: mnist_0_global_5.vnnlib
[runlim] sample:		92176.17 time, 92140.01 real, 3538 MB, 1.02 load
[runlim] sample:		92186.18 time, 92150.01 real, 3538 MB, 1.01 load
[runlim] sample:		92196.20 time, 92160.01 real, 3538 MB, 1.01 load
[runlim] sample:		92206.21 time, 92170.01 real, 3538 MB, 1.01 load
[runlim] sample:		92216.22 time, 92180.01 real, 3538 MB, 1.01 load
[runlim] sample:		92226.24 time, 92190.01 real, 3538 MB, 1.00 load
[runlim] sample:		92236.24 time, 92200.01 real, 3539 MB, 1.00 load
[runlim] sample:		92246.26 time, 92210.01 real, 3547 MB, 1.00 load
[runlim] sample:		92256.28 time, 92220.01 real, 3556 MB, 1.00 load
[runlim] sample:		92266.29 time, 92230.01 real, 3564 MB, 1.00 load
[runlim] sample:		92276.30 time, 92240.01 real, 3572 MB, 1.00 load
[runlim] sample:		92286.31 time, 92250.01 real, 3580 MB, 1.00 load
[runlim] sample:		92296.33 time, 92260.01 real, 3589 MB, 1.00 load
[runlim] sample:		92306.34 time, 92270.01 real, 3597 MB, 1.00 load
[runlim] sample:		92316.35 time, 92280.01 real, 3605 MB, 1.00 load
[runlim] sample:		92326.37 time, 92290.01 real, 3614 MB, 1.00 load
[runlim] sample:		92336.37 time, 92300.01 real, 3622 MB, 1.00 load
[runlim] sample:		92346.39 time, 92310.01 real, 3630 MB, 1.08 load
[runlim] sample:		92356.40 time, 92320.01 real, 3641 MB, 1.07 load
[runlim] sample:		92366.42 time, 92330.01 real, 3647 MB, 1.06 load
[runlim] sample:		92376.43 time, 92340.01 real, 3655 MB, 1.05 load
[runlim] sample:		92386.44 time, 92350.01 real, 3663 MB, 1.04 load
[runlim] sample:		92396.46 time, 92360.01 real, 3672 MB, 1.03 load
[runlim] sample:		92406.47 time, 92370.01 real, 3680 MB, 1.03 load
[runlim] sample:		92416.49 time, 92380.01 real, 3691 MB, 1.02 load
[runlim] sample:		92426.50 time, 92390.01 real, 3697 MB, 1.02 load
[runlim] sample:		92436.51 time, 92400.01 real, 3705 MB, 1.02 load
[runlim] sample:		92446.53 time, 92410.01 real, 3714 MB, 1.01 load
[runlim] sample:		92456.55 time, 92420.01 real, 3722 MB, 1.01 load
[runlim] sample:		92466.56 time, 92430.01 real, 3730 MB, 1.01 load
[runlim] sample:		92476.57 time, 92440.01 real, 3739 MB, 1.01 load
[runlim] sample:		92486.58 time, 92450.01 real, 3747 MB, 1.09 load
[runlim] sample:		92496.60 time, 92460.01 real, 3755 MB, 1.15 load
[runlim] sample:		92506.61 time, 92470.01 real, 3763 MB, 1.12 load
[runlim] sample:		92516.62 time, 92480.01 real, 3772 MB, 1.10 load
[runlim] sample:		92526.64 time, 92490.01 real, 3780 MB, 1.09 load
[runlim] sample:		92536.65 time, 92500.01 real, 3789 MB, 1.07 load
[runlim] sample:		92546.66 time, 92510.01 real, 3797 MB, 1.06 load
[runlim] sample:		92556.68 time, 92520.01 real, 3805 MB, 1.05 load
[runlim] sample:		92566.69 time, 92530.01 real, 3814 MB, 1.04 load
[runlim] sample:		92576.71 time, 92540.01 real, 3822 MB, 1.04 load
[runlim] sample:		92586.72 time, 92550.01 real, 3834 MB, 1.03 load
[runlim] sample:		92596.73 time, 92560.01 real, 3839 MB, 1.02 load
[runlim] sample:		92606.75 time, 92570.01 real, 3848 MB, 1.02 load
[runlim] sample:		92616.77 time, 92580.01 real, 3857 MB, 1.02 load
[runlim] sample:		92626.78 time, 92590.01 real, 3866 MB, 1.01 load
[runlim] sample:		92636.79 time, 92600.01 real, 3875 MB, 1.01 load
[runlim] sample:		92646.80 time, 92610.01 real, 3883 MB, 1.01 load
[runlim] sample:		92656.81 time, 92620.01 real, 3892 MB, 1.01 load
[runlim] sample:		92666.83 time, 92630.01 real, 3901 MB, 1.01 load
[runlim] sample:		92676.84 time, 92640.01 real, 3910 MB, 1.00 load
[runlim] sample:		92686.86 time, 92650.01 real, 3918 MB, 1.00 load
[runlim] sample:		92696.87 time, 92660.01 real, 3927 MB, 1.00 load
[runlim] sample:		92706.88 time, 92670.01 real, 3936 MB, 1.00 load
[runlim] sample:		92716.89 time, 92680.01 real, 3945 MB, 1.00 load
[runlim] sample:		92726.91 time, 92690.01 real, 3954 MB, 1.00 load
[runlim] sample:		92736.92 time, 92700.01 real, 3963 MB, 1.00 load
[runlim] sample:		92746.94 time, 92710.01 real, 3972 MB, 1.00 load
[runlim] sample:		92756.95 time, 92720.01 real, 3981 MB, 1.00 load
[runlim] sample:		92766.96 time, 92730.01 real, 3990 MB, 1.00 load

NN₁: mnist_relu_3_100_gemm.onnx
NN₂: mnist_relu_3_100_0.79_adam_1_stepsize.onnx
Prop: mnist_1_global_4.vnnlib

NN₁: mnist_relu_3_100_gemm.onnx
NN₂: mnist_relu_3_100_0.79_adam_1_stepsize.onnx
Prop: mnist_1_global_5.vnnlib
[runlim] sample:		92776.95 time, 92740.01 real, 3538 MB, 1.00 load
[runlim] sample:		92786.97 time, 92750.01 real, 3538 MB, 1.00 load
[runlim] sample:		92796.98 time, 92760.01 real, 3538 MB, 1.00 load
[runlim] sample:		92806.99 time, 92770.01 real, 3538 MB, 1.00 load
[runlim] sample:		92817.00 time, 92780.01 real, 3538 MB, 1.07 load
[runlim] sample:		92827.02 time, 92790.01 real, 3538 MB, 1.06 load
[runlim] sample:		92837.03 time, 92800.01 real, 3544 MB, 1.05 load
[runlim] sample:		92847.04 time, 92810.01 real, 3553 MB, 1.04 load
[runlim] sample:		92857.06 time, 92820.01 real, 3562 MB, 1.04 load
[runlim] sample:		92867.07 time, 92830.01 real, 3571 MB, 1.03 load
[runlim] sample:		92877.08 time, 92840.01 real, 3582 MB, 1.02 load
[runlim] sample:		92887.10 time, 92850.01 real, 3590 MB, 1.02 load
[runlim] sample:		92897.11 time, 92860.01 real, 3599 MB, 1.02 load
[runlim] sample:		92907.12 time, 92870.01 real, 3608 MB, 1.01 load
[runlim] sample:		92917.14 time, 92880.01 real, 3617 MB, 1.01 load
[runlim] sample:		92927.14 time, 92890.01 real, 3628 MB, 1.01 load
[runlim] sample:		92937.16 time, 92900.01 real, 3635 MB, 1.01 load
[runlim] sample:		92947.17 time, 92910.01 real, 3645 MB, 1.01 load
[runlim] sample:		92957.18 time, 92920.01 real, 3654 MB, 1.00 load
[runlim] sample:		92967.20 time, 92930.01 real, 3663 MB, 1.00 load
[runlim] sample:		92977.21 time, 92940.01 real, 3672 MB, 1.08 load
[runlim] sample:		92987.23 time, 92950.01 real, 3682 MB, 1.15 load
[runlim] sample:		92997.24 time, 92960.01 real, 3691 MB, 1.20 load
[runlim] sample:		93007.25 time, 92970.01 real, 3700 MB, 1.25 load
[runlim] sample:		93017.27 time, 92980.01 real, 3709 MB, 1.21 load
[runlim] sample:		93027.28 time, 92990.01 real, 3719 MB, 1.17 load
[runlim] sample:		93037.30 time, 93000.01 real, 3730 MB, 1.15 load
[runlim] sample:		93047.31 time, 93010.01 real, 3737 MB, 1.12 load
[runlim] sample:		93057.32 time, 93020.01 real, 3746 MB, 1.10 load
[runlim] sample:		93067.33 time, 93030.01 real, 3755 MB, 1.09 load
[runlim] sample:		93077.34 time, 93040.01 real, 3768 MB, 1.07 load
[runlim] sample:		93087.36 time, 93050.01 real, 3774 MB, 1.06 load
[runlim] sample:		93097.37 time, 93060.01 real, 3783 MB, 1.05 load
[runlim] sample:		93107.38 time, 93070.01 real, 3792 MB, 1.04 load
[runlim] sample:		93117.39 time, 93080.01 real, 3802 MB, 1.04 load
[runlim] sample:		93127.41 time, 93090.01 real, 3814 MB, 1.03 load
[runlim] sample:		93137.42 time, 93100.01 real, 3820 MB, 1.02 load
[runlim] sample:		93147.43 time, 93110.01 real, 3829 MB, 1.02 load
[runlim] sample:		93157.45 time, 93120.01 real, 3839 MB, 1.02 load
[runlim] sample:		93167.46 time, 93130.01 real, 3849 MB, 1.01 load
[runlim] sample:		93177.47 time, 93140.01 real, 3859 MB, 1.01 load
[runlim] sample:		93187.49 time, 93150.01 real, 3868 MB, 1.01 load
[runlim] sample:		93197.50 time, 93160.01 real, 3878 MB, 1.01 load
[runlim] sample:		93207.51 time, 93170.01 real, 3888 MB, 1.01 load
[runlim] sample:		93217.52 time, 93180.01 real, 3897 MB, 1.00 load
[runlim] sample:		93227.54 time, 93190.01 real, 3907 MB, 1.00 load
[runlim] sample:		93237.55 time, 93200.01 real, 3917 MB, 1.00 load
[runlim] sample:		93247.56 time, 93210.01 real, 3927 MB, 1.08 load
[runlim] sample:		93257.58 time, 93220.01 real, 3936 MB, 1.06 load
[runlim] sample:		93267.59 time, 93230.01 real, 3946 MB, 1.05 load
[runlim] sample:		93277.61 time, 93240.01 real, 3956 MB, 1.04 load
[runlim] sample:		93287.62 time, 93250.01 real, 3966 MB, 1.04 load
[runlim] sample:		93297.63 time, 93260.01 real, 3976 MB, 1.03 load
[runlim] sample:		93307.64 time, 93270.01 real, 3986 MB, 1.03 load
[runlim] sample:		93317.66 time, 93280.01 real, 4023 MB, 1.02 load
[runlim] sample:		93327.67 time, 93290.01 real, 4027 MB, 1.02 load
[runlim] sample:		93337.68 time, 93300.01 real, 4037 MB, 1.01 load
[runlim] sample:		93347.70 time, 93310.01 real, 4047 MB, 1.01 load
[runlim] sample:		93357.71 time, 93320.01 real, 4057 MB, 1.01 load
[runlim] sample:		93367.72 time, 93330.01 real, 4068 MB, 1.01 load

NN₁: mnist_relu_3_100_gemm.onnx
NN₂: mnist_relu_3_100_0.79_adam_1_stepsize.onnx
Prop: mnist_2_global_4.vnnlib
[runlim] sample:		93377.72 time, 93340.01 real, 3538 MB, 1.01 load
[runlim] sample:		93387.73 time, 93350.01 real, 3538 MB, 1.00 load
[runlim] sample:		93397.74 time, 93360.01 real, 3538 MB, 1.00 load
[runlim] sample:		93407.76 time, 93370.01 real, 3538 MB, 1.00 load
[runlim] sample:		93417.77 time, 93380.01 real, 3538 MB, 1.00 load
[runlim] sample:		93427.79 time, 93390.01 real, 3538 MB, 1.00 load
[runlim] sample:		93437.80 time, 93400.01 real, 3538 MB, 1.00 load
[runlim] sample:		93447.81 time, 93410.01 real, 3544 MB, 1.00 load
[runlim] sample:		93457.81 time, 93420.01 real, 3552 MB, 1.00 load
[runlim] sample:		93467.82 time, 93430.01 real, 3560 MB, 1.00 load
[runlim] sample:		93477.83 time, 93440.01 real, 3568 MB, 1.00 load
[runlim] sample:		93487.83 time, 93450.01 real, 3575 MB, 1.08 load
[runlim] sample:		93497.83 time, 93460.01 real, 3584 MB, 1.14 load
[runlim] sample:		93507.84 time, 93470.01 real, 3593 MB, 1.12 load
[runlim] sample:		93517.85 time, 93480.01 real, 3599 MB, 1.10 load
[runlim] sample:		93527.86 time, 93490.01 real, 3608 MB, 1.08 load
[runlim] sample:		93537.87 time, 93500.01 real, 3615 MB, 1.07 load
[runlim] sample:		93547.89 time, 93510.01 real, 3623 MB, 1.06 load
[runlim] sample:		93557.90 time, 93520.01 real, 3632 MB, 1.05 load
[runlim] sample:		93567.91 time, 93530.01 real, 3639 MB, 1.04 load
[runlim] sample:		93577.92 time, 93540.01 real, 3647 MB, 1.04 load
[runlim] sample:		93587.94 time, 93550.01 real, 3655 MB, 1.03 load
[runlim] sample:		93597.95 time, 93560.01 real, 3663 MB, 1.02 load
[runlim] sample:		93607.96 time, 93570.01 real, 3672 MB, 1.02 load
[runlim] sample:		93617.97 time, 93580.01 real, 3679 MB, 1.02 load
[runlim] sample:		93627.99 time, 93590.01 real, 3687 MB, 1.01 load
[runlim] sample:		93638.00 time, 93600.01 real, 3695 MB, 1.01 load
[runlim] sample:		93648.01 time, 93610.01 real, 3704 MB, 1.01 load
[runlim] sample:		93658.03 time, 93620.01 real, 3711 MB, 1.01 load
[runlim] sample:		93668.04 time, 93630.01 real, 3719 MB, 1.01 load
[runlim] sample:		93678.05 time, 93640.01 real, 3728 MB, 1.00 load
[runlim] sample:		93688.07 time, 93650.01 real, 3735 MB, 1.00 load
[runlim] sample:		93698.08 time, 93660.01 real, 3743 MB, 1.00 load
[runlim] sample:		93708.09 time, 93670.01 real, 3752 MB, 1.00 load
[runlim] sample:		93718.10 time, 93680.01 real, 3760 MB, 1.00 load
[runlim] sample:		93728.12 time, 93690.01 real, 3768 MB, 1.00 load
[runlim] sample:		93738.13 time, 93700.01 real, 3776 MB, 1.00 load
[runlim] sample:		93748.14 time, 93710.01 real, 3784 MB, 1.00 load
[runlim] sample:		93758.16 time, 93720.01 real, 3792 MB, 1.00 load
[runlim] sample:		93768.17 time, 93730.01 real, 3800 MB, 1.00 load
[runlim] sample:		93778.18 time, 93740.01 real, 3808 MB, 1.00 load
[runlim] sample:		93788.19 time, 93750.01 real, 3816 MB, 1.00 load
[runlim] sample:		93798.21 time, 93760.01 real, 3824 MB, 1.00 load
[runlim] sample:		93808.23 time, 93770.01 real, 3832 MB, 1.00 load
[runlim] sample:		93818.24 time, 93780.01 real, 3841 MB, 1.00 load
[runlim] sample:		93828.26 time, 93790.01 real, 3849 MB, 1.00 load
[runlim] sample:		93838.27 time, 93800.01 real, 3858 MB, 1.00 load
[runlim] sample:		93848.27 time, 93810.01 real, 3866 MB, 1.00 load
[runlim] sample:		93858.30 time, 93820.01 real, 3875 MB, 1.00 load
[runlim] sample:		93868.31 time, 93830.01 real, 3883 MB, 1.00 load
[runlim] sample:		93878.32 time, 93840.01 real, 3892 MB, 1.00 load
[runlim] sample:		93888.33 time, 93850.01 real, 3900 MB, 1.00 load
[runlim] sample:		93898.35 time, 93860.01 real, 3909 MB, 1.00 load
[runlim] sample:		93908.37 time, 93870.01 real, 3917 MB, 1.00 load
[runlim] sample:		93918.37 time, 93880.01 real, 3926 MB, 1.00 load
[runlim] sample:		93928.39 time, 93890.01 real, 3936 MB, 1.00 load
[runlim] sample:		93938.41 time, 93900.01 real, 3943 MB, 1.00 load
[runlim] sample:		93948.42 time, 93910.01 real, 3951 MB, 1.00 load
[runlim] sample:		93958.43 time, 93920.01 real, 3960 MB, 1.00 load
[runlim] sample:		93968.44 time, 93930.01 real, 3969 MB, 1.00 load

NN₁: mnist_relu_3_100_gemm.onnx
NN₂: mnist_relu_3_100_0.79_adam_1_stepsize.onnx
Prop: mnist_3_global_5.vnnlib
[runlim] sample:		93978.44 time, 93940.01 real, 3539 MB, 1.00 load

NN₁: mnist_relu_3_100_gemm.onnx
NN₂: mnist_relu_3_100_0.79_adam_1_stepsize.onnx
Prop: mnist_4_global_4.vnnlib

NN₁: mnist_relu_3_100_gemm.onnx
NN₂: mnist_relu_3_100_0.79_adam_1_stepsize.onnx
Prop: mnist_4_global_5.vnnlib
[runlim] sample:		93988.45 time, 93950.01 real, 3539 MB, 1.08 load
[runlim] sample:		93998.46 time, 93960.01 real, 3539 MB, 1.14 load
[runlim] sample:		94008.48 time, 93970.01 real, 3539 MB, 1.12 load
[runlim] sample:		94018.48 time, 93980.01 real, 3539 MB, 1.10 load
[runlim] sample:		94028.50 time, 93990.01 real, 3539 MB, 1.08 load
[runlim] sample:		94038.51 time, 94000.01 real, 3539 MB, 1.07 load
[runlim] sample:		94048.52 time, 94010.01 real, 3547 MB, 1.06 load
[runlim] sample:		94058.54 time, 94020.01 real, 3555 MB, 1.05 load
[runlim] sample:		94068.56 time, 94030.01 real, 3564 MB, 1.04 load
[runlim] sample:		94078.57 time, 94040.01 real, 3573 MB, 1.04 load
[runlim] sample:		94088.58 time, 94050.01 real, 3581 MB, 1.03 load
[runlim] sample:		94098.59 time, 94060.01 real, 3591 MB, 1.02 load
[runlim] sample:		94108.60 time, 94070.01 real, 3598 MB, 1.02 load
[runlim] sample:		94118.62 time, 94080.01 real, 3607 MB, 1.02 load
[runlim] sample:		94128.63 time, 94090.01 real, 3617 MB, 1.01 load
[runlim] sample:		94138.65 time, 94100.01 real, 3624 MB, 1.01 load
[runlim] sample:		94148.66 time, 94110.01 real, 3633 MB, 1.01 load
[runlim] sample:		94158.67 time, 94120.01 real, 3641 MB, 1.01 load
[runlim] sample:		94168.68 time, 94130.01 real, 3650 MB, 1.01 load
[runlim] sample:		94178.69 time, 94140.01 real, 3658 MB, 1.00 load
[runlim] sample:		94188.70 time, 94150.01 real, 3669 MB, 1.00 load
[runlim] sample:		94198.72 time, 94160.01 real, 3676 MB, 1.00 load
[runlim] sample:		94208.73 time, 94170.01 real, 3684 MB, 1.00 load
[runlim] sample:		94218.74 time, 94180.01 real, 3693 MB, 1.00 load
[runlim] sample:		94228.76 time, 94190.01 real, 3701 MB, 1.07 load
[runlim] sample:		94238.78 time, 94200.01 real, 3710 MB, 1.06 load
[runlim] sample:		94248.80 time, 94210.01 real, 3719 MB, 1.05 load
[runlim] sample:		94258.81 time, 94220.01 real, 3728 MB, 1.04 load
[runlim] sample:		94268.82 time, 94230.01 real, 3736 MB, 1.04 load
[runlim] sample:		94278.84 time, 94240.01 real, 3745 MB, 1.03 load
[runlim] sample:		94288.84 time, 94250.01 real, 3753 MB, 1.11 load
[runlim] sample:		94298.86 time, 94260.01 real, 3763 MB, 1.09 load
[runlim] sample:		94308.87 time, 94270.01 real, 3770 MB, 1.07 load
[runlim] sample:		94318.89 time, 94280.01 real, 3779 MB, 1.06 load
[runlim] sample:		94328.89 time, 94290.01 real, 3788 MB, 1.05 load
[runlim] sample:		94338.91 time, 94300.01 real, 3797 MB, 1.04 load
[runlim] sample:		94348.92 time, 94310.01 real, 3805 MB, 1.04 load
[runlim] sample:		94358.93 time, 94320.01 real, 3814 MB, 1.03 load
[runlim] sample:		94368.95 time, 94330.01 real, 3822 MB, 1.03 load
[runlim] sample:		94378.96 time, 94340.01 real, 3831 MB, 1.02 load
[runlim] sample:		94388.98 time, 94350.01 real, 3840 MB, 1.02 load
[runlim] sample:		94398.99 time, 94360.01 real, 3852 MB, 1.01 load
[runlim] sample:		94409.01 time, 94370.01 real, 3858 MB, 1.01 load
[runlim] sample:		94419.02 time, 94380.01 real, 3867 MB, 1.01 load
[runlim] sample:		94429.03 time, 94390.01 real, 3877 MB, 1.01 load
[runlim] sample:		94439.04 time, 94400.01 real, 3886 MB, 1.01 load
[runlim] sample:		94449.05 time, 94410.01 real, 3895 MB, 1.00 load
[runlim] sample:		94459.07 time, 94420.01 real, 3905 MB, 1.00 load
[runlim] sample:		94469.08 time, 94430.01 real, 3913 MB, 1.00 load
[runlim] sample:		94479.09 time, 94440.01 real, 3922 MB, 1.00 load
[runlim] sample:		94489.11 time, 94450.01 real, 3931 MB, 1.08 load
[runlim] sample:		94499.12 time, 94460.01 real, 3940 MB, 1.22 load
[runlim] sample:		94509.14 time, 94470.01 real, 3949 MB, 1.19 load
[runlim] sample:		94519.15 time, 94480.01 real, 3959 MB, 1.16 load
[runlim] sample:		94529.16 time, 94490.01 real, 3968 MB, 1.13 load
[runlim] sample:		94539.17 time, 94500.01 real, 3977 MB, 1.11 load
[runlim] sample:		94549.18 time, 94510.01 real, 3986 MB, 1.10 load
[runlim] sample:		94559.19 time, 94520.01 real, 3996 MB, 1.08 load
[runlim] sample:		94569.21 time, 94530.01 real, 4005 MB, 1.07 load
[runlim] sample:		94579.22 time, 94540.01 real, 4015 MB, 1.06 load

NN₁: mnist_relu_3_100_gemm.onnx
NN₂: mnist_relu_3_100_0.79_adam_1_stepsize.onnx
Prop: mnist_5_global_4.vnnlib

NN₁: mnist_relu_3_100_gemm.onnx
NN₂: mnist_relu_3_100_0.79_adam_1_stepsize.onnx
Prop: mnist_5_global_5.vnnlib
[runlim] sample:		94589.18 time, 94550.01 real, 3539 MB, 1.05 load
[runlim] sample:		94599.19 time, 94560.01 real, 3539 MB, 1.04 load
[runlim] sample:		94609.21 time, 94570.01 real, 3539 MB, 1.03 load
[runlim] sample:		94619.22 time, 94580.01 real, 3539 MB, 1.03 load
[runlim] sample:		94629.23 time, 94590.01 real, 3539 MB, 1.02 load
[runlim] sample:		94639.24 time, 94600.01 real, 3539 MB, 1.02 load
[runlim] sample:		94649.26 time, 94610.01 real, 3542 MB, 1.02 load
[runlim] sample:		94659.27 time, 94620.01 real, 3550 MB, 1.09 load
[runlim] sample:		94669.28 time, 94630.01 real, 3558 MB, 1.08 load
[runlim] sample:		94679.29 time, 94640.01 real, 3565 MB, 1.07 load
[runlim] sample:		94689.31 time, 94650.01 real, 3574 MB, 1.06 load
[runlim] sample:		94699.32 time, 94660.01 real, 3581 MB, 1.05 load
[runlim] sample:		94709.33 time, 94670.01 real, 3589 MB, 1.04 load
[runlim] sample:		94719.34 time, 94680.01 real, 3597 MB, 1.03 load
[runlim] sample:		94729.36 time, 94690.01 real, 3605 MB, 1.03 load
[runlim] sample:		94739.38 time, 94700.01 real, 3613 MB, 1.02 load
[runlim] sample:		94749.39 time, 94710.01 real, 3621 MB, 1.02 load
[runlim] sample:		94759.40 time, 94720.01 real, 3629 MB, 1.02 load
[runlim] sample:		94769.42 time, 94730.01 real, 3637 MB, 1.01 load
[runlim] sample:		94779.43 time, 94740.01 real, 3645 MB, 1.01 load
[runlim] sample:		94789.44 time, 94750.01 real, 3653 MB, 1.01 load
[runlim] sample:		94799.46 time, 94760.01 real, 3661 MB, 1.01 load
[runlim] sample:		94809.47 time, 94770.01 real, 3669 MB, 1.00 load
[runlim] sample:		94819.48 time, 94780.01 real, 3677 MB, 1.00 load
[runlim] sample:		94829.50 time, 94790.01 real, 3685 MB, 1.00 load
[runlim] sample:		94839.51 time, 94800.01 real, 3693 MB, 1.00 load
[runlim] sample:		94849.52 time, 94810.01 real, 3701 MB, 1.00 load
[runlim] sample:		94859.54 time, 94820.01 real, 3711 MB, 1.00 load
[runlim] sample:		94869.55 time, 94830.01 real, 3717 MB, 1.00 load
[runlim] sample:		94879.56 time, 94840.01 real, 3725 MB, 1.00 load
[runlim] sample:		94889.58 time, 94850.01 real, 3734 MB, 1.00 load
[runlim] sample:		94899.59 time, 94860.01 real, 3742 MB, 1.00 load
[runlim] sample:		94909.61 time, 94870.01 real, 3749 MB, 1.00 load
[runlim] sample:		94919.62 time, 94880.01 real, 3758 MB, 1.00 load
[runlim] sample:		94929.63 time, 94890.01 real, 3766 MB, 1.00 load
[runlim] sample:		94939.64 time, 94900.01 real, 3774 MB, 1.00 load
[runlim] sample:		94949.66 time, 94910.01 real, 3782 MB, 1.00 load
[runlim] sample:		94959.67 time, 94920.01 real, 3790 MB, 1.00 load
[runlim] sample:		94969.69 time, 94930.01 real, 3798 MB, 1.00 load
[runlim] sample:		94979.69 time, 94940.01 real, 3806 MB, 1.00 load
[runlim] sample:		94989.70 time, 94950.01 real, 3814 MB, 1.08 load
[runlim] sample:		94999.72 time, 94960.01 real, 3822 MB, 1.22 load
[runlim] sample:		95009.73 time, 94970.01 real, 3830 MB, 1.19 load
[runlim] sample:		95019.75 time, 94980.01 real, 3839 MB, 1.16 load
[runlim] sample:		95029.76 time, 94990.01 real, 3850 MB, 1.13 load
[runlim] sample:		95039.78 time, 95000.01 real, 3855 MB, 1.19 load
[runlim] sample:		95049.79 time, 95010.01 real, 3864 MB, 1.16 load
[runlim] sample:		95059.80 time, 95020.01 real, 3872 MB, 1.13 load
[runlim] sample:		95069.81 time, 95030.01 real, 3881 MB, 1.11 load
[runlim] sample:		95079.83 time, 95040.01 real, 3892 MB, 1.09 load
[runlim] sample:		95089.84 time, 95050.01 real, 3897 MB, 1.08 load
[runlim] sample:		95099.86 time, 95060.01 real, 3906 MB, 1.07 load
[runlim] sample:		95109.87 time, 95070.01 real, 3914 MB, 1.06 load
[runlim] sample:		95119.89 time, 95080.01 real, 3923 MB, 1.05 load
[runlim] sample:		95129.89 time, 95090.01 real, 3931 MB, 1.04 load
[runlim] sample:		95139.91 time, 95100.01 real, 3940 MB, 1.03 load
[runlim] sample:		95149.92 time, 95110.01 real, 3949 MB, 1.03 load
[runlim] sample:		95159.93 time, 95120.01 real, 3957 MB, 1.02 load
[runlim] sample:		95169.95 time, 95130.01 real, 3965 MB, 1.02 load
[runlim] sample:		95179.97 time, 95140.01 real, 3974 MB, 1.02 load

NN₁: mnist_relu_3_100_gemm.onnx
NN₂: mnist_relu_3_100_0.79_adam_1_stepsize.onnx
Prop: mnist_6_global_4.vnnlib

NN₁: mnist_relu_3_100_gemm.onnx
NN₂: mnist_relu_3_100_0.79_adam_1_stepsize.onnx
Prop: mnist_6_global_5.vnnlib
[runlim] sample:		95189.92 time, 95150.01 real, 3539 MB, 1.09 load
[runlim] sample:		95199.94 time, 95160.01 real, 3539 MB, 1.08 load
[runlim] sample:		95209.95 time, 95170.01 real, 3539 MB, 1.07 load
[runlim] sample:		95219.97 time, 95180.01 real, 3539 MB, 1.06 load
[runlim] sample:		95229.97 time, 95190.01 real, 3539 MB, 1.05 load
[runlim] sample:		95239.99 time, 95200.01 real, 3539 MB, 1.04 load
[runlim] sample:		95250.00 time, 95210.01 real, 3544 MB, 1.03 load
[runlim] sample:		95260.02 time, 95220.01 real, 3552 MB, 1.10 load
[runlim] sample:		95270.03 time, 95230.01 real, 3561 MB, 1.08 load
[runlim] sample:		95280.04 time, 95240.01 real, 3569 MB, 1.07 load
[runlim] sample:		95290.05 time, 95250.01 real, 3577 MB, 1.06 load
[runlim] sample:		95300.07 time, 95260.01 real, 3585 MB, 1.05 load
[runlim] sample:		95310.08 time, 95270.01 real, 3594 MB, 1.04 load
[runlim] sample:		95320.10 time, 95280.01 real, 3602 MB, 1.04 load
[runlim] sample:		95330.11 time, 95290.01 real, 3611 MB, 1.03 load
[runlim] sample:		95340.13 time, 95300.01 real, 3619 MB, 1.02 load
[runlim] sample:		95350.14 time, 95310.01 real, 3630 MB, 1.02 load
[runlim] sample:		95360.15 time, 95320.01 real, 3636 MB, 1.02 load
[runlim] sample:		95370.16 time, 95330.01 real, 3644 MB, 1.01 load
[runlim] sample:		95380.18 time, 95340.01 real, 3653 MB, 1.01 load
[runlim] sample:		95390.19 time, 95350.01 real, 3661 MB, 1.01 load
[runlim] sample:		95400.21 time, 95360.01 real, 3670 MB, 1.01 load
[runlim] sample:		95410.22 time, 95370.01 real, 3678 MB, 1.01 load
[runlim] sample:		95420.24 time, 95380.01 real, 3686 MB, 1.00 load
[runlim] sample:		95430.25 time, 95390.01 real, 3695 MB, 1.00 load
[runlim] sample:		95440.26 time, 95400.01 real, 3703 MB, 1.00 load
[runlim] sample:		95450.28 time, 95410.01 real, 3711 MB, 1.00 load
[runlim] sample:		95460.29 time, 95420.01 real, 3720 MB, 1.00 load
[runlim] sample:		95470.31 time, 95430.01 real, 3728 MB, 1.00 load
[runlim] sample:		95480.32 time, 95440.01 real, 3737 MB, 1.00 load
[runlim] sample:		95490.33 time, 95450.01 real, 3745 MB, 1.08 load
[runlim] sample:		95500.35 time, 95460.01 real, 3754 MB, 1.14 load
[runlim] sample:		95510.37 time, 95470.01 real, 3762 MB, 1.12 load
[runlim] sample:		95520.38 time, 95480.01 real, 3771 MB, 1.10 load
[runlim] sample:		95530.39 time, 95490.01 real, 3779 MB, 1.08 load
[runlim] sample:		95540.40 time, 95500.01 real, 3787 MB, 1.07 load
[runlim] sample:		95550.42 time, 95510.01 real, 3796 MB, 1.06 load
[runlim] sample:		95560.43 time, 95520.01 real, 3804 MB, 1.05 load
[runlim] sample:		95570.44 time, 95530.01 real, 3812 MB, 1.04 load
[runlim] sample:		95580.46 time, 95540.01 real, 3821 MB, 1.04 load
[runlim] sample:		95590.47 time, 95550.01 real, 3829 MB, 1.03 load
[runlim] sample:		95600.48 time, 95560.01 real, 3838 MB, 1.02 load
[runlim] sample:		95610.49 time, 95570.01 real, 3847 MB, 1.02 load
[runlim] sample:		95620.51 time, 95580.01 real, 3856 MB, 1.02 load
[runlim] sample:		95630.52 time, 95590.01 real, 3865 MB, 1.01 load
[runlim] sample:		95640.54 time, 95600.01 real, 3874 MB, 1.01 load
[runlim] sample:		95650.55 time, 95610.01 real, 3883 MB, 1.01 load
[runlim] sample:		95660.57 time, 95620.01 real, 3892 MB, 1.09 load
[runlim] sample:		95670.58 time, 95630.01 real, 3903 MB, 1.07 load
[runlim] sample:		95680.59 time, 95640.01 real, 3909 MB, 1.06 load
[runlim] sample:		95690.61 time, 95650.01 real, 3918 MB, 1.05 load
[runlim] sample:		95700.62 time, 95660.01 real, 3927 MB, 1.04 load
[runlim] sample:		95710.63 time, 95670.01 real, 3936 MB, 1.04 load
[runlim] sample:		95720.65 time, 95680.01 real, 3945 MB, 1.03 load
[runlim] sample:		95730.66 time, 95690.01 real, 3954 MB, 1.02 load
[runlim] sample:		95740.67 time, 95700.01 real, 3963 MB, 1.02 load
[runlim] sample:		95750.69 time, 95710.01 real, 3972 MB, 1.02 load
[runlim] sample:		95760.70 time, 95720.01 real, 3982 MB, 1.01 load
[runlim] sample:		95770.71 time, 95730.01 real, 3991 MB, 1.01 load
[runlim] sample:		95780.73 time, 95740.01 real, 4000 MB, 1.01 load

NN₁: mnist_relu_3_100_gemm.onnx
NN₂: mnist_relu_3_100_0.79_adam_1_stepsize.onnx
Prop: mnist_7_global_4.vnnlib
[runlim] sample:		95790.66 time, 95750.01 real, 3539 MB, 1.01 load
[runlim] sample:		95800.67 time, 95760.01 real, 3539 MB, 1.01 load
[runlim] sample:		95810.69 time, 95770.01 real, 3539 MB, 1.00 load
[runlim] sample:		95820.70 time, 95780.01 real, 3539 MB, 1.00 load
[runlim] sample:		95830.71 time, 95790.01 real, 3539 MB, 1.00 load
[runlim] sample:		95840.73 time, 95800.01 real, 3539 MB, 1.00 load
[runlim] sample:		95850.74 time, 95810.01 real, 3540 MB, 1.00 load
[runlim] sample:		95860.76 time, 95820.01 real, 3548 MB, 1.00 load
[runlim] sample:		95870.77 time, 95830.01 real, 3556 MB, 1.00 load
[runlim] sample:		95880.79 time, 95840.01 real, 3564 MB, 1.00 load
[runlim] sample:		95890.79 time, 95850.01 real, 3572 MB, 1.00 load
[runlim] sample:		95900.82 time, 95860.01 real, 3580 MB, 1.00 load
[runlim] sample:		95910.82 time, 95870.01 real, 3589 MB, 1.00 load
[runlim] sample:		95920.84 time, 95880.01 real, 3595 MB, 1.00 load
[runlim] sample:		95930.85 time, 95890.01 real, 3605 MB, 1.00 load
[runlim] sample:		95940.87 time, 95900.01 real, 3611 MB, 1.00 load
[runlim] sample:		95950.87 time, 95910.01 real, 3619 MB, 1.00 load
[runlim] sample:		95960.90 time, 95920.01 real, 3627 MB, 1.00 load
[runlim] sample:		95970.90 time, 95930.01 real, 3635 MB, 1.00 load
[runlim] sample:		95980.91 time, 95940.01 real, 3643 MB, 1.00 load
[runlim] sample:		95990.92 time, 95950.01 real, 3651 MB, 1.08 load
[runlim] sample:		96000.94 time, 95960.01 real, 3659 MB, 1.22 load
[runlim] sample:		96010.96 time, 95970.01 real, 3667 MB, 1.19 load
[runlim] sample:		96020.97 time, 95980.01 real, 3675 MB, 1.16 load
[runlim] sample:		96030.98 time, 95990.01 real, 3683 MB, 1.13 load
[runlim] sample:		96040.99 time, 96000.01 real, 3690 MB, 1.11 load
[runlim] sample:		96051.01 time, 96010.01 real, 3698 MB, 1.09 load
[runlim] sample:		96061.02 time, 96020.01 real, 3706 MB, 1.08 load
[runlim] sample:		96071.04 time, 96030.01 real, 3716 MB, 1.07 load
[runlim] sample:		96081.05 time, 96040.01 real, 3722 MB, 1.06 load
[runlim] sample:		96091.06 time, 96050.01 real, 3730 MB, 1.05 load
[runlim] sample:		96101.07 time, 96060.01 real, 3738 MB, 1.04 load
[runlim] sample:		96111.09 time, 96070.01 real, 3746 MB, 1.03 load
[runlim] sample:		96121.10 time, 96080.01 real, 3754 MB, 1.03 load
[runlim] sample:		96131.12 time, 96090.01 real, 3762 MB, 1.02 load
[runlim] sample:		96141.13 time, 96100.01 real, 3770 MB, 1.02 load
[runlim] sample:		96151.14 time, 96110.01 real, 3778 MB, 1.02 load
[runlim] sample:		96161.16 time, 96120.01 real, 3786 MB, 1.01 load
[runlim] sample:		96171.17 time, 96130.01 real, 3794 MB, 1.01 load
[runlim] sample:		96181.19 time, 96140.01 real, 3802 MB, 1.01 load
[runlim] sample:		96191.20 time, 96150.01 real, 3810 MB, 1.01 load
[runlim] sample:		96201.22 time, 96160.01 real, 3818 MB, 1.00 load
[runlim] sample:		96211.23 time, 96170.01 real, 3826 MB, 1.00 load
[runlim] sample:		96221.24 time, 96180.01 real, 3834 MB, 1.00 load
[runlim] sample:		96231.26 time, 96190.01 real, 3843 MB, 1.00 load
[runlim] sample:		96241.27 time, 96200.01 real, 3851 MB, 1.00 load
[runlim] sample:		96251.29 time, 96210.01 real, 3859 MB, 1.00 load
[runlim] sample:		96261.29 time, 96220.01 real, 3868 MB, 1.08 load
[runlim] sample:		96271.31 time, 96230.01 real, 3876 MB, 1.07 load
[runlim] sample:		96281.32 time, 96240.01 real, 3884 MB, 1.06 load
[runlim] sample:		96291.34 time, 96250.01 real, 3893 MB, 1.05 load
[runlim] sample:		96301.35 time, 96260.01 real, 3901 MB, 1.04 load
[runlim] sample:		96311.37 time, 96270.01 real, 3909 MB, 1.03 load
[runlim] sample:		96321.38 time, 96280.01 real, 3918 MB, 1.03 load
[runlim] sample:		96331.40 time, 96290.01 real, 3926 MB, 1.02 load
[runlim] sample:		96341.41 time, 96300.01 real, 3935 MB, 1.02 load
[runlim] sample:		96351.42 time, 96310.01 real, 3945 MB, 1.02 load
[runlim] sample:		96361.43 time, 96320.01 real, 3952 MB, 1.01 load
[runlim] sample:		96371.45 time, 96330.01 real, 3960 MB, 1.01 load
[runlim] sample:		96381.46 time, 96340.01 real, 3969 MB, 1.01 load

NN₁: mnist_relu_3_100_gemm.onnx
NN₂: mnist_relu_3_100_0.79_adam_1_stepsize.onnx
Prop: mnist_7_global_5.vnnlib
[runlim] sample:		96391.44 time, 96350.01 real, 3539 MB, 1.01 load
[runlim] sample:		96401.45 time, 96360.01 real, 3539 MB, 1.00 load
[runlim] sample:		96411.45 time, 96370.01 real, 3539 MB, 1.00 load
[runlim] sample:		96421.47 time, 96380.01 real, 3539 MB, 1.00 load
[runlim] sample:		96431.49 time, 96390.01 real, 3539 MB, 1.00 load
[runlim] sample:		96441.50 time, 96400.01 real, 3539 MB, 1.00 load
[runlim] sample:		96451.51 time, 96410.01 real, 3539 MB, 1.00 load
[runlim] sample:		96461.52 time, 96420.01 real, 3540 MB, 1.00 load
[runlim] sample:		96471.54 time, 96430.01 real, 3547 MB, 1.00 load
[runlim] sample:		96481.55 time, 96440.01 real, 3554 MB, 1.00 load
[runlim] sample:		96491.56 time, 96450.01 real, 3561 MB, 1.00 load
[runlim] sample:		96501.57 time, 96460.01 real, 3568 MB, 1.15 load
[runlim] sample:		96511.59 time, 96470.01 real, 3574 MB, 1.13 load
[runlim] sample:		96521.61 time, 96480.01 real, 3582 MB, 1.11 load
[runlim] sample:		96531.62 time, 96490.01 real, 3588 MB, 1.09 load
[runlim] sample:		96541.64 time, 96500.01 real, 3595 MB, 1.08 load
[runlim] sample:		96551.65 time, 96510.01 real, 3602 MB, 1.06 load
[runlim] sample:		96561.66 time, 96520.01 real, 3609 MB, 1.05 load
[runlim] sample:		96571.67 time, 96530.01 real, 3616 MB, 1.05 load
[runlim] sample:		96581.68 time, 96540.01 real, 3623 MB, 1.04 load
[runlim] sample:		96591.70 time, 96550.01 real, 3630 MB, 1.03 load
[runlim] sample:		96601.71 time, 96560.01 real, 3637 MB, 1.03 load
[runlim] sample:		96611.73 time, 96570.01 real, 3643 MB, 1.02 load
[runlim] sample:		96621.74 time, 96580.01 real, 3650 MB, 1.02 load
[runlim] sample:		96631.75 time, 96590.01 real, 3658 MB, 1.02 load
[runlim] sample:		96641.77 time, 96600.01 real, 3664 MB, 1.01 load
[runlim] sample:		96651.77 time, 96610.01 real, 3671 MB, 1.01 load
[runlim] sample:		96661.79 time, 96620.01 real, 3678 MB, 1.01 load
[runlim] sample:		96671.80 time, 96630.01 real, 3685 MB, 1.01 load
[runlim] sample:		96681.81 time, 96640.01 real, 3692 MB, 1.00 load
[runlim] sample:		96691.82 time, 96650.01 real, 3699 MB, 1.00 load
[runlim] sample:		96701.84 time, 96660.01 real, 3706 MB, 1.00 load
[runlim] sample:		96711.85 time, 96670.01 real, 3713 MB, 1.00 load
[runlim] sample:		96721.87 time, 96680.01 real, 3720 MB, 1.00 load
[runlim] sample:		96731.88 time, 96690.01 real, 3727 MB, 1.00 load
[runlim] sample:		96741.89 time, 96700.01 real, 3734 MB, 1.00 load
[runlim] sample:		96751.91 time, 96710.01 real, 3741 MB, 1.00 load
[runlim] sample:		96761.92 time, 96720.01 real, 3748 MB, 1.00 load
[runlim] sample:		96771.94 time, 96730.01 real, 3755 MB, 1.00 load
[runlim] sample:		96781.95 time, 96740.01 real, 3761 MB, 1.00 load
[runlim] sample:		96791.96 time, 96750.01 real, 3768 MB, 1.00 load
[runlim] sample:		96801.97 time, 96760.01 real, 3775 MB, 1.00 load
[runlim] sample:		96811.98 time, 96770.01 real, 3782 MB, 1.00 load
[runlim] sample:		96822.00 time, 96780.01 real, 3789 MB, 1.07 load
[runlim] sample:		96832.02 time, 96790.01 real, 3796 MB, 1.06 load
[runlim] sample:		96842.03 time, 96800.01 real, 3803 MB, 1.05 load
[runlim] sample:		96852.04 time, 96810.01 real, 3812 MB, 1.04 load
[runlim] sample:		96862.05 time, 96820.01 real, 3817 MB, 1.04 load
[runlim] sample:		96872.07 time, 96830.01 real, 3824 MB, 1.03 load
[runlim] sample:		96882.07 time, 96840.01 real, 3832 MB, 1.02 load
[runlim] sample:		96892.10 time, 96850.01 real, 3839 MB, 1.02 load
[runlim] sample:		96902.10 time, 96860.01 real, 3846 MB, 1.02 load
[runlim] sample:		96912.12 time, 96870.01 real, 3853 MB, 1.01 load
[runlim] sample:		96922.14 time, 96880.01 real, 3861 MB, 1.01 load
[runlim] sample:		96932.15 time, 96890.01 real, 3869 MB, 1.01 load
[runlim] sample:		96942.16 time, 96900.01 real, 3875 MB, 1.01 load
[runlim] sample:		96952.18 time, 96910.01 real, 3883 MB, 1.01 load
[runlim] sample:		96962.19 time, 96920.01 real, 3890 MB, 1.00 load
[runlim] sample:		96972.20 time, 96930.01 real, 3897 MB, 1.00 load
[runlim] sample:		96982.21 time, 96940.01 real, 3905 MB, 1.00 load

NN₁: mnist_relu_3_100_gemm.onnx
NN₂: mnist_relu_3_100_0.79_adam_1_stepsize.onnx
Prop: mnist_8_global_4.vnnlib
[runlim] sample:		96992.17 time, 96950.01 real, 3539 MB, 1.00 load
[runlim] sample:		97002.19 time, 96960.01 real, 3539 MB, 1.16 load
[runlim] sample:		97012.20 time, 96970.01 real, 3539 MB, 1.21 load
[runlim] sample:		97022.21 time, 96980.01 real, 3539 MB, 1.18 load
[runlim] sample:		97032.22 time, 96990.01 real, 3539 MB, 1.15 load
[runlim] sample:		97042.23 time, 97000.01 real, 3539 MB, 1.13 load
[runlim] sample:		97052.25 time, 97010.01 real, 3539 MB, 1.11 load
[runlim] sample:		97062.26 time, 97020.01 real, 3539 MB, 1.09 load
[runlim] sample:		97072.27 time, 97030.01 real, 3539 MB, 1.08 load
[runlim] sample:		97082.28 time, 97040.01 real, 3539 MB, 1.06 load
[runlim] sample:		97092.30 time, 97050.01 real, 3539 MB, 1.05 load
[runlim] sample:		97102.31 time, 97060.01 real, 3539 MB, 1.04 load
[runlim] sample:		97112.32 time, 97070.01 real, 3539 MB, 1.04 load
[runlim] sample:		97122.33 time, 97080.01 real, 3539 MB, 1.03 load
[runlim] sample:		97132.34 time, 97090.01 real, 3539 MB, 1.03 load

NN₁: mnist_relu_3_100_gemm.onnx
NN₂: mnist_relu_3_100_0.79_adam_1_stepsize.onnx
Prop: mnist_8_global_5.vnnlib
[runlim] sample:		97142.30 time, 97100.01 real, 3539 MB, 1.02 load
[runlim] sample:		97152.31 time, 97110.01 real, 3539 MB, 1.10 load
[runlim] sample:		97162.33 time, 97120.01 real, 3539 MB, 1.08 load
[runlim] sample:		97172.34 time, 97130.01 real, 3539 MB, 1.07 load
[runlim] sample:		97182.35 time, 97140.01 real, 3539 MB, 1.06 load
[runlim] sample:		97192.36 time, 97150.01 real, 3539 MB, 1.05 load
[runlim] sample:		97202.37 time, 97160.01 real, 3540 MB, 1.04 load
[runlim] sample:		97212.38 time, 97170.01 real, 3547 MB, 1.03 load
[runlim] sample:		97222.41 time, 97180.01 real, 3556 MB, 1.03 load
[runlim] sample:		97232.41 time, 97190.01 real, 3564 MB, 1.02 load
[runlim] sample:		97242.43 time, 97200.01 real, 3572 MB, 1.02 load
[runlim] sample:		97252.44 time, 97210.01 real, 3580 MB, 1.02 load
[runlim] sample:		97262.45 time, 97220.01 real, 3588 MB, 1.01 load
[runlim] sample:		97272.46 time, 97230.01 real, 3596 MB, 1.01 load
[runlim] sample:		97282.48 time, 97240.01 real, 3604 MB, 1.01 load
[runlim] sample:		97292.50 time, 97250.01 real, 3612 MB, 1.01 load
[runlim] sample:		97302.50 time, 97260.01 real, 3620 MB, 1.00 load
[runlim] sample:		97312.52 time, 97270.01 real, 3628 MB, 1.00 load
[runlim] sample:		97322.53 time, 97280.01 real, 3636 MB, 1.00 load
[runlim] sample:		97332.54 time, 97290.01 real, 3644 MB, 1.00 load
[runlim] sample:		97342.55 time, 97300.01 real, 3652 MB, 1.00 load
[runlim] sample:		97352.57 time, 97310.01 real, 3660 MB, 1.00 load
[runlim] sample:		97362.59 time, 97320.01 real, 3668 MB, 1.00 load
[runlim] sample:		97372.59 time, 97330.01 real, 3676 MB, 1.00 load
[runlim] sample:		97382.61 time, 97340.01 real, 3684 MB, 1.00 load
[runlim] sample:		97392.62 time, 97350.01 real, 3693 MB, 1.00 load
[runlim] sample:		97402.63 time, 97360.01 real, 3701 MB, 1.00 load
[runlim] sample:		97412.64 time, 97370.01 real, 3709 MB, 1.00 load
[runlim] sample:		97422.66 time, 97380.01 real, 3717 MB, 1.00 load
[runlim] sample:		97432.68 time, 97390.01 real, 3725 MB, 1.00 load
[runlim] sample:		97442.69 time, 97400.01 real, 3733 MB, 1.00 load
[runlim] sample:		97452.70 time, 97410.01 real, 3741 MB, 1.00 load
[runlim] sample:		97462.71 time, 97420.01 real, 3749 MB, 1.00 load
[runlim] sample:		97472.73 time, 97430.01 real, 3758 MB, 1.00 load
[runlim] sample:		97482.74 time, 97440.01 real, 3765 MB, 1.00 load
[runlim] sample:		97492.76 time, 97450.01 real, 3774 MB, 1.00 load
[runlim] sample:		97502.77 time, 97460.01 real, 3782 MB, 1.15 load
[runlim] sample:		97512.79 time, 97470.01 real, 3791 MB, 1.20 load
[runlim] sample:		97522.80 time, 97480.01 real, 3798 MB, 1.17 load
[runlim] sample:		97532.81 time, 97490.01 real, 3806 MB, 1.15 load
[runlim] sample:		97542.83 time, 97500.01 real, 3814 MB, 1.12 load
[runlim] sample:		97552.84 time, 97510.01 real, 3822 MB, 1.10 load
[runlim] sample:		97562.86 time, 97520.01 real, 3833 MB, 1.09 load
[runlim] sample:		97572.87 time, 97530.01 real, 3839 MB, 1.07 load
[runlim] sample:		97582.88 time, 97540.01 real, 3848 MB, 1.06 load
[runlim] sample:		97592.90 time, 97550.01 real, 3856 MB, 1.05 load
[runlim] sample:		97602.91 time, 97560.01 real, 3865 MB, 1.04 load
[runlim] sample:		97612.92 time, 97570.01 real, 3873 MB, 1.04 load
[runlim] sample:		97622.94 time, 97580.01 real, 3882 MB, 1.11 load
[runlim] sample:		97632.95 time, 97590.01 real, 3891 MB, 1.09 load
[runlim] sample:		97642.96 time, 97600.01 real, 3899 MB, 1.08 load
[runlim] sample:		97652.98 time, 97610.01 real, 3908 MB, 1.07 load
[runlim] sample:		97662.99 time, 97620.01 real, 3916 MB, 1.06 load
[runlim] sample:		97673.00 time, 97630.01 real, 3925 MB, 1.05 load
[runlim] sample:		97683.01 time, 97640.01 real, 3934 MB, 1.04 load
[runlim] sample:		97693.02 time, 97650.01 real, 3942 MB, 1.03 load
[runlim] sample:		97703.04 time, 97660.01 real, 3951 MB, 1.03 load
[runlim] sample:		97713.06 time, 97670.01 real, 3960 MB, 1.02 load
[runlim] sample:		97723.07 time, 97680.01 real, 3968 MB, 1.02 load
[runlim] sample:		97733.08 time, 97690.01 real, 3977 MB, 1.02 load

NN₁: mnist_relu_3_100_gemm.onnx
NN₂: mnist_relu_3_100_0.79_adam_1_stepsize.onnx
Prop: mnist_9_global_4.vnnlib

NN₁: mnist_relu_3_100_gemm.onnx
NN₂: mnist_relu_3_100_0.79_adam_1_stepsize.onnx
Prop: mnist_9_global_5.vnnlib
[runlim] sample:		97743.02 time, 97700.01 real, 3538 MB, 1.01 load
[runlim] sample:		97753.03 time, 97710.01 real, 3538 MB, 1.01 load
[runlim] sample:		97763.05 time, 97720.01 real, 3538 MB, 1.01 load
[runlim] sample:		97773.06 time, 97730.01 real, 3538 MB, 1.01 load
[runlim] sample:		97783.08 time, 97740.01 real, 3538 MB, 1.00 load
[runlim] sample:		97793.09 time, 97750.01 real, 3538 MB, 1.00 load
[runlim] sample:		97803.10 time, 97760.01 real, 3540 MB, 1.00 load
[runlim] sample:		97813.11 time, 97770.01 real, 3549 MB, 1.00 load
[runlim] sample:		97823.13 time, 97780.01 real, 3557 MB, 1.00 load
[runlim] sample:		97833.14 time, 97790.01 real, 3566 MB, 1.00 load
[runlim] sample:		97843.16 time, 97800.01 real, 3576 MB, 1.00 load
[runlim] sample:		97853.16 time, 97810.01 real, 3583 MB, 1.00 load
[runlim] sample:		97863.18 time, 97820.01 real, 3591 MB, 1.00 load
[runlim] sample:		97873.19 time, 97830.01 real, 3600 MB, 1.00 load
[runlim] sample:		97883.21 time, 97840.01 real, 3608 MB, 1.00 load
[runlim] sample:		97893.22 time, 97850.01 real, 3617 MB, 1.00 load
[runlim] sample:		97903.24 time, 97860.01 real, 3625 MB, 1.00 load
[runlim] sample:		97913.25 time, 97870.01 real, 3634 MB, 1.00 load
[runlim] sample:		97923.26 time, 97880.01 real, 3642 MB, 1.00 load
[runlim] sample:		97933.27 time, 97890.01 real, 3651 MB, 1.00 load
[runlim] sample:		97943.29 time, 97900.01 real, 3659 MB, 1.00 load
[runlim] sample:		97953.30 time, 97910.01 real, 3671 MB, 1.00 load
[runlim] sample:		97963.32 time, 97920.01 real, 3676 MB, 1.00 load
[runlim] sample:		97973.33 time, 97930.01 real, 3685 MB, 1.00 load
[runlim] sample:		97983.35 time, 97940.01 real, 3697 MB, 1.00 load
[runlim] sample:		97993.36 time, 97950.01 real, 3702 MB, 1.00 load
[runlim] sample:		98003.37 time, 97960.01 real, 3710 MB, 1.15 load
[runlim] sample:		98013.39 time, 97970.01 real, 3719 MB, 1.13 load
[runlim] sample:		98023.40 time, 97980.01 real, 3728 MB, 1.11 load
[runlim] sample:		98033.41 time, 97990.01 real, 3736 MB, 1.09 load
[runlim] sample:		98043.42 time, 98000.01 real, 3745 MB, 1.08 load
[runlim] sample:		98053.44 time, 98010.01 real, 3753 MB, 1.06 load
[runlim] sample:		98063.45 time, 98020.01 real, 3762 MB, 1.05 load
[runlim] sample:		98073.47 time, 98030.01 real, 3770 MB, 1.05 load
[runlim] sample:		98083.47 time, 98040.01 real, 3779 MB, 1.11 load
[runlim] sample:		98093.49 time, 98050.01 real, 3787 MB, 1.09 load
[runlim] sample:		98103.50 time, 98060.01 real, 3796 MB, 1.08 load
[runlim] sample:		98113.51 time, 98070.01 real, 3806 MB, 1.07 load
[runlim] sample:		98123.53 time, 98080.01 real, 3813 MB, 1.06 load
[runlim] sample:		98133.55 time, 98090.01 real, 3822 MB, 1.05 load
[runlim] sample:		98143.56 time, 98100.01 real, 3830 MB, 1.04 load
[runlim] sample:		98153.58 time, 98110.01 real, 3839 MB, 1.03 load
[runlim] sample:		98163.59 time, 98120.01 real, 3848 MB, 1.03 load
[runlim] sample:		98173.60 time, 98130.01 real, 3857 MB, 1.02 load
[runlim] sample:		98183.62 time, 98140.01 real, 3866 MB, 1.02 load
[runlim] sample:		98193.62 time, 98150.01 real, 3875 MB, 1.02 load
[runlim] sample:		98203.64 time, 98160.01 real, 3884 MB, 1.01 load
[runlim] sample:		98213.65 time, 98170.01 real, 3893 MB, 1.01 load
[runlim] sample:		98223.66 time, 98180.01 real, 3904 MB, 1.01 load
[runlim] sample:		98233.68 time, 98190.01 real, 3911 MB, 1.01 load
[runlim] sample:		98243.70 time, 98200.01 real, 3920 MB, 1.00 load
[runlim] sample:		98253.70 time, 98210.01 real, 3929 MB, 1.00 load
[runlim] sample:		98263.72 time, 98220.01 real, 3938 MB, 1.00 load
[runlim] sample:		98273.73 time, 98230.01 real, 3947 MB, 1.00 load
[runlim] sample:		98283.75 time, 98240.01 real, 3957 MB, 1.00 load
[runlim] sample:		98293.76 time, 98250.01 real, 3968 MB, 1.00 load
[runlim] sample:		98303.77 time, 98260.01 real, 3975 MB, 1.00 load
[runlim] sample:		98313.79 time, 98270.01 real, 3984 MB, 1.00 load
[runlim] sample:		98323.80 time, 98280.01 real, 3994 MB, 1.00 load
[runlim] sample:		98333.82 time, 98290.01 real, 4003 MB, 1.00 load

NN₁: mnist_relu_3_100_gemm.onnx
NN₂: mnist_relu_3_100_0.79_adam_1_stepsize.onnx
Prop: mnist_10_global_4.vnnlib

NN₁: mnist_relu_3_100_gemm.onnx
NN₂: mnist_relu_3_100_0.79_adam_1_stepsize.onnx
Prop: mnist_10_global_5.vnnlib

NN₁: mnist_relu_4_1024_gemm.onnx
NN₂: mnist_relu_4_1024_0.79.onnx
Prop: mnist_0_global_4.vnnlib
[runlim] sample:		98343.79 time, 98300.01 real, 3538 MB, 1.00 load
[runlim] sample:		98353.80 time, 98310.01 real, 3538 MB, 1.00 load
[runlim] sample:		98363.81 time, 98320.01 real, 3538 MB, 1.00 load
[runlim] sample:		98373.82 time, 98330.01 real, 3538 MB, 1.00 load
[runlim] sample:		98383.83 time, 98340.01 real, 3538 MB, 1.00 load
[runlim] sample:		98393.83 time, 98350.01 real, 3538 MB, 1.00 load
[runlim] sample:		98403.84 time, 98360.01 real, 3538 MB, 1.00 load
[runlim] sample:		98413.85 time, 98370.01 real, 3538 MB, 1.00 load
[runlim] sample:		98423.86 time, 98380.01 real, 3538 MB, 1.00 load
[runlim] sample:		98433.87 time, 98390.01 real, 3538 MB, 1.00 load
[runlim] sample:		98443.87 time, 98400.01 real, 3538 MB, 1.00 load
[runlim] sample:		98453.88 time, 98410.01 real, 3538 MB, 1.00 load
[runlim] sample:		98463.89 time, 98420.01 real, 3538 MB, 1.00 load
[runlim] sample:		98473.89 time, 98430.01 real, 3538 MB, 1.00 load
[runlim] sample:		98483.91 time, 98440.01 real, 3538 MB, 1.00 load
[runlim] sample:		98493.92 time, 98450.01 real, 3538 MB, 1.00 load
[runlim] sample:		98503.92 time, 98460.01 real, 3538 MB, 1.15 load
[runlim] sample:		98513.92 time, 98470.01 real, 3538 MB, 1.13 load
[runlim] sample:		98523.94 time, 98480.01 real, 3538 MB, 1.11 load
[runlim] sample:		98533.94 time, 98490.01 real, 3538 MB, 1.09 load
[runlim] sample:		98543.95 time, 98500.01 real, 3538 MB, 1.08 load
[runlim] sample:		98553.96 time, 98510.01 real, 3538 MB, 1.06 load
[runlim] sample:		98563.97 time, 98520.01 real, 3538 MB, 1.05 load
[runlim] sample:		98573.97 time, 98530.01 real, 3538 MB, 1.05 load
[runlim] sample:		98583.98 time, 98540.01 real, 3538 MB, 1.04 load
[runlim] sample:		98593.99 time, 98550.01 real, 3538 MB, 1.03 load
[runlim] sample:		98604.00 time, 98560.01 real, 3538 MB, 1.03 load
[runlim] sample:		98614.01 time, 98570.01 real, 3538 MB, 1.02 load
[runlim] sample:		98624.01 time, 98580.01 real, 3538 MB, 1.02 load
[runlim] sample:		98634.02 time, 98590.01 real, 3538 MB, 1.02 load
[runlim] sample:		98644.03 time, 98600.01 real, 3538 MB, 1.01 load
[runlim] sample:		98654.04 time, 98610.01 real, 3538 MB, 1.01 load
[runlim] sample:		98664.04 time, 98620.01 real, 3538 MB, 1.01 load
[runlim] sample:		98674.06 time, 98630.01 real, 3538 MB, 1.01 load
[runlim] sample:		98684.06 time, 98640.01 real, 3538 MB, 1.00 load
[runlim] sample:		98694.07 time, 98650.01 real, 3538 MB, 1.00 load
[runlim] sample:		98704.08 time, 98660.01 real, 3538 MB, 1.00 load
[runlim] sample:		98714.09 time, 98670.01 real, 3538 MB, 1.00 load
[runlim] sample:		98724.10 time, 98680.01 real, 3538 MB, 1.08 load
[runlim] sample:		98734.10 time, 98690.01 real, 3538 MB, 1.06 load
[runlim] sample:		98744.11 time, 98700.01 real, 3538 MB, 1.05 load
[runlim] sample:		98754.12 time, 98710.01 real, 3538 MB, 1.04 load
[runlim] sample:		98764.14 time, 98720.01 real, 3538 MB, 1.04 load
[runlim] sample:		98774.14 time, 98730.01 real, 3538 MB, 1.03 load
[runlim] sample:		98784.15 time, 98740.01 real, 3538 MB, 1.03 load
[runlim] sample:		98794.15 time, 98750.01 real, 3538 MB, 1.02 load
[runlim] sample:		98804.17 time, 98760.01 real, 3538 MB, 1.02 load
[runlim] sample:		98814.17 time, 98770.01 real, 3538 MB, 1.01 load
[runlim] sample:		98824.17 time, 98780.01 real, 3538 MB, 1.01 load
[runlim] sample:		98834.18 time, 98790.01 real, 3538 MB, 1.01 load
[runlim] sample:		98844.20 time, 98800.01 real, 3538 MB, 1.01 load
[runlim] sample:		98854.20 time, 98810.01 real, 3538 MB, 1.01 load
[runlim] sample:		98864.21 time, 98820.01 real, 3538 MB, 1.00 load
[runlim] sample:		98874.22 time, 98830.01 real, 3538 MB, 1.00 load
[runlim] sample:		98884.22 time, 98840.01 real, 3538 MB, 1.00 load
[runlim] sample:		98894.24 time, 98850.01 real, 3538 MB, 1.00 load
[runlim] sample:		98904.24 time, 98860.01 real, 3538 MB, 1.00 load
[runlim] sample:		98914.25 time, 98870.01 real, 3538 MB, 1.00 load
[runlim] sample:		98924.26 time, 98880.01 real, 3538 MB, 1.00 load
[runlim] sample:		98934.27 time, 98890.01 real, 3538 MB, 1.00 load
[runlim] sample:		98944.27 time, 98900.01 real, 3538 MB, 1.00 load

NN₁: mnist_relu_4_1024_gemm.onnx
NN₂: mnist_relu_4_1024_0.79.onnx
Prop: mnist_0_global_5.vnnlib
[runlim] sample:		98954.24 time, 98910.01 real, 3538 MB, 1.00 load
[runlim] sample:		98964.26 time, 98920.01 real, 3538 MB, 1.00 load
[runlim] sample:		98974.27 time, 98930.01 real, 3538 MB, 1.00 load
[runlim] sample:		98984.27 time, 98940.01 real, 3538 MB, 1.00 load
[runlim] sample:		98994.28 time, 98950.01 real, 3538 MB, 1.00 load
[runlim] sample:		99004.29 time, 98960.01 real, 3538 MB, 1.15 load
[runlim] sample:		99014.29 time, 98970.01 real, 3538 MB, 1.13 load
[runlim] sample:		99024.31 time, 98980.01 real, 3538 MB, 1.11 load
[runlim] sample:		99034.31 time, 98990.01 real, 3538 MB, 1.09 load
[runlim] sample:		99044.32 time, 99000.01 real, 3538 MB, 1.08 load
[runlim] sample:		99054.34 time, 99010.01 real, 3538 MB, 1.06 load
[runlim] sample:		99064.34 time, 99020.01 real, 3538 MB, 1.05 load
[runlim] sample:		99074.35 time, 99030.01 real, 3538 MB, 1.05 load
[runlim] sample:		99084.36 time, 99040.01 real, 3538 MB, 1.04 load
[runlim] sample:		99094.36 time, 99050.01 real, 3538 MB, 1.03 load
[runlim] sample:		99104.38 time, 99060.01 real, 3538 MB, 1.03 load
[runlim] sample:		99114.38 time, 99070.01 real, 3538 MB, 1.02 load
[runlim] sample:		99124.39 time, 99080.01 real, 3538 MB, 1.02 load
[runlim] sample:		99134.39 time, 99090.01 real, 3538 MB, 1.02 load
[runlim] sample:		99144.41 time, 99100.01 real, 3538 MB, 1.01 load
[runlim] sample:		99154.41 time, 99110.01 real, 3538 MB, 1.01 load
[runlim] sample:		99164.43 time, 99120.01 real, 3538 MB, 1.01 load
[runlim] sample:		99174.43 time, 99130.01 real, 3538 MB, 1.01 load
[runlim] sample:		99184.44 time, 99140.01 real, 3538 MB, 1.00 load
[runlim] sample:		99194.44 time, 99150.01 real, 3538 MB, 1.08 load
[runlim] sample:		99204.45 time, 99160.01 real, 3538 MB, 1.07 load
[runlim] sample:		99214.46 time, 99170.01 real, 3538 MB, 1.06 load
[runlim] sample:		99224.47 time, 99180.01 real, 3538 MB, 1.05 load
[runlim] sample:		99234.48 time, 99190.01 real, 3538 MB, 1.04 load
[runlim] sample:		99244.48 time, 99200.01 real, 3538 MB, 1.04 load
[runlim] sample:		99254.50 time, 99210.01 real, 3538 MB, 1.03 load
[runlim] sample:		99264.50 time, 99220.01 real, 3538 MB, 1.02 load
[runlim] sample:		99274.51 time, 99230.01 real, 3538 MB, 1.02 load
[runlim] sample:		99284.51 time, 99240.01 real, 3538 MB, 1.02 load
[runlim] sample:		99294.53 time, 99250.01 real, 3538 MB, 1.01 load
[runlim] sample:		99304.54 time, 99260.01 real, 3538 MB, 1.01 load
[runlim] sample:		99314.54 time, 99270.01 real, 3538 MB, 1.01 load
[runlim] sample:		99324.56 time, 99280.01 real, 3538 MB, 1.01 load
[runlim] sample:		99334.56 time, 99290.01 real, 3538 MB, 1.01 load
[runlim] sample:		99344.56 time, 99300.01 real, 3538 MB, 1.00 load
[runlim] sample:		99354.58 time, 99310.01 real, 3538 MB, 1.00 load
[runlim] sample:		99364.58 time, 99320.01 real, 3538 MB, 1.00 load
[runlim] sample:		99374.60 time, 99330.01 real, 3538 MB, 1.00 load
[runlim] sample:		99384.60 time, 99340.01 real, 3538 MB, 1.00 load
[runlim] sample:		99394.61 time, 99350.01 real, 3538 MB, 1.00 load
[runlim] sample:		99404.62 time, 99360.01 real, 3538 MB, 1.00 load
[runlim] sample:		99414.62 time, 99370.01 real, 3538 MB, 1.00 load
[runlim] sample:		99424.63 time, 99380.01 real, 3538 MB, 1.00 load
[runlim] sample:		99434.64 time, 99390.01 real, 3538 MB, 1.00 load
[runlim] sample:		99444.65 time, 99400.01 real, 3538 MB, 1.00 load
[runlim] sample:		99454.65 time, 99410.01 real, 3538 MB, 1.00 load
[runlim] sample:		99464.66 time, 99420.01 real, 3538 MB, 1.00 load
[runlim] sample:		99474.67 time, 99430.01 real, 3538 MB, 1.00 load
[runlim] sample:		99484.68 time, 99440.01 real, 3538 MB, 1.00 load
[runlim] sample:		99494.68 time, 99450.01 real, 3538 MB, 1.00 load
[runlim] sample:		99504.69 time, 99460.01 real, 3538 MB, 1.15 load
[runlim] sample:		99514.70 time, 99470.01 real, 3538 MB, 1.13 load
[runlim] sample:		99524.71 time, 99480.01 real, 3538 MB, 1.11 load
[runlim] sample:		99534.72 time, 99490.01 real, 3538 MB, 1.09 load
[runlim] sample:		99544.72 time, 99500.01 real, 3538 MB, 1.08 load

NN₁: mnist_relu_4_1024_gemm.onnx
NN₂: mnist_relu_4_1024_0.79.onnx
Prop: mnist_1_global_4.vnnlib
[runlim] sample:		99554.72 time, 99510.01 real, 3538 MB, 1.06 load
[runlim] sample:		99564.73 time, 99520.01 real, 3538 MB, 1.05 load
[runlim] sample:		99574.74 time, 99530.01 real, 3538 MB, 1.05 load
[runlim] sample:		99584.75 time, 99540.01 real, 3538 MB, 1.04 load
[runlim] sample:		99594.75 time, 99550.01 real, 3538 MB, 1.03 load
[runlim] sample:		99604.76 time, 99560.01 real, 3538 MB, 1.03 load
[runlim] sample:		99614.77 time, 99570.01 real, 3538 MB, 1.02 load
[runlim] sample:		99624.78 time, 99580.01 real, 3538 MB, 1.02 load
[runlim] sample:		99634.79 time, 99590.01 real, 3538 MB, 1.02 load
[runlim] sample:		99644.79 time, 99600.01 real, 3538 MB, 1.01 load
[runlim] sample:		99654.80 time, 99610.01 real, 3538 MB, 1.01 load
[runlim] sample:		99664.81 time, 99620.01 real, 3538 MB, 1.01 load
[runlim] sample:		99674.82 time, 99630.01 real, 3538 MB, 1.01 load
[runlim] sample:		99684.82 time, 99640.01 real, 3538 MB, 1.00 load
[runlim] sample:		99694.83 time, 99650.01 real, 3538 MB, 1.00 load
[runlim] sample:		99704.84 time, 99660.01 real, 3538 MB, 1.00 load
[runlim] sample:		99714.85 time, 99670.01 real, 3538 MB, 1.00 load
[runlim] sample:		99724.86 time, 99680.01 real, 3538 MB, 1.00 load
[runlim] sample:		99734.87 time, 99690.01 real, 3538 MB, 1.00 load
[runlim] sample:		99744.87 time, 99700.01 real, 3538 MB, 1.00 load
[runlim] sample:		99754.88 time, 99710.01 real, 3538 MB, 1.00 load
[runlim] sample:		99764.89 time, 99720.01 real, 3538 MB, 1.00 load
[runlim] sample:		99774.90 time, 99730.01 real, 3538 MB, 1.00 load
[runlim] sample:		99784.91 time, 99740.01 real, 3538 MB, 1.00 load
[runlim] sample:		99794.91 time, 99750.01 real, 3538 MB, 1.00 load
[runlim] sample:		99804.92 time, 99760.01 real, 3538 MB, 1.00 load
[runlim] sample:		99814.94 time, 99770.01 real, 3538 MB, 1.00 load
[runlim] sample:		99824.94 time, 99780.01 real, 3538 MB, 1.00 load
[runlim] sample:		99834.94 time, 99790.01 real, 3538 MB, 1.00 load
[runlim] sample:		99844.95 time, 99800.01 real, 3538 MB, 1.00 load
[runlim] sample:		99854.95 time, 99810.01 real, 3538 MB, 1.00 load
[runlim] sample:		99864.96 time, 99820.01 real, 3538 MB, 1.00 load
[runlim] sample:		99874.97 time, 99830.01 real, 3538 MB, 1.00 load
[runlim] sample:		99884.97 time, 99840.01 real, 3538 MB, 1.00 load
[runlim] sample:		99894.97 time, 99850.01 real, 3538 MB, 1.00 load
[runlim] sample:		99904.98 time, 99860.01 real, 3538 MB, 1.00 load
[runlim] sample:		99914.98 time, 99870.01 real, 3538 MB, 1.00 load
[runlim] sample:		99924.99 time, 99880.01 real, 3538 MB, 1.00 load
[runlim] sample:		99934.99 time, 99890.01 real, 3538 MB, 1.00 load
[runlim] sample:		99944.99 time, 99900.01 real, 3538 MB, 1.00 load
[runlim] sample:		99955.00 time, 99910.01 real, 3538 MB, 1.00 load
[runlim] sample:		99965.00 time, 99920.01 real, 3538 MB, 1.00 load
[runlim] sample:		99975.01 time, 99930.01 real, 3538 MB, 1.00 load
[runlim] sample:		99985.01 time, 99940.01 real, 3538 MB, 1.00 load
[runlim] sample:		99995.01 time, 99950.01 real, 3538 MB, 1.00 load
[runlim] sample:		100005.02 time, 99960.01 real, 3538 MB, 1.15 load
[runlim] sample:		100015.03 time, 99970.01 real, 3538 MB, 1.13 load
[runlim] sample:		100025.02 time, 99980.01 real, 3538 MB, 1.11 load
[runlim] sample:		100035.03 time, 99990.01 real, 3538 MB, 1.09 load
[runlim] sample:		100045.04 time, 100000.01 real, 3538 MB, 1.08 load
[runlim] sample:		100055.05 time, 100010.01 real, 3538 MB, 1.06 load
[runlim] sample:		100065.05 time, 100020.01 real, 3538 MB, 1.05 load
[runlim] sample:		100075.07 time, 100030.01 real, 3538 MB, 1.05 load
[runlim] sample:		100085.08 time, 100040.01 real, 3538 MB, 1.04 load
[runlim] sample:		100095.08 time, 100050.01 real, 3538 MB, 1.03 load
[runlim] sample:		100105.09 time, 100060.01 real, 3538 MB, 1.03 load
[runlim] sample:		100115.10 time, 100070.01 real, 3538 MB, 1.02 load
[runlim] sample:		100125.11 time, 100080.01 real, 3538 MB, 1.02 load
[runlim] sample:		100135.11 time, 100090.01 real, 3538 MB, 1.02 load
[runlim] sample:		100145.12 time, 100100.01 real, 3538 MB, 1.01 load

NN₁: mnist_relu_4_1024_gemm.onnx
NN₂: mnist_relu_4_1024_0.79.onnx
Prop: mnist_1_global_5.vnnlib
[runlim] sample:		100155.10 time, 100110.01 real, 3538 MB, 1.01 load
[runlim] sample:		100165.10 time, 100120.01 real, 3538 MB, 1.01 load
[runlim] sample:		100175.12 time, 100130.01 real, 3538 MB, 1.01 load
[runlim] sample:		100185.12 time, 100140.01 real, 3538 MB, 1.00 load
[runlim] sample:		100195.14 time, 100150.01 real, 3538 MB, 1.00 load
[runlim] sample:		100205.14 time, 100160.01 real, 3538 MB, 1.00 load
[runlim] sample:		100215.15 time, 100170.01 real, 3538 MB, 1.00 load
[runlim] sample:		100225.15 time, 100180.01 real, 3538 MB, 1.00 load
[runlim] sample:		100235.17 time, 100190.01 real, 3538 MB, 1.00 load
[runlim] sample:		100245.17 time, 100200.01 real, 3538 MB, 1.00 load
[runlim] sample:		100255.18 time, 100210.01 real, 3538 MB, 1.00 load
[runlim] sample:		100265.19 time, 100220.01 real, 3538 MB, 1.00 load
[runlim] sample:		100275.20 time, 100230.01 real, 3538 MB, 1.00 load
[runlim] sample:		100285.20 time, 100240.01 real, 3538 MB, 1.00 load
[runlim] sample:		100295.22 time, 100250.01 real, 3538 MB, 1.00 load
[runlim] sample:		100305.22 time, 100260.01 real, 3538 MB, 1.00 load
[runlim] sample:		100315.23 time, 100270.01 real, 3538 MB, 1.00 load
[runlim] sample:		100325.24 time, 100280.01 real, 3538 MB, 1.00 load
[runlim] sample:		100335.25 time, 100290.01 real, 3538 MB, 1.00 load
[runlim] sample:		100345.26 time, 100300.01 real, 3538 MB, 1.00 load
[runlim] sample:		100355.27 time, 100310.01 real, 3538 MB, 1.00 load
[runlim] sample:		100365.27 time, 100320.01 real, 3538 MB, 1.00 load
[runlim] sample:		100375.28 time, 100330.01 real, 3538 MB, 1.00 load
[runlim] sample:		100385.29 time, 100340.01 real, 3538 MB, 1.00 load
[runlim] sample:		100395.29 time, 100350.01 real, 3538 MB, 1.00 load
[runlim] sample:		100405.31 time, 100360.01 real, 3538 MB, 1.00 load
[runlim] sample:		100415.31 time, 100370.01 real, 3538 MB, 1.00 load
[runlim] sample:		100425.33 time, 100380.01 real, 3538 MB, 1.00 load
[runlim] sample:		100435.33 time, 100390.01 real, 3538 MB, 1.00 load
[runlim] sample:		100445.34 time, 100400.01 real, 3538 MB, 1.00 load
[runlim] sample:		100455.35 time, 100410.01 real, 3538 MB, 1.00 load
[runlim] sample:		100465.36 time, 100420.01 real, 3538 MB, 1.00 load
[runlim] sample:		100475.36 time, 100430.01 real, 3538 MB, 1.00 load
[runlim] sample:		100485.37 time, 100440.01 real, 3538 MB, 1.00 load
[runlim] sample:		100495.38 time, 100450.01 real, 3538 MB, 1.00 load
[runlim] sample:		100505.39 time, 100460.01 real, 3538 MB, 1.15 load
[runlim] sample:		100515.39 time, 100470.01 real, 3538 MB, 1.20 load
[runlim] sample:		100525.40 time, 100480.01 real, 3538 MB, 1.17 load
[runlim] sample:		100535.41 time, 100490.01 real, 3538 MB, 1.15 load
[runlim] sample:		100545.41 time, 100500.01 real, 3538 MB, 1.12 load
[runlim] sample:		100555.42 time, 100510.01 real, 3538 MB, 1.10 load
[runlim] sample:		100565.44 time, 100520.01 real, 3538 MB, 1.09 load
[runlim] sample:		100575.44 time, 100530.01 real, 3538 MB, 1.07 load
[runlim] sample:		100585.45 time, 100540.01 real, 3538 MB, 1.06 load
[runlim] sample:		100595.46 time, 100550.01 real, 3538 MB, 1.05 load
[runlim] sample:		100605.47 time, 100560.01 real, 3538 MB, 1.04 load
[runlim] sample:		100615.47 time, 100570.01 real, 3538 MB, 1.04 load
[runlim] sample:		100625.48 time, 100580.01 real, 3538 MB, 1.03 load
[runlim] sample:		100635.49 time, 100590.01 real, 3538 MB, 1.02 load
[runlim] sample:		100645.50 time, 100600.01 real, 3538 MB, 1.02 load
[runlim] sample:		100655.51 time, 100610.01 real, 3538 MB, 1.02 load
[runlim] sample:		100665.51 time, 100620.01 real, 3538 MB, 1.01 load
[runlim] sample:		100675.53 time, 100630.01 real, 3538 MB, 1.01 load
[runlim] sample:		100685.53 time, 100640.01 real, 3538 MB, 1.01 load
[runlim] sample:		100695.55 time, 100650.01 real, 3538 MB, 1.01 load
[runlim] sample:		100705.54 time, 100660.01 real, 3538 MB, 1.01 load
[runlim] sample:		100715.56 time, 100670.01 real, 3538 MB, 1.00 load
[runlim] sample:		100725.57 time, 100680.01 real, 3538 MB, 1.00 load
[runlim] sample:		100735.57 time, 100690.01 real, 3538 MB, 1.00 load
[runlim] sample:		100745.57 time, 100700.01 real, 3538 MB, 1.00 load

NN₁: mnist_relu_4_1024_gemm.onnx
NN₂: mnist_relu_4_1024_0.79.onnx
Prop: mnist_2_global_4.vnnlib
[runlim] sample:		100755.56 time, 100710.01 real, 3538 MB, 1.00 load
[runlim] sample:		100765.56 time, 100720.01 real, 3538 MB, 1.00 load
[runlim] sample:		100775.58 time, 100730.01 real, 3538 MB, 1.00 load
[runlim] sample:		100785.58 time, 100740.01 real, 3538 MB, 1.00 load
[runlim] sample:		100795.59 time, 100750.01 real, 3538 MB, 1.00 load
[runlim] sample:		100805.59 time, 100760.01 real, 3538 MB, 1.00 load
[runlim] sample:		100815.61 time, 100770.01 real, 3538 MB, 1.00 load
[runlim] sample:		100825.61 time, 100780.01 real, 3538 MB, 1.00 load
[runlim] sample:		100835.62 time, 100790.01 real, 3538 MB, 1.00 load
[runlim] sample:		100845.63 time, 100800.01 real, 3538 MB, 1.00 load
[runlim] sample:		100855.63 time, 100810.01 real, 3538 MB, 1.00 load
[runlim] sample:		100865.64 time, 100820.01 real, 3538 MB, 1.00 load
[runlim] sample:		100875.65 time, 100830.01 real, 3538 MB, 1.00 load
[runlim] sample:		100885.66 time, 100840.01 real, 3538 MB, 1.00 load
[runlim] sample:		100895.66 time, 100850.01 real, 3538 MB, 1.00 load
[runlim] sample:		100905.67 time, 100860.01 real, 3538 MB, 1.00 load
[runlim] sample:		100915.69 time, 100870.01 real, 3538 MB, 1.00 load
[runlim] sample:		100925.69 time, 100880.01 real, 3538 MB, 1.00 load
[runlim] sample:		100935.70 time, 100890.01 real, 3538 MB, 1.00 load
[runlim] sample:		100945.71 time, 100900.01 real, 3538 MB, 1.00 load
[runlim] sample:		100955.71 time, 100910.01 real, 3538 MB, 1.00 load
[runlim] sample:		100965.73 time, 100920.01 real, 3538 MB, 1.00 load
[runlim] sample:		100975.73 time, 100930.01 real, 3538 MB, 1.00 load
[runlim] sample:		100985.74 time, 100940.01 real, 3538 MB, 1.00 load
[runlim] sample:		100995.75 time, 100950.01 real, 3538 MB, 1.00 load
[runlim] sample:		101005.76 time, 100960.01 real, 3538 MB, 1.15 load
[runlim] sample:		101015.76 time, 100970.01 real, 3538 MB, 1.13 load
[runlim] sample:		101025.77 time, 100980.01 real, 3538 MB, 1.11 load
[runlim] sample:		101035.78 time, 100990.01 real, 3538 MB, 1.09 load
[runlim] sample:		101045.79 time, 101000.01 real, 3538 MB, 1.08 load
[runlim] sample:		101055.79 time, 101010.01 real, 3538 MB, 1.06 load
[runlim] sample:		101065.81 time, 101020.01 real, 3538 MB, 1.05 load
[runlim] sample:		101075.81 time, 101030.01 real, 3538 MB, 1.05 load
[runlim] sample:		101085.82 time, 101040.01 real, 3538 MB, 1.04 load
[runlim] sample:		101095.82 time, 101050.01 real, 3538 MB, 1.03 load
[runlim] sample:		101105.84 time, 101060.01 real, 3538 MB, 1.03 load
[runlim] sample:		101115.84 time, 101070.01 real, 3538 MB, 1.02 load
[runlim] sample:		101125.86 time, 101080.01 real, 3538 MB, 1.02 load
[runlim] sample:		101135.86 time, 101090.01 real, 3538 MB, 1.02 load
[runlim] sample:		101145.86 time, 101100.01 real, 3538 MB, 1.01 load
[runlim] sample:		101155.87 time, 101110.01 real, 3538 MB, 1.09 load
[runlim] sample:		101165.89 time, 101120.01 real, 3538 MB, 1.08 load
[runlim] sample:		101175.89 time, 101130.01 real, 3538 MB, 1.06 load
[runlim] sample:		101185.89 time, 101140.01 real, 3538 MB, 1.05 load
[runlim] sample:		101195.91 time, 101150.01 real, 3538 MB, 1.04 load
[runlim] sample:		101205.91 time, 101160.01 real, 3538 MB, 1.04 load
[runlim] sample:		101215.92 time, 101170.01 real, 3538 MB, 1.03 load
[runlim] sample:		101225.93 time, 101180.01 real, 3538 MB, 1.03 load
[runlim] sample:		101235.94 time, 101190.01 real, 3538 MB, 1.02 load
[runlim] sample:		101245.94 time, 101200.01 real, 3538 MB, 1.02 load
[runlim] sample:		101255.95 time, 101210.01 real, 3538 MB, 1.01 load
[runlim] sample:		101265.96 time, 101220.01 real, 3538 MB, 1.09 load
[runlim] sample:		101275.97 time, 101230.01 real, 3538 MB, 1.08 load
[runlim] sample:		101285.97 time, 101240.01 real, 3538 MB, 1.07 load
[runlim] sample:		101295.99 time, 101250.01 real, 3538 MB, 1.06 load
[runlim] sample:		101305.99 time, 101260.01 real, 3538 MB, 1.05 load
[runlim] sample:		101316.00 time, 101270.01 real, 3538 MB, 1.04 load
[runlim] sample:		101326.01 time, 101280.01 real, 3538 MB, 1.03 load
[runlim] sample:		101336.01 time, 101290.01 real, 3538 MB, 1.03 load
[runlim] sample:		101346.03 time, 101300.01 real, 3538 MB, 1.02 load

NN₁: mnist_relu_4_1024_gemm.onnx
NN₂: mnist_relu_4_1024_0.79.onnx
Prop: mnist_3_global_5.vnnlib
[runlim] sample:		101355.99 time, 101310.01 real, 3538 MB, 1.02 load
[runlim] sample:		101366.00 time, 101320.01 real, 3538 MB, 1.02 load
[runlim] sample:		101376.01 time, 101330.01 real, 3538 MB, 1.01 load
[runlim] sample:		101386.02 time, 101340.01 real, 3538 MB, 1.01 load
[runlim] sample:		101396.03 time, 101350.01 real, 3538 MB, 1.01 load
[runlim] sample:		101406.04 time, 101360.01 real, 3538 MB, 1.01 load
[runlim] sample:		101416.04 time, 101370.01 real, 3538 MB, 1.00 load
[runlim] sample:		101426.05 time, 101380.01 real, 3538 MB, 1.00 load
[runlim] sample:		101436.06 time, 101390.01 real, 3538 MB, 1.00 load
[runlim] sample:		101446.07 time, 101400.01 real, 3538 MB, 1.00 load
[runlim] sample:		101456.07 time, 101410.01 real, 3538 MB, 1.00 load
[runlim] sample:		101466.09 time, 101420.01 real, 3538 MB, 1.00 load
[runlim] sample:		101476.09 time, 101430.01 real, 3538 MB, 1.00 load
[runlim] sample:		101486.10 time, 101440.01 real, 3538 MB, 1.00 load
[runlim] sample:		101496.11 time, 101450.01 real, 3538 MB, 1.00 load
[runlim] sample:		101506.12 time, 101460.01 real, 3538 MB, 1.15 load
[runlim] sample:		101516.12 time, 101470.01 real, 3538 MB, 1.20 load
[runlim] sample:		101526.13 time, 101480.01 real, 3538 MB, 1.17 load
[runlim] sample:		101536.14 time, 101490.01 real, 3538 MB, 1.15 load
[runlim] sample:		101546.15 time, 101500.01 real, 3538 MB, 1.12 load
[runlim] sample:		101556.16 time, 101510.01 real, 3538 MB, 1.10 load
[runlim] sample:		101566.16 time, 101520.01 real, 3538 MB, 1.09 load
[runlim] sample:		101576.18 time, 101530.01 real, 3538 MB, 1.07 load
[runlim] sample:		101586.18 time, 101540.01 real, 3538 MB, 1.14 load
[runlim] sample:		101596.19 time, 101550.01 real, 3538 MB, 1.12 load
[runlim] sample:		101606.19 time, 101560.01 real, 3538 MB, 1.10 load
[runlim] sample:		101616.21 time, 101570.01 real, 3538 MB, 1.08 load
[runlim] sample:		101626.21 time, 101580.01 real, 3538 MB, 1.07 load
[runlim] sample:		101636.22 time, 101590.01 real, 3538 MB, 1.06 load
[runlim] sample:		101646.22 time, 101600.01 real, 3538 MB, 1.05 load
[runlim] sample:		101656.23 time, 101610.01 real, 3538 MB, 1.04 load
[runlim] sample:		101666.25 time, 101620.01 real, 3538 MB, 1.04 load
[runlim] sample:		101676.25 time, 101630.01 real, 3538 MB, 1.03 load
[runlim] sample:		101686.26 time, 101640.01 real, 3538 MB, 1.02 load
[runlim] sample:		101696.27 time, 101650.01 real, 3538 MB, 1.02 load
[runlim] sample:		101706.27 time, 101660.01 real, 3538 MB, 1.02 load
[runlim] sample:		101716.29 time, 101670.01 real, 3538 MB, 1.01 load
[runlim] sample:		101726.29 time, 101680.01 real, 3538 MB, 1.01 load
[runlim] sample:		101736.29 time, 101690.01 real, 3538 MB, 1.01 load
[runlim] sample:		101746.31 time, 101700.01 real, 3538 MB, 1.01 load
[runlim] sample:		101756.31 time, 101710.01 real, 3538 MB, 1.01 load
[runlim] sample:		101766.32 time, 101720.01 real, 3538 MB, 1.00 load
[runlim] sample:		101776.33 time, 101730.01 real, 3538 MB, 1.00 load
[runlim] sample:		101786.33 time, 101740.01 real, 3538 MB, 1.00 load
[runlim] sample:		101796.34 time, 101750.01 real, 3538 MB, 1.00 load
[runlim] sample:		101806.35 time, 101760.01 real, 3538 MB, 1.00 load
[runlim] sample:		101816.36 time, 101770.01 real, 3538 MB, 1.00 load
[runlim] sample:		101826.36 time, 101780.01 real, 3538 MB, 1.00 load
[runlim] sample:		101836.37 time, 101790.01 real, 3538 MB, 1.00 load
[runlim] sample:		101846.39 time, 101800.01 real, 3538 MB, 1.00 load
[runlim] sample:		101856.39 time, 101810.01 real, 3538 MB, 1.00 load
[runlim] sample:		101866.40 time, 101820.01 real, 3538 MB, 1.00 load
[runlim] sample:		101876.40 time, 101830.01 real, 3538 MB, 1.00 load
[runlim] sample:		101886.41 time, 101840.01 real, 3538 MB, 1.00 load
[runlim] sample:		101896.43 time, 101850.01 real, 3538 MB, 1.00 load
[runlim] sample:		101906.43 time, 101860.01 real, 3538 MB, 1.00 load
[runlim] sample:		101916.44 time, 101870.01 real, 3538 MB, 1.00 load
[runlim] sample:		101926.44 time, 101880.01 real, 3538 MB, 1.00 load
[runlim] sample:		101936.46 time, 101890.01 real, 3538 MB, 1.00 load
[runlim] sample:		101946.47 time, 101900.01 real, 3538 MB, 1.00 load

NN₁: mnist_relu_4_1024_gemm.onnx
NN₂: mnist_relu_4_1024_0.79.onnx
Prop: mnist_4_global_4.vnnlib
[runlim] sample:		101956.46 time, 101910.01 real, 3538 MB, 1.00 load
[runlim] sample:		101966.47 time, 101920.01 real, 3538 MB, 1.00 load
[runlim] sample:		101976.48 time, 101930.01 real, 3538 MB, 1.00 load
[runlim] sample:		101986.49 time, 101940.01 real, 3538 MB, 1.00 load
[runlim] sample:		101996.49 time, 101950.01 real, 3538 MB, 1.00 load
[runlim] sample:		102006.50 time, 101960.01 real, 3538 MB, 1.15 load
[runlim] sample:		102016.51 time, 101970.01 real, 3538 MB, 1.13 load
[runlim] sample:		102026.52 time, 101980.01 real, 3538 MB, 1.11 load
[runlim] sample:		102036.53 time, 101990.01 real, 3538 MB, 1.09 load
[runlim] sample:		102046.54 time, 102000.01 real, 3538 MB, 1.08 load
[runlim] sample:		102056.54 time, 102010.01 real, 3538 MB, 1.06 load
[runlim] sample:		102066.55 time, 102020.01 real, 3538 MB, 1.05 load
[runlim] sample:		102076.56 time, 102030.01 real, 3538 MB, 1.05 load
[runlim] sample:		102086.56 time, 102040.01 real, 3538 MB, 1.04 load
[runlim] sample:		102096.58 time, 102050.01 real, 3538 MB, 1.03 load
[runlim] sample:		102106.58 time, 102060.01 real, 3538 MB, 1.03 load
[runlim] sample:		102116.59 time, 102070.01 real, 3538 MB, 1.02 load
[runlim] sample:		102126.59 time, 102080.01 real, 3538 MB, 1.02 load
[runlim] sample:		102136.61 time, 102090.01 real, 3538 MB, 1.02 load
[runlim] sample:		102146.61 time, 102100.01 real, 3538 MB, 1.01 load
[runlim] sample:		102156.62 time, 102110.01 real, 3538 MB, 1.01 load
[runlim] sample:		102166.63 time, 102120.01 real, 3538 MB, 1.01 load
[runlim] sample:		102176.63 time, 102130.01 real, 3538 MB, 1.81 load
[runlim] sample:		102186.65 time, 102140.01 real, 3538 MB, 1.68 load
[runlim] sample:		102196.65 time, 102150.01 real, 3538 MB, 1.58 load
[runlim] sample:		102206.66 time, 102160.01 real, 3538 MB, 1.49 load
[runlim] sample:		102216.67 time, 102170.01 real, 3538 MB, 1.41 load
[runlim] sample:		102226.68 time, 102180.01 real, 3538 MB, 1.35 load
[runlim] sample:		102236.68 time, 102190.01 real, 3538 MB, 1.29 load
[runlim] sample:		102246.70 time, 102200.01 real, 3538 MB, 1.32 load
[runlim] sample:		102256.70 time, 102210.01 real, 3538 MB, 1.27 load
[runlim] sample:		102266.71 time, 102220.01 real, 3538 MB, 1.23 load
[runlim] sample:		102276.72 time, 102230.01 real, 3538 MB, 1.19 load
[runlim] sample:		102286.72 time, 102240.01 real, 3538 MB, 1.16 load
[runlim] sample:		102296.73 time, 102250.01 real, 3538 MB, 1.14 load
[runlim] sample:		102306.74 time, 102260.01 real, 3538 MB, 1.12 load
[runlim] sample:		102316.75 time, 102270.01 real, 3538 MB, 1.10 load
[runlim] sample:		102326.75 time, 102280.01 real, 3538 MB, 1.08 load
[runlim] sample:		102336.77 time, 102290.01 real, 3538 MB, 1.07 load
[runlim] sample:		102346.77 time, 102300.01 real, 3538 MB, 1.06 load
[runlim] sample:		102356.77 time, 102310.01 real, 3538 MB, 1.05 load
[runlim] sample:		102366.79 time, 102320.01 real, 3538 MB, 1.04 load
[runlim] sample:		102376.79 time, 102330.01 real, 3538 MB, 1.03 load
[runlim] sample:		102386.80 time, 102340.01 real, 3538 MB, 1.03 load
[runlim] sample:		102396.81 time, 102350.01 real, 3538 MB, 1.02 load
[runlim] sample:		102406.82 time, 102360.01 real, 3538 MB, 1.02 load
[runlim] sample:		102416.82 time, 102370.01 real, 3538 MB, 1.02 load
[runlim] sample:		102426.83 time, 102380.01 real, 3538 MB, 1.01 load
[runlim] sample:		102436.84 time, 102390.01 real, 3538 MB, 1.01 load
[runlim] sample:		102446.85 time, 102400.01 real, 3538 MB, 1.01 load
[runlim] sample:		102456.86 time, 102410.01 real, 3538 MB, 1.01 load
[runlim] sample:		102466.86 time, 102420.01 real, 3538 MB, 1.01 load
[runlim] sample:		102476.87 time, 102430.01 real, 3538 MB, 1.00 load
[runlim] sample:		102486.88 time, 102440.01 real, 3538 MB, 1.00 load
[runlim] sample:		102496.89 time, 102450.01 real, 3538 MB, 1.00 load
[runlim] sample:		102506.90 time, 102460.01 real, 3538 MB, 1.16 load
[runlim] sample:		102516.90 time, 102470.01 real, 3538 MB, 1.21 load
[runlim] sample:		102526.91 time, 102480.01 real, 3538 MB, 1.18 load
[runlim] sample:		102536.92 time, 102490.01 real, 3538 MB, 1.15 load
[runlim] sample:		102546.93 time, 102500.01 real, 3538 MB, 1.13 load

NN₁: mnist_relu_4_1024_gemm.onnx
NN₂: mnist_relu_4_1024_0.79.onnx
Prop: mnist_4_global_5.vnnlib
[runlim] sample:		102556.93 time, 102510.01 real, 3538 MB, 1.11 load
[runlim] sample:		102566.93 time, 102520.01 real, 3538 MB, 1.09 load
[runlim] sample:		102576.94 time, 102530.01 real, 3538 MB, 1.08 load
[runlim] sample:		102586.95 time, 102540.01 real, 3538 MB, 1.06 load
[runlim] sample:		102596.95 time, 102550.01 real, 3538 MB, 1.05 load
[runlim] sample:		102606.96 time, 102560.01 real, 3538 MB, 1.05 load
[runlim] sample:		102616.97 time, 102570.01 real, 3538 MB, 1.04 load
[runlim] sample:		102626.98 time, 102580.01 real, 3538 MB, 1.03 load
[runlim] sample:		102636.98 time, 102590.01 real, 3538 MB, 1.03 load
[runlim] sample:		102646.99 time, 102600.01 real, 3538 MB, 1.02 load
[runlim] sample:		102657.01 time, 102610.01 real, 3538 MB, 1.02 load
[runlim] sample:		102667.01 time, 102620.01 real, 3538 MB, 1.02 load
[runlim] sample:		102677.02 time, 102630.01 real, 3538 MB, 1.01 load
[runlim] sample:		102687.03 time, 102640.01 real, 3538 MB, 1.01 load
[runlim] sample:		102697.04 time, 102650.01 real, 3538 MB, 1.01 load
[runlim] sample:		102707.05 time, 102660.01 real, 3538 MB, 1.01 load
[runlim] sample:		102717.05 time, 102670.01 real, 3538 MB, 1.00 load
[runlim] sample:		102727.06 time, 102680.01 real, 3538 MB, 1.00 load
[runlim] sample:		102737.07 time, 102690.01 real, 3538 MB, 1.00 load
[runlim] sample:		102747.07 time, 102700.01 real, 3538 MB, 1.00 load
[runlim] sample:		102757.09 time, 102710.01 real, 3538 MB, 1.00 load
[runlim] sample:		102767.09 time, 102720.01 real, 3538 MB, 1.00 load
[runlim] sample:		102777.10 time, 102730.01 real, 3538 MB, 1.00 load
[runlim] sample:		102787.11 time, 102740.01 real, 3538 MB, 1.00 load
[runlim] sample:		102797.11 time, 102750.01 real, 3538 MB, 1.00 load
[runlim] sample:		102807.13 time, 102760.01 real, 3538 MB, 1.00 load
[runlim] sample:		102817.13 time, 102770.01 real, 3538 MB, 1.00 load
[runlim] sample:		102827.14 time, 102780.01 real, 3538 MB, 1.00 load
[runlim] sample:		102837.15 time, 102790.01 real, 3538 MB, 1.00 load
[runlim] sample:		102847.15 time, 102800.01 real, 3538 MB, 1.00 load
[runlim] sample:		102857.16 time, 102810.01 real, 3538 MB, 1.00 load
[runlim] sample:		102867.16 time, 102820.01 real, 3538 MB, 1.00 load
[runlim] sample:		102877.18 time, 102830.01 real, 3538 MB, 1.00 load
[runlim] sample:		102887.18 time, 102840.01 real, 3538 MB, 1.00 load
[runlim] sample:		102897.20 time, 102850.01 real, 3538 MB, 1.00 load
[runlim] sample:		102907.20 time, 102860.01 real, 3538 MB, 1.00 load
[runlim] sample:		102917.21 time, 102870.01 real, 3538 MB, 1.00 load
[runlim] sample:		102927.22 time, 102880.01 real, 3538 MB, 1.00 load
[runlim] sample:		102937.22 time, 102890.01 real, 3538 MB, 1.00 load
[runlim] sample:		102947.23 time, 102900.01 real, 3538 MB, 1.00 load
[runlim] sample:		102957.24 time, 102910.01 real, 3538 MB, 1.00 load
[runlim] sample:		102967.25 time, 102920.01 real, 3538 MB, 1.00 load
[runlim] sample:		102977.25 time, 102930.01 real, 3538 MB, 1.00 load
[runlim] sample:		102987.27 time, 102940.01 real, 3538 MB, 1.00 load
[runlim] sample:		102997.27 time, 102950.01 real, 3538 MB, 1.00 load
[runlim] sample:		103007.28 time, 102960.01 real, 3538 MB, 1.15 load
[runlim] sample:		103017.29 time, 102970.01 real, 3538 MB, 1.13 load
[runlim] sample:		103027.29 time, 102980.01 real, 3538 MB, 1.18 load
[runlim] sample:		103037.30 time, 102990.01 real, 3538 MB, 1.15 load
[runlim] sample:		103047.31 time, 103000.01 real, 3538 MB, 1.13 load
[runlim] sample:		103057.32 time, 103010.01 real, 3538 MB, 1.11 load
[runlim] sample:		103067.32 time, 103020.01 real, 3538 MB, 1.09 load
[runlim] sample:		103077.34 time, 103030.01 real, 3538 MB, 1.08 load
[runlim] sample:		103087.34 time, 103040.01 real, 3538 MB, 1.07 load
[runlim] sample:		103097.35 time, 103050.01 real, 3538 MB, 1.06 load
[runlim] sample:		103107.36 time, 103060.01 real, 3538 MB, 1.05 load
[runlim] sample:		103117.37 time, 103070.01 real, 3538 MB, 1.04 load
[runlim] sample:		103127.37 time, 103080.01 real, 3538 MB, 1.03 load
[runlim] sample:		103137.38 time, 103090.01 real, 3538 MB, 1.03 load
[runlim] sample:		103147.39 time, 103100.01 real, 3538 MB, 1.02 load

NN₁: mnist_relu_4_1024_gemm.onnx
NN₂: mnist_relu_4_1024_0.79.onnx
Prop: mnist_5_global_4.vnnlib
[runlim] sample:		103157.39 time, 103110.01 real, 3538 MB, 1.02 load
[runlim] sample:		103167.40 time, 103120.01 real, 3538 MB, 1.02 load
[runlim] sample:		103177.41 time, 103130.01 real, 3538 MB, 1.01 load
[runlim] sample:		103187.41 time, 103140.01 real, 3538 MB, 1.01 load
[runlim] sample:		103197.42 time, 103150.01 real, 3538 MB, 1.01 load
[runlim] sample:		103207.43 time, 103160.01 real, 3538 MB, 1.01 load
[runlim] sample:		103217.44 time, 103170.01 real, 3538 MB, 1.00 load
[runlim] sample:		103227.45 time, 103180.01 real, 3538 MB, 1.00 load
[runlim] sample:		103237.45 time, 103190.01 real, 3538 MB, 1.00 load
[runlim] sample:		103247.46 time, 103200.01 real, 3538 MB, 1.00 load
[runlim] sample:		103257.47 time, 103210.01 real, 3538 MB, 1.00 load
[runlim] sample:		103267.48 time, 103220.01 real, 3538 MB, 1.00 load
[runlim] sample:		103277.49 time, 103230.01 real, 3538 MB, 1.00 load
[runlim] sample:		103287.49 time, 103240.01 real, 3538 MB, 1.00 load
[runlim] sample:		103297.51 time, 103250.01 real, 3538 MB, 1.00 load
[runlim] sample:		103307.51 time, 103260.01 real, 3538 MB, 1.00 load
[runlim] sample:		103317.52 time, 103270.01 real, 3538 MB, 1.00 load
[runlim] sample:		103327.53 time, 103280.01 real, 3538 MB, 1.00 load
[runlim] sample:		103337.53 time, 103290.01 real, 3538 MB, 1.00 load
[runlim] sample:		103347.54 time, 103300.01 real, 3538 MB, 1.00 load
[runlim] sample:		103357.56 time, 103310.01 real, 3538 MB, 1.00 load
[runlim] sample:		103367.56 time, 103320.01 real, 3538 MB, 1.00 load
[runlim] sample:		103377.57 time, 103330.01 real, 3538 MB, 1.00 load
[runlim] sample:		103387.58 time, 103340.01 real, 3538 MB, 1.00 load
[runlim] sample:		103397.58 time, 103350.01 real, 3538 MB, 1.00 load
[runlim] sample:		103407.59 time, 103360.01 real, 3538 MB, 1.00 load
[runlim] sample:		103417.60 time, 103370.01 real, 3538 MB, 1.00 load
[runlim] sample:		103427.61 time, 103380.01 real, 3538 MB, 1.00 load
[runlim] sample:		103437.61 time, 103390.01 real, 3538 MB, 1.00 load
[runlim] sample:		103447.62 time, 103400.01 real, 3538 MB, 1.00 load
[runlim] sample:		103457.63 time, 103410.01 real, 3538 MB, 1.00 load
[runlim] sample:		103467.64 time, 103420.01 real, 3538 MB, 1.00 load
[runlim] sample:		103477.65 time, 103430.01 real, 3538 MB, 1.00 load
[runlim] sample:		103487.66 time, 103440.01 real, 3538 MB, 1.00 load
[runlim] sample:		103497.66 time, 103450.01 real, 3538 MB, 1.00 load
[runlim] sample:		103507.67 time, 103460.01 real, 3538 MB, 1.15 load
[runlim] sample:		103517.68 time, 103470.01 real, 3538 MB, 1.13 load
[runlim] sample:		103527.69 time, 103480.01 real, 3538 MB, 1.11 load
[runlim] sample:		103537.70 time, 103490.01 real, 3538 MB, 1.09 load
[runlim] sample:		103547.70 time, 103500.01 real, 3538 MB, 1.08 load
[runlim] sample:		103557.71 time, 103510.01 real, 3538 MB, 1.06 load
[runlim] sample:		103567.72 time, 103520.01 real, 3538 MB, 1.05 load
[runlim] sample:		103577.73 time, 103530.01 real, 3538 MB, 1.05 load
[runlim] sample:		103587.74 time, 103540.01 real, 3538 MB, 1.04 load
[runlim] sample:		103597.75 time, 103550.01 real, 3538 MB, 1.03 load
[runlim] sample:		103607.75 time, 103560.01 real, 3538 MB, 1.03 load
[runlim] sample:		103617.77 time, 103570.01 real, 3538 MB, 1.02 load
[runlim] sample:		103627.77 time, 103580.01 real, 3538 MB, 1.02 load
[runlim] sample:		103637.79 time, 103590.01 real, 3538 MB, 1.02 load
[runlim] sample:		103647.79 time, 103600.01 real, 3538 MB, 1.01 load
[runlim] sample:		103657.80 time, 103610.01 real, 3538 MB, 1.01 load
[runlim] sample:		103667.80 time, 103620.01 real, 3538 MB, 1.01 load
[runlim] sample:		103677.82 time, 103630.01 real, 3538 MB, 1.01 load
[runlim] sample:		103687.82 time, 103640.01 real, 3538 MB, 1.00 load
[runlim] sample:		103697.83 time, 103650.01 real, 3538 MB, 1.00 load
[runlim] sample:		103707.84 time, 103660.01 real, 3538 MB, 1.00 load
[runlim] sample:		103717.85 time, 103670.01 real, 3538 MB, 1.00 load
[runlim] sample:		103727.86 time, 103680.01 real, 3538 MB, 1.00 load
[runlim] sample:		103737.86 time, 103690.01 real, 3538 MB, 1.00 load
[runlim] sample:		103747.87 time, 103700.01 real, 3538 MB, 1.00 load

NN₁: mnist_relu_4_1024_gemm.onnx
NN₂: mnist_relu_4_1024_0.79.onnx
Prop: mnist_5_global_5.vnnlib
[runlim] sample:		103757.87 time, 103710.01 real, 3538 MB, 1.00 load
[runlim] sample:		103767.87 time, 103720.01 real, 3538 MB, 1.00 load
[runlim] sample:		103777.89 time, 103730.01 real, 3538 MB, 1.00 load
[runlim] sample:		103787.89 time, 103740.01 real, 3538 MB, 1.00 load
[runlim] sample:		103797.90 time, 103750.01 real, 3538 MB, 1.00 load
[runlim] sample:		103807.91 time, 103760.01 real, 3538 MB, 1.00 load
[runlim] sample:		103817.92 time, 103770.01 real, 3538 MB, 1.00 load
[runlim] sample:		103827.92 time, 103780.01 real, 3538 MB, 1.00 load
[runlim] sample:		103837.94 time, 103790.01 real, 3538 MB, 1.00 load
[runlim] sample:		103847.94 time, 103800.01 real, 3538 MB, 1.00 load
[runlim] sample:		103857.95 time, 103810.01 real, 3538 MB, 1.00 load
[runlim] sample:		103867.96 time, 103820.01 real, 3538 MB, 1.00 load
[runlim] sample:		103877.97 time, 103830.01 real, 3538 MB, 1.00 load
[runlim] sample:		103887.97 time, 103840.01 real, 3538 MB, 1.00 load
[runlim] sample:		103897.97 time, 103850.01 real, 3538 MB, 1.00 load
[runlim] sample:		103907.99 time, 103860.01 real, 3538 MB, 1.00 load
[runlim] sample:		103917.99 time, 103870.01 real, 3538 MB, 1.00 load
[runlim] sample:		103928.01 time, 103880.01 real, 3538 MB, 1.00 load
[runlim] sample:		103938.01 time, 103890.01 real, 3538 MB, 1.00 load
[runlim] sample:		103948.02 time, 103900.01 real, 3538 MB, 1.00 load
[runlim] sample:		103958.03 time, 103910.01 real, 3538 MB, 1.00 load
[runlim] sample:		103968.04 time, 103920.01 real, 3538 MB, 1.00 load
[runlim] sample:		103978.04 time, 103930.01 real, 3538 MB, 1.00 load
[runlim] sample:		103988.05 time, 103940.01 real, 3538 MB, 1.00 load
[runlim] sample:		103998.05 time, 103950.01 real, 3538 MB, 1.00 load
[runlim] sample:		104008.07 time, 103960.01 real, 3538 MB, 1.15 load
[runlim] sample:		104018.07 time, 103970.01 real, 3538 MB, 1.13 load
[runlim] sample:		104028.08 time, 103980.01 real, 3538 MB, 1.11 load
[runlim] sample:		104038.08 time, 103990.01 real, 3538 MB, 1.09 load
[runlim] sample:		104048.09 time, 104000.01 real, 3538 MB, 1.08 load
[runlim] sample:		104058.10 time, 104010.01 real, 3538 MB, 1.06 load
[runlim] sample:		104068.11 time, 104020.01 real, 3538 MB, 1.05 load
[runlim] sample:		104078.12 time, 104030.01 real, 3538 MB, 1.05 load
[runlim] sample:		104088.12 time, 104040.01 real, 3538 MB, 1.04 load
[runlim] sample:		104098.14 time, 104050.01 real, 3538 MB, 1.03 load
[runlim] sample:		104108.14 time, 104060.01 real, 3538 MB, 1.03 load
[runlim] sample:		104118.15 time, 104070.01 real, 3538 MB, 1.02 load
[runlim] sample:		104128.16 time, 104080.01 real, 3538 MB, 1.02 load
[runlim] sample:		104138.17 time, 104090.01 real, 3538 MB, 1.02 load
[runlim] sample:		104148.18 time, 104100.01 real, 3538 MB, 1.01 load
[runlim] sample:		104158.18 time, 104110.01 real, 3538 MB, 1.01 load
[runlim] sample:		104168.19 time, 104120.01 real, 3538 MB, 1.01 load
[runlim] sample:		104178.20 time, 104130.01 real, 3538 MB, 1.01 load
[runlim] sample:		104188.20 time, 104140.01 real, 3538 MB, 1.00 load
[runlim] sample:		104198.21 time, 104150.01 real, 3538 MB, 1.00 load
[runlim] sample:		104208.22 time, 104160.01 real, 3538 MB, 1.00 load
[runlim] sample:		104218.23 time, 104170.01 real, 3538 MB, 1.00 load
[runlim] sample:		104228.23 time, 104180.01 real, 3538 MB, 1.00 load
[runlim] sample:		104238.24 time, 104190.01 real, 3538 MB, 1.00 load
[runlim] sample:		104248.25 time, 104200.01 real, 3538 MB, 1.00 load
[runlim] sample:		104258.26 time, 104210.01 real, 3538 MB, 1.00 load
[runlim] sample:		104268.26 time, 104220.01 real, 3538 MB, 1.00 load
[runlim] sample:		104278.28 time, 104230.01 real, 3538 MB, 1.00 load
[runlim] sample:		104288.28 time, 104240.01 real, 3538 MB, 1.00 load
[runlim] sample:		104298.29 time, 104250.01 real, 3538 MB, 1.00 load
[runlim] sample:		104308.29 time, 104260.01 real, 3538 MB, 1.00 load
[runlim] sample:		104318.30 time, 104270.01 real, 3538 MB, 1.00 load
[runlim] sample:		104328.31 time, 104280.01 real, 3538 MB, 1.00 load
[runlim] sample:		104338.32 time, 104290.01 real, 3538 MB, 1.00 load
[runlim] sample:		104348.32 time, 104300.01 real, 3538 MB, 1.00 load

NN₁: mnist_relu_4_1024_gemm.onnx
NN₂: mnist_relu_4_1024_0.79.onnx
Prop: mnist_6_global_4.vnnlib
[runlim] sample:		104358.33 time, 104310.01 real, 3538 MB, 1.00 load
[runlim] sample:		104368.33 time, 104320.01 real, 3538 MB, 1.00 load
[runlim] sample:		104378.35 time, 104330.01 real, 3538 MB, 1.00 load
[runlim] sample:		104388.35 time, 104340.01 real, 3538 MB, 1.00 load
[runlim] sample:		104398.36 time, 104350.01 real, 3538 MB, 1.00 load
[runlim] sample:		104408.37 time, 104360.01 real, 3538 MB, 1.00 load
[runlim] sample:		104418.37 time, 104370.01 real, 3538 MB, 1.00 load
[runlim] sample:		104428.39 time, 104380.01 real, 3538 MB, 1.07 load
[runlim] sample:		104438.39 time, 104390.01 real, 3538 MB, 1.06 load
[runlim] sample:		104448.40 time, 104400.01 real, 3538 MB, 1.05 load
[runlim] sample:		104458.41 time, 104410.01 real, 3538 MB, 1.04 load
[runlim] sample:		104468.41 time, 104420.01 real, 3538 MB, 1.04 load
[runlim] sample:		104478.42 time, 104430.01 real, 3538 MB, 1.03 load
[runlim] sample:		104488.43 time, 104440.01 real, 3538 MB, 1.02 load
[runlim] sample:		104498.44 time, 104450.01 real, 3538 MB, 1.02 load
[runlim] sample:		104508.44 time, 104460.01 real, 3538 MB, 1.17 load
[runlim] sample:		104518.46 time, 104470.01 real, 3538 MB, 1.14 load
[runlim] sample:		104528.46 time, 104480.01 real, 3538 MB, 1.12 load
[runlim] sample:		104538.47 time, 104490.01 real, 3538 MB, 1.10 load
[runlim] sample:		104548.48 time, 104500.01 real, 3538 MB, 1.09 load
[runlim] sample:		104558.49 time, 104510.01 real, 3538 MB, 1.07 load
[runlim] sample:		104568.49 time, 104520.01 real, 3538 MB, 1.06 load
[runlim] sample:		104578.50 time, 104530.01 real, 3538 MB, 1.05 load
[runlim] sample:		104588.51 time, 104540.01 real, 3538 MB, 1.04 load
[runlim] sample:		104598.52 time, 104550.01 real, 3538 MB, 1.04 load
[runlim] sample:		104608.53 time, 104560.01 real, 3538 MB, 1.03 load
[runlim] sample:		104618.53 time, 104570.01 real, 3538 MB, 1.02 load
[runlim] sample:		104628.54 time, 104580.01 real, 3538 MB, 1.02 load
[runlim] sample:		104638.55 time, 104590.01 real, 3538 MB, 1.02 load
[runlim] sample:		104648.56 time, 104600.01 real, 3538 MB, 1.01 load
[runlim] sample:		104658.57 time, 104610.01 real, 3538 MB, 1.01 load
[runlim] sample:		104668.57 time, 104620.01 real, 3538 MB, 1.01 load
[runlim] sample:		104678.58 time, 104630.01 real, 3538 MB, 1.01 load
[runlim] sample:		104688.59 time, 104640.01 real, 3538 MB, 1.01 load
[runlim] sample:		104698.60 time, 104650.01 real, 3538 MB, 1.00 load
[runlim] sample:		104708.61 time, 104660.01 real, 3538 MB, 1.00 load
[runlim] sample:		104718.62 time, 104670.01 real, 3538 MB, 1.00 load
[runlim] sample:		104728.62 time, 104680.01 real, 3538 MB, 1.00 load
[runlim] sample:		104738.64 time, 104690.01 real, 3538 MB, 1.00 load
[runlim] sample:		104748.64 time, 104700.01 real, 3538 MB, 1.00 load
[runlim] sample:		104758.65 time, 104710.01 real, 3538 MB, 1.07 load
[runlim] sample:		104768.66 time, 104720.01 real, 3538 MB, 1.06 load
[runlim] sample:		104778.66 time, 104730.01 real, 3538 MB, 1.05 load
[runlim] sample:		104788.67 time, 104740.01 real, 3538 MB, 1.04 load
[runlim] sample:		104798.68 time, 104750.01 real, 3538 MB, 1.04 load
[runlim] sample:		104808.69 time, 104760.01 real, 3538 MB, 1.03 load
[runlim] sample:		104818.69 time, 104770.01 real, 3538 MB, 1.02 load
[runlim] sample:		104828.71 time, 104780.01 real, 3538 MB, 1.02 load
[runlim] sample:		104838.71 time, 104790.01 real, 3538 MB, 1.02 load
[runlim] sample:		104848.72 time, 104800.01 real, 3538 MB, 1.01 load
[runlim] sample:		104858.72 time, 104810.01 real, 3538 MB, 1.01 load
[runlim] sample:		104868.73 time, 104820.01 real, 3538 MB, 1.01 load
[runlim] sample:		104878.74 time, 104830.01 real, 3538 MB, 1.01 load
[runlim] sample:		104888.74 time, 104840.01 real, 3538 MB, 1.01 load
[runlim] sample:		104898.76 time, 104850.01 real, 3538 MB, 1.00 load
[runlim] sample:		104908.76 time, 104860.01 real, 3538 MB, 1.00 load
[runlim] sample:		104918.78 time, 104870.01 real, 3538 MB, 1.00 load
[runlim] sample:		104928.78 time, 104880.01 real, 3538 MB, 1.00 load
[runlim] sample:		104938.79 time, 104890.01 real, 3538 MB, 1.00 load
[runlim] sample:		104948.80 time, 104900.01 real, 3538 MB, 1.00 load

NN₁: mnist_relu_4_1024_gemm.onnx
NN₂: mnist_relu_4_1024_0.79.onnx
Prop: mnist_6_global_5.vnnlib
[runlim] sample:		104958.79 time, 104910.01 real, 3538 MB, 1.00 load
[runlim] sample:		104968.80 time, 104920.01 real, 3538 MB, 1.00 load
[runlim] sample:		104978.81 time, 104930.01 real, 3538 MB, 1.00 load
[runlim] sample:		104988.82 time, 104940.01 real, 3538 MB, 1.00 load
[runlim] sample:		104998.83 time, 104950.01 real, 3538 MB, 1.00 load
[runlim] sample:		105008.84 time, 104960.01 real, 3538 MB, 1.15 load
[runlim] sample:		105018.84 time, 104970.01 real, 3538 MB, 1.20 load
[runlim] sample:		105028.85 time, 104980.01 real, 3538 MB, 1.17 load
[runlim] sample:		105038.86 time, 104990.01 real, 3538 MB, 1.15 load
[runlim] sample:		105048.87 time, 105000.01 real, 3538 MB, 1.12 load
[runlim] sample:		105058.87 time, 105010.01 real, 3538 MB, 1.10 load
[runlim] sample:		105068.88 time, 105020.01 real, 3538 MB, 1.09 load
[runlim] sample:		105078.89 time, 105030.01 real, 3538 MB, 1.07 load
[runlim] sample:		105088.90 time, 105040.01 real, 3538 MB, 1.06 load
[runlim] sample:		105098.91 time, 105050.01 real, 3538 MB, 1.05 load
[runlim] sample:		105108.91 time, 105060.01 real, 3538 MB, 1.04 load
[runlim] sample:		105118.92 time, 105070.01 real, 3538 MB, 1.04 load
[runlim] sample:		105128.93 time, 105080.01 real, 3538 MB, 1.03 load
[runlim] sample:		105138.94 time, 105090.01 real, 3538 MB, 1.02 load
[runlim] sample:		105148.94 time, 105100.01 real, 3538 MB, 1.02 load
[runlim] sample:		105158.96 time, 105110.01 real, 3538 MB, 1.02 load
[runlim] sample:		105168.96 time, 105120.01 real, 3538 MB, 1.01 load
[runlim] sample:		105178.96 time, 105130.01 real, 3538 MB, 1.01 load
[runlim] sample:		105188.98 time, 105140.01 real, 3538 MB, 1.01 load
[runlim] sample:		105198.98 time, 105150.01 real, 3538 MB, 1.01 load
[runlim] sample:		105208.99 time, 105160.01 real, 3538 MB, 1.01 load
[runlim] sample:		105219.00 time, 105170.01 real, 3538 MB, 1.00 load
[runlim] sample:		105229.01 time, 105180.01 real, 3538 MB, 1.00 load
[runlim] sample:		105239.01 time, 105190.01 real, 3538 MB, 1.00 load
[runlim] sample:		105249.02 time, 105200.01 real, 3538 MB, 1.00 load
[runlim] sample:		105259.03 time, 105210.01 real, 3538 MB, 1.00 load
[runlim] sample:		105269.04 time, 105220.01 real, 3538 MB, 1.00 load
[runlim] sample:		105279.04 time, 105230.01 real, 3538 MB, 1.00 load
[runlim] sample:		105289.06 time, 105240.01 real, 3538 MB, 1.00 load
[runlim] sample:		105299.06 time, 105250.01 real, 3538 MB, 1.00 load
[runlim] sample:		105309.07 time, 105260.01 real, 3538 MB, 1.00 load
[runlim] sample:		105319.07 time, 105270.01 real, 3538 MB, 1.00 load
[runlim] sample:		105329.08 time, 105280.01 real, 3538 MB, 1.00 load
[runlim] sample:		105339.09 time, 105290.01 real, 3538 MB, 1.00 load
[runlim] sample:		105349.10 time, 105300.01 real, 3538 MB, 1.00 load
[runlim] sample:		105359.10 time, 105310.01 real, 3538 MB, 1.00 load
[runlim] sample:		105369.12 time, 105320.01 real, 3538 MB, 1.00 load
[runlim] sample:		105379.12 time, 105330.01 real, 3538 MB, 1.00 load
[runlim] sample:		105389.13 time, 105340.01 real, 3538 MB, 1.00 load
[runlim] sample:		105399.14 time, 105350.01 real, 3538 MB, 1.00 load
[runlim] sample:		105409.14 time, 105360.01 real, 3538 MB, 1.00 load
[runlim] sample:		105419.15 time, 105370.01 real, 3538 MB, 1.00 load
[runlim] sample:		105429.16 time, 105380.01 real, 3538 MB, 1.00 load
[runlim] sample:		105439.17 time, 105390.01 real, 3538 MB, 1.00 load
[runlim] sample:		105449.17 time, 105400.01 real, 3538 MB, 1.00 load
[runlim] sample:		105459.19 time, 105410.01 real, 3538 MB, 1.00 load
[runlim] sample:		105469.19 time, 105420.01 real, 3538 MB, 1.00 load
[runlim] sample:		105479.20 time, 105430.01 real, 3538 MB, 1.00 load
[runlim] sample:		105489.20 time, 105440.01 real, 3538 MB, 1.00 load
[runlim] sample:		105499.21 time, 105450.01 real, 3538 MB, 1.00 load
[runlim] sample:		105509.22 time, 105460.01 real, 3538 MB, 1.15 load
[runlim] sample:		105519.23 time, 105470.01 real, 3538 MB, 1.20 load
[runlim] sample:		105529.23 time, 105480.01 real, 3538 MB, 1.17 load
[runlim] sample:		105539.24 time, 105490.01 real, 3538 MB, 1.15 load
[runlim] sample:		105549.25 time, 105500.01 real, 3538 MB, 1.12 load

NN₁: mnist_relu_4_1024_gemm.onnx
NN₂: mnist_relu_4_1024_0.79.onnx
Prop: mnist_7_global_4.vnnlib
[runlim] sample:		105559.25 time, 105510.01 real, 3538 MB, 1.10 load
[runlim] sample:		105569.25 time, 105520.01 real, 3538 MB, 1.09 load
[runlim] sample:		105579.26 time, 105530.01 real, 3538 MB, 1.07 load
[runlim] sample:		105589.27 time, 105540.01 real, 3538 MB, 1.06 load
[runlim] sample:		105599.28 time, 105550.01 real, 3538 MB, 1.05 load
[runlim] sample:		105609.28 time, 105560.01 real, 3538 MB, 1.04 load
[runlim] sample:		105619.29 time, 105570.01 real, 3538 MB, 1.04 load
[runlim] sample:		105629.30 time, 105580.01 real, 3538 MB, 1.03 load
[runlim] sample:		105639.31 time, 105590.01 real, 3538 MB, 1.02 load
[runlim] sample:		105649.32 time, 105600.01 real, 3538 MB, 1.02 load
[runlim] sample:		105659.33 time, 105610.01 real, 3538 MB, 1.02 load
[runlim] sample:		105669.33 time, 105620.01 real, 3538 MB, 1.01 load
[runlim] sample:		105679.34 time, 105630.01 real, 3538 MB, 1.01 load
[runlim] sample:		105689.35 time, 105640.01 real, 3538 MB, 1.01 load
[runlim] sample:		105699.36 time, 105650.01 real, 3538 MB, 1.01 load
[runlim] sample:		105709.36 time, 105660.01 real, 3538 MB, 1.09 load
[runlim] sample:		105719.37 time, 105670.01 real, 3538 MB, 1.07 load
[runlim] sample:		105729.38 time, 105680.01 real, 3538 MB, 1.06 load
[runlim] sample:		105739.38 time, 105690.01 real, 3538 MB, 1.12 load
[runlim] sample:		105749.40 time, 105700.01 real, 3538 MB, 1.11 load
[runlim] sample:		105759.40 time, 105710.01 real, 3538 MB, 1.09 load
[runlim] sample:		105769.41 time, 105720.01 real, 3538 MB, 1.07 load
[runlim] sample:		105779.41 time, 105730.01 real, 3538 MB, 1.06 load
[runlim] sample:		105789.43 time, 105740.01 real, 3538 MB, 1.05 load
[runlim] sample:		105799.43 time, 105750.01 real, 3538 MB, 1.12 load
[runlim] sample:		105809.44 time, 105760.01 real, 3538 MB, 1.10 load
[runlim] sample:		105819.45 time, 105770.01 real, 3538 MB, 1.08 load
[runlim] sample:		105829.45 time, 105780.01 real, 3538 MB, 1.07 load
[runlim] sample:		105839.47 time, 105790.01 real, 3538 MB, 1.06 load
[runlim] sample:		105849.47 time, 105800.01 real, 3538 MB, 1.05 load
[runlim] sample:		105859.48 time, 105810.01 real, 3538 MB, 1.04 load
[runlim] sample:		105869.49 time, 105820.01 real, 3538 MB, 1.03 load
[runlim] sample:		105879.49 time, 105830.01 real, 3538 MB, 1.03 load
[runlim] sample:		105889.50 time, 105840.01 real, 3538 MB, 1.02 load
[runlim] sample:		105899.51 time, 105850.01 real, 3538 MB, 1.09 load
[runlim] sample:		105909.52 time, 105860.01 real, 3538 MB, 1.08 load
[runlim] sample:		105919.53 time, 105870.01 real, 3538 MB, 1.07 load
[runlim] sample:		105929.54 time, 105880.01 real, 3538 MB, 1.06 load
[runlim] sample:		105939.54 time, 105890.01 real, 3538 MB, 1.05 load
[runlim] sample:		105949.56 time, 105900.01 real, 3538 MB, 1.04 load
[runlim] sample:		105959.56 time, 105910.01 real, 3538 MB, 1.03 load
[runlim] sample:		105969.56 time, 105920.01 real, 3538 MB, 1.11 load
[runlim] sample:		105979.57 time, 105930.01 real, 3538 MB, 1.09 load
[runlim] sample:		105989.59 time, 105940.01 real, 3538 MB, 1.08 load
[runlim] sample:		105999.59 time, 105950.01 real, 3538 MB, 1.06 load
[runlim] sample:		106009.60 time, 105960.01 real, 3538 MB, 1.21 load
[runlim] sample:		106019.62 time, 105970.01 real, 3538 MB, 1.25 load
[runlim] sample:		106029.62 time, 105980.01 real, 3538 MB, 1.21 load
[runlim] sample:		106039.63 time, 105990.01 real, 3538 MB, 1.18 load
[runlim] sample:		106049.63 time, 106000.01 real, 3538 MB, 1.15 load
[runlim] sample:		106059.64 time, 106010.01 real, 3538 MB, 1.13 load
[runlim] sample:		106069.65 time, 106020.01 real, 3538 MB, 1.11 load
[runlim] sample:		106079.66 time, 106030.01 real, 3538 MB, 1.09 load
[runlim] sample:		106089.66 time, 106040.01 real, 3538 MB, 1.08 load
[runlim] sample:		106099.67 time, 106050.01 real, 3538 MB, 1.06 load
[runlim] sample:		106109.68 time, 106060.01 real, 3538 MB, 1.05 load
[runlim] sample:		106119.69 time, 106070.01 real, 3538 MB, 1.04 load
[runlim] sample:		106129.70 time, 106080.01 real, 3538 MB, 1.04 load
[runlim] sample:		106139.70 time, 106090.01 real, 3538 MB, 1.03 load
[runlim] sample:		106149.71 time, 106100.01 real, 3538 MB, 1.03 load

NN₁: mnist_relu_4_1024_gemm.onnx
NN₂: mnist_relu_4_1024_0.79.onnx
Prop: mnist_7_global_5.vnnlib
[runlim] sample:		106159.71 time, 106110.01 real, 3538 MB, 1.02 load
[runlim] sample:		106169.72 time, 106120.01 real, 3538 MB, 1.02 load
[runlim] sample:		106179.72 time, 106130.01 real, 3538 MB, 1.01 load
[runlim] sample:		106189.74 time, 106140.01 real, 3538 MB, 1.01 load
[runlim] sample:		106199.74 time, 106150.01 real, 3538 MB, 1.01 load
[runlim] sample:		106209.75 time, 106160.01 real, 3538 MB, 1.01 load
[runlim] sample:		106219.75 time, 106170.01 real, 3538 MB, 1.01 load
[runlim] sample:		106229.76 time, 106180.01 real, 3538 MB, 1.00 load
[runlim] sample:		106239.77 time, 106190.01 real, 3538 MB, 1.00 load
[runlim] sample:		106249.78 time, 106200.01 real, 3538 MB, 1.00 load
[runlim] sample:		106259.79 time, 106210.01 real, 3538 MB, 1.00 load
[runlim] sample:		106269.79 time, 106220.01 real, 3538 MB, 1.00 load
[runlim] sample:		106279.80 time, 106230.01 real, 3538 MB, 1.00 load
[runlim] sample:		106289.81 time, 106240.01 real, 3538 MB, 1.00 load
[runlim] sample:		106299.82 time, 106250.01 real, 3538 MB, 1.00 load
[runlim] sample:		106309.82 time, 106260.01 real, 3538 MB, 1.00 load
[runlim] sample:		106319.84 time, 106270.01 real, 3538 MB, 1.00 load
[runlim] sample:		106329.84 time, 106280.01 real, 3538 MB, 1.00 load
[runlim] sample:		106339.85 time, 106290.01 real, 3538 MB, 1.00 load
[runlim] sample:		106349.86 time, 106300.01 real, 3538 MB, 1.00 load
[runlim] sample:		106359.87 time, 106310.01 real, 3538 MB, 1.00 load
[runlim] sample:		106369.87 time, 106320.01 real, 3538 MB, 1.00 load
[runlim] sample:		106379.89 time, 106330.01 real, 3538 MB, 1.00 load
[runlim] sample:		106389.89 time, 106340.01 real, 3538 MB, 1.00 load
[runlim] sample:		106399.90 time, 106350.01 real, 3538 MB, 1.00 load
[runlim] sample:		106409.91 time, 106360.01 real, 3538 MB, 1.00 load
[runlim] sample:		106419.91 time, 106370.01 real, 3538 MB, 1.00 load
[runlim] sample:		106429.93 time, 106380.01 real, 3538 MB, 1.00 load
[runlim] sample:		106439.93 time, 106390.01 real, 3538 MB, 1.00 load
[runlim] sample:		106449.94 time, 106400.01 real, 3538 MB, 1.00 load
[runlim] sample:		106459.94 time, 106410.01 real, 3538 MB, 1.00 load
[runlim] sample:		106469.95 time, 106420.01 real, 3538 MB, 1.00 load
[runlim] sample:		106479.96 time, 106430.01 real, 3538 MB, 1.00 load
[runlim] sample:		106489.97 time, 106440.01 real, 3538 MB, 1.00 load
[runlim] sample:		106499.98 time, 106450.01 real, 3538 MB, 1.00 load
[runlim] sample:		106509.98 time, 106460.01 real, 3538 MB, 1.15 load
[runlim] sample:		106519.99 time, 106470.01 real, 3538 MB, 1.13 load
[runlim] sample:		106530.00 time, 106480.01 real, 3538 MB, 1.11 load
[runlim] sample:		106540.01 time, 106490.01 real, 3538 MB, 1.09 load
[runlim] sample:		106550.01 time, 106500.01 real, 3538 MB, 1.08 load
[runlim] sample:		106560.02 time, 106510.01 real, 3538 MB, 1.06 load
[runlim] sample:		106570.03 time, 106520.01 real, 3538 MB, 1.05 load
[runlim] sample:		106580.04 time, 106530.01 real, 3538 MB, 1.05 load
[runlim] sample:		106590.04 time, 106540.01 real, 3538 MB, 1.04 load
[runlim] sample:		106600.06 time, 106550.01 real, 3538 MB, 1.03 load
[runlim] sample:		106610.06 time, 106560.01 real, 3538 MB, 1.03 load
[runlim] sample:		106620.07 time, 106570.01 real, 3538 MB, 1.02 load
[runlim] sample:		106630.07 time, 106580.01 real, 3538 MB, 1.02 load
[runlim] sample:		106640.09 time, 106590.01 real, 3538 MB, 1.02 load
[runlim] sample:		106650.09 time, 106600.01 real, 3538 MB, 1.01 load
[runlim] sample:		106660.10 time, 106610.01 real, 3538 MB, 1.01 load
[runlim] sample:		106670.11 time, 106620.01 real, 3538 MB, 1.01 load
[runlim] sample:		106680.12 time, 106630.01 real, 3538 MB, 1.01 load
[runlim] sample:		106690.12 time, 106640.01 real, 3538 MB, 1.00 load
[runlim] sample:		106700.13 time, 106650.01 real, 3538 MB, 1.00 load
[runlim] sample:		106710.14 time, 106660.01 real, 3538 MB, 1.00 load
[runlim] sample:		106720.14 time, 106670.01 real, 3538 MB, 1.00 load
[runlim] sample:		106730.16 time, 106680.01 real, 3538 MB, 1.00 load
[runlim] sample:		106740.16 time, 106690.01 real, 3538 MB, 1.00 load
[runlim] sample:		106750.17 time, 106700.01 real, 3538 MB, 1.00 load

NN₁: mnist_relu_4_1024_gemm.onnx
NN₂: mnist_relu_4_1024_0.79.onnx
Prop: mnist_8_global_4.vnnlib
[runlim] sample:		106760.16 time, 106710.01 real, 3538 MB, 1.00 load
[runlim] sample:		106770.17 time, 106720.01 real, 3538 MB, 1.00 load
[runlim] sample:		106780.18 time, 106730.01 real, 3538 MB, 1.00 load
[runlim] sample:		106790.19 time, 106740.01 real, 3538 MB, 1.00 load
[runlim] sample:		106800.20 time, 106750.01 real, 3538 MB, 1.00 load
[runlim] sample:		106810.20 time, 106760.01 real, 3538 MB, 1.00 load
[runlim] sample:		106820.22 time, 106770.01 real, 3538 MB, 1.00 load
[runlim] sample:		106830.22 time, 106780.01 real, 3538 MB, 1.00 load
[runlim] sample:		106840.23 time, 106790.01 real, 3538 MB, 1.00 load
[runlim] sample:		106850.24 time, 106800.01 real, 3538 MB, 1.00 load
[runlim] sample:		106860.25 time, 106810.01 real, 3538 MB, 1.00 load
[runlim] sample:		106870.26 time, 106820.01 real, 3538 MB, 1.00 load
[runlim] sample:		106880.26 time, 106830.01 real, 3538 MB, 1.00 load
[runlim] sample:		106890.28 time, 106840.01 real, 3538 MB, 1.00 load
[runlim] sample:		106900.28 time, 106850.01 real, 3538 MB, 1.00 load
[runlim] sample:		106910.29 time, 106860.01 real, 3538 MB, 1.00 load
[runlim] sample:		106920.30 time, 106870.01 real, 3538 MB, 1.00 load
[runlim] sample:		106930.31 time, 106880.01 real, 3538 MB, 1.00 load
[runlim] sample:		106940.31 time, 106890.01 real, 3538 MB, 1.00 load
[runlim] sample:		106950.33 time, 106900.01 real, 3538 MB, 1.00 load
[runlim] sample:		106960.33 time, 106910.01 real, 3538 MB, 1.00 load
[runlim] sample:		106970.34 time, 106920.01 real, 3538 MB, 1.00 load
[runlim] sample:		106980.34 time, 106930.01 real, 3538 MB, 1.00 load
[runlim] sample:		106990.35 time, 106940.01 real, 3538 MB, 1.00 load
[runlim] sample:		107000.36 time, 106950.01 real, 3538 MB, 1.00 load
[runlim] sample:		107010.37 time, 106960.01 real, 3538 MB, 1.15 load
[runlim] sample:		107020.37 time, 106970.01 real, 3538 MB, 1.20 load
[runlim] sample:		107030.38 time, 106980.01 real, 3538 MB, 1.17 load
[runlim] sample:		107040.39 time, 106990.01 real, 3538 MB, 1.15 load
[runlim] sample:		107050.40 time, 107000.01 real, 3538 MB, 1.12 load
[runlim] sample:		107060.40 time, 107010.01 real, 3538 MB, 1.10 load
[runlim] sample:		107070.41 time, 107020.01 real, 3538 MB, 1.09 load
[runlim] sample:		107080.42 time, 107030.01 real, 3538 MB, 1.07 load
[runlim] sample:		107090.44 time, 107040.01 real, 3538 MB, 1.06 load
[runlim] sample:		107100.44 time, 107050.01 real, 3538 MB, 1.05 load
[runlim] sample:		107110.45 time, 107060.01 real, 3538 MB, 1.04 load
[runlim] sample:		107120.46 time, 107070.01 real, 3538 MB, 1.04 load
[runlim] sample:		107130.47 time, 107080.01 real, 3538 MB, 1.03 load
[runlim] sample:		107140.47 time, 107090.01 real, 3538 MB, 1.02 load
[runlim] sample:		107150.49 time, 107100.01 real, 3538 MB, 1.02 load
[runlim] sample:		107160.49 time, 107110.01 real, 3538 MB, 1.02 load
[runlim] sample:		107170.50 time, 107120.01 real, 3538 MB, 1.01 load
[runlim] sample:		107180.51 time, 107130.01 real, 3538 MB, 1.01 load
[runlim] sample:		107190.51 time, 107140.01 real, 3538 MB, 1.01 load
[runlim] sample:		107200.53 time, 107150.01 real, 3538 MB, 1.01 load
[runlim] sample:		107210.53 time, 107160.01 real, 3538 MB, 1.01 load
[runlim] sample:		107220.54 time, 107170.01 real, 3538 MB, 1.00 load
[runlim] sample:		107230.55 time, 107180.01 real, 3538 MB, 1.00 load
[runlim] sample:		107240.55 time, 107190.01 real, 3538 MB, 1.00 load
[runlim] sample:		107250.57 time, 107200.01 real, 3538 MB, 1.00 load
[runlim] sample:		107260.57 time, 107210.01 real, 3538 MB, 1.00 load
[runlim] sample:		107270.59 time, 107220.01 real, 3538 MB, 1.00 load
[runlim] sample:		107280.59 time, 107230.01 real, 3538 MB, 1.00 load
[runlim] sample:		107290.60 time, 107240.01 real, 3538 MB, 1.00 load
[runlim] sample:		107300.61 time, 107250.01 real, 3538 MB, 1.00 load
[runlim] sample:		107310.61 time, 107260.01 real, 3538 MB, 1.00 load
[runlim] sample:		107320.62 time, 107270.01 real, 3538 MB, 1.00 load
[runlim] sample:		107330.63 time, 107280.01 real, 3538 MB, 1.00 load
[runlim] sample:		107340.64 time, 107290.01 real, 3538 MB, 1.00 load
[runlim] sample:		107350.65 time, 107300.01 real, 3538 MB, 1.00 load

NN₁: mnist_relu_4_1024_gemm.onnx
NN₂: mnist_relu_4_1024_0.79.onnx
Prop: mnist_8_global_5.vnnlib
[runlim] sample:		107360.65 time, 107310.01 real, 3538 MB, 1.00 load
[runlim] sample:		107370.66 time, 107320.01 real, 3538 MB, 1.00 load
[runlim] sample:		107380.66 time, 107330.01 real, 3538 MB, 1.00 load
[runlim] sample:		107390.67 time, 107340.01 real, 3538 MB, 1.00 load
[runlim] sample:		107400.68 time, 107350.01 real, 3538 MB, 1.00 load
[runlim] sample:		107410.69 time, 107360.01 real, 3538 MB, 1.00 load
[runlim] sample:		107420.70 time, 107370.01 real, 3538 MB, 1.00 load
[runlim] sample:		107430.70 time, 107380.01 real, 3538 MB, 1.00 load
[runlim] sample:		107440.71 time, 107390.01 real, 3538 MB, 1.00 load
[runlim] sample:		107450.72 time, 107400.01 real, 3538 MB, 1.00 load
[runlim] sample:		107460.73 time, 107410.01 real, 3538 MB, 1.00 load
[runlim] sample:		107470.74 time, 107420.01 real, 3538 MB, 1.00 load
[runlim] sample:		107480.74 time, 107430.01 real, 3538 MB, 1.00 load
[runlim] sample:		107490.75 time, 107440.01 real, 3538 MB, 1.00 load
[runlim] sample:		107500.76 time, 107450.01 real, 3538 MB, 1.00 load
[runlim] sample:		107510.77 time, 107460.01 real, 3538 MB, 1.15 load
[runlim] sample:		107520.78 time, 107470.01 real, 3538 MB, 1.13 load
[runlim] sample:		107530.78 time, 107480.01 real, 3538 MB, 1.11 load
[runlim] sample:		107540.79 time, 107490.01 real, 3538 MB, 1.09 load
[runlim] sample:		107550.81 time, 107500.01 real, 3538 MB, 1.08 load
[runlim] sample:		107560.81 time, 107510.01 real, 3538 MB, 1.06 load
[runlim] sample:		107570.82 time, 107520.01 real, 3538 MB, 1.05 load
[runlim] sample:		107580.82 time, 107530.01 real, 3538 MB, 1.05 load
[runlim] sample:		107590.84 time, 107540.01 real, 3538 MB, 1.04 load
[runlim] sample:		107600.84 time, 107550.01 real, 3538 MB, 1.03 load
[runlim] sample:		107610.85 time, 107560.01 real, 3538 MB, 1.03 load
[runlim] sample:		107620.85 time, 107570.01 real, 3538 MB, 1.02 load
[runlim] sample:		107630.87 time, 107580.01 real, 3538 MB, 1.02 load
[runlim] sample:		107640.88 time, 107590.01 real, 3538 MB, 1.02 load
[runlim] sample:		107650.88 time, 107600.01 real, 3538 MB, 1.01 load
[runlim] sample:		107660.89 time, 107610.01 real, 3538 MB, 1.01 load
[runlim] sample:		107670.90 time, 107620.01 real, 3538 MB, 1.01 load
[runlim] sample:		107680.90 time, 107630.01 real, 3538 MB, 1.01 load
[runlim] sample:		107690.92 time, 107640.01 real, 3538 MB, 1.00 load
[runlim] sample:		107700.92 time, 107650.01 real, 3538 MB, 1.00 load
[runlim] sample:		107710.94 time, 107660.01 real, 3538 MB, 1.00 load
[runlim] sample:		107720.94 time, 107670.01 real, 3538 MB, 1.00 load
[runlim] sample:		107730.94 time, 107680.01 real, 3538 MB, 1.00 load
[runlim] sample:		107740.96 time, 107690.01 real, 3538 MB, 1.00 load
[runlim] sample:		107750.96 time, 107700.01 real, 3538 MB, 1.00 load
[runlim] sample:		107760.97 time, 107710.01 real, 3538 MB, 1.00 load
[runlim] sample:		107770.98 time, 107720.01 real, 3538 MB, 1.00 load
[runlim] sample:		107780.99 time, 107730.01 real, 3538 MB, 1.00 load
[runlim] sample:		107790.99 time, 107740.01 real, 3538 MB, 1.00 load
[runlim] sample:		107801.01 time, 107750.01 real, 3538 MB, 1.00 load
[runlim] sample:		107811.01 time, 107760.01 real, 3538 MB, 1.00 load
[runlim] sample:		107821.02 time, 107770.01 real, 3538 MB, 1.00 load
[runlim] sample:		107831.02 time, 107780.01 real, 3538 MB, 1.00 load
[runlim] sample:		107841.04 time, 107790.01 real, 3538 MB, 1.00 load
[runlim] sample:		107851.04 time, 107800.01 real, 3538 MB, 1.00 load
[runlim] sample:		107861.05 time, 107810.01 real, 3538 MB, 1.00 load
[runlim] sample:		107871.06 time, 107820.01 real, 3538 MB, 1.00 load
[runlim] sample:		107881.07 time, 107830.01 real, 3538 MB, 1.00 load
[runlim] sample:		107891.07 time, 107840.01 real, 3538 MB, 1.00 load
[runlim] sample:		107901.09 time, 107850.01 real, 3538 MB, 1.00 load
[runlim] sample:		107911.09 time, 107860.01 real, 3538 MB, 1.00 load
[runlim] sample:		107921.10 time, 107870.01 real, 3538 MB, 1.00 load
[runlim] sample:		107931.11 time, 107880.01 real, 3538 MB, 1.00 load
[runlim] sample:		107941.11 time, 107890.01 real, 3538 MB, 1.00 load
[runlim] sample:		107951.12 time, 107900.01 real, 3538 MB, 1.00 load
[runlim] sample:		107961.12 time, 107910.01 real, 3538 MB, 1.00 load

NN₁: mnist_relu_4_1024_gemm.onnx
NN₂: mnist_relu_4_1024_0.79.onnx
Prop: mnist_9_global_4.vnnlib
[runlim] sample:		107971.13 time, 107920.01 real, 3538 MB, 1.00 load
[runlim] sample:		107981.13 time, 107930.01 real, 3538 MB, 1.00 load
[runlim] sample:		107991.14 time, 107940.01 real, 3538 MB, 1.00 load
[runlim] sample:		108001.15 time, 107950.01 real, 3538 MB, 1.00 load
[runlim] sample:		108011.16 time, 107960.01 real, 3538 MB, 1.15 load
[runlim] sample:		108021.17 time, 107970.01 real, 3538 MB, 1.13 load
[runlim] sample:		108031.17 time, 107980.01 real, 3538 MB, 1.11 load
[runlim] sample:		108041.18 time, 107990.01 real, 3538 MB, 1.09 load
[runlim] sample:		108051.19 time, 108000.01 real, 3538 MB, 1.08 load
[runlim] sample:		108061.20 time, 108010.01 real, 3538 MB, 1.06 load
[runlim] sample:		108071.21 time, 108020.01 real, 3538 MB, 1.05 load
[runlim] sample:		108081.22 time, 108030.01 real, 3538 MB, 1.05 load
[runlim] sample:		108091.22 time, 108040.01 real, 3538 MB, 1.04 load
[runlim] sample:		108101.23 time, 108050.01 real, 3538 MB, 1.03 load
[runlim] sample:		108111.24 time, 108060.01 real, 3538 MB, 1.03 load
[runlim] sample:		108121.24 time, 108070.01 real, 3538 MB, 1.02 load
[runlim] sample:		108131.26 time, 108080.01 real, 3538 MB, 1.02 load
[runlim] sample:		108141.26 time, 108090.01 real, 3538 MB, 1.02 load
[runlim] sample:		108151.27 time, 108100.01 real, 3538 MB, 1.01 load
[runlim] sample:		108161.28 time, 108110.01 real, 3538 MB, 1.01 load
[runlim] sample:		108171.29 time, 108120.01 real, 3538 MB, 1.01 load
[runlim] sample:		108181.30 time, 108130.01 real, 3538 MB, 1.01 load
[runlim] sample:		108191.31 time, 108140.01 real, 3538 MB, 1.00 load
[runlim] sample:		108201.32 time, 108150.01 real, 3538 MB, 1.00 load
[runlim] sample:		108211.33 time, 108160.01 real, 3538 MB, 1.00 load
[runlim] sample:		108221.33 time, 108170.01 real, 3538 MB, 1.00 load
[runlim] sample:		108231.34 time, 108180.01 real, 3538 MB, 1.00 load
[runlim] sample:		108241.35 time, 108190.01 real, 3538 MB, 1.00 load
[runlim] sample:		108251.36 time, 108200.01 real, 3538 MB, 1.00 load
[runlim] sample:		108261.36 time, 108210.01 real, 3538 MB, 1.00 load
[runlim] sample:		108271.38 time, 108220.01 real, 3538 MB, 1.00 load
[runlim] sample:		108281.38 time, 108230.01 real, 3538 MB, 1.00 load
[runlim] sample:		108291.39 time, 108240.01 real, 3538 MB, 1.00 load
[runlim] sample:		108301.39 time, 108250.01 real, 3538 MB, 1.00 load
[runlim] sample:		108311.40 time, 108260.01 real, 3538 MB, 1.00 load
[runlim] sample:		108321.41 time, 108270.01 real, 3538 MB, 1.00 load
[runlim] sample:		108331.43 time, 108280.01 real, 3538 MB, 1.00 load
[runlim] sample:		108341.43 time, 108290.01 real, 3538 MB, 1.00 load
[runlim] sample:		108351.43 time, 108300.01 real, 3538 MB, 1.00 load
[runlim] sample:		108361.45 time, 108310.01 real, 3538 MB, 1.00 load
[runlim] sample:		108371.46 time, 108320.01 real, 3538 MB, 1.00 load
[runlim] sample:		108381.46 time, 108330.01 real, 3538 MB, 1.00 load
[runlim] sample:		108391.47 time, 108340.01 real, 3538 MB, 1.00 load
[runlim] sample:		108401.48 time, 108350.01 real, 3538 MB, 1.00 load
[runlim] sample:		108411.48 time, 108360.01 real, 3538 MB, 1.00 load
[runlim] sample:		108421.49 time, 108370.01 real, 3538 MB, 1.00 load
[runlim] sample:		108431.50 time, 108380.01 real, 3538 MB, 1.00 load
[runlim] sample:		108441.52 time, 108390.01 real, 3538 MB, 1.00 load
[runlim] sample:		108451.52 time, 108400.01 real, 3538 MB, 1.00 load
[runlim] sample:		108461.53 time, 108410.01 real, 3538 MB, 1.00 load
[runlim] sample:		108471.54 time, 108420.01 real, 3538 MB, 1.00 load
[runlim] sample:		108481.55 time, 108430.01 real, 3538 MB, 1.00 load
[runlim] sample:		108491.56 time, 108440.01 real, 3538 MB, 1.00 load
[runlim] sample:		108501.56 time, 108450.01 real, 3538 MB, 1.00 load
[runlim] sample:		108511.57 time, 108460.01 real, 3538 MB, 1.15 load
[runlim] sample:		108521.58 time, 108470.01 real, 3538 MB, 1.13 load
[runlim] sample:		108531.59 time, 108480.01 real, 3538 MB, 1.11 load
[runlim] sample:		108541.59 time, 108490.01 real, 3538 MB, 1.09 load
[runlim] sample:		108551.60 time, 108500.01 real, 3538 MB, 1.08 load
[runlim] sample:		108561.61 time, 108510.01 real, 3538 MB, 1.06 load

NN₁: mnist_relu_4_1024_gemm.onnx
NN₂: mnist_relu_4_1024_0.79.onnx
Prop: mnist_9_global_5.vnnlib
[runlim] sample:		108571.61 time, 108520.01 real, 3538 MB, 1.14 load
[runlim] sample:		108581.61 time, 108530.01 real, 3538 MB, 1.11 load
[runlim] sample:		108591.63 time, 108540.01 real, 3538 MB, 1.10 load
[runlim] sample:		108601.64 time, 108550.01 real, 3538 MB, 1.08 load
[runlim] sample:		108611.64 time, 108560.01 real, 3538 MB, 1.07 load
[runlim] sample:		108621.65 time, 108570.01 real, 3538 MB, 1.06 load
[runlim] sample:		108631.65 time, 108580.01 real, 3538 MB, 1.05 load
[runlim] sample:		108641.67 time, 108590.01 real, 3538 MB, 1.04 load
[runlim] sample:		108651.67 time, 108600.01 real, 3538 MB, 1.03 load
[runlim] sample:		108661.68 time, 108610.01 real, 3538 MB, 1.03 load
[runlim] sample:		108671.68 time, 108620.01 real, 3538 MB, 1.02 load
[runlim] sample:		108681.70 time, 108630.01 real, 3538 MB, 1.02 load
[runlim] sample:		108691.70 time, 108640.01 real, 3538 MB, 1.02 load
[runlim] sample:		108701.71 time, 108650.01 real, 3538 MB, 1.01 load
[runlim] sample:		108711.72 time, 108660.01 real, 3538 MB, 1.01 load
[runlim] sample:		108721.73 time, 108670.01 real, 3538 MB, 1.01 load
[runlim] sample:		108731.74 time, 108680.01 real, 3538 MB, 1.01 load
[runlim] sample:		108741.74 time, 108690.01 real, 3538 MB, 1.00 load
[runlim] sample:		108751.76 time, 108700.01 real, 3538 MB, 1.00 load
[runlim] sample:		108761.76 time, 108710.01 real, 3538 MB, 1.00 load
[runlim] sample:		108771.77 time, 108720.01 real, 3538 MB, 1.00 load
[runlim] sample:		108781.78 time, 108730.01 real, 3538 MB, 1.00 load
[runlim] sample:		108791.78 time, 108740.01 real, 3538 MB, 1.00 load
[runlim] sample:		108801.79 time, 108750.01 real, 3538 MB, 1.00 load
[runlim] sample:		108811.80 time, 108760.01 real, 3538 MB, 1.00 load
[runlim] sample:		108821.80 time, 108770.01 real, 3538 MB, 1.00 load
[runlim] sample:		108831.81 time, 108780.01 real, 3538 MB, 1.08 load
[runlim] sample:		108841.82 time, 108790.01 real, 3538 MB, 1.07 load
[runlim] sample:		108851.83 time, 108800.01 real, 3538 MB, 1.06 load
[runlim] sample:		108861.83 time, 108810.01 real, 3538 MB, 1.05 load
[runlim] sample:		108871.85 time, 108820.01 real, 3538 MB, 1.04 load
[runlim] sample:		108881.85 time, 108830.01 real, 3538 MB, 1.03 load
[runlim] sample:		108891.86 time, 108840.01 real, 3538 MB, 1.03 load
[runlim] sample:		108901.87 time, 108850.01 real, 3538 MB, 1.02 load
[runlim] sample:		108911.88 time, 108860.01 real, 3538 MB, 1.02 load
[runlim] sample:		108921.89 time, 108870.01 real, 3538 MB, 1.02 load
[runlim] sample:		108931.89 time, 108880.01 real, 3538 MB, 1.01 load
[runlim] sample:		108941.90 time, 108890.01 real, 3538 MB, 1.01 load
[runlim] sample:		108951.91 time, 108900.01 real, 3538 MB, 1.01 load
[runlim] sample:		108961.92 time, 108910.01 real, 3538 MB, 1.01 load
[runlim] sample:		108971.92 time, 108920.01 real, 3538 MB, 1.00 load
[runlim] sample:		108981.94 time, 108930.01 real, 3538 MB, 1.00 load
[runlim] sample:		108991.95 time, 108940.01 real, 3538 MB, 1.00 load
[runlim] sample:		109001.95 time, 108950.01 real, 3538 MB, 1.00 load
[runlim] sample:		109011.96 time, 108960.01 real, 3538 MB, 1.16 load
[runlim] sample:		109021.97 time, 108970.01 real, 3538 MB, 1.13 load
[runlim] sample:		109031.97 time, 108980.01 real, 3538 MB, 1.11 load
[runlim] sample:		109041.98 time, 108990.01 real, 3538 MB, 1.09 load
[runlim] sample:		109051.99 time, 109000.01 real, 3538 MB, 1.08 load
[runlim] sample:		109061.99 time, 109010.01 real, 3538 MB, 1.07 load
[runlim] sample:		109072.01 time, 109020.01 real, 3538 MB, 1.06 load
[runlim] sample:		109082.01 time, 109030.01 real, 3538 MB, 1.05 load
[runlim] sample:		109092.02 time, 109040.01 real, 3538 MB, 1.04 load
[runlim] sample:		109102.03 time, 109050.01 real, 3538 MB, 1.03 load
[runlim] sample:		109112.04 time, 109060.01 real, 3538 MB, 1.03 load
[runlim] sample:		109122.05 time, 109070.01 real, 3538 MB, 1.02 load
[runlim] sample:		109132.06 time, 109080.01 real, 3538 MB, 1.02 load
[runlim] sample:		109142.06 time, 109090.01 real, 3538 MB, 1.02 load
[runlim] sample:		109152.07 time, 109100.01 real, 3538 MB, 1.01 load
[runlim] sample:		109162.07 time, 109110.01 real, 3538 MB, 1.01 load

NN₁: mnist_relu_4_1024_gemm.onnx
NN₂: mnist_relu_4_1024_0.79.onnx
Prop: mnist_10_global_4.vnnlib
[runlim] sample:		109172.07 time, 109120.01 real, 3538 MB, 1.01 load
[runlim] sample:		109182.08 time, 109130.01 real, 3538 MB, 1.01 load
[runlim] sample:		109192.09 time, 109140.01 real, 3538 MB, 1.00 load
[runlim] sample:		109202.10 time, 109150.01 real, 3538 MB, 1.00 load
[runlim] sample:		109212.11 time, 109160.01 real, 3538 MB, 1.00 load
[runlim] sample:		109222.12 time, 109170.01 real, 3538 MB, 1.00 load
[runlim] sample:		109232.12 time, 109180.01 real, 3538 MB, 1.00 load
[runlim] sample:		109242.14 time, 109190.01 real, 3538 MB, 1.00 load
[runlim] sample:		109252.14 time, 109200.01 real, 3538 MB, 1.00 load
[runlim] sample:		109262.16 time, 109210.01 real, 3538 MB, 1.00 load
[runlim] sample:		109272.16 time, 109220.01 real, 3538 MB, 1.00 load
[runlim] sample:		109282.17 time, 109230.01 real, 3538 MB, 1.00 load
[runlim] sample:		109292.18 time, 109240.01 real, 3538 MB, 1.00 load
[runlim] sample:		109302.18 time, 109250.01 real, 3538 MB, 1.00 load
[runlim] sample:		109312.20 time, 109260.01 real, 3538 MB, 1.00 load
[runlim] sample:		109322.20 time, 109270.01 real, 3538 MB, 1.00 load
[runlim] sample:		109332.21 time, 109280.01 real, 3538 MB, 1.00 load
[runlim] sample:		109342.22 time, 109290.01 real, 3538 MB, 1.00 load
[runlim] sample:		109352.23 time, 109300.01 real, 3538 MB, 1.00 load
[runlim] sample:		109362.24 time, 109310.01 real, 3538 MB, 1.00 load
[runlim] sample:		109372.25 time, 109320.01 real, 3538 MB, 1.00 load
[runlim] sample:		109382.25 time, 109330.01 real, 3538 MB, 1.00 load
[runlim] sample:		109392.26 time, 109340.01 real, 3538 MB, 1.00 load
[runlim] sample:		109402.27 time, 109350.01 real, 3538 MB, 1.00 load
[runlim] sample:		109412.28 time, 109360.01 real, 3538 MB, 1.00 load
[runlim] sample:		109422.29 time, 109370.01 real, 3538 MB, 1.00 load
[runlim] sample:		109432.30 time, 109380.01 real, 3538 MB, 1.00 load
[runlim] sample:		109442.30 time, 109390.01 real, 3538 MB, 1.00 load
[runlim] sample:		109452.31 time, 109400.01 real, 3538 MB, 1.00 load
[runlim] sample:		109462.31 time, 109410.01 real, 3538 MB, 1.00 load
[runlim] sample:		109472.32 time, 109420.01 real, 3538 MB, 1.00 load
[runlim] sample:		109482.33 time, 109430.01 real, 3538 MB, 1.00 load
[runlim] sample:		109492.34 time, 109440.01 real, 3538 MB, 1.00 load
[runlim] sample:		109502.35 time, 109450.01 real, 3538 MB, 1.00 load
[runlim] sample:		109512.36 time, 109460.01 real, 3538 MB, 1.15 load
[runlim] sample:		109522.37 time, 109470.01 real, 3538 MB, 1.13 load
[runlim] sample:		109532.37 time, 109480.01 real, 3538 MB, 1.11 load
[runlim] sample:		109542.39 time, 109490.01 real, 3538 MB, 1.17 load
[runlim] sample:		109552.39 time, 109500.01 real, 3538 MB, 1.15 load
[runlim] sample:		109562.40 time, 109510.01 real, 3538 MB, 1.12 load
[runlim] sample:		109572.41 time, 109520.01 real, 3538 MB, 1.10 load
[runlim] sample:		109582.42 time, 109530.01 real, 3538 MB, 1.09 load
[runlim] sample:		109592.42 time, 109540.01 real, 3538 MB, 1.07 load
[runlim] sample:		109602.44 time, 109550.01 real, 3538 MB, 1.06 load
[runlim] sample:		109612.44 time, 109560.01 real, 3538 MB, 1.05 load
[runlim] sample:		109622.46 time, 109570.01 real, 3538 MB, 1.04 load
[runlim] sample:		109632.46 time, 109580.01 real, 3538 MB, 1.04 load
[runlim] sample:		109642.47 time, 109590.01 real, 3538 MB, 1.03 load
[runlim] sample:		109652.47 time, 109600.01 real, 3538 MB, 1.02 load
[runlim] sample:		109662.49 time, 109610.01 real, 3538 MB, 1.02 load
[runlim] sample:		109672.49 time, 109620.01 real, 3538 MB, 1.02 load
[runlim] sample:		109682.50 time, 109630.01 real, 3538 MB, 1.01 load
[runlim] sample:		109692.50 time, 109640.01 real, 3538 MB, 1.09 load
[runlim] sample:		109702.52 time, 109650.01 real, 3538 MB, 1.08 load
[runlim] sample:		109712.53 time, 109660.01 real, 3538 MB, 1.06 load
[runlim] sample:		109722.53 time, 109670.01 real, 3538 MB, 1.05 load
[runlim] sample:		109732.54 time, 109680.01 real, 3538 MB, 1.05 load
[runlim] sample:		109742.55 time, 109690.01 real, 3538 MB, 1.04 load
[runlim] sample:		109752.56 time, 109700.01 real, 3538 MB, 1.03 load
[runlim] sample:		109762.57 time, 109710.01 real, 3538 MB, 1.03 load

NN₁: mnist_relu_4_1024_gemm.onnx
NN₂: mnist_relu_4_1024_0.79.onnx
Prop: mnist_10_global_5.vnnlib
[runlim] sample:		109772.54 time, 109720.01 real, 3538 MB, 1.02 load
[runlim] sample:		109782.56 time, 109730.01 real, 3538 MB, 1.02 load
[runlim] sample:		109792.56 time, 109740.01 real, 3538 MB, 1.02 load
[runlim] sample:		109802.57 time, 109750.01 real, 3538 MB, 1.01 load
[runlim] sample:		109812.58 time, 109760.01 real, 3538 MB, 1.01 load
[runlim] sample:		109822.59 time, 109770.01 real, 3538 MB, 1.01 load
[runlim] sample:		109832.59 time, 109780.01 real, 3538 MB, 1.01 load
[runlim] sample:		109842.60 time, 109790.01 real, 3538 MB, 1.00 load
[runlim] sample:		109852.62 time, 109800.01 real, 3538 MB, 1.00 load
[runlim] sample:		109862.63 time, 109810.01 real, 3538 MB, 1.00 load
[runlim] sample:		109872.63 time, 109820.01 real, 3538 MB, 1.00 load
[runlim] sample:		109882.64 time, 109830.01 real, 3538 MB, 1.00 load
[runlim] sample:		109892.64 time, 109840.01 real, 3538 MB, 1.00 load
[runlim] sample:		109902.65 time, 109850.01 real, 3538 MB, 1.00 load
[runlim] sample:		109912.66 time, 109860.01 real, 3538 MB, 1.00 load
[runlim] sample:		109922.67 time, 109870.01 real, 3538 MB, 1.00 load
[runlim] sample:		109932.68 time, 109880.01 real, 3538 MB, 1.00 load
[runlim] sample:		109942.68 time, 109890.01 real, 3538 MB, 1.00 load
[runlim] sample:		109952.69 time, 109900.01 real, 3538 MB, 1.00 load
[runlim] sample:		109962.69 time, 109910.01 real, 3538 MB, 1.00 load
[runlim] sample:		109972.71 time, 109920.01 real, 3538 MB, 1.00 load
[runlim] sample:		109982.72 time, 109930.01 real, 3538 MB, 1.00 load
[runlim] sample:		109992.72 time, 109940.01 real, 3538 MB, 1.00 load
[runlim] sample:		110002.73 time, 109950.01 real, 3538 MB, 1.00 load
[runlim] sample:		110012.73 time, 109960.01 real, 3538 MB, 1.15 load
[runlim] sample:		110022.75 time, 109970.01 real, 3538 MB, 1.20 load
[runlim] sample:		110032.75 time, 109980.01 real, 3538 MB, 1.17 load
[runlim] sample:		110042.76 time, 109990.01 real, 3538 MB, 1.15 load
[runlim] sample:		110052.77 time, 110000.01 real, 3538 MB, 1.12 load
[runlim] sample:		110062.78 time, 110010.01 real, 3538 MB, 1.10 load
[runlim] sample:		110072.79 time, 110020.01 real, 3538 MB, 1.09 load
[runlim] sample:		110082.79 time, 110030.01 real, 3538 MB, 1.07 load
[runlim] sample:		110092.80 time, 110040.01 real, 3538 MB, 1.06 load
[runlim] sample:		110102.81 time, 110050.01 real, 3538 MB, 1.05 load
[runlim] sample:		110112.82 time, 110060.01 real, 3538 MB, 1.12 load
[runlim] sample:		110122.83 time, 110070.01 real, 3538 MB, 1.10 load
[runlim] sample:		110132.83 time, 110080.01 real, 3538 MB, 1.08 load
[runlim] sample:		110142.84 time, 110090.01 real, 3538 MB, 1.07 load
[runlim] sample:		110152.85 time, 110100.01 real, 3538 MB, 1.06 load
[runlim] sample:		110162.85 time, 110110.01 real, 3538 MB, 1.05 load
[runlim] sample:		110172.86 time, 110120.01 real, 3538 MB, 1.04 load
[runlim] sample:		110182.87 time, 110130.01 real, 3538 MB, 1.03 load
[runlim] sample:		110192.88 time, 110140.01 real, 3538 MB, 1.03 load
[runlim] sample:		110202.89 time, 110150.01 real, 3538 MB, 1.02 load
[runlim] sample:		110212.89 time, 110160.01 real, 3538 MB, 1.02 load
[runlim] sample:		110222.91 time, 110170.01 real, 3538 MB, 1.02 load
[runlim] sample:		110232.91 time, 110180.01 real, 3538 MB, 1.01 load
[runlim] sample:		110242.92 time, 110190.01 real, 3538 MB, 1.01 load
[runlim] sample:		110252.93 time, 110200.01 real, 3538 MB, 1.01 load
[runlim] sample:		110262.93 time, 110210.01 real, 3538 MB, 1.01 load
[runlim] sample:		110272.95 time, 110220.01 real, 3538 MB, 1.01 load
[runlim] sample:		110282.95 time, 110230.01 real, 3538 MB, 1.00 load
[runlim] sample:		110292.96 time, 110240.01 real, 3538 MB, 1.00 load
[runlim] sample:		110302.97 time, 110250.01 real, 3538 MB, 1.00 load
[runlim] sample:		110312.97 time, 110260.01 real, 3538 MB, 1.00 load
[runlim] sample:		110322.99 time, 110270.01 real, 3538 MB, 1.00 load
[runlim] sample:		110332.99 time, 110280.01 real, 3538 MB, 1.00 load
[runlim] sample:		110343.01 time, 110290.01 real, 3538 MB, 1.00 load
[runlim] sample:		110353.01 time, 110300.01 real, 3538 MB, 1.00 load
[runlim] sample:		110363.02 time, 110310.01 real, 3538 MB, 1.00 load
[runlim] end:			Sun Jun 21 09:26:14 2026
[runlim] status:		ok
[runlim] result:		0
[runlim] children:		1
[runlim] processes:		2
[runlim] real:			110313.85 seconds
[runlim] time:			110366.79 seconds
[runlim] space:			4245 MB
[runlim] load:			1.81 maximum
[runlim] samples:		1103139
