[runlim] version:		2.0.0rc12
[runlim] host:			i57pool5
[runlim] time limit:		311040000 seconds
[runlim] real time limit:	311040000 seconds
[runlim] space limit:		15567 MB
[runlim] argv[0]:		julia
[runlim] argv[1]:		run_all_experiments_pool5.jl
[runlim] start:			Fri Jun  5 15:31:33 2026
[runlim] child:			2807980
  Activating project at `~/VeryDiff`
Set parameter Username
Academic license - for non-commercial use only - expires 2026-12-20
[runlim] sample:		9.28 time, 10.01 real, 1029 MB, 0.25 load

Running MNIST all...
Configuration: VeryDiff-SB-DB

Warmup...

NN₁: mnist_relu_2_512_gemm.onnx
NN₂: mnist_relu_2_512_0.79.onnx
Prop: mnist_0_global_3.vnnlib
[runlim] sample:		19.25 time, 20.01 real, 1195 MB, 0.37 load
[runlim] sample:		29.24 time, 30.02 real, 1190 MB, 0.46 load
[runlim] sample:		39.23 time, 40.01 real, 1300 MB, 0.55 load
[runlim] sample:		49.24 time, 50.01 real, 1326 MB, 0.62 load
[runlim] sample:		59.23 time, 60.01 real, 1294 MB, 0.68 load
[runlim] sample:		69.23 time, 70.01 real, 1289 MB, 0.73 load
[runlim] sample:		79.23 time, 80.01 real, 1385 MB, 0.77 load
[runlim] sample:		89.23 time, 90.01 real, 1311 MB, 0.80 load
[runlim] sample:		99.22 time, 100.01 real, 1312 MB, 0.83 load
[runlim] sample:		109.22 time, 110.01 real, 1316 MB, 0.86 load
[runlim] sample:		119.22 time, 120.01 real, 1548 MB, 0.88 load
[runlim] sample:		129.21 time, 130.01 real, 1556 MB, 0.90 load
[runlim] sample:		139.21 time, 140.01 real, 1557 MB, 0.92 load

Warmup End

NN₁: mnist_relu_2_512_gemm.onnx
NN₂: mnist_relu_2_512_0.79.onnx
Prop: mnist_0_global_3.vnnlib
[runlim] sample:		149.19 time, 150.01 real, 1518 MB, 0.93 load
[runlim] sample:		159.18 time, 160.01 real, 1491 MB, 0.94 load
[runlim] sample:		169.17 time, 170.01 real, 1390 MB, 0.95 load
[runlim] sample:		179.17 time, 180.01 real, 1392 MB, 0.96 load
[runlim] sample:		189.17 time, 190.01 real, 1403 MB, 0.97 load
[runlim] sample:		199.16 time, 200.01 real, 1383 MB, 0.97 load
[runlim] sample:		209.16 time, 210.01 real, 1543 MB, 0.98 load
[runlim] sample:		219.15 time, 220.01 real, 1398 MB, 0.98 load
[runlim] sample:		229.15 time, 230.01 real, 1392 MB, 0.98 load
[runlim] sample:		239.15 time, 240.01 real, 1398 MB, 0.99 load
[runlim] sample:		249.14 time, 250.01 real, 1383 MB, 0.99 load
[runlim] sample:		259.15 time, 260.01 real, 1511 MB, 0.99 load

NN₁: mnist_relu_2_512_gemm.onnx
NN₂: mnist_relu_2_512_0.79.onnx
Prop: mnist_0_global_6.vnnlib
[runlim] sample:		269.12 time, 270.02 real, 1400 MB, 0.99 load
[runlim] sample:		279.12 time, 280.01 real, 1385 MB, 0.99 load
[runlim] sample:		289.11 time, 290.01 real, 1385 MB, 1.00 load
[runlim] sample:		299.11 time, 300.01 real, 1612 MB, 1.00 load
[runlim] sample:		309.11 time, 310.01 real, 1407 MB, 1.00 load
[runlim] sample:		319.10 time, 320.01 real, 1396 MB, 1.00 load
[runlim] sample:		329.10 time, 330.01 real, 1392 MB, 1.00 load
[runlim] sample:		339.10 time, 340.01 real, 1611 MB, 1.00 load
[runlim] sample:		349.10 time, 350.01 real, 1475 MB, 1.00 load
[runlim] sample:		359.08 time, 360.01 real, 1385 MB, 1.00 load
[runlim] sample:		369.08 time, 370.01 real, 1394 MB, 1.08 load
[runlim] sample:		379.08 time, 380.01 real, 1400 MB, 1.22 load

NN₁: mnist_relu_2_512_gemm.onnx
NN₂: mnist_relu_2_512_0.79.onnx
Prop: mnist_1_global_3.vnnlib
[runlim] sample:		389.05 time, 390.01 real, 1450 MB, 1.26 load
[runlim] sample:		399.05 time, 400.01 real, 1400 MB, 1.22 load
[runlim] sample:		409.05 time, 410.01 real, 1494 MB, 1.19 load
[runlim] sample:		419.04 time, 420.01 real, 1391 MB, 1.16 load
[runlim] sample:		429.04 time, 430.01 real, 1393 MB, 1.13 load
[runlim] sample:		439.04 time, 440.01 real, 1393 MB, 1.11 load
[runlim] sample:		449.03 time, 450.01 real, 1479 MB, 1.09 load
[runlim] sample:		459.04 time, 460.01 real, 1544 MB, 1.08 load
[runlim] sample:		469.03 time, 470.01 real, 1394 MB, 1.07 load
[runlim] sample:		479.03 time, 480.01 real, 1396 MB, 1.06 load
[runlim] sample:		489.03 time, 490.01 real, 1468 MB, 1.05 load
[runlim] sample:		499.02 time, 500.01 real, 1540 MB, 1.04 load

NN₁: mnist_relu_2_512_gemm.onnx
NN₂: mnist_relu_2_512_0.79.onnx
Prop: mnist_1_global_6.vnnlib
[runlim] sample:		509.00 time, 510.01 real, 1514 MB, 1.03 load
[runlim] sample:		519.00 time, 520.01 real, 1398 MB, 1.03 load
[runlim] sample:		529.00 time, 530.01 real, 1439 MB, 1.02 load
[runlim] sample:		538.99 time, 540.01 real, 1391 MB, 1.02 load
[runlim] sample:		549.00 time, 550.01 real, 1391 MB, 1.02 load
[runlim] sample:		558.99 time, 560.01 real, 1391 MB, 1.01 load
[runlim] sample:		568.99 time, 570.01 real, 1434 MB, 1.01 load
[runlim] sample:		578.98 time, 580.01 real, 1534 MB, 1.01 load
[runlim] sample:		588.98 time, 590.01 real, 1391 MB, 1.01 load
[runlim] sample:		598.98 time, 600.01 real, 1391 MB, 1.00 load
[runlim] sample:		608.97 time, 610.01 real, 1585 MB, 1.00 load
[runlim] sample:		618.97 time, 620.01 real, 1391 MB, 1.00 load

NN₁: mnist_relu_2_512_gemm.onnx
NN₂: mnist_relu_2_512_0.79.onnx
Prop: mnist_2_global_3.vnnlib
[runlim] sample:		628.95 time, 630.01 real, 1474 MB, 1.00 load
[runlim] sample:		638.94 time, 640.01 real, 1391 MB, 1.00 load
[runlim] sample:		648.94 time, 650.01 real, 1394 MB, 1.00 load
[runlim] sample:		658.94 time, 660.01 real, 1398 MB, 1.00 load
[runlim] sample:		668.93 time, 670.01 real, 1391 MB, 1.00 load
[runlim] sample:		678.93 time, 680.01 real, 1579 MB, 1.00 load
[runlim] sample:		688.93 time, 690.01 real, 1571 MB, 1.00 load
[runlim] sample:		698.93 time, 700.01 real, 1488 MB, 1.00 load
[runlim] sample:		708.93 time, 710.01 real, 1398 MB, 1.00 load
[runlim] sample:		718.93 time, 720.01 real, 1401 MB, 1.00 load
[runlim] sample:		728.92 time, 730.02 real, 1464 MB, 1.00 load
[runlim] sample:		738.92 time, 740.01 real, 1532 MB, 1.00 load

NN₁: mnist_relu_2_512_gemm.onnx
NN₂: mnist_relu_2_512_0.79.onnx
Prop: mnist_3_global_6.vnnlib
[runlim] sample:		748.89 time, 750.01 real, 1391 MB, 1.00 load
[runlim] sample:		758.89 time, 760.01 real, 1572 MB, 1.00 load
[runlim] sample:		768.89 time, 770.01 real, 1400 MB, 1.00 load
[runlim] sample:		778.89 time, 780.01 real, 1475 MB, 1.00 load
[runlim] sample:		788.89 time, 790.01 real, 1391 MB, 1.07 load
[runlim] sample:		798.88 time, 800.01 real, 1403 MB, 1.06 load
[runlim] sample:		808.88 time, 810.01 real, 1435 MB, 1.05 load
[runlim] sample:		818.88 time, 820.01 real, 1474 MB, 1.12 load
[runlim] sample:		828.88 time, 830.01 real, 1391 MB, 1.10 load
[runlim] sample:		838.88 time, 840.01 real, 1448 MB, 1.09 load
[runlim] sample:		848.87 time, 850.01 real, 1397 MB, 1.07 load
[runlim] sample:		858.88 time, 860.01 real, 1391 MB, 1.06 load
[runlim] sample:		868.86 time, 870.02 real, 1391 MB, 1.13 load

NN₁: mnist_relu_2_512_gemm.onnx
NN₂: mnist_relu_2_512_0.79.onnx
Prop: mnist_4_global_3.vnnlib
[runlim] sample:		878.85 time, 880.01 real, 1391 MB, 1.27 load
[runlim] sample:		888.84 time, 890.01 real, 1558 MB, 1.30 load
[runlim] sample:		898.85 time, 900.01 real, 1558 MB, 1.25 load
[runlim] sample:		908.84 time, 910.01 real, 1558 MB, 1.21 load
[runlim] sample:		918.84 time, 920.01 real, 1559 MB, 1.25 load
[runlim] sample:		928.84 time, 930.01 real, 1559 MB, 1.21 load
[runlim] sample:		938.85 time, 940.01 real, 1559 MB, 1.18 load
[runlim] sample:		948.84 time, 950.01 real, 1561 MB, 1.15 load
[runlim] sample:		958.84 time, 960.01 real, 1561 MB, 1.13 load
[runlim] sample:		968.84 time, 970.01 real, 1565 MB, 1.11 load
[runlim] sample:		978.84 time, 980.01 real, 1569 MB, 1.09 load
[runlim] sample:		988.84 time, 990.01 real, 1569 MB, 1.08 load

NN₁: mnist_relu_2_512_gemm.onnx
NN₂: mnist_relu_2_512_0.79.onnx
Prop: mnist_4_global_6.vnnlib
[runlim] sample:		998.82 time, 1000.01 real, 1391 MB, 1.06 load
[runlim] sample:		1008.81 time, 1010.01 real, 1482 MB, 1.05 load
[runlim] sample:		1018.81 time, 1020.01 real, 1398 MB, 1.05 load
[runlim] sample:		1028.81 time, 1030.01 real, 1486 MB, 1.04 load
[runlim] sample:		1038.81 time, 1040.01 real, 1599 MB, 1.03 load
[runlim] sample:		1048.80 time, 1050.01 real, 1490 MB, 1.03 load
[runlim] sample:		1058.80 time, 1060.01 real, 1490 MB, 1.02 load
[runlim] sample:		1068.80 time, 1070.01 real, 1491 MB, 1.02 load
[runlim] sample:		1078.80 time, 1080.02 real, 1403 MB, 1.02 load
[runlim] sample:		1088.79 time, 1090.01 real, 1396 MB, 1.01 load
[runlim] sample:		1098.80 time, 1100.01 real, 1480 MB, 1.01 load
[runlim] sample:		1108.79 time, 1110.01 real, 1578 MB, 1.01 load

NN₁: mnist_relu_2_512_gemm.onnx
NN₂: mnist_relu_2_512_0.79.onnx
Prop: mnist_5_global_3.vnnlib
[runlim] sample:		1118.78 time, 1120.01 real, 1391 MB, 1.01 load
[runlim] sample:		1128.77 time, 1130.01 real, 1391 MB, 1.00 load
[runlim] sample:		1138.77 time, 1140.01 real, 1391 MB, 1.00 load
[runlim] sample:		1148.77 time, 1150.01 real, 1568 MB, 1.00 load
[runlim] sample:		1158.76 time, 1160.01 real, 1499 MB, 1.00 load
[runlim] sample:		1168.77 time, 1170.01 real, 1391 MB, 1.00 load
[runlim] sample:		1178.76 time, 1180.01 real, 1404 MB, 1.00 load
[runlim] sample:		1188.76 time, 1190.01 real, 1391 MB, 1.00 load
[runlim] sample:		1198.76 time, 1200.01 real, 1400 MB, 1.00 load
[runlim] sample:		1208.75 time, 1210.01 real, 1399 MB, 1.00 load
[runlim] sample:		1218.76 time, 1220.01 real, 1391 MB, 1.00 load
[runlim] sample:		1228.76 time, 1230.01 real, 1391 MB, 1.00 load

NN₁: mnist_relu_2_512_gemm.onnx
NN₂: mnist_relu_2_512_0.79.onnx
Prop: mnist_5_global_6.vnnlib
[runlim] sample:		1238.73 time, 1240.01 real, 1403 MB, 1.00 load
[runlim] sample:		1248.73 time, 1250.01 real, 1492 MB, 1.00 load
[runlim] sample:		1258.72 time, 1260.01 real, 1403 MB, 1.00 load
[runlim] sample:		1268.72 time, 1270.01 real, 1403 MB, 1.00 load
[runlim] sample:		1278.72 time, 1280.01 real, 1574 MB, 1.00 load
[runlim] sample:		1288.72 time, 1290.01 real, 1403 MB, 1.00 load
[runlim] sample:		1298.72 time, 1300.01 real, 1403 MB, 1.00 load
[runlim] sample:		1308.72 time, 1310.01 real, 1428 MB, 1.00 load
[runlim] sample:		1318.71 time, 1320.01 real, 1467 MB, 1.00 load
[runlim] sample:		1328.72 time, 1330.01 real, 1403 MB, 1.00 load
[runlim] sample:		1338.71 time, 1340.01 real, 1417 MB, 1.00 load
[runlim] sample:		1348.71 time, 1350.01 real, 1633 MB, 1.00 load

NN₁: mnist_relu_2_512_gemm.onnx
NN₂: mnist_relu_2_512_0.79.onnx
Prop: mnist_6_global_3.vnnlib
[runlim] sample:		1358.69 time, 1360.01 real, 1448 MB, 1.00 load
[runlim] sample:		1368.68 time, 1370.01 real, 1400 MB, 1.08 load
[runlim] sample:		1378.67 time, 1380.01 real, 1553 MB, 1.22 load
[runlim] sample:		1388.67 time, 1390.01 real, 1403 MB, 1.26 load
[runlim] sample:		1398.67 time, 1400.01 real, 1417 MB, 1.22 load
[runlim] sample:		1408.67 time, 1410.01 real, 1400 MB, 1.19 load
[runlim] sample:		1418.67 time, 1420.01 real, 1420 MB, 1.16 load
[runlim] sample:		1428.66 time, 1430.01 real, 1402 MB, 1.13 load
[runlim] sample:		1438.67 time, 1440.01 real, 1459 MB, 1.11 load
[runlim] sample:		1448.66 time, 1450.01 real, 1403 MB, 1.09 load
[runlim] sample:		1458.66 time, 1460.01 real, 1404 MB, 1.08 load
[runlim] sample:		1468.66 time, 1470.01 real, 1404 MB, 1.07 load

NN₁: mnist_relu_2_512_gemm.onnx
NN₂: mnist_relu_2_512_0.79.onnx
Prop: mnist_6_global_6.vnnlib
[runlim] sample:		1478.63 time, 1480.01 real, 1399 MB, 1.06 load
[runlim] sample:		1488.63 time, 1490.01 real, 1396 MB, 1.05 load
[runlim] sample:		1498.63 time, 1500.01 real, 1394 MB, 1.04 load
[runlim] sample:		1508.63 time, 1510.01 real, 1436 MB, 1.03 load
[runlim] sample:		1518.63 time, 1520.01 real, 1603 MB, 1.03 load
[runlim] sample:		1528.62 time, 1530.01 real, 1598 MB, 1.02 load
[runlim] sample:		1538.61 time, 1540.01 real, 1415 MB, 1.02 load
[runlim] sample:		1548.61 time, 1550.01 real, 1401 MB, 1.02 load
[runlim] sample:		1558.61 time, 1560.01 real, 1391 MB, 1.09 load
[runlim] sample:		1568.61 time, 1570.01 real, 1391 MB, 1.08 load
[runlim] sample:		1578.61 time, 1580.01 real, 1546 MB, 1.07 load
[runlim] sample:		1588.60 time, 1590.01 real, 1605 MB, 1.06 load

NN₁: mnist_relu_2_512_gemm.onnx
NN₂: mnist_relu_2_512_0.79.onnx
Prop: mnist_7_global_3.vnnlib
[runlim] sample:		1598.58 time, 1600.01 real, 1391 MB, 1.05 load
[runlim] sample:		1608.58 time, 1610.01 real, 1403 MB, 1.04 load
[runlim] sample:		1618.58 time, 1620.01 real, 1398 MB, 1.03 load
[runlim] sample:		1628.58 time, 1630.01 real, 1429 MB, 1.03 load
[runlim] sample:		1638.58 time, 1640.01 real, 1421 MB, 1.02 load
[runlim] sample:		1648.58 time, 1650.01 real, 1407 MB, 1.02 load
[runlim] sample:		1658.58 time, 1660.01 real, 1421 MB, 1.02 load
[runlim] sample:		1668.58 time, 1670.01 real, 1505 MB, 1.01 load
[runlim] sample:		1678.57 time, 1680.01 real, 1537 MB, 1.01 load
[runlim] sample:		1688.57 time, 1690.01 real, 1401 MB, 1.01 load
[runlim] sample:		1698.57 time, 1700.01 real, 1563 MB, 1.01 load
[runlim] sample:		1708.57 time, 1710.01 real, 1566 MB, 1.00 load

NN₁: mnist_relu_2_512_gemm.onnx
NN₂: mnist_relu_2_512_0.79.onnx
Prop: mnist_7_global_6.vnnlib
[runlim] sample:		1718.55 time, 1720.01 real, 1391 MB, 1.00 load
[runlim] sample:		1728.54 time, 1730.01 real, 1482 MB, 1.00 load
[runlim] sample:		1738.54 time, 1740.01 real, 1391 MB, 1.00 load
[runlim] sample:		1748.54 time, 1750.01 real, 1396 MB, 1.00 load
[runlim] sample:		1758.53 time, 1760.01 real, 1484 MB, 1.00 load
[runlim] sample:		1768.53 time, 1770.01 real, 1421 MB, 1.00 load
[runlim] sample:		1778.53 time, 1780.01 real, 1391 MB, 1.00 load
[runlim] sample:		1788.53 time, 1790.01 real, 1589 MB, 1.16 load
[runlim] sample:		1798.53 time, 1800.01 real, 1594 MB, 1.13 load
[runlim] sample:		1808.53 time, 1810.01 real, 1416 MB, 1.11 load
[runlim] sample:		1818.52 time, 1820.01 real, 1416 MB, 1.10 load
[runlim] sample:		1828.51 time, 1830.01 real, 1465 MB, 1.08 load

NN₁: mnist_relu_2_512_gemm.onnx
NN₂: mnist_relu_2_512_0.79.onnx
Prop: mnist_8_global_3.vnnlib
[runlim] sample:		1838.50 time, 1840.01 real, 1407 MB, 1.07 load
[runlim] sample:		1848.49 time, 1850.01 real, 1397 MB, 1.06 load
[runlim] sample:		1858.49 time, 1860.01 real, 1397 MB, 1.05 load
[runlim] sample:		1868.49 time, 1870.01 real, 1397 MB, 1.12 load
[runlim] sample:		1878.48 time, 1880.01 real, 1397 MB, 1.26 load
[runlim] sample:		1888.49 time, 1890.01 real, 1397 MB, 1.22 load
[runlim] sample:		1898.49 time, 1900.02 real, 1391 MB, 1.18 load
[runlim] sample:		1908.48 time, 1910.01 real, 1519 MB, 1.15 load
[runlim] sample:		1918.48 time, 1920.01 real, 1391 MB, 1.13 load
[runlim] sample:		1928.48 time, 1930.01 real, 1391 MB, 1.11 load
[runlim] sample:		1938.48 time, 1940.01 real, 1397 MB, 1.09 load
[runlim] sample:		1948.47 time, 1950.01 real, 1406 MB, 1.08 load

NN₁: mnist_relu_2_512_gemm.onnx
NN₂: mnist_relu_2_512_0.79.onnx
Prop: mnist_8_global_6.vnnlib
[runlim] sample:		1958.44 time, 1960.01 real, 1425 MB, 1.06 load
[runlim] sample:		1968.45 time, 1970.01 real, 1454 MB, 1.05 load
[runlim] sample:		1978.45 time, 1980.01 real, 1391 MB, 1.05 load
[runlim] sample:		1988.44 time, 1990.01 real, 1391 MB, 1.04 load
[runlim] sample:		1998.44 time, 2000.01 real, 1391 MB, 1.03 load
[runlim] sample:		2008.44 time, 2010.01 real, 1391 MB, 1.03 load
[runlim] sample:		2018.43 time, 2020.01 real, 1391 MB, 1.02 load
[runlim] sample:		2028.43 time, 2030.01 real, 1456 MB, 1.02 load
[runlim] sample:		2038.43 time, 2040.01 real, 1575 MB, 1.02 load
[runlim] sample:		2048.43 time, 2050.01 real, 1588 MB, 1.01 load
[runlim] sample:		2058.43 time, 2060.01 real, 1400 MB, 1.01 load
[runlim] sample:		2068.43 time, 2070.01 real, 1397 MB, 1.01 load

NN₁: mnist_relu_2_512_gemm.onnx
NN₂: mnist_relu_2_512_0.79.onnx
Prop: mnist_9_global_3.vnnlib
[runlim] sample:		2078.39 time, 2080.01 real, 1397 MB, 1.01 load
[runlim] sample:		2088.39 time, 2090.01 real, 1397 MB, 1.17 load
[runlim] sample:		2098.39 time, 2100.01 real, 1397 MB, 1.14 load
[runlim] sample:		2108.39 time, 2110.01 real, 1397 MB, 1.12 load
[runlim] sample:		2118.39 time, 2120.01 real, 1397 MB, 1.10 load
[runlim] sample:		2128.39 time, 2130.01 real, 1397 MB, 1.08 load
[runlim] sample:		2138.39 time, 2140.01 real, 1391 MB, 1.07 load
[runlim] sample:		2148.38 time, 2150.01 real, 1394 MB, 1.06 load
[runlim] sample:		2158.38 time, 2160.01 real, 1394 MB, 1.05 load
[runlim] sample:		2168.38 time, 2170.01 real, 1396 MB, 1.04 load
[runlim] sample:		2178.37 time, 2180.01 real, 1417 MB, 1.03 load
[runlim] sample:		2188.38 time, 2190.02 real, 1391 MB, 1.03 load

NN₁: mnist_relu_2_512_gemm.onnx
NN₂: mnist_relu_2_512_0.79.onnx
Prop: mnist_9_global_6.vnnlib
[runlim] sample:		2198.35 time, 2200.01 real, 1481 MB, 1.02 load
[runlim] sample:		2208.34 time, 2210.01 real, 1584 MB, 1.02 load
[runlim] sample:		2218.35 time, 2220.01 real, 1391 MB, 1.02 load
[runlim] sample:		2228.34 time, 2230.01 real, 1404 MB, 1.01 load
[runlim] sample:		2238.34 time, 2240.01 real, 1408 MB, 1.01 load
[runlim] sample:		2248.34 time, 2250.01 real, 1586 MB, 1.01 load
[runlim] sample:		2258.34 time, 2260.01 real, 1403 MB, 1.01 load
[runlim] sample:		2268.34 time, 2270.01 real, 1405 MB, 1.01 load
[runlim] sample:		2278.34 time, 2280.01 real, 1391 MB, 1.00 load
[runlim] sample:		2288.33 time, 2290.01 real, 1450 MB, 1.00 load
[runlim] sample:		2298.33 time, 2300.01 real, 1520 MB, 1.00 load
[runlim] sample:		2308.33 time, 2310.01 real, 1589 MB, 1.00 load

NN₁: mnist_relu_2_512_gemm.onnx
NN₂: mnist_relu_2_512_0.79.onnx
Prop: mnist_10_global_3.vnnlib
[runlim] sample:		2318.26 time, 2320.01 real, 1511 MB, 1.00 load
[runlim] sample:		2328.25 time, 2330.01 real, 1407 MB, 1.00 load
[runlim] sample:		2338.26 time, 2340.01 real, 1407 MB, 1.00 load
[runlim] sample:		2348.25 time, 2350.01 real, 1407 MB, 1.00 load
[runlim] sample:		2358.26 time, 2360.01 real, 1407 MB, 1.00 load
[runlim] sample:		2368.25 time, 2370.01 real, 1406 MB, 1.08 load
[runlim] sample:		2378.25 time, 2380.01 real, 1391 MB, 1.22 load
[runlim] sample:		2388.25 time, 2390.01 real, 1553 MB, 1.26 load
[runlim] sample:		2398.24 time, 2400.01 real, 1391 MB, 1.22 load
[runlim] sample:		2408.24 time, 2410.01 real, 1391 MB, 1.19 load
[runlim] sample:		2418.24 time, 2420.01 real, 1391 MB, 1.16 load
[runlim] sample:		2428.23 time, 2430.01 real, 1556 MB, 1.13 load

NN₁: mnist_relu_2_512_gemm.onnx
NN₂: mnist_relu_2_512_0.79.onnx
Prop: mnist_10_global_6.vnnlib
[runlim] sample:		2438.21 time, 2440.01 real, 1568 MB, 1.11 load
[runlim] sample:		2448.21 time, 2450.01 real, 1401 MB, 1.09 load
[runlim] sample:		2458.21 time, 2460.01 real, 1401 MB, 1.08 load
[runlim] sample:		2468.20 time, 2470.01 real, 1587 MB, 1.07 load
[runlim] sample:		2478.20 time, 2480.01 real, 1586 MB, 1.06 load
[runlim] sample:		2488.20 time, 2490.01 real, 1535 MB, 1.05 load
[runlim] sample:		2498.20 time, 2500.01 real, 1398 MB, 1.20 load
[runlim] sample:		2508.20 time, 2510.01 real, 1453 MB, 1.40 load
[runlim] sample:		2518.19 time, 2520.01 real, 1415 MB, 1.50 load
[runlim] sample:		2528.19 time, 2530.01 real, 1401 MB, 1.57 load
[runlim] sample:		2538.19 time, 2540.01 real, 1404 MB, 1.64 load
[runlim] sample:		2548.19 time, 2550.01 real, 1496 MB, 1.70 load

NN₁: mnist_relu_2_512_gemm.onnx
NN₂: mnist_relu_2_512_0.79.onnx
Prop: mnist_0_local_15.vnnlib
[runlim] sample:		2558.16 time, 2560.01 real, 1404 MB, 1.74 load
[runlim] sample:		2568.16 time, 2570.01 real, 1404 MB, 1.63 load
[runlim] sample:		2578.16 time, 2580.01 real, 1404 MB, 1.53 load
[runlim] sample:		2588.16 time, 2590.01 real, 1469 MB, 1.45 load
[runlim] sample:		2598.16 time, 2600.01 real, 1485 MB, 1.38 load
[runlim] sample:		2608.16 time, 2610.01 real, 1520 MB, 1.32 load
[runlim] sample:		2618.15 time, 2620.01 real, 1534 MB, 1.27 load
[runlim] sample:		2628.16 time, 2630.01 real, 1556 MB, 1.23 load
[runlim] sample:		2638.15 time, 2640.01 real, 1556 MB, 1.19 load
[runlim] sample:		2648.15 time, 2650.01 real, 1592 MB, 1.16 load

NN₁: mnist_relu_2_512_gemm.onnx
NN₂: mnist_relu_2_512_0.79.onnx
Prop: mnist_0_local_24.vnnlib
[runlim] sample:		2658.12 time, 2660.01 real, 1530 MB, 1.14 load
[runlim] sample:		2668.12 time, 2670.01 real, 1530 MB, 1.12 load
[runlim] sample:		2678.12 time, 2680.02 real, 1530 MB, 1.10 load
[runlim] sample:		2688.12 time, 2690.01 real, 1530 MB, 1.08 load
[runlim] sample:		2698.12 time, 2700.01 real, 1530 MB, 1.07 load
[runlim] sample:		2708.11 time, 2710.01 real, 1530 MB, 1.06 load
[runlim] sample:		2718.11 time, 2720.01 real, 1530 MB, 1.05 load
[runlim] sample:		2728.12 time, 2730.01 real, 1530 MB, 1.04 load
[runlim] sample:		2738.11 time, 2740.01 real, 1539 MB, 1.03 load
[runlim] sample:		2748.11 time, 2750.01 real, 1542 MB, 1.03 load
[runlim] sample:		2758.11 time, 2760.01 real, 1553 MB, 1.02 load
[runlim] sample:		2768.11 time, 2770.01 real, 1575 MB, 1.02 load

NN₁: mnist_relu_2_512_gemm.onnx
NN₂: mnist_relu_2_512_0.79.onnx
Prop: mnist_1_local_15.vnnlib
[runlim] sample:		2778.08 time, 2780.01 real, 1541 MB, 1.02 load
[runlim] sample:		2788.08 time, 2790.01 real, 1541 MB, 1.01 load
[runlim] sample:		2798.08 time, 2800.01 real, 1541 MB, 1.01 load
[runlim] sample:		2808.07 time, 2810.01 real, 1541 MB, 1.01 load
[runlim] sample:		2818.07 time, 2820.01 real, 1541 MB, 1.01 load
[runlim] sample:		2828.07 time, 2830.01 real, 1541 MB, 1.00 load
[runlim] sample:		2838.07 time, 2840.01 real, 1552 MB, 1.00 load
[runlim] sample:		2848.07 time, 2850.01 real, 1590 MB, 1.00 load
[runlim] sample:		2858.08 time, 2860.01 real, 1590 MB, 1.00 load
[runlim] sample:		2868.07 time, 2870.01 real, 1635 MB, 1.08 load
[runlim] sample:		2878.07 time, 2880.01 real, 1635 MB, 1.22 load
[runlim] sample:		2888.07 time, 2890.01 real, 1674 MB, 1.26 load

NN₁: mnist_relu_2_512_gemm.onnx
NN₂: mnist_relu_2_512_0.79.onnx
Prop: mnist_1_local_24.vnnlib
[runlim] sample:		2898.04 time, 2900.01 real, 1552 MB, 1.22 load
[runlim] sample:		2908.05 time, 2910.01 real, 1552 MB, 1.19 load
[runlim] sample:		2918.04 time, 2920.01 real, 1552 MB, 1.16 load

NN₁: mnist_relu_2_512_gemm.onnx
NN₂: mnist_relu_2_512_0.79.onnx
Prop: mnist_2_local_15.vnnlib

NN₁: mnist_relu_2_512_gemm.onnx
NN₂: mnist_relu_2_512_0.79.onnx
Prop: mnist_3_local_24.vnnlib
[runlim] sample:		2928.02 time, 2930.01 real, 1552 MB, 1.13 load
[runlim] sample:		2938.02 time, 2940.01 real, 1552 MB, 1.11 load
[runlim] sample:		2948.02 time, 2950.01 real, 1552 MB, 1.09 load
[runlim] sample:		2958.03 time, 2960.01 real, 1552 MB, 1.08 load
[runlim] sample:		2968.03 time, 2970.01 real, 1552 MB, 1.07 load
[runlim] sample:		2978.02 time, 2980.01 real, 1552 MB, 1.06 load
[runlim] sample:		2988.02 time, 2990.01 real, 1552 MB, 1.05 load
[runlim] sample:		2998.02 time, 3000.01 real, 1552 MB, 1.04 load
[runlim] sample:		3008.01 time, 3010.01 real, 1554 MB, 1.03 load
[runlim] sample:		3018.02 time, 3020.01 real, 1580 MB, 1.10 load
[runlim] sample:		3028.01 time, 3030.01 real, 1598 MB, 1.08 load
[runlim] sample:		3038.01 time, 3040.01 real, 1611 MB, 1.07 load
[runlim] sample:		3048.01 time, 3050.01 real, 1635 MB, 1.06 load

NN₁: mnist_relu_2_512_gemm.onnx
NN₂: mnist_relu_2_512_0.79.onnx
Prop: mnist_4_local_15.vnnlib
[runlim] sample:		3057.99 time, 3060.01 real, 1563 MB, 1.05 load
[runlim] sample:		3067.99 time, 3070.01 real, 1563 MB, 1.04 load
[runlim] sample:		3077.99 time, 3080.01 real, 1563 MB, 1.04 load
[runlim] sample:		3087.98 time, 3090.01 real, 1563 MB, 1.03 load
[runlim] sample:		3097.99 time, 3100.01 real, 1563 MB, 1.02 load
[runlim] sample:		3107.99 time, 3110.01 real, 1563 MB, 1.18 load
[runlim] sample:		3117.98 time, 3120.01 real, 1570 MB, 1.15 load
[runlim] sample:		3127.99 time, 3130.01 real, 1570 MB, 1.13 load
[runlim] sample:		3137.99 time, 3140.01 real, 1596 MB, 1.11 load
[runlim] sample:		3147.98 time, 3150.01 real, 1624 MB, 1.09 load
[runlim] sample:		3157.98 time, 3160.01 real, 1658 MB, 1.08 load
[runlim] sample:		3167.98 time, 3170.01 real, 1658 MB, 1.06 load

NN₁: mnist_relu_2_512_gemm.onnx
NN₂: mnist_relu_2_512_0.79.onnx
Prop: mnist_4_local_24.vnnlib

NN₁: mnist_relu_2_512_gemm.onnx
NN₂: mnist_relu_2_512_0.79.onnx
Prop: mnist_5_local_15.vnnlib
[runlim] sample:		3177.95 time, 3180.01 real, 1568 MB, 1.05 load
[runlim] sample:		3187.94 time, 3190.01 real, 1568 MB, 1.05 load
[runlim] sample:		3197.95 time, 3200.01 real, 1568 MB, 1.04 load
[runlim] sample:		3207.95 time, 3210.01 real, 1568 MB, 1.03 load
[runlim] sample:		3217.95 time, 3220.01 real, 1568 MB, 1.03 load
[runlim] sample:		3227.94 time, 3230.01 real, 1568 MB, 1.02 load
[runlim] sample:		3237.94 time, 3240.01 real, 1568 MB, 1.02 load
[runlim] sample:		3247.94 time, 3250.01 real, 1568 MB, 1.02 load
[runlim] sample:		3257.94 time, 3260.02 real, 1570 MB, 1.01 load
[runlim] sample:		3267.94 time, 3270.01 real, 1592 MB, 1.01 load
[runlim] sample:		3277.94 time, 3280.01 real, 1612 MB, 1.01 load
[runlim] sample:		3287.94 time, 3290.01 real, 1631 MB, 1.01 load

NN₁: mnist_relu_2_512_gemm.onnx
NN₂: mnist_relu_2_512_0.79.onnx
Prop: mnist_5_local_24.vnnlib

NN₁: mnist_relu_2_512_gemm.onnx
NN₂: mnist_relu_2_512_0.79.onnx
Prop: mnist_6_local_15.vnnlib
[runlim] sample:		3297.90 time, 3300.01 real, 1565 MB, 1.00 load
[runlim] sample:		3307.90 time, 3310.01 real, 1565 MB, 1.00 load
[runlim] sample:		3317.90 time, 3320.01 real, 1565 MB, 1.00 load
[runlim] sample:		3327.91 time, 3330.01 real, 1565 MB, 1.00 load
[runlim] sample:		3337.90 time, 3340.01 real, 1565 MB, 1.00 load
[runlim] sample:		3347.90 time, 3350.01 real, 1565 MB, 1.00 load
[runlim] sample:		3357.90 time, 3360.01 real, 1565 MB, 1.00 load
[runlim] sample:		3367.89 time, 3370.01 real, 1565 MB, 1.08 load
[runlim] sample:		3377.89 time, 3380.01 real, 1575 MB, 1.22 load
[runlim] sample:		3387.89 time, 3390.01 real, 1596 MB, 1.26 load
[runlim] sample:		3397.90 time, 3400.01 real, 1622 MB, 1.22 load
[runlim] sample:		3407.90 time, 3410.01 real, 1646 MB, 1.19 load

NN₁: mnist_relu_2_512_gemm.onnx
NN₂: mnist_relu_2_512_0.79.onnx
Prop: mnist_6_local_24.vnnlib
[runlim] sample:		3417.87 time, 3420.01 real, 1552 MB, 1.16 load
[runlim] sample:		3427.87 time, 3430.01 real, 1552 MB, 1.13 load
[runlim] sample:		3437.86 time, 3440.01 real, 1552 MB, 1.11 load
[runlim] sample:		3447.86 time, 3450.01 real, 1552 MB, 1.09 load
[runlim] sample:		3457.86 time, 3460.01 real, 1552 MB, 1.08 load
[runlim] sample:		3467.86 time, 3470.01 real, 1552 MB, 1.07 load
[runlim] sample:		3477.85 time, 3480.01 real, 1552 MB, 1.06 load
[runlim] sample:		3487.85 time, 3490.01 real, 1552 MB, 1.05 load
[runlim] sample:		3497.86 time, 3500.01 real, 1552 MB, 1.04 load
[runlim] sample:		3507.86 time, 3510.01 real, 1552 MB, 1.03 load
[runlim] sample:		3517.86 time, 3520.01 real, 1560 MB, 1.03 load
[runlim] sample:		3527.85 time, 3530.01 real, 1580 MB, 1.02 load

NN₁: mnist_relu_2_512_gemm.onnx
NN₂: mnist_relu_2_512_0.79.onnx
Prop: mnist_7_local_15.vnnlib
[runlim] sample:		3537.83 time, 3540.01 real, 1553 MB, 1.02 load
[runlim] sample:		3547.83 time, 3550.01 real, 1553 MB, 1.02 load
[runlim] sample:		3557.83 time, 3560.01 real, 1553 MB, 1.01 load
[runlim] sample:		3567.82 time, 3570.01 real, 1553 MB, 1.01 load
[runlim] sample:		3577.83 time, 3580.01 real, 1553 MB, 1.01 load
[runlim] sample:		3587.83 time, 3590.01 real, 1553 MB, 1.01 load
[runlim] sample:		3597.83 time, 3600.01 real, 1556 MB, 1.00 load
[runlim] sample:		3607.82 time, 3610.01 real, 1587 MB, 1.00 load

NN₁: mnist_relu_2_512_gemm.onnx
NN₂: mnist_relu_2_512_0.79.onnx
Prop: mnist_7_local_24.vnnlib

NN₁: mnist_relu_2_512_gemm.onnx
NN₂: mnist_relu_2_512_0.79.onnx
Prop: mnist_8_local_15.vnnlib

NN₁: mnist_relu_2_512_gemm.onnx
NN₂: mnist_relu_2_512_0.79.onnx
Prop: mnist_8_local_24.vnnlib

NN₁: mnist_relu_2_512_gemm.onnx
NN₂: mnist_relu_2_512_0.79.onnx
Prop: mnist_9_local_15.vnnlib
[runlim] sample:		3617.78 time, 3620.01 real, 1553 MB, 1.00 load
[runlim] sample:		3627.78 time, 3630.01 real, 1553 MB, 1.00 load
[runlim] sample:		3637.78 time, 3640.01 real, 1553 MB, 1.00 load
[runlim] sample:		3647.78 time, 3650.01 real, 1553 MB, 1.00 load
[runlim] sample:		3657.78 time, 3660.01 real, 1553 MB, 1.00 load
[runlim] sample:		3667.78 time, 3670.01 real, 1553 MB, 1.00 load
[runlim] sample:		3677.78 time, 3680.01 real, 1553 MB, 1.00 load
[runlim] sample:		3687.78 time, 3690.01 real, 1563 MB, 1.00 load
[runlim] sample:		3697.78 time, 3700.01 real, 1590 MB, 1.00 load
[runlim] sample:		3707.77 time, 3710.01 real, 1590 MB, 1.00 load
[runlim] sample:		3717.77 time, 3720.01 real, 1618 MB, 1.00 load
[runlim] sample:		3727.77 time, 3730.01 real, 1648 MB, 1.00 load

NN₁: mnist_relu_2_512_gemm.onnx
NN₂: mnist_relu_2_512_0.79.onnx
Prop: mnist_9_local_24.vnnlib
[runlim] sample:		3737.74 time, 3740.01 real, 1558 MB, 1.00 load
[runlim] sample:		3747.74 time, 3750.01 real, 1558 MB, 1.00 load
[runlim] sample:		3757.74 time, 3760.01 real, 1558 MB, 1.00 load
[runlim] sample:		3767.74 time, 3770.01 real, 1558 MB, 1.00 load
[runlim] sample:		3777.74 time, 3780.01 real, 1558 MB, 1.00 load
[runlim] sample:		3787.74 time, 3790.01 real, 1558 MB, 1.00 load
[runlim] sample:		3797.74 time, 3800.01 real, 1558 MB, 1.00 load
[runlim] sample:		3807.74 time, 3810.01 real, 1558 MB, 1.00 load
[runlim] sample:		3817.74 time, 3820.01 real, 1558 MB, 1.00 load
[runlim] sample:		3827.74 time, 3830.01 real, 1558 MB, 1.00 load
[runlim] sample:		3837.73 time, 3840.01 real, 1565 MB, 1.00 load
[runlim] sample:		3847.73 time, 3850.01 real, 1587 MB, 1.00 load

NN₁: mnist_relu_2_512_gemm.onnx
NN₂: mnist_relu_2_512_0.79.onnx
Prop: mnist_10_local_15.vnnlib
[runlim] sample:		3857.71 time, 3860.01 real, 1552 MB, 1.00 load
[runlim] sample:		3867.71 time, 3870.01 real, 1552 MB, 1.08 load
[runlim] sample:		3877.71 time, 3880.01 real, 1552 MB, 1.22 load
[runlim] sample:		3887.71 time, 3890.01 real, 1552 MB, 1.26 load
[runlim] sample:		3897.70 time, 3900.01 real, 1552 MB, 1.22 load
[runlim] sample:		3907.70 time, 3910.01 real, 1552 MB, 1.19 load
[runlim] sample:		3917.70 time, 3920.01 real, 1553 MB, 1.16 load
[runlim] sample:		3927.70 time, 3930.01 real, 1553 MB, 1.13 load
[runlim] sample:		3937.70 time, 3940.01 real, 1579 MB, 1.11 load
[runlim] sample:		3947.70 time, 3950.01 real, 1610 MB, 1.33 load
[runlim] sample:		3957.70 time, 3960.01 real, 1642 MB, 1.28 load
[runlim] sample:		3967.70 time, 3970.01 real, 1642 MB, 1.23 load

NN₁: mnist_relu_2_512_gemm.onnx
NN₂: mnist_relu_2_512_0.79.onnx
Prop: mnist_10_local_24.vnnlib
[runlim] sample:		3977.67 time, 3980.01 real, 1552 MB, 1.20 load
[runlim] sample:		3987.68 time, 3990.01 real, 1552 MB, 1.17 load

NN₁: mnist_relu_3_100_gemm.onnx
NN₂: mnist_relu_3_100_0.49.onnx
Prop: mnist_0_global_3.vnnlib
[runlim] sample:		3997.66 time, 4000.01 real, 1552 MB, 1.14 load
[runlim] sample:		4007.66 time, 4010.01 real, 1552 MB, 1.20 load
[runlim] sample:		4017.66 time, 4020.01 real, 1552 MB, 1.17 load
[runlim] sample:		4027.66 time, 4030.01 real, 1552 MB, 1.14 load
[runlim] sample:		4037.66 time, 4040.01 real, 1552 MB, 1.12 load
[runlim] sample:		4047.66 time, 4050.01 real, 1552 MB, 1.10 load
[runlim] sample:		4057.65 time, 4060.01 real, 1552 MB, 1.08 load
[runlim] sample:		4067.65 time, 4070.01 real, 1552 MB, 1.07 load
[runlim] sample:		4077.66 time, 4080.01 real, 1552 MB, 1.06 load
[runlim] sample:		4087.65 time, 4090.01 real, 1552 MB, 1.05 load
[runlim] sample:		4097.65 time, 4100.01 real, 1552 MB, 1.04 load
[runlim] sample:		4107.65 time, 4110.01 real, 1552 MB, 1.04 load

NN₁: mnist_relu_3_100_gemm.onnx
NN₂: mnist_relu_3_100_0.49.onnx
Prop: mnist_0_global_6.vnnlib
[runlim] sample:		4117.63 time, 4120.01 real, 1552 MB, 1.10 load
[runlim] sample:		4127.62 time, 4130.02 real, 1552 MB, 1.09 load
[runlim] sample:		4137.62 time, 4140.01 real, 1552 MB, 1.07 load
[runlim] sample:		4147.63 time, 4150.01 real, 1552 MB, 1.06 load
[runlim] sample:		4157.62 time, 4160.01 real, 1552 MB, 1.05 load
[runlim] sample:		4167.62 time, 4170.01 real, 1552 MB, 1.04 load
[runlim] sample:		4177.62 time, 4180.01 real, 1552 MB, 1.04 load
[runlim] sample:		4187.62 time, 4190.01 real, 1552 MB, 1.03 load
[runlim] sample:		4197.62 time, 4200.01 real, 1552 MB, 1.02 load
[runlim] sample:		4207.62 time, 4210.01 real, 1552 MB, 1.02 load
[runlim] sample:		4217.62 time, 4220.01 real, 1552 MB, 1.02 load
[runlim] sample:		4227.62 time, 4230.01 real, 1552 MB, 1.01 load

NN₁: mnist_relu_3_100_gemm.onnx
NN₂: mnist_relu_3_100_0.49.onnx
Prop: mnist_1_global_3.vnnlib
[runlim] sample:		4237.34 time, 4240.01 real, 1552 MB, 1.01 load
[runlim] sample:		4247.35 time, 4250.01 real, 1552 MB, 1.17 load
[runlim] sample:		4257.34 time, 4260.01 real, 1552 MB, 1.14 load
[runlim] sample:		4267.34 time, 4270.01 real, 1552 MB, 1.12 load
[runlim] sample:		4277.34 time, 4280.01 real, 1552 MB, 1.10 load
[runlim] sample:		4287.34 time, 4290.01 real, 1552 MB, 1.09 load
[runlim] sample:		4297.34 time, 4300.01 real, 1552 MB, 1.07 load
[runlim] sample:		4307.34 time, 4310.01 real, 1552 MB, 1.06 load
[runlim] sample:		4317.33 time, 4320.01 real, 1552 MB, 1.05 load
[runlim] sample:		4327.33 time, 4330.01 real, 1552 MB, 1.04 load
[runlim] sample:		4337.33 time, 4340.01 real, 1552 MB, 1.04 load
[runlim] sample:		4347.33 time, 4350.01 real, 1552 MB, 1.03 load

NN₁: mnist_relu_3_100_gemm.onnx
NN₂: mnist_relu_3_100_0.49.onnx
Prop: mnist_1_global_6.vnnlib
[runlim] sample:		4357.31 time, 4360.01 real, 1552 MB, 1.02 load
[runlim] sample:		4367.31 time, 4370.01 real, 1552 MB, 1.10 load
[runlim] sample:		4377.30 time, 4380.01 real, 1552 MB, 1.24 load
[runlim] sample:		4387.31 time, 4390.01 real, 1552 MB, 1.28 load
[runlim] sample:		4397.31 time, 4400.01 real, 1552 MB, 1.23 load
[runlim] sample:		4407.30 time, 4410.01 real, 1552 MB, 1.20 load
[runlim] sample:		4417.31 time, 4420.01 real, 1552 MB, 1.17 load
[runlim] sample:		4427.30 time, 4430.01 real, 1552 MB, 1.14 load
[runlim] sample:		4437.31 time, 4440.01 real, 1552 MB, 1.12 load
[runlim] sample:		4447.30 time, 4450.01 real, 1552 MB, 1.10 load
[runlim] sample:		4457.30 time, 4460.01 real, 1552 MB, 1.08 load
[runlim] sample:		4467.30 time, 4470.01 real, 1552 MB, 1.07 load

NN₁: mnist_relu_3_100_gemm.onnx
NN₂: mnist_relu_3_100_0.49.onnx
Prop: mnist_2_global_3.vnnlib
[runlim] sample:		4477.27 time, 4480.01 real, 1552 MB, 1.06 load
[runlim] sample:		4487.27 time, 4490.01 real, 1552 MB, 1.05 load
[runlim] sample:		4497.27 time, 4500.01 real, 1552 MB, 1.04 load
[runlim] sample:		4507.27 time, 4510.01 real, 1552 MB, 1.04 load
[runlim] sample:		4517.28 time, 4520.01 real, 1552 MB, 1.03 load
[runlim] sample:		4527.27 time, 4530.01 real, 1552 MB, 1.02 load
[runlim] sample:		4537.27 time, 4540.01 real, 1552 MB, 1.02 load
[runlim] sample:		4547.27 time, 4550.01 real, 1552 MB, 1.02 load
[runlim] sample:		4557.27 time, 4560.01 real, 1552 MB, 1.01 load
[runlim] sample:		4567.27 time, 4570.01 real, 1552 MB, 1.01 load
[runlim] sample:		4577.26 time, 4580.01 real, 1552 MB, 1.01 load
[runlim] sample:		4587.26 time, 4590.01 real, 1552 MB, 1.01 load

NN₁: mnist_relu_3_100_gemm.onnx
NN₂: mnist_relu_3_100_0.49.onnx
Prop: mnist_3_global_6.vnnlib
[runlim] sample:		4597.24 time, 4600.01 real, 1552 MB, 1.01 load
[runlim] sample:		4607.24 time, 4610.01 real, 1552 MB, 1.00 load
[runlim] sample:		4617.25 time, 4620.01 real, 1552 MB, 1.00 load
[runlim] sample:		4627.24 time, 4630.01 real, 1552 MB, 1.00 load
[runlim] sample:		4637.24 time, 4640.01 real, 1552 MB, 1.00 load
[runlim] sample:		4647.23 time, 4650.01 real, 1552 MB, 1.00 load
[runlim] sample:		4657.24 time, 4660.01 real, 1552 MB, 1.00 load
[runlim] sample:		4667.24 time, 4670.01 real, 1552 MB, 1.00 load
[runlim] sample:		4677.23 time, 4680.01 real, 1552 MB, 1.00 load
[runlim] sample:		4687.24 time, 4690.01 real, 1552 MB, 1.00 load
[runlim] sample:		4697.23 time, 4700.01 real, 1552 MB, 1.00 load
[runlim] sample:		4707.24 time, 4710.01 real, 1552 MB, 1.00 load

NN₁: mnist_relu_3_100_gemm.onnx
NN₂: mnist_relu_3_100_0.49.onnx
Prop: mnist_4_global_3.vnnlib
[runlim] sample:		4717.20 time, 4720.01 real, 1552 MB, 1.00 load
[runlim] sample:		4727.21 time, 4730.01 real, 1552 MB, 1.00 load
[runlim] sample:		4737.20 time, 4740.01 real, 1552 MB, 1.00 load
[runlim] sample:		4747.20 time, 4750.01 real, 1552 MB, 1.00 load
[runlim] sample:		4757.20 time, 4760.01 real, 1552 MB, 1.00 load
[runlim] sample:		4767.20 time, 4770.01 real, 1552 MB, 1.00 load
[runlim] sample:		4777.20 time, 4780.01 real, 1552 MB, 1.00 load
[runlim] sample:		4787.20 time, 4790.01 real, 1552 MB, 1.00 load
[runlim] sample:		4797.20 time, 4800.01 real, 1552 MB, 1.00 load
[runlim] sample:		4807.20 time, 4810.01 real, 1552 MB, 1.00 load
[runlim] sample:		4817.20 time, 4820.01 real, 1552 MB, 1.00 load
[runlim] sample:		4827.20 time, 4830.01 real, 1552 MB, 1.00 load

NN₁: mnist_relu_3_100_gemm.onnx
NN₂: mnist_relu_3_100_0.49.onnx
Prop: mnist_4_global_6.vnnlib
[runlim] sample:		4837.18 time, 4840.01 real, 1552 MB, 1.00 load
[runlim] sample:		4847.17 time, 4850.01 real, 1552 MB, 1.08 load
[runlim] sample:		4857.17 time, 4860.01 real, 1552 MB, 1.07 load
[runlim] sample:		4867.17 time, 4870.01 real, 1552 MB, 1.14 load
[runlim] sample:		4877.17 time, 4880.01 real, 1552 MB, 1.27 load
[runlim] sample:		4887.17 time, 4890.01 real, 1552 MB, 1.30 load
[runlim] sample:		4897.16 time, 4900.01 real, 1552 MB, 1.26 load
[runlim] sample:		4907.17 time, 4910.01 real, 1552 MB, 1.22 load
[runlim] sample:		4917.17 time, 4920.01 real, 1552 MB, 1.18 load
[runlim] sample:		4927.16 time, 4930.01 real, 1552 MB, 1.15 load
[runlim] sample:		4937.16 time, 4940.01 real, 1552 MB, 1.13 load
[runlim] sample:		4947.16 time, 4950.01 real, 1552 MB, 1.11 load

NN₁: mnist_relu_3_100_gemm.onnx
NN₂: mnist_relu_3_100_0.49.onnx
Prop: mnist_5_global_3.vnnlib
[runlim] sample:		4957.14 time, 4960.01 real, 1552 MB, 1.09 load
[runlim] sample:		4967.14 time, 4970.01 real, 1552 MB, 1.08 load
[runlim] sample:		4977.13 time, 4980.01 real, 1552 MB, 1.06 load
[runlim] sample:		4987.14 time, 4990.01 real, 1552 MB, 1.05 load
[runlim] sample:		4997.13 time, 5000.01 real, 1552 MB, 1.05 load
[runlim] sample:		5007.14 time, 5010.01 real, 1552 MB, 1.04 load
[runlim] sample:		5017.13 time, 5020.01 real, 1552 MB, 1.03 load
[runlim] sample:		5027.13 time, 5030.01 real, 1552 MB, 1.03 load
[runlim] sample:		5037.13 time, 5040.01 real, 1552 MB, 1.02 load
[runlim] sample:		5047.13 time, 5050.01 real, 1552 MB, 1.02 load
[runlim] sample:		5057.13 time, 5060.01 real, 1552 MB, 1.02 load
[runlim] sample:		5067.13 time, 5070.01 real, 1552 MB, 1.01 load

NN₁: mnist_relu_3_100_gemm.onnx
NN₂: mnist_relu_3_100_0.49.onnx
Prop: mnist_5_global_6.vnnlib
[runlim] sample:		5077.10 time, 5080.01 real, 1552 MB, 1.01 load
[runlim] sample:		5087.10 time, 5090.01 real, 1552 MB, 1.17 load
[runlim] sample:		5097.10 time, 5100.01 real, 1552 MB, 1.14 load
[runlim] sample:		5107.10 time, 5110.01 real, 1552 MB, 1.12 load
[runlim] sample:		5117.10 time, 5120.01 real, 1552 MB, 1.10 load
[runlim] sample:		5127.10 time, 5130.01 real, 1552 MB, 1.08 load
[runlim] sample:		5137.10 time, 5140.01 real, 1552 MB, 1.07 load
[runlim] sample:		5147.10 time, 5150.01 real, 1552 MB, 1.14 load
[runlim] sample:		5157.09 time, 5160.01 real, 1552 MB, 1.12 load
[runlim] sample:		5167.10 time, 5170.01 real, 1552 MB, 1.10 load
[runlim] sample:		5177.09 time, 5180.01 real, 1552 MB, 1.08 load
[runlim] sample:		5187.09 time, 5190.01 real, 1552 MB, 1.07 load

NN₁: mnist_relu_3_100_gemm.onnx
NN₂: mnist_relu_3_100_0.49.onnx
Prop: mnist_6_global_3.vnnlib
[runlim] sample:		5197.08 time, 5200.01 real, 1552 MB, 1.06 load
[runlim] sample:		5207.08 time, 5210.01 real, 1552 MB, 1.05 load
[runlim] sample:		5217.07 time, 5220.01 real, 1552 MB, 1.04 load
[runlim] sample:		5227.08 time, 5230.01 real, 1552 MB, 1.04 load
[runlim] sample:		5237.07 time, 5240.01 real, 1552 MB, 1.03 load
[runlim] sample:		5247.06 time, 5250.01 real, 1552 MB, 1.02 load
[runlim] sample:		5257.07 time, 5260.01 real, 1552 MB, 1.02 load
[runlim] sample:		5267.07 time, 5270.01 real, 1552 MB, 1.02 load
[runlim] sample:		5277.07 time, 5280.01 real, 1552 MB, 1.01 load
[runlim] sample:		5287.07 time, 5290.01 real, 1552 MB, 1.01 load
[runlim] sample:		5297.06 time, 5300.01 real, 1552 MB, 1.01 load
[runlim] sample:		5307.06 time, 5310.01 real, 1552 MB, 1.01 load
[runlim] sample:		5317.06 time, 5320.01 real, 1552 MB, 1.01 load

NN₁: mnist_relu_3_100_gemm.onnx
NN₂: mnist_relu_3_100_0.49.onnx
Prop: mnist_6_global_6.vnnlib
[runlim] sample:		5327.04 time, 5330.01 real, 1552 MB, 1.00 load
[runlim] sample:		5337.04 time, 5340.01 real, 1552 MB, 1.00 load
[runlim] sample:		5347.04 time, 5350.01 real, 1552 MB, 1.00 load
[runlim] sample:		5357.04 time, 5360.01 real, 1552 MB, 1.00 load
[runlim] sample:		5367.04 time, 5370.01 real, 1552 MB, 1.00 load
[runlim] sample:		5377.04 time, 5380.01 real, 1552 MB, 1.15 load
[runlim] sample:		5387.04 time, 5390.01 real, 1552 MB, 1.29 load
[runlim] sample:		5397.04 time, 5400.01 real, 1552 MB, 1.46 load
[runlim] sample:		5407.03 time, 5410.01 real, 1552 MB, 1.39 load
[runlim] sample:		5417.04 time, 5420.01 real, 1552 MB, 1.33 load
[runlim] sample:		5427.03 time, 5430.01 real, 1552 MB, 1.28 load
[runlim] sample:		5437.03 time, 5440.01 real, 1552 MB, 1.24 load

NN₁: mnist_relu_3_100_gemm.onnx
NN₂: mnist_relu_3_100_0.49.onnx
Prop: mnist_7_global_3.vnnlib
[runlim] sample:		5447.02 time, 5450.01 real, 1552 MB, 1.20 load
[runlim] sample:		5457.01 time, 5460.01 real, 1552 MB, 1.17 load
[runlim] sample:		5467.02 time, 5470.01 real, 1552 MB, 1.14 load
[runlim] sample:		5477.01 time, 5480.01 real, 1552 MB, 1.12 load
[runlim] sample:		5487.01 time, 5490.01 real, 1552 MB, 1.10 load
[runlim] sample:		5497.01 time, 5500.01 real, 1552 MB, 1.08 load
[runlim] sample:		5507.01 time, 5510.01 real, 1552 MB, 1.07 load
[runlim] sample:		5517.01 time, 5520.01 real, 1552 MB, 1.06 load
[runlim] sample:		5527.01 time, 5530.01 real, 1552 MB, 1.05 load
[runlim] sample:		5537.00 time, 5540.01 real, 1552 MB, 1.04 load
[runlim] sample:		5547.01 time, 5550.01 real, 1552 MB, 1.04 load
[runlim] sample:		5557.01 time, 5560.01 real, 1552 MB, 1.03 load

NN₁: mnist_relu_3_100_gemm.onnx
NN₂: mnist_relu_3_100_0.49.onnx
Prop: mnist_7_global_6.vnnlib
[runlim] sample:		5566.98 time, 5570.01 real, 1552 MB, 1.02 load
[runlim] sample:		5576.98 time, 5580.01 real, 1552 MB, 1.18 load
[runlim] sample:		5586.98 time, 5590.01 real, 1552 MB, 1.15 load
[runlim] sample:		5596.97 time, 5600.01 real, 1552 MB, 1.13 load
[runlim] sample:		5606.98 time, 5610.01 real, 1552 MB, 1.11 load
[runlim] sample:		5616.97 time, 5620.01 real, 1552 MB, 1.09 load
[runlim] sample:		5626.98 time, 5630.01 real, 1552 MB, 1.08 load
[runlim] sample:		5636.97 time, 5640.01 real, 1552 MB, 1.06 load
[runlim] sample:		5646.98 time, 5650.01 real, 1552 MB, 1.05 load
[runlim] sample:		5656.97 time, 5660.01 real, 1552 MB, 1.05 load
[runlim] sample:		5666.97 time, 5670.01 real, 1552 MB, 1.04 load
[runlim] sample:		5676.97 time, 5680.01 real, 1552 MB, 1.03 load

NN₁: mnist_relu_3_100_gemm.onnx
NN₂: mnist_relu_3_100_0.49.onnx
Prop: mnist_8_global_3.vnnlib
[runlim] sample:		5686.95 time, 5690.01 real, 1552 MB, 1.03 load
[runlim] sample:		5696.95 time, 5700.01 real, 1552 MB, 1.02 load
[runlim] sample:		5706.95 time, 5710.01 real, 1552 MB, 1.02 load
[runlim] sample:		5716.94 time, 5720.01 real, 1552 MB, 1.02 load
[runlim] sample:		5726.94 time, 5730.01 real, 1552 MB, 1.01 load
[runlim] sample:		5736.94 time, 5740.01 real, 1552 MB, 1.01 load
[runlim] sample:		5746.94 time, 5750.01 real, 1552 MB, 1.01 load
[runlim] sample:		5756.94 time, 5760.01 real, 1552 MB, 1.09 load
[runlim] sample:		5766.94 time, 5770.01 real, 1552 MB, 1.07 load
[runlim] sample:		5776.94 time, 5780.01 real, 1552 MB, 1.06 load
[runlim] sample:		5786.93 time, 5790.01 real, 1552 MB, 1.20 load
[runlim] sample:		5796.93 time, 5800.01 real, 1552 MB, 1.17 load

NN₁: mnist_relu_3_100_gemm.onnx
NN₂: mnist_relu_3_100_0.49.onnx
Prop: mnist_8_global_6.vnnlib
[runlim] sample:		5806.91 time, 5810.01 real, 1552 MB, 1.14 load
[runlim] sample:		5816.90 time, 5820.01 real, 1552 MB, 1.12 load
[runlim] sample:		5826.91 time, 5830.01 real, 1552 MB, 1.10 load
[runlim] sample:		5836.90 time, 5840.01 real, 1552 MB, 1.08 load
[runlim] sample:		5846.90 time, 5850.01 real, 1552 MB, 1.07 load
[runlim] sample:		5856.90 time, 5860.01 real, 1552 MB, 1.06 load
[runlim] sample:		5866.90 time, 5870.01 real, 1552 MB, 1.05 load
[runlim] sample:		5876.90 time, 5880.01 real, 1552 MB, 1.20 load
[runlim] sample:		5886.90 time, 5890.01 real, 1552 MB, 1.32 load
[runlim] sample:		5896.89 time, 5900.01 real, 1552 MB, 1.27 load
[runlim] sample:		5906.89 time, 5910.01 real, 1552 MB, 1.23 load
[runlim] sample:		5916.89 time, 5920.01 real, 1552 MB, 1.19 load

NN₁: mnist_relu_3_100_gemm.onnx
NN₂: mnist_relu_3_100_0.49.onnx
Prop: mnist_9_global_3.vnnlib
[runlim] sample:		5926.83 time, 5930.01 real, 1552 MB, 1.16 load
[runlim] sample:		5936.83 time, 5940.01 real, 1552 MB, 1.14 load
[runlim] sample:		5946.83 time, 5950.01 real, 1552 MB, 1.12 load
[runlim] sample:		5956.82 time, 5960.01 real, 1552 MB, 1.10 load
[runlim] sample:		5966.82 time, 5970.01 real, 1552 MB, 1.08 load
[runlim] sample:		5976.82 time, 5980.01 real, 1552 MB, 1.07 load
[runlim] sample:		5986.82 time, 5990.01 real, 1552 MB, 1.06 load
[runlim] sample:		5996.82 time, 6000.01 real, 1552 MB, 1.12 load
[runlim] sample:		6006.81 time, 6010.01 real, 1552 MB, 1.10 load
[runlim] sample:		6016.82 time, 6020.01 real, 1552 MB, 1.09 load
[runlim] sample:		6026.81 time, 6030.01 real, 1552 MB, 1.07 load
[runlim] sample:		6036.82 time, 6040.01 real, 1552 MB, 1.14 load

NN₁: mnist_relu_3_100_gemm.onnx
NN₂: mnist_relu_3_100_0.49.onnx
Prop: mnist_9_global_6.vnnlib
[runlim] sample:		6046.78 time, 6050.02 real, 1552 MB, 1.12 load
[runlim] sample:		6056.78 time, 6060.01 real, 1552 MB, 1.10 load
[runlim] sample:		6066.79 time, 6070.01 real, 1552 MB, 1.08 load
[runlim] sample:		6076.78 time, 6080.01 real, 1552 MB, 1.07 load
[runlim] sample:		6086.78 time, 6090.01 real, 1552 MB, 1.06 load
[runlim] sample:		6096.78 time, 6100.01 real, 1552 MB, 1.05 load
[runlim] sample:		6106.77 time, 6110.01 real, 1552 MB, 1.04 load
[runlim] sample:		6116.77 time, 6120.01 real, 1552 MB, 1.04 load
[runlim] sample:		6126.77 time, 6130.01 real, 1552 MB, 1.03 load
[runlim] sample:		6136.77 time, 6140.01 real, 1552 MB, 1.02 load
[runlim] sample:		6146.77 time, 6150.01 real, 1552 MB, 1.02 load
[runlim] sample:		6156.77 time, 6160.01 real, 1552 MB, 1.02 load

NN₁: mnist_relu_3_100_gemm.onnx
NN₂: mnist_relu_3_100_0.49.onnx
Prop: mnist_10_global_3.vnnlib
[runlim] sample:		6166.75 time, 6170.01 real, 1552 MB, 1.01 load
[runlim] sample:		6176.74 time, 6180.01 real, 1552 MB, 1.01 load
[runlim] sample:		6186.74 time, 6190.01 real, 1552 MB, 1.01 load
[runlim] sample:		6196.75 time, 6200.01 real, 1552 MB, 1.01 load
[runlim] sample:		6206.74 time, 6210.01 real, 1552 MB, 1.01 load
[runlim] sample:		6216.74 time, 6220.01 real, 1552 MB, 1.00 load
[runlim] sample:		6226.73 time, 6230.01 real, 1552 MB, 1.00 load
[runlim] sample:		6236.73 time, 6240.01 real, 1552 MB, 1.15 load
[runlim] sample:		6246.73 time, 6250.01 real, 1552 MB, 1.13 load
[runlim] sample:		6256.74 time, 6260.01 real, 1552 MB, 1.11 load
[runlim] sample:		6266.73 time, 6270.01 real, 1552 MB, 1.09 load
[runlim] sample:		6276.73 time, 6280.01 real, 1552 MB, 1.08 load

NN₁: mnist_relu_3_100_gemm.onnx
NN₂: mnist_relu_3_100_0.49.onnx
Prop: mnist_10_global_6.vnnlib
[runlim] sample:		6286.71 time, 6290.01 real, 1552 MB, 1.06 load
[runlim] sample:		6296.71 time, 6300.01 real, 1552 MB, 1.13 load
[runlim] sample:		6306.70 time, 6310.01 real, 1552 MB, 1.11 load
[runlim] sample:		6316.71 time, 6320.01 real, 1552 MB, 1.09 load
[runlim] sample:		6326.70 time, 6330.01 real, 1552 MB, 1.08 load
[runlim] sample:		6336.70 time, 6340.01 real, 1552 MB, 1.06 load
[runlim] sample:		6346.71 time, 6350.02 real, 1552 MB, 1.05 load
[runlim] sample:		6356.70 time, 6360.01 real, 1552 MB, 1.04 load
[runlim] sample:		6366.70 time, 6370.01 real, 1552 MB, 1.04 load
[runlim] sample:		6376.70 time, 6380.01 real, 1552 MB, 1.19 load
[runlim] sample:		6386.69 time, 6390.01 real, 1552 MB, 1.31 load
[runlim] sample:		6396.69 time, 6400.01 real, 1552 MB, 1.26 load

NN₁: mnist_relu_3_100_gemm.onnx
NN₂: mnist_relu_3_100_0.49.onnx
Prop: mnist_0_local_15.vnnlib
[runlim] sample:		6406.67 time, 6410.01 real, 1574 MB, 1.22 load
[runlim] sample:		6416.66 time, 6420.01 real, 1666 MB, 1.19 load
[runlim] sample:		6426.67 time, 6430.01 real, 1732 MB, 1.16 load
[runlim] sample:		6436.67 time, 6440.01 real, 1802 MB, 1.13 load
[runlim] sample:		6446.66 time, 6450.01 real, 1880 MB, 1.11 load
[runlim] sample:		6456.66 time, 6460.01 real, 1917 MB, 1.10 load
[runlim] sample:		6466.66 time, 6470.01 real, 2186 MB, 1.08 load
[runlim] sample:		6476.65 time, 6480.01 real, 2381 MB, 1.07 load
[runlim] sample:		6486.65 time, 6490.01 real, 2411 MB, 1.06 load
[runlim] sample:		6496.65 time, 6500.01 real, 2623 MB, 1.05 load
[runlim] sample:		6506.64 time, 6510.01 real, 2661 MB, 1.04 load
[runlim] sample:		6516.65 time, 6520.01 real, 2882 MB, 1.03 load

NN₁: mnist_relu_3_100_gemm.onnx
NN₂: mnist_relu_3_100_0.49.onnx
Prop: mnist_0_local_24.vnnlib
[runlim] sample:		6526.62 time, 6530.01 real, 1996 MB, 1.03 load
[runlim] sample:		6536.62 time, 6540.01 real, 2037 MB, 1.02 load
[runlim] sample:		6546.61 time, 6550.01 real, 2078 MB, 1.02 load
[runlim] sample:		6556.61 time, 6560.01 real, 2131 MB, 1.02 load
[runlim] sample:		6566.61 time, 6570.01 real, 2188 MB, 1.01 load
[runlim] sample:		6576.61 time, 6580.01 real, 2260 MB, 1.01 load
[runlim] sample:		6586.61 time, 6590.01 real, 2347 MB, 1.01 load
[runlim] sample:		6596.60 time, 6600.01 real, 2349 MB, 1.01 load
[runlim] sample:		6606.61 time, 6610.01 real, 2450 MB, 1.00 load
[runlim] sample:		6616.60 time, 6620.01 real, 2468 MB, 1.00 load
[runlim] sample:		6626.60 time, 6630.01 real, 2570 MB, 1.00 load
[runlim] sample:		6636.60 time, 6640.01 real, 2583 MB, 1.00 load

NN₁: mnist_relu_3_100_gemm.onnx
NN₂: mnist_relu_3_100_0.49.onnx
Prop: mnist_1_local_15.vnnlib
[runlim] sample:		6646.57 time, 6650.01 real, 2004 MB, 1.00 load
[runlim] sample:		6656.57 time, 6660.01 real, 2166 MB, 1.00 load
[runlim] sample:		6666.57 time, 6670.01 real, 2194 MB, 1.00 load
[runlim] sample:		6676.57 time, 6680.01 real, 2267 MB, 1.00 load
[runlim] sample:		6686.57 time, 6690.01 real, 2360 MB, 1.00 load
[runlim] sample:		6696.56 time, 6700.01 real, 2572 MB, 1.00 load
[runlim] sample:		6706.56 time, 6710.01 real, 2508 MB, 1.00 load
[runlim] sample:		6716.56 time, 6720.01 real, 2613 MB, 1.00 load
[runlim] sample:		6726.55 time, 6730.01 real, 2679 MB, 1.00 load
[runlim] sample:		6736.55 time, 6740.01 real, 2774 MB, 1.00 load
[runlim] sample:		6746.55 time, 6750.01 real, 2847 MB, 1.00 load
[runlim] sample:		6756.55 time, 6760.01 real, 2952 MB, 1.00 load

NN₁: mnist_relu_3_100_gemm.onnx
NN₂: mnist_relu_3_100_0.49.onnx
Prop: mnist_1_local_24.vnnlib
[runlim] sample:		6766.52 time, 6770.01 real, 1701 MB, 1.00 load
[runlim] sample:		6776.52 time, 6780.01 real, 1758 MB, 1.00 load
[runlim] sample:		6786.52 time, 6790.01 real, 1813 MB, 1.00 load
[runlim] sample:		6796.51 time, 6800.01 real, 1876 MB, 1.00 load
[runlim] sample:		6806.51 time, 6810.01 real, 1943 MB, 1.00 load
[runlim] sample:		6816.50 time, 6820.01 real, 2045 MB, 1.00 load
[runlim] sample:		6826.51 time, 6830.01 real, 2239 MB, 1.08 load
[runlim] sample:		6836.50 time, 6840.01 real, 2261 MB, 1.07 load
[runlim] sample:		6846.50 time, 6850.01 real, 2397 MB, 1.06 load
[runlim] sample:		6856.50 time, 6860.01 real, 2439 MB, 1.05 load
[runlim] sample:		6866.50 time, 6870.01 real, 2605 MB, 1.04 load
[runlim] sample:		6876.49 time, 6880.01 real, 2661 MB, 1.19 load

NN₁: mnist_relu_3_100_gemm.onnx
NN₂: mnist_relu_3_100_0.49.onnx
Prop: mnist_2_local_15.vnnlib
[runlim] sample:		6886.47 time, 6890.01 real, 1990 MB, 1.39 load
[runlim] sample:		6896.47 time, 6900.01 real, 2044 MB, 1.33 load
[runlim] sample:		6906.47 time, 6910.01 real, 2099 MB, 1.28 load
[runlim] sample:		6916.46 time, 6920.01 real, 2160 MB, 1.23 load
[runlim] sample:		6926.47 time, 6930.01 real, 2227 MB, 1.20 load
[runlim] sample:		6936.46 time, 6940.01 real, 2304 MB, 1.17 load
[runlim] sample:		6946.46 time, 6950.01 real, 2413 MB, 1.14 load
[runlim] sample:		6956.45 time, 6960.01 real, 2446 MB, 1.12 load
[runlim] sample:		6966.46 time, 6970.01 real, 2528 MB, 1.10 load
[runlim] sample:		6976.45 time, 6980.01 real, 2585 MB, 1.08 load
[runlim] sample:		6986.45 time, 6990.01 real, 2670 MB, 1.07 load
[runlim] sample:		6996.45 time, 7000.01 real, 2733 MB, 1.06 load

NN₁: mnist_relu_3_100_gemm.onnx
NN₂: mnist_relu_3_100_0.49.onnx
Prop: mnist_3_local_24.vnnlib
[runlim] sample:		7006.43 time, 7010.02 real, 2006 MB, 1.05 load
[runlim] sample:		7016.41 time, 7020.01 real, 2054 MB, 1.04 load
[runlim] sample:		7026.41 time, 7030.01 real, 2105 MB, 1.03 load
[runlim] sample:		7036.41 time, 7040.01 real, 2164 MB, 1.03 load
[runlim] sample:		7046.40 time, 7050.01 real, 2227 MB, 1.02 load
[runlim] sample:		7056.41 time, 7060.01 real, 2304 MB, 1.02 load
[runlim] sample:		7066.40 time, 7070.01 real, 2410 MB, 1.02 load
[runlim] sample:		7076.40 time, 7080.01 real, 2425 MB, 1.01 load
[runlim] sample:		7086.40 time, 7090.01 real, 2519 MB, 1.01 load
[runlim] sample:		7096.40 time, 7100.01 real, 2556 MB, 1.01 load
[runlim] sample:		7106.39 time, 7110.01 real, 2646 MB, 1.01 load
[runlim] sample:		7116.39 time, 7120.01 real, 2691 MB, 1.01 load
[runlim] sample:		7126.39 time, 7130.01 real, 2323 MB, 1.00 load

NN₁: mnist_relu_3_100_gemm.onnx
NN₂: mnist_relu_3_100_0.49.onnx
Prop: mnist_4_local_15.vnnlib
[runlim] sample:		7136.36 time, 7140.01 real, 2061 MB, 1.08 load
[runlim] sample:		7146.37 time, 7150.01 real, 2114 MB, 1.07 load
[runlim] sample:		7156.36 time, 7160.01 real, 2187 MB, 1.06 load
[runlim] sample:		7166.36 time, 7170.01 real, 2264 MB, 1.05 load
[runlim] sample:		7176.36 time, 7180.01 real, 2346 MB, 1.04 load
[runlim] sample:		7186.35 time, 7190.01 real, 2460 MB, 1.03 load
[runlim] sample:		7196.36 time, 7200.01 real, 2506 MB, 1.03 load
[runlim] sample:		7206.35 time, 7210.01 real, 2599 MB, 1.02 load
[runlim] sample:		7216.35 time, 7220.01 real, 2770 MB, 1.02 load
[runlim] sample:		7226.35 time, 7230.01 real, 2759 MB, 1.02 load
[runlim] sample:		7236.34 time, 7240.01 real, 2946 MB, 1.01 load
[runlim] sample:		7246.33 time, 7250.01 real, 2925 MB, 1.01 load

NN₁: mnist_relu_3_100_gemm.onnx
NN₂: mnist_relu_3_100_0.49.onnx
Prop: mnist_4_local_24.vnnlib
[runlim] sample:		7256.31 time, 7260.01 real, 2033 MB, 1.01 load
[runlim] sample:		7266.30 time, 7270.01 real, 2077 MB, 1.01 load
[runlim] sample:		7276.30 time, 7280.01 real, 2129 MB, 1.00 load
[runlim] sample:		7286.30 time, 7290.01 real, 2190 MB, 1.00 load
[runlim] sample:		7296.30 time, 7300.01 real, 2265 MB, 1.00 load
[runlim] sample:		7306.29 time, 7310.01 real, 2279 MB, 1.00 load
[runlim] sample:		7316.29 time, 7320.01 real, 2358 MB, 1.00 load
[runlim] sample:		7326.29 time, 7330.01 real, 2396 MB, 1.00 load
[runlim] sample:		7336.29 time, 7340.01 real, 2462 MB, 1.00 load
[runlim] sample:		7346.29 time, 7350.01 real, 2514 MB, 1.00 load
[runlim] sample:		7356.28 time, 7360.01 real, 2584 MB, 1.00 load
[runlim] sample:		7366.28 time, 7370.01 real, 2644 MB, 1.00 load

NN₁: mnist_relu_3_100_gemm.onnx
NN₂: mnist_relu_3_100_0.49.onnx
Prop: mnist_5_local_15.vnnlib
[runlim] sample:		7376.26 time, 7380.01 real, 2076 MB, 1.30 load
[runlim] sample:		7386.25 time, 7390.01 real, 2126 MB, 1.41 load
[runlim] sample:		7396.25 time, 7400.01 real, 2184 MB, 1.35 load
[runlim] sample:		7406.24 time, 7410.01 real, 2252 MB, 1.29 load
[runlim] sample:		7416.25 time, 7420.01 real, 2342 MB, 1.25 load
[runlim] sample:		7426.25 time, 7430.01 real, 2480 MB, 1.21 load
[runlim] sample:		7436.24 time, 7440.01 real, 2473 MB, 1.18 load
[runlim] sample:		7446.24 time, 7450.01 real, 2585 MB, 1.15 load
[runlim] sample:		7456.24 time, 7460.01 real, 2626 MB, 1.12 load
[runlim] sample:		7466.24 time, 7470.01 real, 2727 MB, 1.10 load
[runlim] sample:		7476.23 time, 7480.01 real, 2780 MB, 1.09 load
[runlim] sample:		7486.23 time, 7490.01 real, 2954 MB, 1.07 load

NN₁: mnist_relu_3_100_gemm.onnx
NN₂: mnist_relu_3_100_0.49.onnx
Prop: mnist_5_local_24.vnnlib
[runlim] sample:		7496.20 time, 7500.01 real, 2030 MB, 1.06 load
[runlim] sample:		7506.19 time, 7510.01 real, 2073 MB, 1.05 load
[runlim] sample:		7516.20 time, 7520.01 real, 2124 MB, 1.04 load
[runlim] sample:		7526.20 time, 7530.01 real, 2183 MB, 1.04 load
[runlim] sample:		7536.19 time, 7540.01 real, 2197 MB, 1.03 load
[runlim] sample:		7546.19 time, 7550.01 real, 2255 MB, 1.03 load
[runlim] sample:		7556.19 time, 7560.01 real, 2338 MB, 1.02 load
[runlim] sample:		7566.19 time, 7570.01 real, 2363 MB, 1.02 load
[runlim] sample:		7576.18 time, 7580.01 real, 2443 MB, 1.01 load
[runlim] sample:		7586.18 time, 7590.01 real, 2479 MB, 1.01 load
[runlim] sample:		7596.18 time, 7600.01 real, 2562 MB, 1.01 load
[runlim] sample:		7606.18 time, 7610.01 real, 2593 MB, 1.01 load

NN₁: mnist_relu_3_100_gemm.onnx
NN₂: mnist_relu_3_100_0.49.onnx
Prop: mnist_6_local_15.vnnlib
[runlim] sample:		7616.15 time, 7620.01 real, 2055 MB, 1.01 load
[runlim] sample:		7626.15 time, 7630.01 real, 2116 MB, 1.00 load
[runlim] sample:		7636.15 time, 7640.01 real, 2182 MB, 1.00 load
[runlim] sample:		7646.14 time, 7650.01 real, 2257 MB, 1.00 load
[runlim] sample:		7656.14 time, 7660.01 real, 2345 MB, 1.00 load
[runlim] sample:		7666.14 time, 7670.01 real, 2459 MB, 1.00 load
[runlim] sample:		7676.14 time, 7680.01 real, 2497 MB, 1.00 load
[runlim] sample:		7686.14 time, 7690.01 real, 2590 MB, 1.08 load
[runlim] sample:		7696.13 time, 7700.01 real, 2696 MB, 1.07 load
[runlim] sample:		7706.13 time, 7710.01 real, 2748 MB, 1.06 load
[runlim] sample:		7716.12 time, 7720.01 real, 2927 MB, 1.05 load
[runlim] sample:		7726.12 time, 7730.01 real, 2917 MB, 1.04 load

NN₁: mnist_relu_3_100_gemm.onnx
NN₂: mnist_relu_3_100_0.49.onnx
Prop: mnist_6_local_24.vnnlib
[runlim] sample:		7736.10 time, 7740.01 real, 1990 MB, 1.03 load
[runlim] sample:		7746.09 time, 7750.01 real, 2077 MB, 1.03 load
[runlim] sample:		7756.09 time, 7760.01 real, 2129 MB, 1.02 load
[runlim] sample:		7766.09 time, 7770.01 real, 2190 MB, 1.02 load
[runlim] sample:		7776.09 time, 7780.01 real, 2201 MB, 1.02 load
[runlim] sample:		7786.09 time, 7790.01 real, 2267 MB, 1.01 load
[runlim] sample:		7796.09 time, 7800.01 real, 2361 MB, 1.01 load
[runlim] sample:		7806.08 time, 7810.01 real, 2382 MB, 1.01 load
[runlim] sample:		7816.08 time, 7820.01 real, 2467 MB, 1.01 load
[runlim] sample:		7826.08 time, 7830.01 real, 2500 MB, 1.00 load
[runlim] sample:		7836.08 time, 7840.01 real, 2590 MB, 1.00 load
[runlim] sample:		7846.07 time, 7850.01 real, 2621 MB, 1.00 load

NN₁: mnist_relu_3_100_gemm.onnx
NN₂: mnist_relu_3_100_0.49.onnx
Prop: mnist_7_local_15.vnnlib
[runlim] sample:		7856.05 time, 7860.01 real, 1990 MB, 1.00 load
[runlim] sample:		7866.04 time, 7870.01 real, 2091 MB, 1.00 load
[runlim] sample:		7876.05 time, 7880.01 real, 2153 MB, 1.15 load
[runlim] sample:		7886.04 time, 7890.01 real, 2218 MB, 1.29 load
[runlim] sample:		7896.05 time, 7900.01 real, 2236 MB, 1.24 load
[runlim] sample:		7906.04 time, 7910.01 real, 2307 MB, 1.20 load
[runlim] sample:		7916.04 time, 7920.01 real, 2405 MB, 1.17 load
[runlim] sample:		7926.03 time, 7930.01 real, 2444 MB, 1.14 load
[runlim] sample:		7936.04 time, 7940.01 real, 2519 MB, 1.12 load
[runlim] sample:		7946.03 time, 7950.01 real, 2670 MB, 1.10 load
[runlim] sample:		7956.03 time, 7960.01 real, 2659 MB, 1.09 load
[runlim] sample:		7966.03 time, 7970.02 real, 2718 MB, 1.07 load

NN₁: mnist_relu_3_100_gemm.onnx
NN₂: mnist_relu_3_100_0.49.onnx
Prop: mnist_7_local_24.vnnlib
[runlim] sample:		7976.00 time, 7980.01 real, 1990 MB, 1.06 load
[runlim] sample:		7985.99 time, 7990.01 real, 2023 MB, 1.05 load
[runlim] sample:		7995.99 time, 8000.02 real, 2063 MB, 1.04 load
[runlim] sample:		8006.00 time, 8010.01 real, 2111 MB, 1.04 load
[runlim] sample:		8015.99 time, 8020.01 real, 2166 MB, 1.03 load
[runlim] sample:		8025.99 time, 8030.01 real, 2230 MB, 1.02 load
[runlim] sample:		8035.99 time, 8040.01 real, 2253 MB, 1.02 load
[runlim] sample:		8045.99 time, 8050.01 real, 2310 MB, 1.02 load
[runlim] sample:		8055.99 time, 8060.01 real, 2405 MB, 1.01 load
[runlim] sample:		8065.98 time, 8070.01 real, 2414 MB, 1.01 load
[runlim] sample:		8075.98 time, 8080.01 real, 2512 MB, 1.01 load
[runlim] sample:		8085.97 time, 8090.01 real, 2519 MB, 1.01 load

NN₁: mnist_relu_3_100_gemm.onnx
NN₂: mnist_relu_3_100_0.49.onnx
Prop: mnist_8_local_15.vnnlib

NN₁: mnist_relu_3_100_gemm.onnx
NN₂: mnist_relu_3_100_0.49.onnx
Prop: mnist_8_local_24.vnnlib

NN₁: mnist_relu_3_100_gemm.onnx
NN₂: mnist_relu_3_100_0.49.onnx
Prop: mnist_9_local_15.vnnlib
[runlim] sample:		8095.94 time, 8100.01 real, 2017 MB, 1.01 load
[runlim] sample:		8105.94 time, 8110.02 real, 2066 MB, 1.00 load
[runlim] sample:		8115.93 time, 8120.01 real, 2174 MB, 1.00 load
[runlim] sample:		8125.94 time, 8130.01 real, 2268 MB, 1.00 load
[runlim] sample:		8135.93 time, 8140.01 real, 2302 MB, 1.00 load
[runlim] sample:		8145.93 time, 8150.01 real, 2373 MB, 1.00 load
[runlim] sample:		8155.93 time, 8160.01 real, 2474 MB, 1.00 load
[runlim] sample:		8165.92 time, 8170.01 real, 2604 MB, 1.00 load
[runlim] sample:		8175.91 time, 8180.01 real, 2627 MB, 1.00 load
[runlim] sample:		8185.92 time, 8190.01 real, 2745 MB, 1.00 load
[runlim] sample:		8195.91 time, 8200.01 real, 2792 MB, 1.00 load
[runlim] sample:		8205.92 time, 8210.01 real, 2938 MB, 1.00 load

NN₁: mnist_relu_3_100_gemm.onnx
NN₂: mnist_relu_3_100_0.49.onnx
Prop: mnist_9_local_24.vnnlib
[runlim] sample:		8215.85 time, 8220.01 real, 2009 MB, 1.00 load
[runlim] sample:		8225.84 time, 8230.01 real, 2053 MB, 1.00 load
[runlim] sample:		8235.84 time, 8240.01 real, 2100 MB, 1.00 load
[runlim] sample:		8245.84 time, 8250.01 real, 2154 MB, 1.00 load
[runlim] sample:		8255.84 time, 8260.01 real, 2218 MB, 1.00 load
[runlim] sample:		8265.83 time, 8270.01 real, 2295 MB, 1.00 load
[runlim] sample:		8275.84 time, 8280.01 real, 2389 MB, 1.00 load
[runlim] sample:		8285.83 time, 8290.01 real, 2399 MB, 1.00 load
[runlim] sample:		8295.82 time, 8300.01 real, 2501 MB, 1.00 load
[runlim] sample:		8305.82 time, 8310.01 real, 2523 MB, 1.00 load
[runlim] sample:		8315.82 time, 8320.01 real, 2627 MB, 1.00 load
[runlim] sample:		8325.82 time, 8330.01 real, 2648 MB, 1.00 load

NN₁: mnist_relu_3_100_gemm.onnx
NN₂: mnist_relu_3_100_0.49.onnx
Prop: mnist_10_local_15.vnnlib
[runlim] sample:		8335.79 time, 8340.01 real, 2021 MB, 1.00 load
[runlim] sample:		8345.79 time, 8350.01 real, 2081 MB, 1.00 load

NN₁: mnist_relu_3_100_gemm.onnx
NN₂: mnist_relu_3_100_0.49.onnx
Prop: mnist_10_local_24.vnnlib
[runlim] sample:		8355.78 time, 8360.01 real, 2061 MB, 1.00 load
[runlim] sample:		8365.78 time, 8370.01 real, 2116 MB, 1.00 load
[runlim] sample:		8375.78 time, 8380.01 real, 2174 MB, 1.15 load
[runlim] sample:		8385.78 time, 8390.01 real, 2240 MB, 1.28 load
[runlim] sample:		8395.78 time, 8400.01 real, 2317 MB, 1.24 load
[runlim] sample:		8405.77 time, 8410.01 real, 2337 MB, 1.20 load
[runlim] sample:		8415.76 time, 8420.01 real, 2426 MB, 1.17 load
[runlim] sample:		8425.76 time, 8430.01 real, 2551 MB, 1.14 load
[runlim] sample:		8435.77 time, 8440.01 real, 2550 MB, 1.12 load
[runlim] sample:		8445.76 time, 8450.01 real, 2663 MB, 1.10 load
[runlim] sample:		8455.76 time, 8460.01 real, 2685 MB, 1.09 load
[runlim] sample:		8465.76 time, 8470.01 real, 2744 MB, 1.07 load

NN₁: mnist_relu_3_100_gemm.onnx
NN₂: mnist_relu_3_100_0.79_adam_1_stepsize.onnx
Prop: mnist_0_global_3.vnnlib

NN₁: mnist_relu_3_100_gemm.onnx
NN₂: mnist_relu_3_100_0.79_adam_1_stepsize.onnx
Prop: mnist_0_global_6.vnnlib
[runlim] sample:		8475.72 time, 8480.01 real, 1990 MB, 1.06 load
[runlim] sample:		8485.72 time, 8490.01 real, 1990 MB, 1.05 load
[runlim] sample:		8495.72 time, 8500.01 real, 1990 MB, 1.04 load
[runlim] sample:		8505.71 time, 8510.01 real, 1990 MB, 1.04 load
[runlim] sample:		8515.71 time, 8520.01 real, 1990 MB, 1.03 load
[runlim] sample:		8525.71 time, 8530.01 real, 1990 MB, 1.02 load
[runlim] sample:		8535.71 time, 8540.01 real, 1990 MB, 1.02 load
[runlim] sample:		8545.71 time, 8550.01 real, 1990 MB, 1.02 load
[runlim] sample:		8555.71 time, 8560.01 real, 1990 MB, 1.01 load
[runlim] sample:		8565.70 time, 8570.01 real, 1990 MB, 1.01 load
[runlim] sample:		8575.70 time, 8580.01 real, 1990 MB, 1.01 load
[runlim] sample:		8585.70 time, 8590.01 real, 1990 MB, 1.01 load

NN₁: mnist_relu_3_100_gemm.onnx
NN₂: mnist_relu_3_100_0.79_adam_1_stepsize.onnx
Prop: mnist_1_global_3.vnnlib

NN₁: mnist_relu_3_100_gemm.onnx
NN₂: mnist_relu_3_100_0.79_adam_1_stepsize.onnx
Prop: mnist_1_global_6.vnnlib
[runlim] sample:		8595.67 time, 8600.01 real, 1990 MB, 1.01 load
[runlim] sample:		8605.67 time, 8610.01 real, 1990 MB, 1.00 load
[runlim] sample:		8615.67 time, 8620.01 real, 1990 MB, 1.00 load
[runlim] sample:		8625.67 time, 8630.01 real, 1990 MB, 1.00 load
[runlim] sample:		8635.67 time, 8640.01 real, 1990 MB, 1.00 load
[runlim] sample:		8645.67 time, 8650.01 real, 1990 MB, 1.00 load
[runlim] sample:		8655.67 time, 8660.01 real, 1990 MB, 1.00 load
[runlim] sample:		8665.66 time, 8670.01 real, 1990 MB, 1.00 load
[runlim] sample:		8675.67 time, 8680.01 real, 1990 MB, 1.00 load
[runlim] sample:		8685.66 time, 8690.01 real, 1990 MB, 1.00 load
[runlim] sample:		8695.67 time, 8700.01 real, 1990 MB, 1.00 load
[runlim] sample:		8705.66 time, 8710.01 real, 1990 MB, 1.00 load

NN₁: mnist_relu_3_100_gemm.onnx
NN₂: mnist_relu_3_100_0.79_adam_1_stepsize.onnx
Prop: mnist_2_global_3.vnnlib

NN₁: mnist_relu_3_100_gemm.onnx
NN₂: mnist_relu_3_100_0.79_adam_1_stepsize.onnx
Prop: mnist_3_global_6.vnnlib
[runlim] sample:		8715.63 time, 8720.01 real, 1990 MB, 1.00 load
[runlim] sample:		8725.63 time, 8730.01 real, 1990 MB, 1.00 load
[runlim] sample:		8735.63 time, 8740.01 real, 1990 MB, 1.00 load
[runlim] sample:		8745.63 time, 8750.01 real, 1990 MB, 1.00 load
[runlim] sample:		8755.63 time, 8760.01 real, 1990 MB, 1.00 load
[runlim] sample:		8765.62 time, 8770.01 real, 1990 MB, 1.00 load
[runlim] sample:		8775.63 time, 8780.01 real, 1990 MB, 1.00 load
[runlim] sample:		8785.62 time, 8790.01 real, 1990 MB, 1.00 load
[runlim] sample:		8795.63 time, 8800.01 real, 1990 MB, 1.00 load
[runlim] sample:		8805.63 time, 8810.01 real, 1990 MB, 1.00 load
[runlim] sample:		8815.62 time, 8820.01 real, 1990 MB, 1.00 load
[runlim] sample:		8825.62 time, 8830.01 real, 1990 MB, 1.00 load

NN₁: mnist_relu_3_100_gemm.onnx
NN₂: mnist_relu_3_100_0.79_adam_1_stepsize.onnx
Prop: mnist_4_global_3.vnnlib

NN₁: mnist_relu_3_100_gemm.onnx
NN₂: mnist_relu_3_100_0.79_adam_1_stepsize.onnx
Prop: mnist_4_global_6.vnnlib
[runlim] sample:		8835.60 time, 8840.01 real, 1990 MB, 1.00 load
[runlim] sample:		8845.60 time, 8850.01 real, 1990 MB, 1.00 load
[runlim] sample:		8855.60 time, 8860.01 real, 1990 MB, 1.00 load
[runlim] sample:		8865.60 time, 8870.01 real, 1990 MB, 1.00 load
[runlim] sample:		8875.59 time, 8880.01 real, 1990 MB, 1.15 load
[runlim] sample:		8885.59 time, 8890.01 real, 1990 MB, 1.28 load
[runlim] sample:		8895.59 time, 8900.01 real, 1990 MB, 1.24 load
[runlim] sample:		8905.59 time, 8910.01 real, 1990 MB, 1.20 load
[runlim] sample:		8915.59 time, 8920.01 real, 1990 MB, 1.17 load
[runlim] sample:		8925.59 time, 8930.02 real, 1990 MB, 1.14 load
[runlim] sample:		8935.59 time, 8940.01 real, 1990 MB, 1.12 load
[runlim] sample:		8945.59 time, 8950.01 real, 1990 MB, 1.10 load

NN₁: mnist_relu_3_100_gemm.onnx
NN₂: mnist_relu_3_100_0.79_adam_1_stepsize.onnx
Prop: mnist_5_global_3.vnnlib

NN₁: mnist_relu_3_100_gemm.onnx
NN₂: mnist_relu_3_100_0.79_adam_1_stepsize.onnx
Prop: mnist_5_global_6.vnnlib
[runlim] sample:		8955.56 time, 8960.01 real, 1990 MB, 1.09 load
[runlim] sample:		8965.55 time, 8970.01 real, 1990 MB, 1.07 load
[runlim] sample:		8975.56 time, 8980.01 real, 1990 MB, 1.06 load
[runlim] sample:		8985.55 time, 8990.01 real, 1990 MB, 1.05 load
[runlim] sample:		8995.56 time, 9000.01 real, 1990 MB, 1.04 load
[runlim] sample:		9005.55 time, 9010.01 real, 1990 MB, 1.04 load
[runlim] sample:		9015.55 time, 9020.01 real, 1990 MB, 1.03 load
[runlim] sample:		9025.55 time, 9030.01 real, 1990 MB, 1.02 load
[runlim] sample:		9035.55 time, 9040.01 real, 1990 MB, 1.02 load
[runlim] sample:		9045.55 time, 9050.01 real, 1990 MB, 1.02 load
[runlim] sample:		9055.55 time, 9060.01 real, 1990 MB, 1.01 load
[runlim] sample:		9065.55 time, 9070.01 real, 1990 MB, 1.01 load

NN₁: mnist_relu_3_100_gemm.onnx
NN₂: mnist_relu_3_100_0.79_adam_1_stepsize.onnx
Prop: mnist_6_global_3.vnnlib

NN₁: mnist_relu_3_100_gemm.onnx
NN₂: mnist_relu_3_100_0.79_adam_1_stepsize.onnx
Prop: mnist_6_global_6.vnnlib
[runlim] sample:		9075.52 time, 9080.01 real, 1990 MB, 1.01 load
[runlim] sample:		9085.51 time, 9090.01 real, 1990 MB, 1.01 load
[runlim] sample:		9095.51 time, 9100.01 real, 1990 MB, 1.01 load
[runlim] sample:		9105.51 time, 9110.01 real, 1990 MB, 1.00 load
[runlim] sample:		9115.52 time, 9120.01 real, 1990 MB, 1.00 load
[runlim] sample:		9125.51 time, 9130.01 real, 1990 MB, 1.00 load
[runlim] sample:		9135.51 time, 9140.01 real, 1990 MB, 1.00 load
[runlim] sample:		9145.51 time, 9150.01 real, 1990 MB, 1.00 load
[runlim] sample:		9155.51 time, 9160.01 real, 1990 MB, 1.00 load
[runlim] sample:		9165.51 time, 9170.01 real, 1990 MB, 1.00 load
[runlim] sample:		9175.51 time, 9180.01 real, 1990 MB, 1.08 load
[runlim] sample:		9185.51 time, 9190.01 real, 1990 MB, 1.07 load
[runlim] sample:		9195.46 time, 9200.01 real, 1990 MB, 1.06 load

NN₁: mnist_relu_3_100_gemm.onnx
NN₂: mnist_relu_3_100_0.79_adam_1_stepsize.onnx
Prop: mnist_7_global_3.vnnlib

NN₁: mnist_relu_3_100_gemm.onnx
NN₂: mnist_relu_3_100_0.79_adam_1_stepsize.onnx
Prop: mnist_7_global_6.vnnlib
[runlim] sample:		9205.43 time, 9210.01 real, 1990 MB, 1.05 load
[runlim] sample:		9215.43 time, 9220.01 real, 1990 MB, 1.04 load
[runlim] sample:		9225.43 time, 9230.01 real, 1990 MB, 1.03 load
[runlim] sample:		9235.43 time, 9240.01 real, 1990 MB, 1.03 load
[runlim] sample:		9245.43 time, 9250.01 real, 1990 MB, 1.02 load
[runlim] sample:		9255.43 time, 9260.01 real, 1990 MB, 1.02 load
[runlim] sample:		9265.43 time, 9270.01 real, 1990 MB, 1.02 load
[runlim] sample:		9275.42 time, 9280.01 real, 1990 MB, 1.01 load
[runlim] sample:		9285.43 time, 9290.01 real, 1990 MB, 1.01 load
[runlim] sample:		9295.43 time, 9300.01 real, 1990 MB, 1.01 load
[runlim] sample:		9305.42 time, 9310.01 real, 1990 MB, 1.01 load
[runlim] sample:		9315.43 time, 9320.01 real, 1990 MB, 1.00 load

NN₁: mnist_relu_3_100_gemm.onnx
NN₂: mnist_relu_3_100_0.79_adam_1_stepsize.onnx
Prop: mnist_8_global_3.vnnlib

NN₁: mnist_relu_3_100_gemm.onnx
NN₂: mnist_relu_3_100_0.79_adam_1_stepsize.onnx
Prop: mnist_8_global_6.vnnlib
[runlim] sample:		9325.39 time, 9330.01 real, 1990 MB, 1.00 load
[runlim] sample:		9335.39 time, 9340.01 real, 1990 MB, 1.00 load
[runlim] sample:		9345.39 time, 9350.01 real, 1990 MB, 1.00 load
[runlim] sample:		9355.39 time, 9360.01 real, 1990 MB, 1.08 load
[runlim] sample:		9365.39 time, 9370.01 real, 1990 MB, 1.06 load
[runlim] sample:		9375.39 time, 9380.01 real, 1990 MB, 1.21 load
[runlim] sample:		9385.39 time, 9390.01 real, 1990 MB, 1.41 load
[runlim] sample:		9395.39 time, 9400.01 real, 1990 MB, 1.35 load
[runlim] sample:		9405.39 time, 9410.01 real, 1990 MB, 1.29 load
[runlim] sample:		9415.38 time, 9420.01 real, 1990 MB, 1.25 load
[runlim] sample:		9425.39 time, 9430.01 real, 1990 MB, 1.21 load
[runlim] sample:		9435.38 time, 9440.01 real, 1990 MB, 1.18 load

NN₁: mnist_relu_3_100_gemm.onnx
NN₂: mnist_relu_3_100_0.79_adam_1_stepsize.onnx
Prop: mnist_9_global_3.vnnlib

NN₁: mnist_relu_3_100_gemm.onnx
NN₂: mnist_relu_3_100_0.79_adam_1_stepsize.onnx
Prop: mnist_9_global_6.vnnlib
[runlim] sample:		9445.36 time, 9450.01 real, 1990 MB, 1.15 load
[runlim] sample:		9455.35 time, 9460.01 real, 1990 MB, 1.12 load
[runlim] sample:		9465.35 time, 9470.01 real, 1990 MB, 1.11 load
[runlim] sample:		9475.35 time, 9480.01 real, 1990 MB, 1.09 load
[runlim] sample:		9485.35 time, 9490.01 real, 1990 MB, 1.07 load
[runlim] sample:		9495.35 time, 9500.01 real, 1990 MB, 1.06 load
[runlim] sample:		9505.35 time, 9510.01 real, 1990 MB, 1.05 load
[runlim] sample:		9515.35 time, 9520.01 real, 1990 MB, 1.04 load
[runlim] sample:		9525.34 time, 9530.01 real, 1990 MB, 1.04 load
[runlim] sample:		9535.35 time, 9540.01 real, 1990 MB, 1.03 load
[runlim] sample:		9545.35 time, 9550.01 real, 1990 MB, 1.03 load
[runlim] sample:		9555.34 time, 9560.01 real, 1990 MB, 1.02 load

NN₁: mnist_relu_3_100_gemm.onnx
NN₂: mnist_relu_3_100_0.79_adam_1_stepsize.onnx
Prop: mnist_10_global_3.vnnlib

NN₁: mnist_relu_3_100_gemm.onnx
NN₂: mnist_relu_3_100_0.79_adam_1_stepsize.onnx
Prop: mnist_10_global_6.vnnlib
[runlim] sample:		9565.31 time, 9570.01 real, 1990 MB, 1.02 load
[runlim] sample:		9575.31 time, 9580.01 real, 1990 MB, 1.01 load
[runlim] sample:		9585.30 time, 9590.01 real, 1990 MB, 1.01 load
[runlim] sample:		9595.31 time, 9600.01 real, 1990 MB, 1.01 load
[runlim] sample:		9605.30 time, 9610.01 real, 1990 MB, 1.01 load
[runlim] sample:		9615.30 time, 9620.01 real, 1990 MB, 1.01 load
[runlim] sample:		9625.30 time, 9630.01 real, 1990 MB, 1.00 load
[runlim] sample:		9635.30 time, 9640.01 real, 1990 MB, 1.00 load
[runlim] sample:		9645.30 time, 9650.01 real, 1990 MB, 1.00 load
[runlim] sample:		9655.30 time, 9660.01 real, 1990 MB, 1.00 load
[runlim] sample:		9665.30 time, 9670.01 real, 1990 MB, 1.00 load
[runlim] sample:		9675.30 time, 9680.01 real, 1990 MB, 1.00 load

NN₁: mnist_relu_3_100_gemm.onnx
NN₂: mnist_relu_3_100_0.79_adam_1_stepsize.onnx
Prop: mnist_0_local_15.vnnlib

NN₁: mnist_relu_3_100_gemm.onnx
NN₂: mnist_relu_3_100_0.79_adam_1_stepsize.onnx
Prop: mnist_0_local_24.vnnlib
[runlim] sample:		9685.26 time, 9690.01 real, 1999 MB, 1.00 load
[runlim] sample:		9695.26 time, 9700.01 real, 2033 MB, 1.00 load
[runlim] sample:		9705.26 time, 9710.01 real, 2077 MB, 1.00 load
[runlim] sample:		9715.26 time, 9720.01 real, 2129 MB, 1.00 load
[runlim] sample:		9725.26 time, 9730.01 real, 2187 MB, 1.00 load
[runlim] sample:		9735.25 time, 9740.01 real, 2259 MB, 1.00 load
[runlim] sample:		9745.25 time, 9750.01 real, 2285 MB, 1.00 load
[runlim] sample:		9755.25 time, 9760.01 real, 2349 MB, 1.00 load
[runlim] sample:		9765.25 time, 9770.01 real, 2450 MB, 1.00 load
[runlim] sample:		9775.25 time, 9780.01 real, 2458 MB, 1.00 load
[runlim] sample:		9785.25 time, 9790.01 real, 2579 MB, 1.00 load
[runlim] sample:		9795.25 time, 9800.01 real, 2570 MB, 1.00 load

NN₁: mnist_relu_3_100_gemm.onnx
NN₂: mnist_relu_3_100_0.79_adam_1_stepsize.onnx
Prop: mnist_1_local_15.vnnlib

NN₁: mnist_relu_3_100_gemm.onnx
NN₂: mnist_relu_3_100_0.79_adam_1_stepsize.onnx
Prop: mnist_1_local_24.vnnlib
[runlim] sample:		9805.22 time, 9810.01 real, 1996 MB, 1.00 load
[runlim] sample:		9815.21 time, 9820.01 real, 2041 MB, 1.00 load
[runlim] sample:		9825.21 time, 9830.01 real, 2093 MB, 1.00 load
[runlim] sample:		9835.21 time, 9840.01 real, 2157 MB, 1.00 load
[runlim] sample:		9845.22 time, 9850.01 real, 2217 MB, 1.00 load
[runlim] sample:		9855.21 time, 9860.01 real, 2291 MB, 1.07 load
[runlim] sample:		9865.21 time, 9870.01 real, 2396 MB, 1.06 load
[runlim] sample:		9875.21 time, 9880.01 real, 2416 MB, 1.29 load
[runlim] sample:		9885.20 time, 9890.01 real, 2506 MB, 1.40 load
[runlim] sample:		9895.21 time, 9900.01 real, 2537 MB, 1.33 load
[runlim] sample:		9905.20 time, 9910.01 real, 2627 MB, 1.28 load
[runlim] sample:		9915.20 time, 9920.01 real, 2645 MB, 1.24 load

NN₁: mnist_relu_3_100_gemm.onnx
NN₂: mnist_relu_3_100_0.79_adam_1_stepsize.onnx
Prop: mnist_2_local_15.vnnlib

NN₁: mnist_relu_3_100_gemm.onnx
NN₂: mnist_relu_3_100_0.79_adam_1_stepsize.onnx
Prop: mnist_3_local_24.vnnlib
[runlim] sample:		9925.17 time, 9930.01 real, 2001 MB, 1.20 load

NN₁: mnist_relu_3_100_gemm.onnx
NN₂: mnist_relu_3_100_0.79_adam_1_stepsize.onnx
Prop: mnist_4_local_15.vnnlib

NN₁: mnist_relu_3_100_gemm.onnx
NN₂: mnist_relu_3_100_0.79_adam_1_stepsize.onnx
Prop: mnist_4_local_24.vnnlib
[runlim] sample:		9935.15 time, 9940.01 real, 2001 MB, 1.17 load
[runlim] sample:		9945.15 time, 9950.01 real, 2079 MB, 1.14 load
[runlim] sample:		9955.15 time, 9960.01 real, 2133 MB, 1.20 load
[runlim] sample:		9965.14 time, 9970.01 real, 2194 MB, 1.16 load
[runlim] sample:		9975.14 time, 9980.01 real, 2206 MB, 1.14 load
[runlim] sample:		9985.14 time, 9990.01 real, 2271 MB, 1.12 load
[runlim] sample:		9995.14 time, 10000.01 real, 2365 MB, 1.82 load
[runlim] sample:		10005.14 time, 10010.01 real, 2388 MB, 1.77 load
[runlim] sample:		10015.13 time, 10020.01 real, 2474 MB, 1.65 load
[runlim] sample:		10025.14 time, 10030.01 real, 2508 MB, 1.55 load
[runlim] sample:		10035.13 time, 10040.01 real, 2598 MB, 1.47 load
[runlim] sample:		10045.13 time, 10050.01 real, 2628 MB, 1.40 load

NN₁: mnist_relu_3_100_gemm.onnx
NN₂: mnist_relu_3_100_0.79_adam_1_stepsize.onnx
Prop: mnist_5_local_15.vnnlib

NN₁: mnist_relu_3_100_gemm.onnx
NN₂: mnist_relu_3_100_0.79_adam_1_stepsize.onnx
Prop: mnist_5_local_24.vnnlib
[runlim] sample:		10055.10 time, 10060.01 real, 1990 MB, 1.33 load
[runlim] sample:		10065.10 time, 10070.01 real, 2030 MB, 1.28 load
[runlim] sample:		10075.09 time, 10080.01 real, 2075 MB, 1.24 load
[runlim] sample:		10085.09 time, 10090.01 real, 2129 MB, 1.20 load
[runlim] sample:		10095.09 time, 10100.01 real, 2184 MB, 1.17 load
[runlim] sample:		10105.10 time, 10110.01 real, 2255 MB, 1.14 load
[runlim] sample:		10115.09 time, 10120.01 real, 2363 MB, 1.12 load
[runlim] sample:		10125.09 time, 10130.01 real, 2345 MB, 1.10 load
[runlim] sample:		10135.09 time, 10140.01 real, 2439 MB, 1.09 load
[runlim] sample:		10145.09 time, 10150.01 real, 2455 MB, 1.07 load
[runlim] sample:		10155.08 time, 10160.01 real, 2557 MB, 1.06 load
[runlim] sample:		10165.09 time, 10170.01 real, 2566 MB, 1.05 load

NN₁: mnist_relu_3_100_gemm.onnx
NN₂: mnist_relu_3_100_0.79_adam_1_stepsize.onnx
Prop: mnist_6_local_15.vnnlib

NN₁: mnist_relu_3_100_gemm.onnx
NN₂: mnist_relu_3_100_0.79_adam_1_stepsize.onnx
Prop: mnist_6_local_24.vnnlib
[runlim] sample:		10175.06 time, 10180.01 real, 1990 MB, 1.04 load
[runlim] sample:		10185.05 time, 10190.01 real, 2033 MB, 1.04 load
[runlim] sample:		10195.05 time, 10200.01 real, 2078 MB, 1.03 load
[runlim] sample:		10205.05 time, 10210.01 real, 2132 MB, 1.02 load
[runlim] sample:		10215.05 time, 10220.01 real, 2194 MB, 1.02 load
[runlim] sample:		10225.05 time, 10230.01 real, 2270 MB, 1.02 load
[runlim] sample:		10235.05 time, 10240.01 real, 2296 MB, 1.01 load
[runlim] sample:		10245.04 time, 10250.01 real, 2362 MB, 1.01 load
[runlim] sample:		10255.04 time, 10260.01 real, 2465 MB, 1.01 load
[runlim] sample:		10265.04 time, 10270.01 real, 2478 MB, 1.01 load
[runlim] sample:		10275.04 time, 10280.01 real, 2583 MB, 1.01 load
[runlim] sample:		10285.03 time, 10290.01 real, 2595 MB, 1.00 load

NN₁: mnist_relu_3_100_gemm.onnx
NN₂: mnist_relu_3_100_0.79_adam_1_stepsize.onnx
Prop: mnist_7_local_15.vnnlib
[runlim] sample:		10295.01 time, 10300.01 real, 1990 MB, 1.00 load

NN₁: mnist_relu_3_100_gemm.onnx
NN₂: mnist_relu_3_100_0.79_adam_1_stepsize.onnx
Prop: mnist_7_local_24.vnnlib
[runlim] sample:		10305.01 time, 10310.01 real, 2021 MB, 1.00 load
[runlim] sample:		10315.00 time, 10320.01 real, 2062 MB, 1.00 load
[runlim] sample:		10325.00 time, 10330.01 real, 2110 MB, 1.00 load
[runlim] sample:		10335.00 time, 10340.01 real, 2163 MB, 1.00 load
[runlim] sample:		10345.00 time, 10350.01 real, 2173 MB, 1.00 load
[runlim] sample:		10355.00 time, 10360.01 real, 2225 MB, 1.00 load
[runlim] sample:		10364.99 time, 10370.01 real, 2304 MB, 1.00 load
[runlim] sample:		10374.99 time, 10380.01 real, 2319 MB, 1.15 load
[runlim] sample:		10384.99 time, 10390.01 real, 2397 MB, 1.28 load
[runlim] sample:		10394.99 time, 10400.01 real, 2423 MB, 1.24 load
[runlim] sample:		10404.98 time, 10410.01 real, 2504 MB, 1.20 load
[runlim] sample:		10414.98 time, 10420.01 real, 2526 MB, 1.17 load

NN₁: mnist_relu_3_100_gemm.onnx
NN₂: mnist_relu_3_100_0.79_adam_1_stepsize.onnx
Prop: mnist_8_local_15.vnnlib

NN₁: mnist_relu_3_100_gemm.onnx
NN₂: mnist_relu_3_100_0.79_adam_1_stepsize.onnx
Prop: mnist_8_local_24.vnnlib
[runlim] sample:		10424.95 time, 10430.01 real, 2036 MB, 1.14 load
[runlim] sample:		10434.95 time, 10440.01 real, 2075 MB, 1.12 load
[runlim] sample:		10444.95 time, 10450.01 real, 2126 MB, 1.10 load
[runlim] sample:		10454.94 time, 10460.01 real, 2186 MB, 1.09 load
[runlim] sample:		10464.94 time, 10470.01 real, 2197 MB, 1.07 load
[runlim] sample:		10474.94 time, 10480.01 real, 2259 MB, 1.14 load
[runlim] sample:		10484.95 time, 10490.02 real, 2349 MB, 1.12 load
[runlim] sample:		10494.94 time, 10500.01 real, 2367 MB, 1.10 load
[runlim] sample:		10504.93 time, 10510.01 real, 2454 MB, 1.08 load
[runlim] sample:		10514.94 time, 10520.01 real, 2482 MB, 1.07 load
[runlim] sample:		10524.93 time, 10530.01 real, 2576 MB, 1.06 load
[runlim] sample:		10534.93 time, 10540.01 real, 2597 MB, 1.05 load

NN₁: mnist_relu_3_100_gemm.onnx
NN₂: mnist_relu_3_100_0.79_adam_1_stepsize.onnx
Prop: mnist_9_local_15.vnnlib

NN₁: mnist_relu_3_100_gemm.onnx
NN₂: mnist_relu_3_100_0.79_adam_1_stepsize.onnx
Prop: mnist_9_local_24.vnnlib
[runlim] sample:		10544.90 time, 10550.02 real, 1990 MB, 1.04 load
[runlim] sample:		10554.89 time, 10560.01 real, 2081 MB, 1.04 load
[runlim] sample:		10564.90 time, 10570.01 real, 2135 MB, 1.03 load
[runlim] sample:		10574.89 time, 10580.01 real, 2200 MB, 1.02 load
[runlim] sample:		10584.88 time, 10590.01 real, 2207 MB, 1.02 load
[runlim] sample:		10594.89 time, 10600.01 real, 2276 MB, 1.02 load
[runlim] sample:		10604.89 time, 10610.01 real, 2370 MB, 1.01 load
[runlim] sample:		10614.88 time, 10620.01 real, 2390 MB, 1.01 load
[runlim] sample:		10624.88 time, 10630.01 real, 2478 MB, 1.01 load
[runlim] sample:		10634.88 time, 10640.01 real, 2511 MB, 1.01 load
[runlim] sample:		10644.88 time, 10650.01 real, 2604 MB, 1.01 load
[runlim] sample:		10654.88 time, 10660.01 real, 2632 MB, 1.00 load

NN₁: mnist_relu_3_100_gemm.onnx
NN₂: mnist_relu_3_100_0.79_adam_1_stepsize.onnx
Prop: mnist_10_local_15.vnnlib

NN₁: mnist_relu_3_100_gemm.onnx
NN₂: mnist_relu_3_100_0.79_adam_1_stepsize.onnx
Prop: mnist_10_local_24.vnnlib

NN₁: mnist_relu_4_1024_gemm.onnx
NN₂: mnist_relu_4_1024_0.79.onnx
Prop: mnist_0_global_3.vnnlib
[runlim] sample:		10664.83 time, 10670.01 real, 2351 MB, 1.08 load
[runlim] sample:		10674.83 time, 10680.01 real, 2167 MB, 1.07 load
[runlim] sample:		10684.83 time, 10690.01 real, 2167 MB, 1.06 load
[runlim] sample:		10694.82 time, 10700.01 real, 2213 MB, 1.05 load
[runlim] sample:		10704.81 time, 10710.01 real, 2167 MB, 1.04 load
[runlim] sample:		10714.81 time, 10720.01 real, 2175 MB, 1.03 load
[runlim] sample:		10724.81 time, 10730.01 real, 2167 MB, 1.03 load
[runlim] sample:		10734.81 time, 10740.01 real, 2178 MB, 1.02 load
[runlim] sample:		10744.80 time, 10750.01 real, 2356 MB, 1.02 load
[runlim] sample:		10754.80 time, 10760.01 real, 2180 MB, 1.02 load
[runlim] sample:		10764.80 time, 10770.01 real, 2167 MB, 1.01 load
[runlim] sample:		10774.80 time, 10780.01 real, 2167 MB, 1.01 load

NN₁: mnist_relu_4_1024_gemm.onnx
NN₂: mnist_relu_4_1024_0.79.onnx
Prop: mnist_0_global_6.vnnlib
[runlim] sample:		10784.77 time, 10790.01 real, 2164 MB, 1.01 load
[runlim] sample:		10794.77 time, 10800.01 real, 2430 MB, 1.01 load
[runlim] sample:		10804.76 time, 10810.01 real, 2694 MB, 1.00 load
[runlim] sample:		10814.77 time, 10820.02 real, 2649 MB, 1.00 load
[runlim] sample:		10824.77 time, 10830.01 real, 2508 MB, 1.00 load
[runlim] sample:		10834.76 time, 10840.02 real, 2665 MB, 1.40 load
[runlim] sample:		10844.76 time, 10850.01 real, 2647 MB, 1.34 load
[runlim] sample:		10854.75 time, 10860.02 real, 2652 MB, 1.29 load
[runlim] sample:		10864.75 time, 10870.01 real, 2554 MB, 1.24 load
[runlim] sample:		10874.75 time, 10880.01 real, 2636 MB, 1.36 load
[runlim] sample:		10884.75 time, 10890.01 real, 2638 MB, 1.46 load
[runlim] sample:		10894.74 time, 10900.01 real, 2639 MB, 1.46 load

NN₁: mnist_relu_4_1024_gemm.onnx
NN₂: mnist_relu_4_1024_0.79.onnx
Prop: mnist_1_global_3.vnnlib
[runlim] sample:		10904.72 time, 10910.01 real, 1992 MB, 1.46 load
[runlim] sample:		10914.72 time, 10920.01 real, 2034 MB, 1.39 load
[runlim] sample:		10924.72 time, 10930.01 real, 2033 MB, 1.33 load
[runlim] sample:		10934.71 time, 10940.01 real, 2015 MB, 1.28 load
[runlim] sample:		10944.71 time, 10950.01 real, 2028 MB, 1.24 load
[runlim] sample:		10954.71 time, 10960.01 real, 2023 MB, 1.20 load
[runlim] sample:		10964.71 time, 10970.01 real, 1992 MB, 1.17 load
[runlim] sample:		10974.71 time, 10980.02 real, 1992 MB, 1.14 load
[runlim] sample:		10984.70 time, 10990.01 real, 1992 MB, 1.12 load
[runlim] sample:		10994.70 time, 11000.01 real, 1997 MB, 1.10 load
[runlim] sample:		11004.70 time, 11010.01 real, 2022 MB, 1.08 load
[runlim] sample:		11014.70 time, 11020.01 real, 2129 MB, 1.07 load
[runlim] sample:		11024.69 time, 11030.01 real, 2006 MB, 1.06 load

NN₁: mnist_relu_4_1024_gemm.onnx
NN₂: mnist_relu_4_1024_0.79.onnx
Prop: mnist_1_global_6.vnnlib
[runlim] sample:		11034.67 time, 11040.01 real, 2706 MB, 1.05 load
[runlim] sample:		11044.67 time, 11050.01 real, 2706 MB, 1.04 load
[runlim] sample:		11054.67 time, 11060.01 real, 2706 MB, 1.04 load
[runlim] sample:		11064.67 time, 11070.01 real, 2706 MB, 1.03 load
[runlim] sample:		11074.66 time, 11080.01 real, 2706 MB, 1.02 load
[runlim] sample:		11084.66 time, 11090.01 real, 2706 MB, 1.02 load
[runlim] sample:		11094.66 time, 11100.01 real, 2706 MB, 1.02 load
[runlim] sample:		11104.66 time, 11110.01 real, 2706 MB, 1.01 load
[runlim] sample:		11114.66 time, 11120.01 real, 2706 MB, 1.01 load
[runlim] sample:		11124.66 time, 11130.01 real, 2706 MB, 1.01 load
[runlim] sample:		11134.65 time, 11140.01 real, 2706 MB, 1.01 load
[runlim] sample:		11144.65 time, 11150.01 real, 2706 MB, 1.01 load

NN₁: mnist_relu_4_1024_gemm.onnx
NN₂: mnist_relu_4_1024_0.79.onnx
Prop: mnist_2_global_3.vnnlib
[runlim] sample:		11154.63 time, 11160.01 real, 2509 MB, 1.00 load
[runlim] sample:		11164.63 time, 11170.01 real, 2509 MB, 1.00 load
[runlim] sample:		11174.63 time, 11180.01 real, 2509 MB, 1.00 load
[runlim] sample:		11184.62 time, 11190.01 real, 2520 MB, 1.00 load
[runlim] sample:		11194.62 time, 11200.01 real, 2589 MB, 1.00 load
[runlim] sample:		11204.63 time, 11210.01 real, 2541 MB, 1.00 load
[runlim] sample:		11214.62 time, 11220.01 real, 2541 MB, 1.00 load
[runlim] sample:		11224.62 time, 11230.01 real, 2541 MB, 1.00 load
[runlim] sample:		11234.62 time, 11240.02 real, 2541 MB, 1.00 load
[runlim] sample:		11244.62 time, 11250.01 real, 2543 MB, 1.00 load
[runlim] sample:		11254.62 time, 11260.01 real, 2543 MB, 1.00 load
[runlim] sample:		11264.61 time, 11270.01 real, 2585 MB, 1.00 load

NN₁: mnist_relu_4_1024_gemm.onnx
NN₂: mnist_relu_4_1024_0.79.onnx
Prop: mnist_3_global_6.vnnlib
[runlim] sample:		11274.58 time, 11280.01 real, 2436 MB, 1.00 load
[runlim] sample:		11284.58 time, 11290.01 real, 2436 MB, 1.00 load
[runlim] sample:		11294.58 time, 11300.01 real, 2449 MB, 1.00 load
[runlim] sample:		11304.58 time, 11310.01 real, 2449 MB, 1.00 load
[runlim] sample:		11314.58 time, 11320.01 real, 2449 MB, 1.00 load
[runlim] sample:		11324.58 time, 11330.01 real, 2449 MB, 1.00 load
[runlim] sample:		11334.57 time, 11340.01 real, 2454 MB, 1.00 load
[runlim] sample:		11344.57 time, 11350.02 real, 2454 MB, 1.00 load
[runlim] sample:		11354.57 time, 11360.01 real, 2454 MB, 1.00 load
[runlim] sample:		11364.57 time, 11370.01 real, 2454 MB, 1.00 load
[runlim] sample:		11374.57 time, 11380.01 real, 2454 MB, 1.23 load
[runlim] sample:		11384.56 time, 11390.01 real, 2454 MB, 1.35 load

NN₁: mnist_relu_4_1024_gemm.onnx
NN₂: mnist_relu_4_1024_0.79.onnx
Prop: mnist_4_global_3.vnnlib
[runlim] sample:		11394.54 time, 11400.01 real, 2555 MB, 1.37 load
[runlim] sample:		11404.54 time, 11410.01 real, 2397 MB, 1.31 load
[runlim] sample:		11414.54 time, 11420.01 real, 2351 MB, 1.27 load
[runlim] sample:		11424.54 time, 11430.01 real, 2352 MB, 1.22 load
[runlim] sample:		11434.54 time, 11440.01 real, 2352 MB, 1.19 load
[runlim] sample:		11444.54 time, 11450.02 real, 2352 MB, 1.16 load
[runlim] sample:		11454.54 time, 11460.01 real, 2352 MB, 1.13 load
[runlim] sample:		11464.53 time, 11470.01 real, 2352 MB, 1.11 load
[runlim] sample:		11474.53 time, 11480.01 real, 2367 MB, 1.10 load
[runlim] sample:		11484.52 time, 11490.01 real, 2367 MB, 1.08 load
[runlim] sample:		11494.53 time, 11500.01 real, 2379 MB, 1.07 load
[runlim] sample:		11504.53 time, 11510.01 real, 2357 MB, 1.06 load

NN₁: mnist_relu_4_1024_gemm.onnx
NN₂: mnist_relu_4_1024_0.79.onnx
Prop: mnist_4_global_6.vnnlib
[runlim] sample:		11514.49 time, 11520.01 real, 2199 MB, 1.05 load
[runlim] sample:		11524.50 time, 11530.01 real, 2760 MB, 1.04 load
[runlim] sample:		11534.49 time, 11540.01 real, 2760 MB, 1.03 load
[runlim] sample:		11544.49 time, 11550.01 real, 2772 MB, 1.03 load
[runlim] sample:		11554.49 time, 11560.01 real, 2760 MB, 1.02 load
[runlim] sample:		11564.48 time, 11570.01 real, 2760 MB, 1.02 load
[runlim] sample:		11574.48 time, 11580.01 real, 2760 MB, 1.02 load
[runlim] sample:		11584.48 time, 11590.01 real, 2760 MB, 1.01 load
[runlim] sample:		11594.48 time, 11600.01 real, 2760 MB, 1.01 load
[runlim] sample:		11604.49 time, 11610.01 real, 2760 MB, 1.01 load
[runlim] sample:		11614.49 time, 11620.01 real, 2760 MB, 1.01 load
[runlim] sample:		11624.48 time, 11630.01 real, 2760 MB, 1.00 load

NN₁: mnist_relu_4_1024_gemm.onnx
NN₂: mnist_relu_4_1024_0.79.onnx
Prop: mnist_5_global_3.vnnlib
[runlim] sample:		11634.45 time, 11640.02 real, 1992 MB, 1.00 load
[runlim] sample:		11644.45 time, 11650.01 real, 2271 MB, 1.00 load
[runlim] sample:		11654.45 time, 11660.01 real, 2290 MB, 1.00 load
[runlim] sample:		11664.45 time, 11670.01 real, 2271 MB, 1.00 load
[runlim] sample:		11674.44 time, 11680.01 real, 2298 MB, 1.00 load
[runlim] sample:		11684.44 time, 11690.01 real, 2298 MB, 1.00 load
[runlim] sample:		11694.44 time, 11700.01 real, 2298 MB, 1.00 load
[runlim] sample:		11704.43 time, 11710.01 real, 2271 MB, 1.00 load
[runlim] sample:		11714.43 time, 11720.02 real, 2271 MB, 1.00 load
[runlim] sample:		11724.44 time, 11730.01 real, 2302 MB, 1.00 load
[runlim] sample:		11734.43 time, 11740.01 real, 2302 MB, 1.00 load
[runlim] sample:		11744.43 time, 11750.01 real, 2302 MB, 1.00 load
[runlim] sample:		11754.43 time, 11760.01 real, 2302 MB, 1.00 load

NN₁: mnist_relu_4_1024_gemm.onnx
NN₂: mnist_relu_4_1024_0.79.onnx
Prop: mnist_5_global_6.vnnlib
[runlim] sample:		11764.41 time, 11770.01 real, 2901 MB, 1.00 load
[runlim] sample:		11774.41 time, 11780.01 real, 2901 MB, 1.00 load
[runlim] sample:		11784.40 time, 11790.01 real, 2901 MB, 1.00 load
[runlim] sample:		11794.40 time, 11800.02 real, 2901 MB, 1.00 load
[runlim] sample:		11804.40 time, 11810.01 real, 2901 MB, 1.00 load
[runlim] sample:		11814.40 time, 11820.01 real, 2901 MB, 1.00 load
[runlim] sample:		11824.40 time, 11830.01 real, 2901 MB, 1.00 load
[runlim] sample:		11834.40 time, 11840.01 real, 2901 MB, 1.00 load
[runlim] sample:		11844.40 time, 11850.01 real, 2901 MB, 1.00 load
[runlim] sample:		11854.39 time, 11860.01 real, 2901 MB, 1.00 load
[runlim] sample:		11864.39 time, 11870.01 real, 2901 MB, 1.00 load
[runlim] sample:		11874.39 time, 11880.01 real, 2901 MB, 1.15 load

NN₁: mnist_relu_4_1024_gemm.onnx
NN₂: mnist_relu_4_1024_0.79.onnx
Prop: mnist_6_global_3.vnnlib
[runlim] sample:		11884.37 time, 11890.01 real, 2282 MB, 1.20 load
[runlim] sample:		11894.36 time, 11900.01 real, 2282 MB, 1.25 load
[runlim] sample:		11904.36 time, 11910.01 real, 2282 MB, 1.29 load
[runlim] sample:		11914.36 time, 11920.01 real, 2282 MB, 1.24 load
[runlim] sample:		11924.36 time, 11930.01 real, 2282 MB, 1.20 load
[runlim] sample:		11934.36 time, 11940.01 real, 2294 MB, 1.17 load
[runlim] sample:		11944.35 time, 11950.01 real, 2282 MB, 1.15 load
[runlim] sample:		11954.35 time, 11960.01 real, 2282 MB, 1.12 load
[runlim] sample:		11964.35 time, 11970.01 real, 2305 MB, 1.10 load
[runlim] sample:		11974.34 time, 11980.01 real, 2305 MB, 1.09 load
[runlim] sample:		11984.35 time, 11990.01 real, 2305 MB, 1.07 load
[runlim] sample:		11994.35 time, 12000.01 real, 2305 MB, 1.14 load

NN₁: mnist_relu_4_1024_gemm.onnx
NN₂: mnist_relu_4_1024_0.79.onnx
Prop: mnist_6_global_6.vnnlib
[runlim] sample:		12004.32 time, 12010.01 real, 2794 MB, 1.11 load
[runlim] sample:		12014.32 time, 12020.02 real, 2805 MB, 1.10 load
[runlim] sample:		12024.32 time, 12030.01 real, 2805 MB, 1.08 load
[runlim] sample:		12034.31 time, 12040.01 real, 2805 MB, 1.07 load
[runlim] sample:		12044.31 time, 12050.01 real, 2822 MB, 1.06 load
[runlim] sample:		12054.31 time, 12060.02 real, 2822 MB, 1.05 load
[runlim] sample:		12064.30 time, 12070.01 real, 2822 MB, 1.04 load
[runlim] sample:		12074.30 time, 12080.01 real, 2822 MB, 1.03 load
[runlim] sample:		12084.30 time, 12090.01 real, 2822 MB, 1.03 load
[runlim] sample:		12094.30 time, 12100.01 real, 2822 MB, 1.02 load
[runlim] sample:		12104.30 time, 12110.01 real, 2822 MB, 1.02 load
[runlim] sample:		12114.30 time, 12120.01 real, 2822 MB, 1.02 load

NN₁: mnist_relu_4_1024_gemm.onnx
NN₂: mnist_relu_4_1024_0.79.onnx
Prop: mnist_7_global_3.vnnlib
[runlim] sample:		12124.28 time, 12130.01 real, 1992 MB, 1.01 load
[runlim] sample:		12134.27 time, 12140.01 real, 2280 MB, 1.01 load
[runlim] sample:		12144.27 time, 12150.01 real, 2280 MB, 1.01 load
[runlim] sample:		12154.26 time, 12160.01 real, 2280 MB, 1.01 load
[runlim] sample:		12164.26 time, 12170.01 real, 2280 MB, 1.00 load
[runlim] sample:		12174.27 time, 12180.01 real, 2280 MB, 1.00 load
[runlim] sample:		12184.27 time, 12190.01 real, 2280 MB, 1.00 load
[runlim] sample:		12194.27 time, 12200.02 real, 2280 MB, 1.00 load
[runlim] sample:		12204.26 time, 12210.01 real, 2280 MB, 1.00 load
[runlim] sample:		12214.26 time, 12220.01 real, 2280 MB, 1.00 load
[runlim] sample:		12224.26 time, 12230.01 real, 2280 MB, 1.00 load
[runlim] sample:		12234.26 time, 12240.01 real, 2280 MB, 1.00 load

NN₁: mnist_relu_4_1024_gemm.onnx
NN₂: mnist_relu_4_1024_0.79.onnx
Prop: mnist_7_global_6.vnnlib
[runlim] sample:		12244.20 time, 12250.01 real, 1992 MB, 1.00 load
[runlim] sample:		12254.20 time, 12260.01 real, 2881 MB, 1.00 load
[runlim] sample:		12264.20 time, 12270.01 real, 2881 MB, 1.00 load
[runlim] sample:		12274.20 time, 12280.02 real, 2881 MB, 1.00 load
[runlim] sample:		12284.20 time, 12290.01 real, 2891 MB, 1.00 load
[runlim] sample:		12294.20 time, 12300.02 real, 2891 MB, 1.00 load
[runlim] sample:		12304.20 time, 12310.01 real, 2891 MB, 1.00 load
[runlim] sample:		12314.19 time, 12320.01 real, 2891 MB, 1.00 load
[runlim] sample:		12324.19 time, 12330.01 real, 2891 MB, 1.00 load
[runlim] sample:		12334.19 time, 12340.01 real, 2891 MB, 1.00 load
[runlim] sample:		12344.19 time, 12350.01 real, 2891 MB, 1.00 load
[runlim] sample:		12354.19 time, 12360.01 real, 2891 MB, 1.00 load
[runlim] sample:		12364.20 time, 12370.01 real, 2891 MB, 1.00 load

NN₁: mnist_relu_4_1024_gemm.onnx
NN₂: mnist_relu_4_1024_0.79.onnx
Prop: mnist_8_global_3.vnnlib
[runlim] sample:		12374.16 time, 12380.01 real, 2065 MB, 1.15 load
[runlim] sample:		12384.16 time, 12390.01 real, 2110 MB, 1.28 load
[runlim] sample:		12394.16 time, 12400.01 real, 1992 MB, 1.24 load
[runlim] sample:		12404.15 time, 12410.01 real, 1992 MB, 1.20 load
[runlim] sample:		12414.16 time, 12420.01 real, 1992 MB, 1.17 load
[runlim] sample:		12424.16 time, 12430.01 real, 2011 MB, 1.14 load
[runlim] sample:		12434.15 time, 12440.01 real, 1992 MB, 1.12 load
[runlim] sample:		12444.15 time, 12450.01 real, 2055 MB, 1.10 load
[runlim] sample:		12454.14 time, 12460.01 real, 2004 MB, 1.09 load
[runlim] sample:		12464.14 time, 12470.02 real, 1992 MB, 1.07 load
[runlim] sample:		12474.14 time, 12480.02 real, 2239 MB, 1.06 load
[runlim] sample:		12484.14 time, 12490.01 real, 1992 MB, 1.05 load

NN₁: mnist_relu_4_1024_gemm.onnx
NN₂: mnist_relu_4_1024_0.79.onnx
Prop: mnist_8_global_6.vnnlib
[runlim] sample:		12494.12 time, 12500.02 real, 2734 MB, 1.04 load
[runlim] sample:		12504.11 time, 12510.01 real, 2734 MB, 1.04 load
[runlim] sample:		12514.11 time, 12520.01 real, 2734 MB, 1.03 load
[runlim] sample:		12524.11 time, 12530.02 real, 2734 MB, 1.02 load
[runlim] sample:		12534.11 time, 12540.02 real, 2734 MB, 1.02 load
[runlim] sample:		12544.11 time, 12550.01 real, 2734 MB, 1.02 load
[runlim] sample:		12554.10 time, 12560.01 real, 2734 MB, 1.01 load
[runlim] sample:		12564.10 time, 12570.01 real, 2734 MB, 1.01 load
[runlim] sample:		12574.10 time, 12580.01 real, 2734 MB, 1.01 load
[runlim] sample:		12584.10 time, 12590.01 real, 2734 MB, 1.01 load
[runlim] sample:		12594.10 time, 12600.01 real, 2734 MB, 1.01 load
[runlim] sample:		12604.10 time, 12610.01 real, 2734 MB, 1.00 load

NN₁: mnist_relu_4_1024_gemm.onnx
NN₂: mnist_relu_4_1024_0.79.onnx
Prop: mnist_9_global_3.vnnlib
[runlim] sample:		12614.06 time, 12620.01 real, 2051 MB, 1.00 load
[runlim] sample:		12624.05 time, 12630.01 real, 2081 MB, 1.00 load
[runlim] sample:		12634.06 time, 12640.01 real, 2247 MB, 1.00 load
[runlim] sample:		12644.06 time, 12650.01 real, 2052 MB, 1.00 load
[runlim] sample:		12654.05 time, 12660.01 real, 2085 MB, 1.00 load
[runlim] sample:		12664.04 time, 12670.01 real, 2052 MB, 1.00 load
[runlim] sample:		12674.04 time, 12680.01 real, 2070 MB, 1.00 load
[runlim] sample:		12684.04 time, 12690.01 real, 2267 MB, 1.00 load
[runlim] sample:		12694.04 time, 12700.02 real, 2052 MB, 1.00 load
[runlim] sample:		12704.04 time, 12710.01 real, 2052 MB, 1.00 load
[runlim] sample:		12714.04 time, 12720.01 real, 2052 MB, 1.00 load
[runlim] sample:		12724.03 time, 12730.01 real, 2053 MB, 1.00 load

NN₁: mnist_relu_4_1024_gemm.onnx
NN₂: mnist_relu_4_1024_0.79.onnx
Prop: mnist_9_global_6.vnnlib
[runlim] sample:		12734.01 time, 12740.02 real, 2720 MB, 1.00 load
[runlim] sample:		12744.00 time, 12750.01 real, 2720 MB, 1.00 load
[runlim] sample:		12754.00 time, 12760.01 real, 2720 MB, 1.00 load
[runlim] sample:		12764.00 time, 12770.01 real, 2720 MB, 1.08 load
[runlim] sample:		12774.00 time, 12780.01 real, 2720 MB, 1.07 load
[runlim] sample:		12784.00 time, 12790.02 real, 2720 MB, 1.06 load
[runlim] sample:		12794.00 time, 12800.01 real, 2720 MB, 1.05 load
[runlim] sample:		12804.00 time, 12810.01 real, 2720 MB, 1.04 load
[runlim] sample:		12814.00 time, 12820.02 real, 2720 MB, 1.03 load
[runlim] sample:		12823.99 time, 12830.01 real, 2720 MB, 1.03 load
[runlim] sample:		12834.00 time, 12840.01 real, 2720 MB, 1.02 load
[runlim] sample:		12844.00 time, 12850.01 real, 2720 MB, 1.02 load

NN₁: mnist_relu_4_1024_gemm.onnx
NN₂: mnist_relu_4_1024_0.79.onnx
Prop: mnist_10_global_3.vnnlib
[runlim] sample:		12853.97 time, 12860.01 real, 1992 MB, 1.02 load
[runlim] sample:		12863.97 time, 12870.01 real, 1992 MB, 1.01 load
[runlim] sample:		12873.97 time, 12880.01 real, 2066 MB, 1.16 load
[runlim] sample:		12883.96 time, 12890.01 real, 2068 MB, 1.29 load
[runlim] sample:		12893.97 time, 12900.01 real, 1992 MB, 1.25 load
[runlim] sample:		12903.96 time, 12910.01 real, 2024 MB, 1.21 load
[runlim] sample:		12913.95 time, 12920.01 real, 1992 MB, 1.18 load
[runlim] sample:		12923.95 time, 12930.01 real, 2048 MB, 1.15 load
[runlim] sample:		12933.95 time, 12940.01 real, 1992 MB, 1.13 load
[runlim] sample:		12943.95 time, 12950.01 real, 1992 MB, 1.11 load
[runlim] sample:		12953.95 time, 12960.01 real, 1992 MB, 1.09 load
[runlim] sample:		12963.95 time, 12970.01 real, 2044 MB, 1.08 load

NN₁: mnist_relu_4_1024_gemm.onnx
NN₂: mnist_relu_4_1024_0.79.onnx
Prop: mnist_10_global_6.vnnlib
[runlim] sample:		12973.92 time, 12980.01 real, 2431 MB, 1.06 load
[runlim] sample:		12983.92 time, 12990.01 real, 2342 MB, 1.05 load
[runlim] sample:		12993.92 time, 13000.01 real, 2236 MB, 1.04 load
[runlim] sample:		13003.91 time, 13010.01 real, 2236 MB, 1.04 load
[runlim] sample:		13013.92 time, 13020.02 real, 2485 MB, 1.03 load
[runlim] sample:		13023.91 time, 13030.01 real, 2679 MB, 1.03 load
[runlim] sample:		13033.91 time, 13040.01 real, 2419 MB, 1.02 load
[runlim] sample:		13043.91 time, 13050.01 real, 2416 MB, 1.02 load
[runlim] sample:		13053.90 time, 13060.01 real, 2302 MB, 1.01 load
[runlim] sample:		13063.91 time, 13070.01 real, 2236 MB, 1.01 load
[runlim] sample:		13073.90 time, 13080.01 real, 2354 MB, 1.01 load
[runlim] sample:		13083.90 time, 13090.01 real, 2336 MB, 1.01 load

NN₁: mnist_relu_4_1024_gemm.onnx
NN₂: mnist_relu_4_1024_0.79.onnx
Prop: mnist_0_local_15.vnnlib
[runlim] sample:		13093.88 time, 13100.01 real, 2015 MB, 1.01 load
[runlim] sample:		13103.87 time, 13110.01 real, 2004 MB, 1.00 load
[runlim] sample:		13113.87 time, 13120.01 real, 2005 MB, 1.00 load
[runlim] sample:		13123.87 time, 13130.01 real, 2005 MB, 1.00 load
[runlim] sample:		13133.87 time, 13140.01 real, 1992 MB, 1.00 load
[runlim] sample:		13143.87 time, 13150.01 real, 1992 MB, 1.00 load
[runlim] sample:		13153.87 time, 13160.01 real, 1992 MB, 1.00 load
[runlim] sample:		13163.87 time, 13170.02 real, 2028 MB, 1.00 load
[runlim] sample:		13173.87 time, 13180.01 real, 2028 MB, 1.00 load
[runlim] sample:		13183.87 time, 13190.01 real, 2028 MB, 1.00 load
[runlim] sample:		13193.87 time, 13200.01 real, 2028 MB, 1.00 load
[runlim] sample:		13203.86 time, 13210.01 real, 2028 MB, 1.00 load

NN₁: mnist_relu_4_1024_gemm.onnx
NN₂: mnist_relu_4_1024_0.79.onnx
Prop: mnist_0_local_24.vnnlib
[runlim] sample:		13213.84 time, 13220.01 real, 2192 MB, 1.00 load
[runlim] sample:		13223.84 time, 13230.02 real, 2144 MB, 1.00 load
[runlim] sample:		13233.83 time, 13240.01 real, 2132 MB, 1.00 load
[runlim] sample:		13243.83 time, 13250.01 real, 2278 MB, 1.00 load
[runlim] sample:		13253.83 time, 13260.02 real, 2177 MB, 1.00 load
[runlim] sample:		13263.83 time, 13270.01 real, 2188 MB, 1.00 load
[runlim] sample:		13273.82 time, 13280.01 real, 2198 MB, 1.00 load
[runlim] sample:		13283.82 time, 13290.01 real, 2187 MB, 1.00 load
[runlim] sample:		13293.82 time, 13300.01 real, 2154 MB, 1.00 load
[runlim] sample:		13303.82 time, 13310.01 real, 2143 MB, 1.00 load
[runlim] sample:		13313.81 time, 13320.01 real, 2175 MB, 1.00 load
[runlim] sample:		13323.81 time, 13330.01 real, 2165 MB, 1.00 load

NN₁: mnist_relu_4_1024_gemm.onnx
NN₂: mnist_relu_4_1024_0.79.onnx
Prop: mnist_1_local_15.vnnlib
[runlim] sample:		13333.78 time, 13340.01 real, 1992 MB, 1.00 load
[runlim] sample:		13343.78 time, 13350.01 real, 1992 MB, 1.00 load
[runlim] sample:		13353.78 time, 13360.01 real, 1992 MB, 1.00 load
[runlim] sample:		13363.79 time, 13370.03 real, 1992 MB, 1.00 load
[runlim] sample:		13373.78 time, 13380.01 real, 1992 MB, 1.15 load
[runlim] sample:		13383.78 time, 13390.01 real, 1992 MB, 1.20 load
[runlim] sample:		13393.77 time, 13400.01 real, 1992 MB, 1.17 load
[runlim] sample:		13403.77 time, 13410.01 real, 1992 MB, 1.15 load
[runlim] sample:		13413.77 time, 13420.01 real, 1992 MB, 1.12 load
[runlim] sample:		13423.77 time, 13430.01 real, 1992 MB, 1.10 load
[runlim] sample:		13433.77 time, 13440.01 real, 1992 MB, 1.09 load
[runlim] sample:		13443.77 time, 13450.01 real, 1992 MB, 1.07 load
[runlim] sample:		13453.74 time, 13460.01 real, 1992 MB, 1.06 load

NN₁: mnist_relu_4_1024_gemm.onnx
NN₂: mnist_relu_4_1024_0.79.onnx
Prop: mnist_1_local_24.vnnlib
[runlim] sample:		13463.72 time, 13470.01 real, 1992 MB, 1.05 load
[runlim] sample:		13473.71 time, 13480.01 real, 1992 MB, 1.04 load
[runlim] sample:		13483.72 time, 13490.02 real, 2083 MB, 1.04 load
[runlim] sample:		13493.71 time, 13500.01 real, 2136 MB, 1.10 load
[runlim] sample:		13503.71 time, 13510.01 real, 2108 MB, 1.09 load
[runlim] sample:		13513.71 time, 13520.01 real, 2116 MB, 1.07 load
[runlim] sample:		13523.70 time, 13530.01 real, 1992 MB, 1.06 load
[runlim] sample:		13533.70 time, 13540.01 real, 2018 MB, 1.05 load
[runlim] sample:		13543.70 time, 13550.01 real, 1992 MB, 1.04 load
[runlim] sample:		13553.69 time, 13560.01 real, 1992 MB, 1.04 load
[runlim] sample:		13563.70 time, 13570.01 real, 2036 MB, 1.03 load
[runlim] sample:		13573.70 time, 13580.01 real, 1992 MB, 1.02 load

NN₁: mnist_relu_4_1024_gemm.onnx
NN₂: mnist_relu_4_1024_0.79.onnx
Prop: mnist_2_local_15.vnnlib
[runlim] sample:		13583.66 time, 13590.01 real, 2118 MB, 1.02 load
[runlim] sample:		13593.66 time, 13600.01 real, 2050 MB, 1.02 load
[runlim] sample:		13603.65 time, 13610.01 real, 2047 MB, 1.01 load
[runlim] sample:		13613.65 time, 13620.01 real, 2120 MB, 1.01 load
[runlim] sample:		13623.65 time, 13630.01 real, 2045 MB, 1.01 load
[runlim] sample:		13633.65 time, 13640.01 real, 2204 MB, 1.01 load
[runlim] sample:		13643.65 time, 13650.01 real, 2175 MB, 1.01 load
[runlim] sample:		13653.64 time, 13660.01 real, 2165 MB, 1.00 load
[runlim] sample:		13663.64 time, 13670.01 real, 2104 MB, 1.00 load
[runlim] sample:		13673.64 time, 13680.01 real, 2061 MB, 1.00 load
[runlim] sample:		13683.63 time, 13690.01 real, 2062 MB, 1.00 load
[runlim] sample:		13693.64 time, 13700.02 real, 2028 MB, 1.00 load

NN₁: mnist_relu_4_1024_gemm.onnx
NN₂: mnist_relu_4_1024_0.79.onnx
Prop: mnist_3_local_24.vnnlib
[runlim] sample:		13703.61 time, 13710.01 real, 1992 MB, 1.00 load
[runlim] sample:		13713.60 time, 13720.01 real, 2163 MB, 1.00 load
[runlim] sample:		13723.60 time, 13730.01 real, 2176 MB, 1.00 load
[runlim] sample:		13733.59 time, 13740.01 real, 2035 MB, 1.00 load
[runlim] sample:		13743.60 time, 13750.01 real, 1992 MB, 1.00 load
[runlim] sample:		13753.59 time, 13760.01 real, 2171 MB, 1.00 load
[runlim] sample:		13763.59 time, 13770.01 real, 2009 MB, 1.00 load
[runlim] sample:		13773.59 time, 13780.01 real, 1992 MB, 1.00 load
[runlim] sample:		13783.58 time, 13790.01 real, 2097 MB, 1.00 load
[runlim] sample:		13793.58 time, 13800.01 real, 1992 MB, 1.00 load
[runlim] sample:		13803.58 time, 13810.01 real, 2017 MB, 1.00 load
[runlim] sample:		13813.58 time, 13820.01 real, 2042 MB, 1.00 load

NN₁: mnist_relu_4_1024_gemm.onnx
NN₂: mnist_relu_4_1024_0.79.onnx
Prop: mnist_4_local_15.vnnlib
[runlim] sample:		13823.55 time, 13830.01 real, 1992 MB, 1.00 load
[runlim] sample:		13833.54 time, 13840.01 real, 1993 MB, 1.00 load
[runlim] sample:		13843.54 time, 13850.01 real, 1992 MB, 1.00 load
[runlim] sample:		13853.53 time, 13860.01 real, 2006 MB, 1.00 load
[runlim] sample:		13863.53 time, 13870.02 real, 2006 MB, 1.00 load
[runlim] sample:		13873.54 time, 13880.01 real, 2017 MB, 1.15 load
[runlim] sample:		13883.54 time, 13890.01 real, 1999 MB, 1.28 load
[runlim] sample:		13893.53 time, 13900.01 real, 1999 MB, 1.24 load
[runlim] sample:		13903.53 time, 13910.01 real, 1999 MB, 1.20 load
[runlim] sample:		13913.53 time, 13920.01 real, 1999 MB, 1.17 load
[runlim] sample:		13923.53 time, 13930.01 real, 1999 MB, 1.14 load
[runlim] sample:		13933.53 time, 13940.01 real, 1999 MB, 1.12 load

NN₁: mnist_relu_4_1024_gemm.onnx
NN₂: mnist_relu_4_1024_0.79.onnx
Prop: mnist_4_local_24.vnnlib
[runlim] sample:		13943.50 time, 13950.01 real, 2464 MB, 1.10 load
[runlim] sample:		13953.49 time, 13960.01 real, 2129 MB, 1.09 load
[runlim] sample:		13963.49 time, 13970.01 real, 2230 MB, 1.07 load
[runlim] sample:		13973.48 time, 13980.02 real, 2128 MB, 1.06 load
[runlim] sample:		13983.48 time, 13990.01 real, 2094 MB, 1.05 load
[runlim] sample:		13993.49 time, 14000.01 real, 2094 MB, 1.04 load
[runlim] sample:		14003.48 time, 14010.02 real, 2194 MB, 1.04 load
[runlim] sample:		14013.48 time, 14020.02 real, 2183 MB, 1.03 load
[runlim] sample:		14023.48 time, 14030.01 real, 2116 MB, 1.02 load
[runlim] sample:		14033.47 time, 14040.01 real, 2127 MB, 1.02 load
[runlim] sample:		14043.48 time, 14050.02 real, 2116 MB, 1.02 load
[runlim] sample:		14053.47 time, 14060.02 real, 2093 MB, 1.01 load

NN₁: mnist_relu_4_1024_gemm.onnx
NN₂: mnist_relu_4_1024_0.79.onnx
Prop: mnist_5_local_15.vnnlib
[runlim] sample:		14063.44 time, 14070.01 real, 1992 MB, 1.01 load
[runlim] sample:		14073.44 time, 14080.02 real, 1992 MB, 1.01 load
[runlim] sample:		14083.44 time, 14090.01 real, 1992 MB, 1.01 load
[runlim] sample:		14093.43 time, 14100.01 real, 2010 MB, 1.01 load
[runlim] sample:		14103.43 time, 14110.01 real, 2012 MB, 1.00 load
[runlim] sample:		14113.43 time, 14120.01 real, 2016 MB, 1.00 load
[runlim] sample:		14123.42 time, 14130.01 real, 2016 MB, 1.00 load
[runlim] sample:		14133.43 time, 14140.01 real, 1992 MB, 1.00 load
[runlim] sample:		14143.42 time, 14150.01 real, 1992 MB, 1.00 load
[runlim] sample:		14153.42 time, 14160.01 real, 1992 MB, 1.00 load
[runlim] sample:		14163.42 time, 14170.01 real, 1992 MB, 1.00 load
[runlim] sample:		14173.42 time, 14180.01 real, 2029 MB, 1.00 load

NN₁: mnist_relu_4_1024_gemm.onnx
NN₂: mnist_relu_4_1024_0.79.onnx
Prop: mnist_5_local_24.vnnlib
[runlim] sample:		14183.39 time, 14190.01 real, 2306 MB, 1.00 load
[runlim] sample:		14193.39 time, 14200.02 real, 2190 MB, 1.00 load
[runlim] sample:		14203.39 time, 14210.01 real, 2084 MB, 1.00 load
[runlim] sample:		14213.38 time, 14220.01 real, 2107 MB, 1.00 load
[runlim] sample:		14223.38 time, 14230.01 real, 2186 MB, 1.00 load
[runlim] sample:		14233.38 time, 14240.01 real, 2198 MB, 1.00 load
[runlim] sample:		14243.38 time, 14250.01 real, 2106 MB, 1.00 load
[runlim] sample:		14253.38 time, 14260.01 real, 2073 MB, 1.00 load
[runlim] sample:		14263.38 time, 14270.01 real, 2106 MB, 1.00 load
[runlim] sample:		14273.37 time, 14280.01 real, 2241 MB, 1.00 load
[runlim] sample:		14283.38 time, 14290.01 real, 2240 MB, 1.00 load
[runlim] sample:		14293.38 time, 14300.01 real, 2251 MB, 1.00 load

NN₁: mnist_relu_4_1024_gemm.onnx
NN₂: mnist_relu_4_1024_0.79.onnx
Prop: mnist_6_local_15.vnnlib
[runlim] sample:		14303.35 time, 14310.01 real, 2017 MB, 1.00 load
[runlim] sample:		14313.35 time, 14320.01 real, 1999 MB, 1.00 load
[runlim] sample:		14323.34 time, 14330.01 real, 1992 MB, 1.00 load
[runlim] sample:		14333.34 time, 14340.01 real, 2038 MB, 1.00 load
[runlim] sample:		14343.34 time, 14350.01 real, 1992 MB, 1.44 load
[runlim] sample:		14353.34 time, 14360.01 real, 2016 MB, 1.37 load
[runlim] sample:		14363.33 time, 14370.02 real, 1992 MB, 1.32 load
[runlim] sample:		14373.33 time, 14380.01 real, 1992 MB, 1.42 load
[runlim] sample:		14383.33 time, 14390.01 real, 1992 MB, 1.43 load
[runlim] sample:		14393.32 time, 14400.01 real, 1992 MB, 1.36 load
[runlim] sample:		14403.32 time, 14410.01 real, 1992 MB, 1.31 load
[runlim] sample:		14413.32 time, 14420.01 real, 1992 MB, 1.26 load

NN₁: mnist_relu_4_1024_gemm.onnx
NN₂: mnist_relu_4_1024_0.79.onnx
Prop: mnist_6_local_24.vnnlib
[runlim] sample:		14423.30 time, 14430.01 real, 2033 MB, 1.22 load
[runlim] sample:		14433.29 time, 14440.02 real, 2072 MB, 1.19 load
[runlim] sample:		14443.29 time, 14450.02 real, 2281 MB, 1.16 load
[runlim] sample:		14453.29 time, 14460.01 real, 2107 MB, 1.13 load
[runlim] sample:		14463.28 time, 14470.01 real, 2140 MB, 1.11 load
[runlim] sample:		14473.28 time, 14480.01 real, 2117 MB, 1.09 load
[runlim] sample:		14483.28 time, 14490.02 real, 2095 MB, 1.08 load
[runlim] sample:		14493.27 time, 14500.01 real, 2240 MB, 1.07 load
[runlim] sample:		14503.27 time, 14510.02 real, 2072 MB, 1.06 load
[runlim] sample:		14513.27 time, 14520.02 real, 2169 MB, 1.05 load
[runlim] sample:		14523.26 time, 14530.01 real, 2250 MB, 1.04 load
[runlim] sample:		14533.26 time, 14540.02 real, 2150 MB, 1.03 load
[runlim] sample:		14543.26 time, 14550.02 real, 2083 MB, 1.03 load

NN₁: mnist_relu_4_1024_gemm.onnx
NN₂: mnist_relu_4_1024_0.79.onnx
Prop: mnist_7_local_15.vnnlib
[runlim] sample:		14553.23 time, 14560.01 real, 1992 MB, 1.26 load
[runlim] sample:		14563.23 time, 14570.01 real, 2018 MB, 1.22 load
[runlim] sample:		14573.23 time, 14580.01 real, 2018 MB, 1.19 load
[runlim] sample:		14583.22 time, 14590.01 real, 2018 MB, 1.16 load
[runlim] sample:		14593.23 time, 14600.01 real, 2018 MB, 1.13 load
[runlim] sample:		14603.23 time, 14610.01 real, 2018 MB, 1.11 load
[runlim] sample:		14613.23 time, 14620.01 real, 2018 MB, 1.10 load
[runlim] sample:		14623.23 time, 14630.01 real, 2018 MB, 1.08 load
[runlim] sample:		14633.22 time, 14640.01 real, 2018 MB, 1.07 load
[runlim] sample:		14643.22 time, 14650.01 real, 2018 MB, 1.06 load
[runlim] sample:		14653.22 time, 14660.01 real, 2018 MB, 1.05 load
[runlim] sample:		14663.22 time, 14670.01 real, 2018 MB, 1.04 load

NN₁: mnist_relu_4_1024_gemm.onnx
NN₂: mnist_relu_4_1024_0.79.onnx
Prop: mnist_7_local_24.vnnlib
[runlim] sample:		14673.19 time, 14680.01 real, 2222 MB, 1.03 load
[runlim] sample:		14683.19 time, 14690.02 real, 2185 MB, 1.03 load
[runlim] sample:		14693.19 time, 14700.02 real, 2094 MB, 1.02 load
[runlim] sample:		14703.19 time, 14710.02 real, 2274 MB, 1.02 load
[runlim] sample:		14713.18 time, 14720.01 real, 2107 MB, 1.02 load
[runlim] sample:		14723.18 time, 14730.01 real, 2072 MB, 1.01 load
[runlim] sample:		14733.18 time, 14740.01 real, 2093 MB, 1.01 load
[runlim] sample:		14743.18 time, 14750.01 real, 2159 MB, 1.01 load
[runlim] sample:		14753.17 time, 14760.01 real, 2203 MB, 1.09 load
[runlim] sample:		14763.18 time, 14770.01 real, 2246 MB, 1.07 load
[runlim] sample:		14773.17 time, 14780.01 real, 2213 MB, 1.28 load
[runlim] sample:		14783.17 time, 14790.01 real, 2093 MB, 1.24 load

NN₁: mnist_relu_4_1024_gemm.onnx
NN₂: mnist_relu_4_1024_0.79.onnx
Prop: mnist_8_local_15.vnnlib
[runlim] sample:		14793.13 time, 14800.01 real, 1992 MB, 1.20 load
[runlim] sample:		14803.12 time, 14810.01 real, 1992 MB, 1.17 load
[runlim] sample:		14813.12 time, 14820.01 real, 1992 MB, 1.14 load
[runlim] sample:		14823.12 time, 14830.01 real, 1992 MB, 1.12 load
[runlim] sample:		14833.12 time, 14840.01 real, 1992 MB, 1.10 load
[runlim] sample:		14843.12 time, 14850.01 real, 1992 MB, 1.17 load
[runlim] sample:		14853.11 time, 14860.01 real, 1992 MB, 1.14 load
[runlim] sample:		14863.11 time, 14870.01 real, 1992 MB, 1.12 load
[runlim] sample:		14873.11 time, 14880.01 real, 1992 MB, 1.25 load
[runlim] sample:		14883.11 time, 14890.01 real, 1992 MB, 1.37 load
[runlim] sample:		14893.11 time, 14900.01 real, 1992 MB, 1.39 load
[runlim] sample:		14903.10 time, 14910.01 real, 1992 MB, 1.33 load

NN₁: mnist_relu_4_1024_gemm.onnx
NN₂: mnist_relu_4_1024_0.79.onnx
Prop: mnist_8_local_24.vnnlib
[runlim] sample:		14913.07 time, 14920.01 real, 2416 MB, 1.28 load
[runlim] sample:		14923.07 time, 14930.01 real, 2040 MB, 1.23 load
[runlim] sample:		14933.08 time, 14940.01 real, 1992 MB, 1.20 load
[runlim] sample:		14943.07 time, 14950.01 real, 2104 MB, 1.17 load
[runlim] sample:		14953.07 time, 14960.01 real, 2120 MB, 1.14 load
[runlim] sample:		14963.06 time, 14970.01 real, 2110 MB, 1.12 load
[runlim] sample:		14973.06 time, 14980.01 real, 2029 MB, 1.10 load
[runlim] sample:		14983.06 time, 14990.01 real, 2226 MB, 1.08 load
[runlim] sample:		14993.05 time, 15000.01 real, 2109 MB, 1.07 load
[runlim] sample:		15003.05 time, 15010.01 real, 1992 MB, 1.06 load
[runlim] sample:		15013.05 time, 15020.01 real, 2019 MB, 1.05 load
[runlim] sample:		15023.05 time, 15030.01 real, 1992 MB, 1.04 load

NN₁: mnist_relu_4_1024_gemm.onnx
NN₂: mnist_relu_4_1024_0.79.onnx
Prop: mnist_9_local_15.vnnlib
[runlim] sample:		15033.02 time, 15040.01 real, 1992 MB, 1.03 load
[runlim] sample:		15043.01 time, 15050.01 real, 1992 MB, 1.03 load
[runlim] sample:		15053.01 time, 15060.01 real, 1992 MB, 1.02 load
[runlim] sample:		15063.01 time, 15070.01 real, 1992 MB, 1.02 load
[runlim] sample:		15073.02 time, 15080.01 real, 1992 MB, 1.02 load
[runlim] sample:		15083.01 time, 15090.01 real, 1992 MB, 1.01 load
[runlim] sample:		15093.01 time, 15100.01 real, 1992 MB, 1.01 load
[runlim] sample:		15103.01 time, 15110.01 real, 1992 MB, 1.01 load
[runlim] sample:		15113.01 time, 15120.01 real, 1992 MB, 1.01 load
[runlim] sample:		15123.01 time, 15130.01 real, 1992 MB, 1.01 load
[runlim] sample:		15133.00 time, 15140.01 real, 1992 MB, 1.00 load
[runlim] sample:		15143.00 time, 15150.01 real, 1992 MB, 1.00 load

NN₁: mnist_relu_4_1024_gemm.onnx
NN₂: mnist_relu_4_1024_0.79.onnx
Prop: mnist_9_local_24.vnnlib
[runlim] sample:		15152.97 time, 15160.01 real, 2186 MB, 1.00 load
[runlim] sample:		15162.97 time, 15170.01 real, 1992 MB, 1.00 load
[runlim] sample:		15172.97 time, 15180.01 real, 1992 MB, 1.00 load
[runlim] sample:		15182.96 time, 15190.01 real, 2140 MB, 1.00 load
[runlim] sample:		15192.96 time, 15200.01 real, 2072 MB, 1.00 load
[runlim] sample:		15202.96 time, 15210.01 real, 2021 MB, 1.00 load
[runlim] sample:		15212.96 time, 15220.01 real, 2166 MB, 1.00 load
[runlim] sample:		15222.96 time, 15230.01 real, 2031 MB, 1.00 load
[runlim] sample:		15232.95 time, 15240.01 real, 2011 MB, 1.00 load
[runlim] sample:		15242.95 time, 15250.01 real, 2011 MB, 1.00 load
[runlim] sample:		15252.95 time, 15260.02 real, 2030 MB, 1.00 load
[runlim] sample:		15262.94 time, 15270.01 real, 2114 MB, 1.00 load

NN₁: mnist_relu_4_1024_gemm.onnx
NN₂: mnist_relu_4_1024_0.79.onnx
Prop: mnist_10_local_15.vnnlib
[runlim] sample:		15272.92 time, 15280.02 real, 1992 MB, 1.00 load
[runlim] sample:		15282.92 time, 15290.01 real, 1992 MB, 1.00 load
[runlim] sample:		15292.91 time, 15300.01 real, 1992 MB, 1.00 load
[runlim] sample:		15302.91 time, 15310.01 real, 1992 MB, 1.00 load
[runlim] sample:		15312.91 time, 15320.01 real, 1992 MB, 1.00 load
[runlim] sample:		15322.91 time, 15330.01 real, 1992 MB, 1.00 load
[runlim] sample:		15332.90 time, 15340.01 real, 1992 MB, 1.00 load
[runlim] sample:		15342.90 time, 15350.01 real, 1992 MB, 1.00 load
[runlim] sample:		15352.90 time, 15360.01 real, 1992 MB, 1.00 load
[runlim] sample:		15362.90 time, 15370.01 real, 1992 MB, 1.00 load
[runlim] sample:		15372.90 time, 15380.01 real, 1992 MB, 1.15 load
[runlim] sample:		15382.90 time, 15390.01 real, 1992 MB, 1.20 load
[runlim] sample:		15392.88 time, 15400.01 real, 1992 MB, 1.17 load

NN₁: mnist_relu_4_1024_gemm.onnx
NN₂: mnist_relu_4_1024_0.79.onnx
Prop: mnist_10_local_24.vnnlib
[runlim] sample:		15402.87 time, 15410.02 real, 2022 MB, 1.15 load
[runlim] sample:		15412.87 time, 15420.01 real, 2031 MB, 1.12 load
[runlim] sample:		15422.86 time, 15430.01 real, 2021 MB, 1.10 load
[runlim] sample:		15432.86 time, 15440.01 real, 2173 MB, 1.09 load
[runlim] sample:		15442.85 time, 15450.01 real, 1992 MB, 1.07 load
[runlim] sample:		15452.85 time, 15460.01 real, 2011 MB, 1.06 load
[runlim] sample:		15462.85 time, 15470.01 real, 2029 MB, 1.13 load
[runlim] sample:		15472.85 time, 15480.01 real, 1992 MB, 1.11 load
[runlim] sample:		15482.84 time, 15490.01 real, 2084 MB, 1.09 load
[runlim] sample:		15492.84 time, 15500.01 real, 2020 MB, 1.08 load
[runlim] sample:		15502.84 time, 15510.01 real, 2091 MB, 1.06 load
[runlim] sample:		15512.83 time, 15520.01 real, 2056 MB, 1.05 load
[runlim] end:			Fri Jun  5 19:50:14 2026
[runlim] status:		ok
[runlim] result:		0
[runlim] children:		1
[runlim] processes:		2
[runlim] real:			15521.48 seconds
[runlim] time:			15514.22 seconds
[runlim] space:			3169 MB
[runlim] load:			1.82 maximum
[runlim] samples:		155215
