[runlim] version:		2.0.0rc12
[runlim] host:			compute8
[runlim] time limit:		311040000 seconds
[runlim] real time limit:	311040000 seconds
[runlim] space limit:		772747 MB
[runlim] argv[0]:		julia
[runlim] argv[1]:		run_experiments_epsilon.jl
[runlim] argv[2]:		MNIST
[runlim] argv[3]:		NEURON
[runlim] argv[4]:		mnist-prune-global_4-5-adam_1_stepsize.csv
[runlim] start:			Fri Jun 26 22:38:00 2026
[runlim] child:			15269
  Activating project at `~/VeryDiff`
Set parameter WLSAccessID
Set parameter WLSSecret
Set parameter LicenseID to value 2728393
Academic license 2728393 - for non-commercial use only - registered to uz___@student.kit.edu

Running MNIST all...
[runlim] sample:		14.99 time, 10.01 real, 1310 MB, 0.91 load
Configuration: LP-DU

Warmup...

NN₁: mnist_relu_2_512_gemm.onnx
NN₂: mnist_relu_2_512_0.79.onnx
Prop: mnist_0_global_3.vnnlib
[runlim] sample:		24.95 time, 20.01 real, 1404 MB, 0.92 load
[runlim] sample:		34.95 time, 30.01 real, 1465 MB, 0.93 load
[runlim] sample:		44.89 time, 40.01 real, 1456 MB, 0.94 load
[runlim] sample:		54.89 time, 50.01 real, 1600 MB, 0.95 load
[runlim] sample:		64.89 time, 60.01 real, 1648 MB, 0.96 load
[runlim] sample:		74.89 time, 70.02 real, 1665 MB, 0.97 load
[runlim] sample:		84.90 time, 80.01 real, 1677 MB, 0.97 load
[runlim] sample:		94.90 time, 90.01 real, 1677 MB, 0.98 load
[runlim] sample:		104.90 time, 100.02 real, 1691 MB, 0.98 load
[runlim] sample:		114.91 time, 110.01 real, 1682 MB, 0.98 load
[runlim] sample:		124.90 time, 120.01 real, 1682 MB, 0.99 load
[runlim] sample:		134.90 time, 130.01 real, 1717 MB, 0.99 load
[runlim] sample:		144.91 time, 140.01 real, 1730 MB, 0.99 load

Warmup End

NN₁: mnist_relu_3_100_gemm.onnx
NN₂: mnist_relu_3_100_0.79_adam_1_stepsize.onnx
Prop: mnist_0_global_4.vnnlib

NN₁: mnist_relu_3_100_gemm.onnx
NN₂: mnist_relu_3_100_0.79_adam_1_stepsize.onnx
Prop: mnist_0_global_5.vnnlib
[runlim] sample:		154.89 time, 150.01 real, 1593 MB, 0.99 load
[runlim] sample:		164.89 time, 160.01 real, 1611 MB, 1.00 load
[runlim] sample:		174.89 time, 170.01 real, 1632 MB, 1.00 load
[runlim] sample:		184.89 time, 180.01 real, 1641 MB, 1.00 load
[runlim] sample:		194.89 time, 190.01 real, 1661 MB, 1.00 load
[runlim] sample:		204.90 time, 200.01 real, 1680 MB, 1.00 load
[runlim] sample:		214.90 time, 210.01 real, 1703 MB, 1.00 load
[runlim] sample:		224.90 time, 220.01 real, 1725 MB, 1.00 load
[runlim] sample:		234.90 time, 230.01 real, 1746 MB, 1.00 load
[runlim] sample:		244.90 time, 240.01 real, 1769 MB, 1.00 load
[runlim] sample:		254.91 time, 250.01 real, 1767 MB, 1.00 load
[runlim] sample:		264.91 time, 260.01 real, 1767 MB, 1.00 load
[runlim] sample:		274.91 time, 270.01 real, 1767 MB, 1.00 load
[runlim] sample:		284.81 time, 280.01 real, 1805 MB, 1.00 load
[runlim] sample:		294.81 time, 290.01 real, 1768 MB, 1.00 load
[runlim] sample:		304.82 time, 300.01 real, 1767 MB, 1.00 load
[runlim] sample:		314.82 time, 310.01 real, 1783 MB, 1.00 load
[runlim] sample:		324.82 time, 320.01 real, 1767 MB, 1.00 load
[runlim] sample:		334.82 time, 330.01 real, 1807 MB, 1.00 load
[runlim] sample:		344.83 time, 340.01 real, 1767 MB, 1.00 load
[runlim] sample:		354.82 time, 350.01 real, 1767 MB, 1.00 load
[runlim] sample:		364.82 time, 360.01 real, 1768 MB, 1.00 load
[runlim] sample:		374.83 time, 370.01 real, 1767 MB, 1.00 load
[runlim] sample:		384.83 time, 380.01 real, 1767 MB, 1.00 load
[runlim] sample:		394.83 time, 390.01 real, 1808 MB, 1.00 load
[runlim] sample:		404.84 time, 400.01 real, 1813 MB, 1.00 load
[runlim] sample:		414.84 time, 410.01 real, 1813 MB, 1.00 load
[runlim] sample:		424.84 time, 420.01 real, 1812 MB, 1.00 load
[runlim] sample:		437.04 time, 430.01 real, 1768 MB, 1.00 load
[runlim] sample:		447.49 time, 440.01 real, 1816 MB, 1.00 load
[runlim] sample:		457.49 time, 450.01 real, 1810 MB, 1.00 load
[runlim] sample:		467.49 time, 460.01 real, 1813 MB, 1.00 load
[runlim] sample:		477.49 time, 470.01 real, 1767 MB, 1.00 load
[runlim] sample:		487.50 time, 480.01 real, 1776 MB, 1.00 load
[runlim] sample:		497.50 time, 490.01 real, 1768 MB, 1.00 load
[runlim] sample:		507.84 time, 500.01 real, 1817 MB, 1.15 load
[runlim] sample:		517.83 time, 510.01 real, 1766 MB, 1.20 load
[runlim] sample:		527.84 time, 520.01 real, 1766 MB, 1.17 load
[runlim] sample:		537.84 time, 530.01 real, 1767 MB, 1.15 load
[runlim] sample:		547.84 time, 540.01 real, 1767 MB, 1.12 load
[runlim] sample:		557.72 time, 550.01 real, 1767 MB, 1.10 load
[runlim] sample:		567.73 time, 560.01 real, 1814 MB, 1.09 load
[runlim] sample:		577.72 time, 570.01 real, 1818 MB, 1.07 load
[runlim] sample:		587.73 time, 580.01 real, 1769 MB, 1.06 load
[runlim] sample:		597.74 time, 590.01 real, 1821 MB, 1.05 load
[runlim] sample:		607.74 time, 600.01 real, 1769 MB, 1.04 load
[runlim] sample:		617.74 time, 610.01 real, 1781 MB, 1.04 load
[runlim] sample:		627.74 time, 620.01 real, 1822 MB, 1.03 load
[runlim] sample:		637.75 time, 630.01 real, 1769 MB, 1.02 load
[runlim] sample:		647.75 time, 640.01 real, 1769 MB, 1.02 load
[runlim] sample:		657.75 time, 650.01 real, 1769 MB, 1.02 load
[runlim] sample:		667.76 time, 660.01 real, 1769 MB, 1.01 load
[runlim] sample:		677.77 time, 670.01 real, 1822 MB, 1.01 load
[runlim] sample:		687.77 time, 680.01 real, 1822 MB, 1.01 load
[runlim] sample:		697.77 time, 690.01 real, 1826 MB, 1.01 load
[runlim] sample:		707.77 time, 700.01 real, 1827 MB, 1.01 load
[runlim] sample:		717.78 time, 710.01 real, 1834 MB, 1.00 load
[runlim] sample:		727.78 time, 720.01 real, 1859 MB, 1.00 load
[runlim] sample:		737.78 time, 730.01 real, 1860 MB, 1.00 load
[runlim] sample:		747.79 time, 740.01 real, 1860 MB, 1.00 load

NN₁: mnist_relu_3_100_gemm.onnx
NN₂: mnist_relu_3_100_0.79_adam_1_stepsize.onnx
Prop: mnist_1_global_4.vnnlib

NN₁: mnist_relu_3_100_gemm.onnx
NN₂: mnist_relu_3_100_0.79_adam_1_stepsize.onnx
Prop: mnist_1_global_5.vnnlib
[runlim] sample:		757.79 time, 750.01 real, 1704 MB, 1.00 load
[runlim] sample:		767.79 time, 760.01 real, 1704 MB, 1.00 load
[runlim] sample:		777.80 time, 770.01 real, 1704 MB, 1.00 load

NN₁: mnist_relu_3_100_gemm.onnx
NN₂: mnist_relu_3_100_0.79_adam_1_stepsize.onnx
Prop: mnist_2_global_4.vnnlib
[runlim] sample:		787.79 time, 780.01 real, 1706 MB, 1.00 load
[runlim] sample:		797.80 time, 790.01 real, 1707 MB, 1.00 load
[runlim] sample:		807.80 time, 800.01 real, 1707 MB, 1.00 load
[runlim] sample:		817.81 time, 810.01 real, 1710 MB, 1.00 load
[runlim] sample:		827.67 time, 820.01 real, 1713 MB, 1.00 load
[runlim] sample:		837.67 time, 830.01 real, 1718 MB, 1.00 load
[runlim] sample:		847.68 time, 840.01 real, 1721 MB, 1.00 load
[runlim] sample:		857.68 time, 850.01 real, 1726 MB, 1.00 load
[runlim] sample:		867.69 time, 860.01 real, 1731 MB, 1.00 load
[runlim] sample:		877.69 time, 870.01 real, 1737 MB, 1.00 load
[runlim] sample:		887.69 time, 880.01 real, 1742 MB, 1.00 load
[runlim] sample:		897.70 time, 890.01 real, 1744 MB, 1.00 load
[runlim] sample:		907.70 time, 900.01 real, 1748 MB, 1.00 load
[runlim] sample:		917.70 time, 910.01 real, 1770 MB, 1.00 load
[runlim] sample:		927.71 time, 920.01 real, 1793 MB, 1.00 load
[runlim] sample:		937.70 time, 930.01 real, 1821 MB, 1.00 load
[runlim] sample:		947.71 time, 940.01 real, 1821 MB, 1.00 load
[runlim] sample:		957.71 time, 950.01 real, 1848 MB, 1.00 load
[runlim] sample:		967.71 time, 960.01 real, 1876 MB, 1.00 load
[runlim] sample:		977.71 time, 970.01 real, 1905 MB, 1.00 load
[runlim] sample:		987.71 time, 980.01 real, 1930 MB, 1.00 load
[runlim] sample:		997.72 time, 990.01 real, 1930 MB, 1.00 load
[runlim] sample:		1007.72 time, 1000.01 real, 1959 MB, 1.15 load
[runlim] sample:		1017.73 time, 1010.01 real, 1989 MB, 1.28 load
[runlim] sample:		1027.73 time, 1020.01 real, 1989 MB, 1.24 load
[runlim] sample:		1037.73 time, 1030.01 real, 2018 MB, 1.20 load
[runlim] sample:		1047.73 time, 1040.01 real, 2331 MB, 1.17 load
[runlim] sample:		1057.73 time, 1050.01 real, 2331 MB, 1.14 load
[runlim] sample:		1067.74 time, 1060.01 real, 2356 MB, 1.12 load
[runlim] sample:		1077.74 time, 1070.01 real, 2400 MB, 1.18 load
[runlim] sample:		1087.74 time, 1080.01 real, 2400 MB, 1.15 load
[runlim] sample:		1097.60 time, 1090.02 real, 2434 MB, 1.13 load
[runlim] sample:		1107.61 time, 1100.01 real, 2434 MB, 1.11 load
[runlim] sample:		1117.62 time, 1110.02 real, 2465 MB, 1.09 load
[runlim] sample:		1127.61 time, 1120.01 real, 2465 MB, 1.08 load
[runlim] sample:		1137.61 time, 1130.01 real, 2502 MB, 1.06 load
[runlim] sample:		1147.61 time, 1140.01 real, 2538 MB, 1.05 load
[runlim] sample:		1157.62 time, 1150.01 real, 2538 MB, 1.04 load
[runlim] sample:		1167.62 time, 1160.01 real, 2577 MB, 1.04 load
[runlim] sample:		1177.63 time, 1170.01 real, 2577 MB, 1.03 load
[runlim] sample:		1187.63 time, 1180.01 real, 2594 MB, 1.03 load
[runlim] sample:		1197.63 time, 1190.01 real, 2594 MB, 1.02 load
[runlim] sample:		1207.63 time, 1200.01 real, 2649 MB, 1.02 load
[runlim] sample:		1217.63 time, 1210.01 real, 2649 MB, 1.01 load
[runlim] sample:		1227.64 time, 1220.01 real, 2687 MB, 1.01 load
[runlim] sample:		1237.64 time, 1230.01 real, 2687 MB, 1.01 load
[runlim] sample:		1247.64 time, 1240.01 real, 2717 MB, 1.01 load
[runlim] sample:		1257.64 time, 1250.01 real, 2717 MB, 1.01 load
[runlim] sample:		1267.65 time, 1260.01 real, 2761 MB, 1.00 load
[runlim] sample:		1277.65 time, 1270.01 real, 2761 MB, 1.00 load
[runlim] sample:		1287.65 time, 1280.01 real, 2804 MB, 1.00 load
[runlim] sample:		1297.65 time, 1290.01 real, 2803 MB, 1.00 load
[runlim] sample:		1307.65 time, 1300.01 real, 2812 MB, 1.00 load
[runlim] sample:		1317.65 time, 1310.01 real, 2842 MB, 1.00 load
[runlim] sample:		1327.65 time, 1320.01 real, 2842 MB, 1.00 load
[runlim] sample:		1337.65 time, 1330.01 real, 2888 MB, 1.00 load
[runlim] sample:		1347.66 time, 1340.01 real, 2888 MB, 1.00 load
[runlim] sample:		1357.66 time, 1350.01 real, 2934 MB, 1.00 load
[runlim] sample:		1367.54 time, 1360.01 real, 2934 MB, 1.00 load
[runlim] sample:		1377.54 time, 1370.01 real, 2384 MB, 1.00 load

NN₁: mnist_relu_3_100_gemm.onnx
NN₂: mnist_relu_3_100_0.79_adam_1_stepsize.onnx
Prop: mnist_2_global_5.vnnlib
[runlim] sample:		1387.52 time, 1380.01 real, 2383 MB, 1.00 load
[runlim] sample:		1397.53 time, 1390.01 real, 2385 MB, 1.00 load
[runlim] sample:		1407.53 time, 1400.01 real, 2388 MB, 1.00 load
[runlim] sample:		1417.52 time, 1410.01 real, 2392 MB, 1.00 load
[runlim] sample:		1427.53 time, 1420.01 real, 2395 MB, 1.00 load
[runlim] sample:		1437.53 time, 1430.01 real, 2395 MB, 1.00 load
[runlim] sample:		1447.54 time, 1440.01 real, 2399 MB, 1.00 load
[runlim] sample:		1457.54 time, 1450.01 real, 2403 MB, 1.00 load
[runlim] sample:		1467.53 time, 1460.01 real, 2408 MB, 1.00 load
[runlim] sample:		1477.54 time, 1470.01 real, 2413 MB, 1.00 load
[runlim] sample:		1487.55 time, 1480.01 real, 2412 MB, 1.00 load
[runlim] sample:		1497.54 time, 1490.01 real, 2417 MB, 1.00 load
[runlim] sample:		1507.55 time, 1500.01 real, 2422 MB, 1.15 load
[runlim] sample:		1517.55 time, 1510.02 real, 2431 MB, 1.28 load
[runlim] sample:		1527.55 time, 1520.01 real, 2427 MB, 1.24 load
[runlim] sample:		1537.56 time, 1530.01 real, 2432 MB, 1.20 load
[runlim] sample:		1547.56 time, 1540.02 real, 2437 MB, 1.17 load
[runlim] sample:		1557.56 time, 1550.01 real, 2437 MB, 1.22 load
[runlim] sample:		1567.56 time, 1560.01 real, 2442 MB, 1.18 load
[runlim] sample:		1577.56 time, 1570.01 real, 2449 MB, 1.16 load
[runlim] sample:		1587.56 time, 1580.01 real, 2449 MB, 1.13 load
[runlim] sample:		1597.57 time, 1590.01 real, 2455 MB, 1.11 load
[runlim] sample:		1607.57 time, 1600.01 real, 2455 MB, 1.09 load
[runlim] sample:		1617.57 time, 1610.01 real, 2462 MB, 1.08 load
[runlim] sample:		1627.58 time, 1620.01 real, 2469 MB, 1.07 load
[runlim] sample:		1637.44 time, 1630.01 real, 2469 MB, 1.06 load
[runlim] sample:		1647.45 time, 1640.01 real, 2477 MB, 1.05 load
[runlim] sample:		1657.45 time, 1650.01 real, 2477 MB, 1.04 load
[runlim] sample:		1667.45 time, 1660.01 real, 2484 MB, 1.03 load
[runlim] sample:		1677.45 time, 1670.01 real, 2484 MB, 1.03 load
[runlim] sample:		1687.45 time, 1680.01 real, 2492 MB, 1.02 load
[runlim] sample:		1697.45 time, 1690.01 real, 2492 MB, 1.02 load
[runlim] sample:		1707.46 time, 1700.01 real, 2499 MB, 1.02 load
[runlim] sample:		1717.45 time, 1710.01 real, 2499 MB, 1.01 load
[runlim] sample:		1727.46 time, 1720.01 real, 2507 MB, 1.01 load
[runlim] sample:		1737.46 time, 1730.01 real, 2507 MB, 1.01 load
[runlim] sample:		1747.47 time, 1740.01 real, 2516 MB, 1.01 load
[runlim] sample:		1757.47 time, 1750.01 real, 2516 MB, 1.00 load
[runlim] sample:		1767.47 time, 1760.01 real, 2524 MB, 1.00 load
[runlim] sample:		1777.48 time, 1770.01 real, 2524 MB, 1.00 load
[runlim] sample:		1787.47 time, 1780.01 real, 2533 MB, 1.00 load
[runlim] sample:		1797.47 time, 1790.01 real, 2533 MB, 1.00 load
[runlim] sample:		1807.48 time, 1800.01 real, 2542 MB, 1.00 load
[runlim] sample:		1817.48 time, 1810.01 real, 2542 MB, 1.00 load
[runlim] sample:		1827.48 time, 1820.01 real, 2554 MB, 1.00 load
[runlim] sample:		1837.48 time, 1830.01 real, 2554 MB, 1.00 load
[runlim] sample:		1847.49 time, 1840.01 real, 2554 MB, 1.00 load
[runlim] sample:		1857.49 time, 1850.01 real, 2563 MB, 1.00 load
[runlim] sample:		1867.50 time, 1860.01 real, 2563 MB, 1.00 load
[runlim] sample:		1877.49 time, 1870.01 real, 2574 MB, 1.00 load
[runlim] sample:		1887.50 time, 1880.01 real, 2574 MB, 1.00 load
[runlim] sample:		1897.50 time, 1890.01 real, 2574 MB, 1.00 load
[runlim] sample:		1907.36 time, 1900.01 real, 2584 MB, 1.00 load
[runlim] sample:		1917.37 time, 1910.01 real, 2584 MB, 1.00 load
[runlim] sample:		1927.37 time, 1920.01 real, 2595 MB, 1.00 load
[runlim] sample:		1937.37 time, 1930.01 real, 2595 MB, 1.00 load
[runlim] sample:		1947.37 time, 1940.01 real, 2595 MB, 1.00 load
[runlim] sample:		1957.37 time, 1950.01 real, 2606 MB, 1.00 load
[runlim] sample:		1967.38 time, 1960.01 real, 2606 MB, 1.00 load
[runlim] sample:		1977.38 time, 1970.01 real, 2606 MB, 1.00 load

NN₁: mnist_relu_3_100_gemm.onnx
NN₂: mnist_relu_3_100_0.79_adam_1_stepsize.onnx
Prop: mnist_3_global_4.vnnlib

NN₁: mnist_relu_3_100_gemm.onnx
NN₂: mnist_relu_3_100_0.79_adam_1_stepsize.onnx
Prop: mnist_3_global_5.vnnlib

NN₁: mnist_relu_3_100_gemm.onnx
NN₂: mnist_relu_3_100_0.79_adam_1_stepsize.onnx
Prop: mnist_4_global_4.vnnlib
[runlim] sample:		1987.35 time, 1980.01 real, 2384 MB, 1.00 load

NN₁: mnist_relu_3_100_gemm.onnx
NN₂: mnist_relu_3_100_0.79_adam_1_stepsize.onnx
Prop: mnist_4_global_5.vnnlib
[runlim] sample:		1997.35 time, 1990.01 real, 2384 MB, 1.00 load

NN₁: mnist_relu_3_100_gemm.onnx
NN₂: mnist_relu_3_100_0.79_adam_1_stepsize.onnx
Prop: mnist_5_global_4.vnnlib

NN₁: mnist_relu_3_100_gemm.onnx
NN₂: mnist_relu_3_100_0.79_adam_1_stepsize.onnx
Prop: mnist_5_global_5.vnnlib
[runlim] sample:		2007.29 time, 2000.01 real, 2385 MB, 1.15 load
[runlim] sample:		2017.30 time, 2010.01 real, 2387 MB, 1.28 load
[runlim] sample:		2027.30 time, 2020.01 real, 2390 MB, 1.24 load
[runlim] sample:		2037.30 time, 2030.01 real, 2393 MB, 1.20 load
[runlim] sample:		2047.31 time, 2040.01 real, 2397 MB, 1.17 load
[runlim] sample:		2057.31 time, 2050.01 real, 2397 MB, 1.14 load
[runlim] sample:		2067.31 time, 2060.01 real, 2402 MB, 1.12 load
[runlim] sample:		2080.34 time, 2070.02 real, 2395 MB, 2.06 load
[runlim] sample:		2094.77 time, 2080.01 real, 2379 MB, 1.90 load
[runlim] sample:		2108.52 time, 2090.01 real, 2379 MB, 1.76 load
[runlim] sample:		2120.73 time, 2100.01 real, 2378 MB, 1.64 load
[runlim] sample:		2133.89 time, 2110.01 real, 2381 MB, 1.54 load
[runlim] sample:		2147.19 time, 2120.01 real, 2375 MB, 1.46 load
[runlim] sample:		2161.26 time, 2130.01 real, 2385 MB, 1.39 load
[runlim] sample:		2173.45 time, 2140.01 real, 2389 MB, 1.33 load
[runlim] sample:		2184.70 time, 2150.01 real, 2386 MB, 1.28 load
[runlim] sample:		2196.79 time, 2160.01 real, 2386 MB, 1.23 load
[runlim] sample:		2208.90 time, 2170.01 real, 2388 MB, 1.20 load
[runlim] sample:		2222.72 time, 2180.01 real, 2391 MB, 1.17 load
[runlim] sample:		2237.07 time, 2190.01 real, 2386 MB, 1.14 load
[runlim] sample:		2247.96 time, 2200.01 real, 2386 MB, 1.12 load
[runlim] sample:		2259.43 time, 2210.01 real, 2414 MB, 1.10 load
[runlim] sample:		2269.83 time, 2220.01 real, 2414 MB, 1.08 load
[runlim] sample:		2281.12 time, 2230.01 real, 2420 MB, 1.07 load
[runlim] sample:		2291.22 time, 2240.01 real, 2424 MB, 1.06 load
[runlim] sample:		2301.42 time, 2250.01 real, 2423 MB, 1.05 load
[runlim] sample:		2312.17 time, 2260.01 real, 2425 MB, 1.04 load
[runlim] sample:		2322.30 time, 2270.01 real, 2441 MB, 1.04 load
[runlim] sample:		2332.51 time, 2280.01 real, 2445 MB, 1.03 load
[runlim] sample:		2342.68 time, 2290.01 real, 2450 MB, 1.02 load
[runlim] sample:		2352.93 time, 2300.01 real, 2451 MB, 1.09 load
[runlim] sample:		2363.23 time, 2310.01 real, 2461 MB, 1.08 load
[runlim] sample:		2373.77 time, 2320.01 real, 2461 MB, 1.07 load
[runlim] sample:		2383.88 time, 2330.01 real, 2473 MB, 1.06 load
[runlim] sample:		2393.88 time, 2340.01 real, 2473 MB, 1.05 load
[runlim] sample:		2403.95 time, 2350.01 real, 2480 MB, 1.04 load
[runlim] sample:		2414.29 time, 2360.01 real, 2485 MB, 1.03 load
[runlim] sample:		2424.52 time, 2370.01 real, 2485 MB, 1.03 load
[runlim] sample:		2434.57 time, 2380.01 real, 2495 MB, 1.02 load
[runlim] sample:		2444.64 time, 2390.01 real, 2496 MB, 1.02 load
[runlim] sample:		2454.63 time, 2400.01 real, 2505 MB, 1.02 load
[runlim] sample:		2464.93 time, 2410.01 real, 2504 MB, 1.01 load
[runlim] sample:		2475.50 time, 2420.01 real, 2506 MB, 1.23 load
[runlim] sample:		2485.51 time, 2430.01 real, 2506 MB, 1.20 load
[runlim] sample:		2495.37 time, 2440.01 real, 2506 MB, 1.16 load
[runlim] sample:		2509.52 time, 2450.01 real, 2508 MB, 1.14 load
[runlim] sample:		2523.78 time, 2460.01 real, 2512 MB, 1.12 load
[runlim] sample:		2533.78 time, 2470.01 real, 2512 MB, 1.10 load
[runlim] sample:		2544.24 time, 2480.01 real, 2514 MB, 1.08 load
[runlim] sample:		2554.26 time, 2490.01 real, 2514 MB, 1.07 load
[runlim] sample:		2564.63 time, 2500.01 real, 2528 MB, 1.21 load
[runlim] sample:		2574.68 time, 2510.01 real, 2528 MB, 1.33 load
[runlim] sample:		2586.38 time, 2520.01 real, 2528 MB, 1.28 load
[runlim] sample:		2602.48 time, 2530.01 real, 2527 MB, 1.24 load
[runlim] sample:		2616.89 time, 2540.01 real, 2524 MB, 1.20 load
[runlim] sample:		2629.02 time, 2550.02 real, 2519 MB, 1.17 load
[runlim] sample:		2646.39 time, 2560.01 real, 2520 MB, 1.29 load
[runlim] sample:		2661.33 time, 2570.01 real, 2546 MB, 1.25 load
[runlim] sample:		2678.21 time, 2580.01 real, 2543 MB, 1.21 load
[runlim] sample:		2690.78 time, 2590.01 real, 2563 MB, 1.32 load

NN₁: mnist_relu_3_100_gemm.onnx
NN₂: mnist_relu_3_100_0.79_adam_1_stepsize.onnx
Prop: mnist_6_global_4.vnnlib

NN₁: mnist_relu_3_100_gemm.onnx
NN₂: mnist_relu_3_100_0.79_adam_1_stepsize.onnx
Prop: mnist_6_global_5.vnnlib
[runlim] sample:		2705.87 time, 2600.01 real, 2399 MB, 1.27 load
[runlim] sample:		2715.87 time, 2610.01 real, 2399 MB, 1.23 load
[runlim] sample:		2725.88 time, 2620.01 real, 2399 MB, 1.19 load
[runlim] sample:		2735.88 time, 2630.01 real, 2399 MB, 1.16 load
[runlim] sample:		2745.88 time, 2640.01 real, 2400 MB, 1.14 load
[runlim] sample:		2755.88 time, 2650.01 real, 2405 MB, 1.12 load
[runlim] sample:		2765.89 time, 2660.01 real, 2411 MB, 1.10 load
[runlim] sample:		2775.88 time, 2670.01 real, 2416 MB, 1.08 load
[runlim] sample:		2785.89 time, 2680.01 real, 2422 MB, 1.07 load
[runlim] sample:		2795.96 time, 2690.01 real, 2429 MB, 1.06 load
[runlim] sample:		2806.16 time, 2700.01 real, 2433 MB, 1.05 load
[runlim] sample:		2816.31 time, 2710.01 real, 2433 MB, 1.12 load
[runlim] sample:		2826.38 time, 2720.01 real, 2437 MB, 1.10 load
[runlim] sample:		2836.52 time, 2730.01 real, 2440 MB, 1.09 load
[runlim] sample:		2846.52 time, 2740.01 real, 2444 MB, 1.07 load
[runlim] sample:		2856.68 time, 2750.01 real, 2448 MB, 1.06 load
[runlim] sample:		2866.84 time, 2760.01 real, 2450 MB, 1.05 load
[runlim] sample:		2877.21 time, 2770.01 real, 2451 MB, 1.04 load
[runlim] sample:		2887.38 time, 2780.01 real, 2454 MB, 1.04 load
[runlim] sample:		2897.71 time, 2790.01 real, 2456 MB, 1.03 load
[runlim] sample:		2907.76 time, 2800.01 real, 2458 MB, 1.02 load
[runlim] sample:		2918.02 time, 2810.01 real, 2463 MB, 1.02 load
[runlim] sample:		2928.50 time, 2820.01 real, 2472 MB, 1.02 load
[runlim] sample:		2938.60 time, 2830.01 real, 2472 MB, 1.01 load
[runlim] sample:		2948.60 time, 2840.01 real, 2472 MB, 1.01 load
[runlim] sample:		2958.60 time, 2850.01 real, 2478 MB, 1.01 load
[runlim] sample:		2968.75 time, 2860.01 real, 2485 MB, 1.01 load
[runlim] sample:		2978.74 time, 2870.01 real, 2490 MB, 1.01 load
[runlim] sample:		2988.83 time, 2880.01 real, 2491 MB, 1.00 load
[runlim] sample:		2998.87 time, 2890.01 real, 2495 MB, 1.00 load
[runlim] sample:		3008.87 time, 2900.01 real, 2499 MB, 1.00 load
[runlim] sample:		3018.88 time, 2910.01 real, 2505 MB, 1.00 load
[runlim] sample:		3028.89 time, 2920.01 real, 2505 MB, 1.00 load
[runlim] sample:		3038.89 time, 2930.01 real, 2510 MB, 1.00 load
[runlim] sample:		3048.94 time, 2940.01 real, 2518 MB, 1.00 load
[runlim] sample:		3059.43 time, 2950.01 real, 2517 MB, 1.00 load
[runlim] sample:		3069.69 time, 2960.01 real, 2525 MB, 1.00 load
[runlim] sample:		3079.70 time, 2970.01 real, 2531 MB, 1.00 load
[runlim] sample:		3089.58 time, 2980.01 real, 2550 MB, 1.00 load
[runlim] sample:		3099.58 time, 2990.01 real, 2550 MB, 1.00 load
[runlim] sample:		3109.58 time, 3000.01 real, 2555 MB, 1.15 load
[runlim] sample:		3119.59 time, 3010.02 real, 2562 MB, 1.28 load
[runlim] sample:		3129.58 time, 3020.01 real, 2562 MB, 1.24 load
[runlim] sample:		3139.59 time, 3030.01 real, 2569 MB, 1.20 load
[runlim] sample:		3149.60 time, 3040.01 real, 2569 MB, 1.17 load
[runlim] sample:		3159.59 time, 3050.01 real, 2575 MB, 1.14 load
[runlim] sample:		3169.60 time, 3060.01 real, 2580 MB, 1.12 load
[runlim] sample:		3179.60 time, 3070.01 real, 2580 MB, 1.10 load
[runlim] sample:		3189.60 time, 3080.01 real, 2588 MB, 1.09 load
[runlim] sample:		3199.61 time, 3090.01 real, 2594 MB, 1.07 load
[runlim] sample:		3209.61 time, 3100.01 real, 2594 MB, 1.06 load
[runlim] sample:		3219.62 time, 3110.01 real, 2601 MB, 1.05 load
[runlim] sample:		3229.62 time, 3120.01 real, 2601 MB, 1.04 load
[runlim] sample:		3239.62 time, 3130.01 real, 2609 MB, 1.04 load
[runlim] sample:		3249.62 time, 3140.01 real, 2616 MB, 1.03 load
[runlim] sample:		3259.62 time, 3150.01 real, 2616 MB, 1.02 load
[runlim] sample:		3269.62 time, 3160.01 real, 2623 MB, 1.02 load
[runlim] sample:		3279.62 time, 3170.01 real, 2623 MB, 1.02 load
[runlim] sample:		3289.63 time, 3180.01 real, 2631 MB, 1.01 load
[runlim] sample:		3299.63 time, 3190.01 real, 2631 MB, 1.01 load

NN₁: mnist_relu_3_100_gemm.onnx
NN₂: mnist_relu_3_100_0.79_adam_1_stepsize.onnx
Prop: mnist_7_global_4.vnnlib
[runlim] sample:		3309.71 time, 3200.01 real, 2401 MB, 1.01 load
[runlim] sample:		3319.71 time, 3210.01 real, 2402 MB, 1.01 load
[runlim] sample:		3329.71 time, 3220.01 real, 2405 MB, 1.01 load
[runlim] sample:		3339.71 time, 3230.01 real, 2410 MB, 1.00 load
[runlim] sample:		3349.72 time, 3240.01 real, 2409 MB, 1.08 load
[runlim] sample:		3359.56 time, 3250.01 real, 2413 MB, 1.07 load
[runlim] sample:		3369.57 time, 3260.01 real, 2417 MB, 1.13 load
[runlim] sample:		3379.57 time, 3270.01 real, 2422 MB, 1.11 load
[runlim] sample:		3389.57 time, 3280.01 real, 2426 MB, 1.10 load
[runlim] sample:		3399.58 time, 3290.01 real, 2426 MB, 1.08 load
[runlim] sample:		3409.58 time, 3300.01 real, 2431 MB, 1.07 load
[runlim] sample:		3419.58 time, 3310.01 real, 2434 MB, 1.06 load
[runlim] sample:		3429.58 time, 3320.01 real, 2440 MB, 1.05 load
[runlim] sample:		3439.58 time, 3330.01 real, 2440 MB, 1.04 load
[runlim] sample:		3449.58 time, 3340.01 real, 2445 MB, 1.03 load
[runlim] sample:		3459.58 time, 3350.01 real, 2448 MB, 1.03 load
[runlim] sample:		3469.58 time, 3360.01 real, 2455 MB, 1.02 load
[runlim] sample:		3479.59 time, 3370.01 real, 2455 MB, 1.02 load
[runlim] sample:		3489.59 time, 3380.01 real, 2459 MB, 1.02 load
[runlim] sample:		3499.60 time, 3390.01 real, 2460 MB, 1.01 load
[runlim] sample:		3509.60 time, 3400.01 real, 2461 MB, 1.01 load
[runlim] sample:		3519.60 time, 3410.01 real, 2471 MB, 1.01 load
[runlim] sample:		3529.60 time, 3420.01 real, 2471 MB, 1.01 load
[runlim] sample:		3539.61 time, 3430.01 real, 2475 MB, 1.00 load
[runlim] sample:		3549.61 time, 3440.01 real, 2479 MB, 1.00 load
[runlim] sample:		3559.61 time, 3450.01 real, 2479 MB, 1.00 load
[runlim] sample:		3569.60 time, 3460.01 real, 2489 MB, 1.00 load
[runlim] sample:		3579.62 time, 3470.01 real, 2489 MB, 1.00 load
[runlim] sample:		3589.61 time, 3480.01 real, 2496 MB, 1.00 load
[runlim] sample:		3599.62 time, 3490.01 real, 2504 MB, 1.00 load
[runlim] sample:		3609.62 time, 3500.01 real, 2504 MB, 1.15 load
[runlim] sample:		3619.62 time, 3510.01 real, 2504 MB, 1.28 load
[runlim] sample:		3629.50 time, 3520.01 real, 2504 MB, 1.24 load
[runlim] sample:		3639.50 time, 3530.01 real, 2510 MB, 1.20 load
[runlim] sample:		3649.50 time, 3540.01 real, 2510 MB, 1.17 load
[runlim] sample:		3659.50 time, 3550.02 real, 2516 MB, 1.14 load
[runlim] sample:		3669.50 time, 3560.01 real, 2516 MB, 1.12 load
[runlim] sample:		3679.50 time, 3570.01 real, 2531 MB, 1.10 load
[runlim] sample:		3689.51 time, 3580.02 real, 2533 MB, 1.16 load
[runlim] sample:		3699.51 time, 3590.01 real, 2533 MB, 1.14 load
[runlim] sample:		3709.51 time, 3600.01 real, 2544 MB, 1.11 load
[runlim] sample:		3719.51 time, 3610.01 real, 2544 MB, 1.10 load
[runlim] sample:		3729.51 time, 3620.01 real, 2547 MB, 1.08 load
[runlim] sample:		3739.51 time, 3630.01 real, 2547 MB, 1.07 load
[runlim] sample:		3749.51 time, 3640.01 real, 2556 MB, 1.06 load
[runlim] sample:		3759.52 time, 3650.01 real, 2556 MB, 1.05 load
[runlim] sample:		3769.52 time, 3660.01 real, 2556 MB, 1.04 load
[runlim] sample:		3779.52 time, 3670.01 real, 2568 MB, 1.03 load
[runlim] sample:		3789.53 time, 3680.01 real, 2568 MB, 1.03 load
[runlim] sample:		3799.53 time, 3690.01 real, 2577 MB, 1.02 load
[runlim] sample:		3809.53 time, 3700.01 real, 2577 MB, 1.02 load
[runlim] sample:		3819.53 time, 3710.01 real, 2585 MB, 1.02 load
[runlim] sample:		3829.53 time, 3720.01 real, 2585 MB, 1.01 load
[runlim] sample:		3839.54 time, 3730.01 real, 2594 MB, 1.01 load
[runlim] sample:		3849.54 time, 3740.01 real, 2594 MB, 1.01 load
[runlim] sample:		3859.54 time, 3750.01 real, 2602 MB, 1.01 load
[runlim] sample:		3869.54 time, 3760.01 real, 2602 MB, 1.00 load
[runlim] sample:		3879.54 time, 3770.01 real, 2602 MB, 1.00 load
[runlim] sample:		3889.55 time, 3780.01 real, 2611 MB, 1.00 load
[runlim] sample:		3899.33 time, 3790.01 real, 2611 MB, 1.00 load

NN₁: mnist_relu_3_100_gemm.onnx
NN₂: mnist_relu_3_100_0.79_adam_1_stepsize.onnx
Prop: mnist_7_global_5.vnnlib
[runlim] sample:		3909.33 time, 3800.01 real, 2400 MB, 1.00 load
[runlim] sample:		3919.33 time, 3810.01 real, 2401 MB, 1.00 load
[runlim] sample:		3929.33 time, 3820.01 real, 2405 MB, 1.00 load
[runlim] sample:		3939.33 time, 3830.01 real, 2408 MB, 1.00 load
[runlim] sample:		3949.33 time, 3840.01 real, 2408 MB, 1.00 load
[runlim] sample:		3959.33 time, 3850.01 real, 2408 MB, 1.07 load
[runlim] sample:		3969.33 time, 3860.01 real, 2416 MB, 1.06 load
[runlim] sample:		3979.34 time, 3870.01 real, 2420 MB, 1.05 load
[runlim] sample:		3989.34 time, 3880.01 real, 2421 MB, 1.04 load
[runlim] sample:		3999.34 time, 3890.01 real, 2427 MB, 1.04 load
[runlim] sample:		4009.35 time, 3900.01 real, 2427 MB, 1.03 load
[runlim] sample:		4019.35 time, 3910.01 real, 2431 MB, 1.02 load
[runlim] sample:		4029.35 time, 3920.01 real, 2435 MB, 1.02 load
[runlim] sample:		4039.35 time, 3930.01 real, 2438 MB, 1.02 load
[runlim] sample:		4049.36 time, 3940.01 real, 2438 MB, 1.01 load
[runlim] sample:		4059.36 time, 3950.01 real, 2439 MB, 1.01 load
[runlim] sample:		4069.36 time, 3960.01 real, 2446 MB, 1.01 load
[runlim] sample:		4079.36 time, 3970.01 real, 2446 MB, 1.01 load
[runlim] sample:		4089.37 time, 3980.01 real, 2450 MB, 1.01 load
[runlim] sample:		4099.36 time, 3990.01 real, 2455 MB, 1.00 load
[runlim] sample:		4109.37 time, 4000.01 real, 2455 MB, 1.16 load
[runlim] sample:		4119.37 time, 4010.01 real, 2462 MB, 1.29 load
[runlim] sample:		4129.37 time, 4020.01 real, 2467 MB, 1.24 load
[runlim] sample:		4139.37 time, 4030.02 real, 2467 MB, 1.21 load
[runlim] sample:		4149.38 time, 4040.01 real, 2472 MB, 1.17 load
[runlim] sample:		4159.38 time, 4050.01 real, 2475 MB, 1.15 load
[runlim] sample:		4169.23 time, 4060.02 real, 2475 MB, 1.12 load
[runlim] sample:		4179.24 time, 4070.01 real, 2481 MB, 1.10 load
[runlim] sample:		4189.24 time, 4080.01 real, 2481 MB, 1.09 load
[runlim] sample:		4199.24 time, 4090.01 real, 2489 MB, 1.07 load
[runlim] sample:		4209.24 time, 4100.01 real, 2496 MB, 1.06 load
[runlim] sample:		4219.24 time, 4110.01 real, 2496 MB, 1.05 load
[runlim] sample:		4229.25 time, 4120.01 real, 2500 MB, 1.04 load
[runlim] sample:		4239.25 time, 4130.01 real, 2500 MB, 1.04 load
[runlim] sample:		4249.25 time, 4140.01 real, 2509 MB, 1.03 load
[runlim] sample:		4259.26 time, 4150.01 real, 2509 MB, 1.02 load
[runlim] sample:		4269.26 time, 4160.01 real, 2513 MB, 1.02 load
[runlim] sample:		4279.26 time, 4170.01 real, 2513 MB, 1.02 load
[runlim] sample:		4289.26 time, 4180.01 real, 2521 MB, 1.01 load
[runlim] sample:		4299.26 time, 4190.01 real, 2521 MB, 1.01 load
[runlim] sample:		4309.27 time, 4200.01 real, 2529 MB, 1.01 load
[runlim] sample:		4319.27 time, 4210.01 real, 2529 MB, 1.01 load
[runlim] sample:		4329.27 time, 4220.01 real, 2537 MB, 1.01 load
[runlim] sample:		4339.27 time, 4230.01 real, 2537 MB, 1.00 load
[runlim] sample:		4349.28 time, 4240.01 real, 2544 MB, 1.00 load
[runlim] sample:		4359.28 time, 4250.01 real, 2544 MB, 1.00 load
[runlim] sample:		4369.27 time, 4260.01 real, 2548 MB, 1.00 load
[runlim] sample:		4379.28 time, 4270.01 real, 2548 MB, 1.00 load
[runlim] sample:		4389.29 time, 4280.01 real, 2559 MB, 1.00 load
[runlim] sample:		4399.28 time, 4290.01 real, 2559 MB, 1.00 load
[runlim] sample:		4409.28 time, 4300.01 real, 2559 MB, 1.00 load
[runlim] sample:		4419.29 time, 4310.01 real, 2568 MB, 1.00 load
[runlim] sample:		4429.29 time, 4320.01 real, 2568 MB, 1.00 load
[runlim] sample:		4439.15 time, 4330.01 real, 2577 MB, 1.00 load
[runlim] sample:		4449.15 time, 4340.01 real, 2577 MB, 1.00 load
[runlim] sample:		4459.16 time, 4350.01 real, 2585 MB, 1.16 load
[runlim] sample:		4469.16 time, 4360.01 real, 2585 MB, 1.13 load
[runlim] sample:		4479.16 time, 4370.01 real, 2585 MB, 1.11 load
[runlim] sample:		4489.17 time, 4380.01 real, 2592 MB, 1.10 load
[runlim] sample:		4499.16 time, 4390.01 real, 2592 MB, 1.16 load

NN₁: mnist_relu_3_100_gemm.onnx
NN₂: mnist_relu_3_100_0.79_adam_1_stepsize.onnx
Prop: mnist_8_global_4.vnnlib

NN₁: mnist_relu_3_100_gemm.onnx
NN₂: mnist_relu_3_100_0.79_adam_1_stepsize.onnx
Prop: mnist_8_global_5.vnnlib
[runlim] sample:		4509.15 time, 4400.01 real, 2400 MB, 1.14 load
[runlim] sample:		4519.15 time, 4410.01 real, 2403 MB, 1.11 load
[runlim] sample:		4529.15 time, 4420.01 real, 2407 MB, 1.10 load
[runlim] sample:		4539.15 time, 4430.01 real, 2407 MB, 1.08 load
[runlim] sample:		4549.15 time, 4440.01 real, 2410 MB, 1.07 load
[runlim] sample:		4559.16 time, 4450.01 real, 2410 MB, 1.06 load
[runlim] sample:		4569.16 time, 4460.01 real, 2412 MB, 1.05 load
[runlim] sample:		4579.16 time, 4470.01 real, 2412 MB, 1.04 load
[runlim] sample:		4589.16 time, 4480.01 real, 2412 MB, 1.03 load
[runlim] sample:		4599.17 time, 4490.01 real, 2421 MB, 1.03 load
[runlim] sample:		4609.17 time, 4500.01 real, 2421 MB, 1.18 load
[runlim] sample:		4619.17 time, 4510.01 real, 2425 MB, 1.30 load
[runlim] sample:		4629.17 time, 4520.01 real, 2425 MB, 1.26 load
[runlim] sample:		4639.17 time, 4530.01 real, 2427 MB, 1.22 load
[runlim] sample:		4649.18 time, 4540.01 real, 2427 MB, 1.18 load
[runlim] sample:		4659.17 time, 4550.01 real, 2435 MB, 1.15 load
[runlim] sample:		4669.18 time, 4560.01 real, 2435 MB, 1.13 load
[runlim] sample:		4679.18 time, 4570.01 real, 2442 MB, 1.11 load
[runlim] sample:		4689.18 time, 4580.01 real, 2446 MB, 1.09 load
[runlim] sample:		4699.19 time, 4590.02 real, 2454 MB, 1.08 load
[runlim] sample:		4709.07 time, 4600.01 real, 2454 MB, 1.07 load
[runlim] sample:		4719.07 time, 4610.01 real, 2458 MB, 1.06 load
[runlim] sample:		4729.06 time, 4620.01 real, 2459 MB, 1.05 load
[runlim] sample:		4739.07 time, 4630.01 real, 2459 MB, 1.04 load
[runlim] sample:		4749.07 time, 4640.01 real, 2459 MB, 1.03 load
[runlim] sample:		4759.08 time, 4650.01 real, 2469 MB, 1.03 load
[runlim] sample:		4769.08 time, 4660.01 real, 2476 MB, 1.02 load
[runlim] sample:		4779.08 time, 4670.01 real, 2476 MB, 1.02 load
[runlim] sample:		4789.08 time, 4680.01 real, 2477 MB, 1.02 load
[runlim] sample:		4799.09 time, 4690.01 real, 2486 MB, 1.01 load
[runlim] sample:		4809.08 time, 4700.01 real, 2488 MB, 1.01 load
[runlim] sample:		4819.09 time, 4710.01 real, 2488 MB, 1.01 load
[runlim] sample:		4829.09 time, 4720.01 real, 2495 MB, 1.01 load
[runlim] sample:		4839.09 time, 4730.01 real, 2505 MB, 1.00 load
[runlim] sample:		4849.09 time, 4740.01 real, 2505 MB, 1.00 load
[runlim] sample:		4859.09 time, 4750.01 real, 2505 MB, 1.00 load
[runlim] sample:		4869.10 time, 4760.01 real, 2505 MB, 1.00 load
[runlim] sample:		4879.10 time, 4770.01 real, 2513 MB, 1.00 load
[runlim] sample:		4889.10 time, 4780.01 real, 2519 MB, 1.00 load
[runlim] sample:		4899.11 time, 4790.01 real, 2519 MB, 1.07 load
[runlim] sample:		4909.10 time, 4800.01 real, 2524 MB, 1.06 load
[runlim] sample:		4919.11 time, 4810.01 real, 2534 MB, 1.13 load
[runlim] sample:		4929.12 time, 4820.01 real, 2534 MB, 1.11 load
[runlim] sample:		4939.12 time, 4830.01 real, 2539 MB, 1.09 load
[runlim] sample:		4949.12 time, 4840.01 real, 2539 MB, 1.08 load
[runlim] sample:		4959.12 time, 4850.01 real, 2548 MB, 1.07 load
[runlim] sample:		4969.12 time, 4860.01 real, 2548 MB, 1.06 load
[runlim] sample:		4978.99 time, 4870.01 real, 2572 MB, 1.05 load
[runlim] sample:		4988.99 time, 4880.01 real, 2579 MB, 1.04 load
[runlim] sample:		4998.99 time, 4890.01 real, 2579 MB, 1.03 load
[runlim] sample:		5008.99 time, 4900.01 real, 2586 MB, 1.03 load
[runlim] sample:		5018.99 time, 4910.01 real, 2586 MB, 1.02 load
[runlim] sample:		5029.00 time, 4920.01 real, 2594 MB, 1.02 load
[runlim] sample:		5039.00 time, 4930.01 real, 2594 MB, 1.02 load
[runlim] sample:		5049.00 time, 4940.01 real, 2601 MB, 1.01 load
[runlim] sample:		5059.00 time, 4950.01 real, 2601 MB, 1.01 load
[runlim] sample:		5069.00 time, 4960.01 real, 2609 MB, 1.01 load
[runlim] sample:		5079.01 time, 4970.01 real, 2609 MB, 1.01 load
[runlim] sample:		5089.01 time, 4980.01 real, 2617 MB, 1.00 load
[runlim] sample:		5099.01 time, 4990.01 real, 2617 MB, 1.00 load
[runlim] sample:		5109.01 time, 5000.01 real, 2624 MB, 1.16 load

NN₁: mnist_relu_3_100_gemm.onnx
NN₂: mnist_relu_3_100_0.79_adam_1_stepsize.onnx
Prop: mnist_9_global_4.vnnlib

NN₁: mnist_relu_3_100_gemm.onnx
NN₂: mnist_relu_3_100_0.79_adam_1_stepsize.onnx
Prop: mnist_9_global_5.vnnlib
[runlim] sample:		5118.99 time, 5010.01 real, 2401 MB, 1.21 load
[runlim] sample:		5129.00 time, 5020.01 real, 2401 MB, 1.17 load
[runlim] sample:		5139.00 time, 5030.01 real, 2401 MB, 1.15 load
[runlim] sample:		5149.01 time, 5040.01 real, 2402 MB, 1.12 load
[runlim] sample:		5159.00 time, 5050.01 real, 2409 MB, 1.10 load
[runlim] sample:		5169.00 time, 5060.01 real, 2412 MB, 1.09 load
[runlim] sample:		5179.01 time, 5070.02 real, 2420 MB, 1.07 load
[runlim] sample:		5189.01 time, 5080.01 real, 2426 MB, 1.06 load
[runlim] sample:		5199.01 time, 5090.01 real, 2434 MB, 1.05 load
[runlim] sample:		5209.02 time, 5100.01 real, 2438 MB, 1.04 load
[runlim] sample:		5219.02 time, 5110.02 real, 2445 MB, 1.04 load
[runlim] sample:		5229.02 time, 5120.01 real, 2455 MB, 1.03 load
[runlim] sample:		5239.02 time, 5130.01 real, 2464 MB, 1.02 load
[runlim] sample:		5248.90 time, 5140.02 real, 2464 MB, 1.02 load
[runlim] sample:		5258.90 time, 5150.01 real, 2470 MB, 1.02 load
[runlim] sample:		5268.90 time, 5160.01 real, 2482 MB, 1.01 load
[runlim] sample:		5278.90 time, 5170.01 real, 2491 MB, 1.01 load
[runlim] sample:		5288.90 time, 5180.01 real, 2501 MB, 1.01 load
[runlim] sample:		5298.90 time, 5190.01 real, 2501 MB, 1.01 load
[runlim] sample:		5308.91 time, 5200.01 real, 2510 MB, 1.01 load
[runlim] sample:		5318.91 time, 5210.01 real, 2521 MB, 1.00 load
[runlim] sample:		5328.91 time, 5220.01 real, 2521 MB, 1.00 load
[runlim] sample:		5338.91 time, 5230.01 real, 2533 MB, 1.00 load
[runlim] sample:		5348.92 time, 5240.01 real, 2541 MB, 1.00 load
[runlim] sample:		5358.92 time, 5250.01 real, 2541 MB, 1.00 load
[runlim] sample:		5368.92 time, 5260.01 real, 2577 MB, 1.00 load
[runlim] sample:		5378.92 time, 5270.01 real, 2588 MB, 1.00 load
[runlim] sample:		5388.93 time, 5280.01 real, 2588 MB, 1.00 load
[runlim] sample:		5398.93 time, 5290.01 real, 2599 MB, 1.00 load
[runlim] sample:		5408.93 time, 5300.01 real, 2610 MB, 1.00 load
[runlim] sample:		5418.94 time, 5310.01 real, 2610 MB, 1.08 load
[runlim] sample:		5428.93 time, 5320.01 real, 2623 MB, 1.07 load
[runlim] sample:		5438.94 time, 5330.01 real, 2623 MB, 1.06 load
[runlim] sample:		5448.94 time, 5340.01 real, 2634 MB, 1.05 load
[runlim] sample:		5458.95 time, 5350.01 real, 2647 MB, 1.19 load
[runlim] sample:		5468.95 time, 5360.01 real, 2647 MB, 1.16 load
[runlim] sample:		5478.95 time, 5370.01 real, 2658 MB, 1.13 load
[runlim] sample:		5488.95 time, 5380.01 real, 2658 MB, 1.11 load
[runlim] sample:		5498.95 time, 5390.01 real, 2672 MB, 1.09 load
[runlim] sample:		5508.95 time, 5400.01 real, 2672 MB, 1.08 load
[runlim] sample:		5518.81 time, 5410.01 real, 2683 MB, 1.07 load
[runlim] sample:		5528.82 time, 5420.01 real, 2683 MB, 1.06 load
[runlim] sample:		5538.81 time, 5430.01 real, 2698 MB, 1.05 load
[runlim] sample:		5548.81 time, 5440.01 real, 2698 MB, 1.04 load
[runlim] sample:		5558.82 time, 5450.01 real, 2720 MB, 1.03 load
[runlim] sample:		5568.82 time, 5460.01 real, 2720 MB, 1.03 load
[runlim] sample:		5578.82 time, 5470.01 real, 2749 MB, 1.02 load
[runlim] sample:		5588.83 time, 5480.01 real, 2749 MB, 1.02 load
[runlim] sample:		5598.82 time, 5490.01 real, 2789 MB, 1.02 load
[runlim] sample:		5608.83 time, 5500.01 real, 2789 MB, 1.17 load
[runlim] sample:		5618.83 time, 5510.01 real, 2824 MB, 1.30 load
[runlim] sample:		5628.83 time, 5520.01 real, 2822 MB, 1.25 load
[runlim] sample:		5638.84 time, 5530.01 real, 2822 MB, 1.21 load
[runlim] sample:		5648.83 time, 5540.01 real, 2867 MB, 1.18 load
[runlim] sample:		5658.84 time, 5550.01 real, 2867 MB, 1.15 load
[runlim] sample:		5668.83 time, 5560.01 real, 2897 MB, 1.13 load
[runlim] sample:		5678.84 time, 5570.01 real, 2897 MB, 1.11 load
[runlim] sample:		5688.85 time, 5580.01 real, 2943 MB, 1.09 load
[runlim] sample:		5698.85 time, 5590.01 real, 2942 MB, 1.08 load
[runlim] sample:		5708.84 time, 5600.01 real, 2942 MB, 1.06 load

NN₁: mnist_relu_3_100_gemm.onnx
NN₂: mnist_relu_3_100_0.79_adam_1_stepsize.onnx
Prop: mnist_10_global_4.vnnlib

NN₁: mnist_relu_3_100_gemm.onnx
NN₂: mnist_relu_3_100_0.79_adam_1_stepsize.onnx
Prop: mnist_10_global_5.vnnlib

NN₁: mnist_relu_3_100_gemm.onnx
NN₂: mnist_relu_3_100_0.79_adam_1_stepsize.onnx
Prop: mnist_11_global_4.vnnlib

NN₁: mnist_relu_3_100_gemm.onnx
NN₂: mnist_relu_3_100_0.79_adam_1_stepsize.onnx
Prop: mnist_11_global_5.vnnlib
[runlim] sample:		5718.84 time, 5610.01 real, 2448 MB, 1.05 load
[runlim] sample:		5728.84 time, 5620.01 real, 2402 MB, 1.04 load
[runlim] sample:		5738.84 time, 5630.01 real, 2402 MB, 1.04 load
[runlim] sample:		5748.84 time, 5640.01 real, 2402 MB, 1.03 load
[runlim] sample:		5758.85 time, 5650.02 real, 2404 MB, 1.03 load
[runlim] sample:		5768.85 time, 5660.01 real, 2407 MB, 1.02 load
[runlim] sample:		5778.85 time, 5670.01 real, 2408 MB, 1.02 load
[runlim] sample:		5788.86 time, 5680.01 real, 2418 MB, 1.01 load
[runlim] sample:		5798.73 time, 5690.01 real, 2418 MB, 1.01 load
[runlim] sample:		5808.73 time, 5700.01 real, 2420 MB, 1.01 load
[runlim] sample:		5818.74 time, 5710.01 real, 2423 MB, 1.01 load
[runlim] sample:		5828.74 time, 5720.01 real, 2429 MB, 1.01 load
[runlim] sample:		5838.74 time, 5730.01 real, 2435 MB, 1.00 load
[runlim] sample:		5848.74 time, 5740.01 real, 2439 MB, 1.00 load
[runlim] sample:		5858.75 time, 5750.01 real, 2446 MB, 1.00 load
[runlim] sample:		5868.74 time, 5760.01 real, 2448 MB, 1.00 load
[runlim] sample:		5878.74 time, 5770.01 real, 2448 MB, 1.00 load
[runlim] sample:		5888.75 time, 5780.01 real, 2452 MB, 1.00 load
[runlim] sample:		5898.75 time, 5790.01 real, 2462 MB, 1.00 load
[runlim] sample:		5908.75 time, 5800.01 real, 2471 MB, 1.00 load
[runlim] sample:		5918.76 time, 5810.01 real, 2471 MB, 1.00 load
[runlim] sample:		5928.76 time, 5820.01 real, 2471 MB, 1.00 load
[runlim] sample:		5938.76 time, 5830.01 real, 2479 MB, 1.00 load
[runlim] sample:		5948.77 time, 5840.01 real, 2486 MB, 1.00 load
[runlim] sample:		5958.76 time, 5850.01 real, 2486 MB, 1.00 load
[runlim] sample:		5968.77 time, 5860.01 real, 2491 MB, 1.00 load
[runlim] sample:		5978.77 time, 5870.01 real, 2499 MB, 1.00 load
[runlim] sample:		5988.77 time, 5880.01 real, 2499 MB, 1.00 load
[runlim] sample:		5998.78 time, 5890.01 real, 2507 MB, 1.00 load
[runlim] sample:		6008.78 time, 5900.01 real, 2513 MB, 1.00 load
[runlim] sample:		6018.77 time, 5910.01 real, 2513 MB, 1.00 load
[runlim] sample:		6028.78 time, 5920.01 real, 2522 MB, 1.00 load
[runlim] sample:		6038.78 time, 5930.01 real, 2527 MB, 1.00 load
[runlim] sample:		6048.79 time, 5940.01 real, 2527 MB, 1.00 load
[runlim] sample:		6058.71 time, 5950.01 real, 2532 MB, 1.00 load
[runlim] sample:		6068.67 time, 5960.01 real, 2532 MB, 1.00 load
[runlim] sample:		6078.68 time, 5970.01 real, 2542 MB, 1.00 load
[runlim] sample:		6088.68 time, 5980.01 real, 2552 MB, 1.00 load
[runlim] sample:		6098.68 time, 5990.01 real, 2552 MB, 1.00 load
[runlim] sample:		6108.69 time, 6000.01 real, 2577 MB, 1.15 load
[runlim] sample:		6118.68 time, 6010.01 real, 2577 MB, 1.28 load
[runlim] sample:		6128.69 time, 6020.01 real, 2585 MB, 1.24 load
[runlim] sample:		6138.69 time, 6030.01 real, 2585 MB, 1.20 load
[runlim] sample:		6148.69 time, 6040.01 real, 2593 MB, 1.17 load
[runlim] sample:		6158.69 time, 6050.01 real, 2593 MB, 1.14 load
[runlim] sample:		6168.69 time, 6060.01 real, 2601 MB, 1.12 load
[runlim] sample:		6178.70 time, 6070.01 real, 2609 MB, 1.10 load
[runlim] sample:		6188.70 time, 6080.01 real, 2609 MB, 1.09 load
[runlim] sample:		6198.70 time, 6090.01 real, 2617 MB, 1.07 load
[runlim] sample:		6208.70 time, 6100.01 real, 2617 MB, 1.06 load
[runlim] sample:		6218.71 time, 6110.01 real, 2627 MB, 1.05 load
[runlim] sample:		6228.71 time, 6120.01 real, 2627 MB, 1.04 load
[runlim] sample:		6238.71 time, 6130.02 real, 2636 MB, 1.04 load
[runlim] sample:		6248.72 time, 6140.01 real, 2636 MB, 1.03 load
[runlim] sample:		6258.71 time, 6150.02 real, 2647 MB, 1.02 load
[runlim] sample:		6268.71 time, 6160.01 real, 2646 MB, 1.02 load
[runlim] sample:		6278.72 time, 6170.01 real, 2656 MB, 1.02 load
[runlim] sample:		6288.72 time, 6180.01 real, 2656 MB, 1.01 load
[runlim] sample:		6298.72 time, 6190.01 real, 2663 MB, 1.01 load
[runlim] sample:		6308.73 time, 6200.01 real, 2665 MB, 1.01 load

NN₁: mnist_relu_3_100_gemm.onnx
NN₂: mnist_relu_3_100_0.79_adam_1_stepsize.onnx
Prop: mnist_12_global_4.vnnlib
[runlim] sample:		6318.72 time, 6210.01 real, 2402 MB, 1.01 load
[runlim] sample:		6328.61 time, 6220.01 real, 2402 MB, 1.01 load

NN₁: mnist_relu_3_100_gemm.onnx
NN₂: mnist_relu_3_100_0.79_adam_1_stepsize.onnx
Prop: mnist_12_global_5.vnnlib
[runlim] sample:		6338.61 time, 6230.01 real, 2403 MB, 1.00 load
[runlim] sample:		6348.60 time, 6240.01 real, 2405 MB, 1.00 load
[runlim] sample:		6358.61 time, 6250.01 real, 2409 MB, 1.00 load
[runlim] sample:		6368.61 time, 6260.01 real, 2413 MB, 1.00 load
[runlim] sample:		6378.61 time, 6270.01 real, 2416 MB, 1.00 load
[runlim] sample:		6388.61 time, 6280.01 real, 2416 MB, 1.00 load
[runlim] sample:		6398.62 time, 6290.01 real, 2420 MB, 1.00 load
[runlim] sample:		6408.61 time, 6300.01 real, 2425 MB, 1.00 load
[runlim] sample:		6418.62 time, 6310.01 real, 2429 MB, 1.00 load
[runlim] sample:		6428.62 time, 6320.01 real, 2434 MB, 1.00 load
[runlim] sample:		6438.62 time, 6330.01 real, 2434 MB, 1.00 load
[runlim] sample:		6448.62 time, 6340.01 real, 2439 MB, 1.00 load
[runlim] sample:		6458.63 time, 6350.01 real, 2444 MB, 1.00 load
[runlim] sample:		6468.63 time, 6360.01 real, 2449 MB, 1.00 load
[runlim] sample:		6478.63 time, 6370.01 real, 2449 MB, 1.00 load
[runlim] sample:		6488.64 time, 6380.01 real, 2454 MB, 1.00 load
[runlim] sample:		6498.63 time, 6390.01 real, 2460 MB, 1.00 load
[runlim] sample:		6508.64 time, 6400.01 real, 2460 MB, 1.00 load
[runlim] sample:		6518.64 time, 6410.01 real, 2466 MB, 1.00 load
[runlim] sample:		6528.64 time, 6420.01 real, 2472 MB, 1.00 load
[runlim] sample:		6538.64 time, 6430.01 real, 2472 MB, 1.00 load
[runlim] sample:		6548.65 time, 6440.01 real, 2479 MB, 1.00 load
[runlim] sample:		6558.65 time, 6450.01 real, 2479 MB, 1.00 load
[runlim] sample:		6568.65 time, 6460.01 real, 2486 MB, 1.00 load
[runlim] sample:		6578.65 time, 6470.01 real, 2486 MB, 1.00 load
[runlim] sample:		6588.65 time, 6480.01 real, 2493 MB, 1.00 load
[runlim] sample:		6598.50 time, 6490.01 real, 2501 MB, 1.00 load
[runlim] sample:		6608.50 time, 6500.01 real, 2501 MB, 1.08 load
[runlim] sample:		6618.51 time, 6510.01 real, 2508 MB, 1.22 load
[runlim] sample:		6628.51 time, 6520.01 real, 2508 MB, 1.26 load
[runlim] sample:		6638.51 time, 6530.01 real, 2515 MB, 1.22 load
[runlim] sample:		6648.51 time, 6540.01 real, 2515 MB, 1.19 load
[runlim] sample:		6658.51 time, 6550.01 real, 2523 MB, 1.16 load
[runlim] sample:		6668.51 time, 6560.01 real, 2523 MB, 1.13 load
[runlim] sample:		6678.52 time, 6570.01 real, 2531 MB, 1.11 load
[runlim] sample:		6688.52 time, 6580.01 real, 2531 MB, 1.09 load
[runlim] sample:		6698.52 time, 6590.01 real, 2539 MB, 1.08 load
[runlim] sample:		6708.53 time, 6600.01 real, 2539 MB, 1.07 load
[runlim] sample:		6718.52 time, 6610.01 real, 2547 MB, 1.06 load
[runlim] sample:		6728.53 time, 6620.01 real, 2547 MB, 1.05 load
[runlim] sample:		6738.53 time, 6630.01 real, 2556 MB, 1.04 load
[runlim] sample:		6748.53 time, 6640.01 real, 2556 MB, 1.11 load
[runlim] sample:		6758.53 time, 6650.01 real, 2556 MB, 1.09 load
[runlim] sample:		6768.53 time, 6660.01 real, 2565 MB, 1.08 load
[runlim] sample:		6778.54 time, 6670.01 real, 2565 MB, 1.06 load
[runlim] sample:		6788.54 time, 6680.01 real, 2575 MB, 1.05 load
[runlim] sample:		6798.54 time, 6690.01 real, 2575 MB, 1.04 load
[runlim] sample:		6808.54 time, 6700.01 real, 2584 MB, 1.04 load
[runlim] sample:		6818.54 time, 6710.01 real, 2584 MB, 1.03 load
[runlim] sample:		6828.55 time, 6720.01 real, 2584 MB, 1.03 load
[runlim] sample:		6838.55 time, 6730.01 real, 2594 MB, 1.02 load
[runlim] sample:		6848.55 time, 6740.01 real, 2594 MB, 1.02 load
[runlim] sample:		6858.55 time, 6750.01 real, 2603 MB, 1.01 load
[runlim] sample:		6868.43 time, 6760.01 real, 2603 MB, 1.01 load
[runlim] sample:		6878.43 time, 6770.01 real, 2603 MB, 1.01 load
[runlim] sample:		6888.43 time, 6780.01 real, 2613 MB, 1.01 load
[runlim] sample:		6898.43 time, 6790.01 real, 2613 MB, 1.01 load
[runlim] sample:		6908.44 time, 6800.01 real, 2623 MB, 1.00 load
[runlim] sample:		6918.44 time, 6810.01 real, 2622 MB, 1.00 load
[runlim] sample:		6928.44 time, 6820.01 real, 2622 MB, 1.00 load

NN₁: mnist_relu_3_100_gemm.onnx
NN₂: mnist_relu_3_100_0.79_adam_1_stepsize.onnx
Prop: mnist_13_global_4.vnnlib

NN₁: mnist_relu_3_100_gemm.onnx
NN₂: mnist_relu_3_100_0.79_adam_1_stepsize.onnx
Prop: mnist_13_global_5.vnnlib

NN₁: mnist_relu_3_100_gemm.onnx
NN₂: mnist_relu_3_100_0.79_adam_1_stepsize.onnx
Prop: mnist_14_global_4.vnnlib

NN₁: mnist_relu_3_100_gemm.onnx
NN₂: mnist_relu_3_100_0.79_adam_1_stepsize.onnx
Prop: mnist_14_global_5.vnnlib

NN₁: mnist_relu_3_100_gemm.onnx
NN₂: mnist_relu_3_100_0.79_adam_1_stepsize.onnx
Prop: mnist_15_global_4.vnnlib

NN₁: mnist_relu_3_100_gemm.onnx[runlim] sample:		6938.40 time, 6830.01 real, 2403 MB, 1.00 load

NN₂: mnist_relu_3_100_0.79_adam_1_stepsize.onnx
Prop: mnist_15_global_5.vnnlib
[runlim] sample:		6948.40 time, 6840.01 real, 2406 MB, 1.00 load
[runlim] sample:		6958.41 time, 6850.01 real, 2409 MB, 1.00 load
[runlim] sample:		6968.41 time, 6860.01 real, 2410 MB, 1.00 load
[runlim] sample:		6978.41 time, 6870.01 real, 2410 MB, 1.00 load
[runlim] sample:		6988.42 time, 6880.01 real, 2416 MB, 1.00 load
[runlim] sample:		6998.42 time, 6890.01 real, 2418 MB, 1.00 load
[runlim] sample:		7008.42 time, 6900.01 real, 2426 MB, 1.00 load
[runlim] sample:		7018.42 time, 6910.01 real, 2432 MB, 1.00 load
[runlim] sample:		7028.42 time, 6920.01 real, 2434 MB, 1.00 load
[runlim] sample:		7038.43 time, 6930.01 real, 2441 MB, 1.00 load
[runlim] sample:		7048.43 time, 6940.01 real, 2441 MB, 1.00 load
[runlim] sample:		7058.43 time, 6950.01 real, 2446 MB, 1.00 load
[runlim] sample:		7068.43 time, 6960.01 real, 2453 MB, 1.00 load
[runlim] sample:		7078.43 time, 6970.01 real, 2459 MB, 1.00 load
[runlim] sample:		7088.43 time, 6980.01 real, 2459 MB, 1.00 load
[runlim] sample:		7098.44 time, 6990.01 real, 2469 MB, 1.00 load
[runlim] sample:		7108.44 time, 7000.01 real, 2477 MB, 1.08 load
[runlim] sample:		7118.44 time, 7010.01 real, 2477 MB, 1.22 load
[runlim] sample:		7128.44 time, 7020.01 real, 2477 MB, 1.26 load
[runlim] sample:		7138.44 time, 7030.01 real, 2477 MB, 1.22 load
[runlim] sample:		7148.31 time, 7040.01 real, 2477 MB, 1.19 load
[runlim] sample:		7158.31 time, 7050.01 real, 2490 MB, 1.16 load
[runlim] sample:		7168.31 time, 7060.01 real, 2490 MB, 1.13 load
[runlim] sample:		7178.32 time, 7070.01 real, 2497 MB, 1.11 load
[runlim] sample:		7188.32 time, 7080.01 real, 2497 MB, 1.09 load
[runlim] sample:		7198.32 time, 7090.01 real, 2506 MB, 1.08 load
[runlim] sample:		7208.32 time, 7100.01 real, 2518 MB, 1.07 load
[runlim] sample:		7218.32 time, 7110.01 real, 2518 MB, 1.06 load
[runlim] sample:		7228.32 time, 7120.01 real, 2518 MB, 1.05 load
[runlim] sample:		7238.33 time, 7130.01 real, 2518 MB, 1.04 load
[runlim] sample:		7248.33 time, 7140.01 real, 2520 MB, 1.03 load
[runlim] sample:		7258.34 time, 7150.01 real, 2520 MB, 1.03 load
[runlim] sample:		7268.34 time, 7160.01 real, 2520 MB, 1.02 load
[runlim] sample:		7278.34 time, 7170.01 real, 2520 MB, 1.02 load
[runlim] sample:		7288.34 time, 7180.02 real, 2520 MB, 1.02 load
[runlim] sample:		7298.34 time, 7190.01 real, 2520 MB, 1.01 load
[runlim] sample:		7308.35 time, 7200.01 real, 2520 MB, 1.01 load
[runlim] sample:		7318.35 time, 7210.02 real, 2520 MB, 1.01 load
[runlim] sample:		7328.35 time, 7220.01 real, 2520 MB, 1.01 load
[runlim] sample:		7338.35 time, 7230.01 real, 2520 MB, 1.00 load
[runlim] sample:		7348.36 time, 7240.01 real, 2525 MB, 1.00 load
[runlim] sample:		7358.35 time, 7250.01 real, 2525 MB, 1.00 load
[runlim] sample:		7368.36 time, 7260.01 real, 2525 MB, 1.00 load
[runlim] sample:		7378.36 time, 7270.01 real, 2525 MB, 1.00 load
[runlim] sample:		7388.36 time, 7280.01 real, 2525 MB, 1.00 load
[runlim] sample:		7398.36 time, 7290.01 real, 2525 MB, 1.00 load
[runlim] sample:		7408.36 time, 7300.01 real, 2525 MB, 1.00 load
[runlim] sample:		7418.22 time, 7310.01 real, 2525 MB, 1.00 load
[runlim] sample:		7428.22 time, 7320.01 real, 2538 MB, 1.00 load
[runlim] sample:		7438.23 time, 7330.01 real, 2538 MB, 1.00 load
[runlim] sample:		7448.23 time, 7340.01 real, 2547 MB, 1.00 load
[runlim] sample:		7458.24 time, 7350.01 real, 2547 MB, 1.00 load
[runlim] sample:		7468.23 time, 7360.01 real, 2547 MB, 1.00 load
[runlim] sample:		7478.23 time, 7370.01 real, 2547 MB, 1.00 load
[runlim] sample:		7488.24 time, 7380.01 real, 2547 MB, 1.00 load
[runlim] sample:		7498.24 time, 7390.01 real, 2563 MB, 1.00 load
[runlim] sample:		7508.24 time, 7400.01 real, 2563 MB, 1.00 load
[runlim] sample:		7518.24 time, 7410.01 real, 2563 MB, 1.00 load
[runlim] sample:		7528.25 time, 7420.01 real, 2563 MB, 1.00 load
[runlim] sample:		7538.25 time, 7430.01 real, 2563 MB, 1.00 load

NN₁: mnist_relu_3_100_gemm.onnx
NN₂: mnist_relu_3_100_0.79_adam_1_stepsize.onnx
Prop: mnist_16_global_4.vnnlib

NN₁: mnist_relu_3_100_gemm.onnx
NN₂: mnist_relu_3_100_0.79_adam_1_stepsize.onnx
Prop: mnist_16_global_5.vnnlib
[runlim] sample:		7548.58 time, 7440.01 real, 2398 MB, 1.00 load
[runlim] sample:		7559.14 time, 7450.01 real, 2394 MB, 1.00 load
[runlim] sample:		7570.79 time, 7460.01 real, 2398 MB, 1.00 load
[runlim] sample:		7580.79 time, 7470.01 real, 2398 MB, 1.00 load
[runlim] sample:		7591.47 time, 7480.01 real, 2401 MB, 1.00 load
[runlim] sample:		7601.91 time, 7490.01 real, 2400 MB, 1.00 load
[runlim] sample:		7613.11 time, 7500.01 real, 2402 MB, 1.08 load
[runlim] sample:		7624.04 time, 7510.01 real, 2401 MB, 1.22 load
[runlim] sample:		7634.04 time, 7520.01 real, 2401 MB, 1.26 load
[runlim] sample:		7645.51 time, 7530.01 real, 2400 MB, 1.22 load
[runlim] sample:		7658.14 time, 7540.01 real, 2400 MB, 1.33 load
[runlim] sample:		7668.30 time, 7550.01 real, 2399 MB, 1.28 load
[runlim] sample:		7678.36 time, 7560.01 real, 2399 MB, 1.24 load
[runlim] sample:		7688.50 time, 7570.01 real, 2402 MB, 1.20 load
[runlim] sample:		7698.27 time, 7580.01 real, 2407 MB, 1.17 load
[runlim] sample:		7708.84 time, 7590.01 real, 2408 MB, 1.14 load
[runlim] sample:		7718.92 time, 7600.01 real, 2414 MB, 1.12 load
[runlim] sample:		7728.93 time, 7610.01 real, 2423 MB, 1.10 load
[runlim] sample:		7739.51 time, 7620.01 real, 2426 MB, 1.09 load
[runlim] sample:		7752.56 time, 7630.02 real, 2429 MB, 1.23 load
[runlim] sample:		7763.86 time, 7640.01 real, 2435 MB, 1.20 load
[runlim] sample:		7774.76 time, 7650.01 real, 2439 MB, 1.17 load
[runlim] sample:		7786.81 time, 7660.02 real, 2439 MB, 1.14 load
[runlim] sample:		7796.82 time, 7670.01 real, 2441 MB, 1.12 load
[runlim] sample:		7806.82 time, 7680.02 real, 2441 MB, 1.10 load
[runlim] sample:		7816.82 time, 7690.01 real, 2444 MB, 1.08 load
[runlim] sample:		7826.83 time, 7700.01 real, 2447 MB, 1.07 load
[runlim] sample:		7837.90 time, 7710.01 real, 2446 MB, 1.06 load
[runlim] sample:		7847.90 time, 7720.01 real, 2446 MB, 1.05 load
[runlim] sample:		7860.16 time, 7730.01 real, 2460 MB, 1.04 load
[runlim] sample:		7872.35 time, 7740.01 real, 2462 MB, 1.20 load
[runlim] sample:		7882.35 time, 7750.01 real, 2466 MB, 1.16 load
[runlim] sample:		7892.34 time, 7760.01 real, 2466 MB, 1.14 load
[runlim] sample:		7902.45 time, 7770.01 real, 2473 MB, 1.12 load
[runlim] sample:		7912.98 time, 7780.01 real, 2480 MB, 1.10 load
[runlim] sample:		7923.31 time, 7790.01 real, 2479 MB, 1.08 load
[runlim] sample:		7933.35 time, 7800.01 real, 2482 MB, 1.07 load
[runlim] sample:		7943.36 time, 7810.01 real, 2489 MB, 1.06 load
[runlim] sample:		7953.37 time, 7820.01 real, 2495 MB, 1.05 load
[runlim] sample:		7963.42 time, 7830.01 real, 2497 MB, 1.04 load
[runlim] sample:		7974.23 time, 7840.01 real, 2497 MB, 1.11 load
[runlim] sample:		7984.97 time, 7850.01 real, 2504 MB, 1.09 load
[runlim] sample:		7994.97 time, 7860.01 real, 2505 MB, 1.08 load
[runlim] sample:		8005.05 time, 7870.01 real, 2513 MB, 1.06 load
[runlim] sample:		8015.05 time, 7880.01 real, 2513 MB, 1.05 load
[runlim] sample:		8025.06 time, 7890.01 real, 2522 MB, 1.05 load
[runlim] sample:		8035.06 time, 7900.01 real, 2527 MB, 1.04 load
[runlim] sample:		8045.07 time, 7910.01 real, 2527 MB, 1.03 load
[runlim] sample:		8055.26 time, 7920.01 real, 2535 MB, 1.03 load
[runlim] sample:		8065.55 time, 7930.01 real, 2539 MB, 1.02 load
[runlim] sample:		8076.45 time, 7940.01 real, 2540 MB, 1.02 load
[runlim] sample:		8086.71 time, 7950.01 real, 2544 MB, 1.02 load
[runlim] sample:		8097.92 time, 7960.01 real, 2543 MB, 1.01 load
[runlim] sample:		8108.98 time, 7970.01 real, 2545 MB, 1.01 load
[runlim] sample:		8122.27 time, 7980.01 real, 2549 MB, 1.01 load
[runlim] sample:		8136.02 time, 7990.01 real, 2546 MB, 1.01 load
[runlim] sample:		8148.88 time, 8000.01 real, 2546 MB, 1.25 load
[runlim] sample:		8158.89 time, 8010.01 real, 2546 MB, 1.36 load
[runlim] sample:		8168.88 time, 8020.01 real, 2560 MB, 1.38 load
[runlim] sample:		8178.89 time, 8030.01 real, 2560 MB, 1.32 load

NN₁: mnist_relu_3_100_gemm.onnx
NN₂: mnist_relu_3_100_0.79_adam_1_stepsize.onnx
Prop: mnist_17_global_4.vnnlib

NN₁: mnist_relu_3_100_gemm.onnx
NN₂: mnist_relu_3_100_0.79_adam_1_stepsize.onnx
Prop: mnist_17_global_5.vnnlib

NN₁: mnist_relu_3_100_gemm.onnx
NN₂: mnist_relu_3_100_0.79_adam_1_stepsize.onnx
Prop: mnist_18_global_4.vnnlib

NN₁: mnist_relu_3_100_gemm.onnx
NN₂: mnist_relu_3_100_0.79_adam_1_stepsize.onnx
Prop: mnist_18_global_5.vnnlib
[runlim] sample:		8188.87 time, 8040.01 real, 2393 MB, 1.27 load
[runlim] sample:		8198.88 time, 8050.01 real, 2394 MB, 1.23 load
[runlim] sample:		8208.88 time, 8060.01 real, 2394 MB, 1.27 load
[runlim] sample:		8218.88 time, 8070.01 real, 2396 MB, 1.23 load
[runlim] sample:		8228.88 time, 8080.01 real, 2399 MB, 1.20 load
[runlim] sample:		8238.88 time, 8090.01 real, 2400 MB, 1.17 load
[runlim] sample:		8248.88 time, 8100.01 real, 2400 MB, 1.14 load
[runlim] sample:		8258.89 time, 8110.01 real, 2404 MB, 1.12 load
[runlim] sample:		8268.89 time, 8120.01 real, 2406 MB, 1.10 load
[runlim] sample:		8278.90 time, 8130.01 real, 2413 MB, 1.08 load
[runlim] sample:		8288.90 time, 8140.01 real, 2415 MB, 1.07 load
[runlim] sample:		8298.90 time, 8150.01 real, 2421 MB, 1.06 load
[runlim] sample:		8308.90 time, 8160.01 real, 2425 MB, 1.05 load
[runlim] sample:		8318.91 time, 8170.02 real, 2425 MB, 1.04 load
[runlim] sample:		8328.90 time, 8180.01 real, 2431 MB, 1.03 load
[runlim] sample:		8338.91 time, 8190.02 real, 2435 MB, 1.03 load
[runlim] sample:		8348.91 time, 8200.01 real, 2443 MB, 1.02 load
[runlim] sample:		8358.92 time, 8210.01 real, 2443 MB, 1.02 load
[runlim] sample:		8368.91 time, 8220.01 real, 2447 MB, 1.02 load
[runlim] sample:		8378.91 time, 8230.01 real, 2454 MB, 1.01 load
[runlim] sample:		8388.92 time, 8240.01 real, 2455 MB, 1.01 load
[runlim] sample:		8398.92 time, 8250.01 real, 2455 MB, 1.08 load
[runlim] sample:		8408.92 time, 8260.01 real, 2463 MB, 1.07 load
[runlim] sample:		8418.92 time, 8270.01 real, 2470 MB, 1.06 load
[runlim] sample:		8428.93 time, 8280.01 real, 2470 MB, 1.05 load
[runlim] sample:		8438.93 time, 8290.01 real, 2475 MB, 1.04 load
[runlim] sample:		8448.93 time, 8300.01 real, 2478 MB, 1.03 load
[runlim] sample:		8458.93 time, 8310.01 real, 2478 MB, 1.03 load
[runlim] sample:		8468.93 time, 8320.01 real, 2485 MB, 1.02 load
[runlim] sample:		8478.94 time, 8330.01 real, 2488 MB, 1.02 load
[runlim] sample:		8488.94 time, 8340.01 real, 2488 MB, 1.02 load
[runlim] sample:		8498.95 time, 8350.01 real, 2493 MB, 1.01 load
[runlim] sample:		8508.94 time, 8360.01 real, 2498 MB, 1.01 load
[runlim] sample:		8518.95 time, 8370.01 real, 2498 MB, 1.01 load
[runlim] sample:		8528.96 time, 8380.01 real, 2503 MB, 1.09 load
[runlim] sample:		8538.83 time, 8390.01 real, 2507 MB, 1.07 load
[runlim] sample:		8548.83 time, 8400.01 real, 2507 MB, 1.06 load
[runlim] sample:		8558.84 time, 8410.01 real, 2513 MB, 1.05 load
[runlim] sample:		8568.84 time, 8420.01 real, 2513 MB, 1.04 load
[runlim] sample:		8578.85 time, 8430.01 real, 2540 MB, 1.04 load
[runlim] sample:		8588.84 time, 8440.01 real, 2544 MB, 1.03 load
[runlim] sample:		8598.86 time, 8450.01 real, 2544 MB, 1.02 load
[runlim] sample:		8608.86 time, 8460.01 real, 2548 MB, 1.02 load
[runlim] sample:		8618.86 time, 8470.01 real, 2548 MB, 1.02 load
[runlim] sample:		8628.87 time, 8480.01 real, 2551 MB, 1.01 load
[runlim] sample:		8638.87 time, 8490.01 real, 2551 MB, 1.01 load
[runlim] sample:		8648.88 time, 8500.01 real, 2557 MB, 1.09 load
[runlim] sample:		8658.88 time, 8510.01 real, 2564 MB, 1.23 load
[runlim] sample:		8668.88 time, 8520.01 real, 2564 MB, 1.27 load
[runlim] sample:		8678.89 time, 8530.01 real, 2567 MB, 1.23 load
[runlim] sample:		8688.89 time, 8540.01 real, 2567 MB, 1.19 load
[runlim] sample:		8698.90 time, 8550.01 real, 2576 MB, 1.16 load
[runlim] sample:		8708.89 time, 8560.01 real, 2576 MB, 1.14 load
[runlim] sample:		8718.90 time, 8570.01 real, 2577 MB, 1.11 load
[runlim] sample:		8728.90 time, 8580.01 real, 2577 MB, 1.10 load
[runlim] sample:		8738.90 time, 8590.01 real, 2582 MB, 1.08 load
[runlim] sample:		8748.90 time, 8600.01 real, 2582 MB, 1.07 load
[runlim] sample:		8758.91 time, 8610.01 real, 2590 MB, 1.06 load
[runlim] sample:		8768.91 time, 8620.02 real, 2590 MB, 1.29 load
[runlim] sample:		8778.92 time, 8630.01 real, 2592 MB, 1.24 load

NN₁: mnist_relu_3_100_gemm.onnx
NN₂: mnist_relu_3_100_0.79_adam_1_stepsize.onnx
Prop: mnist_19_global_4.vnnlib

NN₁: mnist_relu_3_100_gemm.onnx
NN₂: mnist_relu_3_100_0.79_adam_1_stepsize.onnx
Prop: mnist_19_global_5.vnnlib
[runlim] sample:		8788.91 time, 8640.01 real, 2391 MB, 1.21 load
[runlim] sample:		8798.91 time, 8650.02 real, 2393 MB, 1.17 load
[runlim] sample:		8808.78 time, 8660.01 real, 2396 MB, 1.15 load
[runlim] sample:		8818.78 time, 8670.01 real, 2396 MB, 1.12 load
[runlim] sample:		8828.78 time, 8680.01 real, 2400 MB, 1.10 load
[runlim] sample:		8838.78 time, 8690.01 real, 2405 MB, 1.09 load
[runlim] sample:		8848.78 time, 8700.01 real, 2410 MB, 1.07 load
[runlim] sample:		8858.79 time, 8710.01 real, 2410 MB, 1.06 load
[runlim] sample:		8868.78 time, 8720.01 real, 2414 MB, 1.05 load
[runlim] sample:		8878.79 time, 8730.01 real, 2419 MB, 1.04 load
[runlim] sample:		8888.79 time, 8740.01 real, 2419 MB, 1.04 load
[runlim] sample:		8898.79 time, 8750.01 real, 2424 MB, 1.03 load
[runlim] sample:		8908.79 time, 8760.01 real, 2429 MB, 1.02 load
[runlim] sample:		8918.86 time, 8770.01 real, 2429 MB, 1.02 load
[runlim] sample:		8929.42 time, 8780.01 real, 2431 MB, 1.02 load
[runlim] sample:		8939.59 time, 8790.01 real, 2431 MB, 1.01 load
[runlim] sample:		8950.60 time, 8800.01 real, 2431 MB, 1.01 load
[runlim] sample:		8961.14 time, 8810.01 real, 2431 MB, 1.01 load
[runlim] sample:		8971.73 time, 8820.01 real, 2435 MB, 1.01 load
[runlim] sample:		8981.86 time, 8830.01 real, 2438 MB, 1.09 load
[runlim] sample:		8991.86 time, 8840.01 real, 2438 MB, 1.07 load
[runlim] sample:		9001.92 time, 8850.01 real, 2437 MB, 1.14 load
[runlim] sample:		9012.14 time, 8860.01 real, 2437 MB, 1.12 load
[runlim] sample:		9022.18 time, 8870.01 real, 2437 MB, 1.10 load
[runlim] sample:		9032.57 time, 8880.01 real, 2436 MB, 1.08 load
[runlim] sample:		9043.04 time, 8890.01 real, 2438 MB, 1.07 load
[runlim] sample:		9053.22 time, 8900.01 real, 2458 MB, 1.06 load
[runlim] sample:		9063.22 time, 8910.01 real, 2458 MB, 1.05 load
[runlim] sample:		9073.24 time, 8920.01 real, 2458 MB, 1.04 load
[runlim] sample:		9083.11 time, 8930.01 real, 2458 MB, 1.04 load
[runlim] sample:		9093.37 time, 8940.01 real, 2458 MB, 1.03 load
[runlim] sample:		9104.14 time, 8950.01 real, 2462 MB, 1.02 load
[runlim] sample:		9114.87 time, 8960.01 real, 2484 MB, 1.02 load
[runlim] sample:		9125.64 time, 8970.01 real, 2482 MB, 1.02 load
[runlim] sample:		9135.81 time, 8980.01 real, 2481 MB, 1.01 load
[runlim] sample:		9145.81 time, 8990.01 real, 2481 MB, 1.01 load
[runlim] sample:		9155.81 time, 9000.01 real, 2482 MB, 1.09 load
[runlim] sample:		9165.82 time, 9010.01 real, 2482 MB, 1.23 load
[runlim] sample:		9175.81 time, 9020.01 real, 2485 MB, 1.27 load
[runlim] sample:		9185.82 time, 9030.01 real, 2487 MB, 1.23 load
[runlim] sample:		9196.24 time, 9040.01 real, 2487 MB, 1.19 load
[runlim] sample:		9207.27 time, 9050.01 real, 2489 MB, 1.16 load
[runlim] sample:		9217.99 time, 9060.01 real, 2496 MB, 1.14 load
[runlim] sample:		9229.54 time, 9070.01 real, 2497 MB, 1.11 load
[runlim] sample:		9240.60 time, 9080.01 real, 2502 MB, 1.10 load
[runlim] sample:		9251.27 time, 9090.01 real, 2502 MB, 1.08 load
[runlim] sample:		9262.95 time, 9100.01 real, 2501 MB, 1.07 load
[runlim] sample:		9274.08 time, 9110.01 real, 2506 MB, 1.06 load
[runlim] sample:		9284.09 time, 9120.01 real, 2506 MB, 1.05 load
[runlim] sample:		9294.19 time, 9130.01 real, 2513 MB, 1.04 load
[runlim] sample:		9304.96 time, 9140.01 real, 2516 MB, 1.03 load
[runlim] sample:		9315.53 time, 9150.01 real, 2525 MB, 1.03 load
[runlim] sample:		9326.03 time, 9160.01 real, 2528 MB, 1.02 load
[runlim] sample:		9336.25 time, 9170.01 real, 2531 MB, 1.02 load
[runlim] sample:		9346.57 time, 9180.01 real, 2531 MB, 1.02 load
[runlim] sample:		9357.23 time, 9190.01 real, 2534 MB, 1.01 load
[runlim] sample:		9367.83 time, 9200.01 real, 2543 MB, 1.01 load
[runlim] sample:		9378.01 time, 9210.01 real, 2545 MB, 1.01 load
[runlim] sample:		9388.56 time, 9220.01 real, 2553 MB, 1.01 load
[runlim] sample:		9399.13 time, 9230.01 real, 2554 MB, 1.00 load

NN₁: mnist_relu_3_100_gemm.onnx
NN₂: mnist_relu_3_100_0.79_adam_1_stepsize.onnx
Prop: mnist_20_global_4.vnnlib

NN₁: mnist_relu_3_100_gemm.onnx
NN₂: mnist_relu_3_100_0.79_adam_1_stepsize.onnx
Prop: mnist_20_global_5.vnnlib
[runlim] sample:		9409.28 time, 9240.01 real, 2404 MB, 1.00 load
[runlim] sample:		9419.28 time, 9250.02 real, 2404 MB, 1.00 load
[runlim] sample:		9429.28 time, 9260.01 real, 2404 MB, 1.00 load
[runlim] sample:		9439.29 time, 9270.01 real, 2404 MB, 1.00 load
[runlim] sample:		9449.29 time, 9280.01 real, 2404 MB, 1.00 load
[runlim] sample:		9459.29 time, 9290.01 real, 2404 MB, 1.00 load
[runlim] sample:		9469.30 time, 9300.01 real, 2404 MB, 1.00 load
[runlim] sample:		9479.30 time, 9310.01 real, 2404 MB, 1.00 load
[runlim] sample:		9489.30 time, 9320.01 real, 2404 MB, 1.00 load
[runlim] sample:		9499.30 time, 9330.01 real, 2404 MB, 1.00 load
[runlim] sample:		9509.30 time, 9340.01 real, 2404 MB, 1.00 load
[runlim] sample:		9519.30 time, 9350.01 real, 2404 MB, 1.00 load
[runlim] sample:		9529.31 time, 9360.01 real, 2404 MB, 1.00 load
[runlim] sample:		9539.31 time, 9370.01 real, 2404 MB, 1.00 load
[runlim] sample:		9549.31 time, 9380.01 real, 2404 MB, 1.00 load
[runlim] sample:		9559.32 time, 9390.01 real, 2404 MB, 1.00 load
[runlim] sample:		9569.32 time, 9400.01 real, 2404 MB, 1.00 load
[runlim] sample:		9579.33 time, 9410.01 real, 2404 MB, 1.00 load
[runlim] sample:		9589.32 time, 9420.01 real, 2404 MB, 1.00 load
[runlim] sample:		9599.32 time, 9430.01 real, 2404 MB, 1.00 load
[runlim] sample:		9609.33 time, 9440.01 real, 2404 MB, 1.00 load
[runlim] sample:		9619.34 time, 9450.01 real, 2404 MB, 1.00 load
[runlim] sample:		9629.33 time, 9460.01 real, 2404 MB, 1.00 load
[runlim] sample:		9639.20 time, 9470.01 real, 2404 MB, 1.00 load
[runlim] sample:		9649.20 time, 9480.01 real, 2404 MB, 1.00 load
[runlim] sample:		9659.21 time, 9490.01 real, 2404 MB, 1.00 load
[runlim] sample:		9669.20 time, 9500.01 real, 2404 MB, 1.08 load
[runlim] sample:		9679.21 time, 9510.01 real, 2404 MB, 1.22 load
[runlim] sample:		9689.22 time, 9520.01 real, 2404 MB, 1.19 load
[runlim] sample:		9699.22 time, 9530.01 real, 2404 MB, 1.16 load
[runlim] sample:		9709.22 time, 9540.01 real, 2404 MB, 1.13 load
[runlim] sample:		9719.22 time, 9550.01 real, 2404 MB, 1.11 load
[runlim] sample:		9729.23 time, 9560.01 real, 2404 MB, 1.09 load
[runlim] sample:		9739.22 time, 9570.01 real, 2404 MB, 1.08 load
[runlim] sample:		9749.23 time, 9580.01 real, 2404 MB, 1.07 load
[runlim] sample:		9759.23 time, 9590.01 real, 2404 MB, 1.06 load
[runlim] sample:		9769.24 time, 9600.01 real, 2404 MB, 1.05 load
[runlim] sample:		9779.23 time, 9610.01 real, 2404 MB, 1.04 load
[runlim] sample:		9789.24 time, 9620.01 real, 2404 MB, 1.03 load
[runlim] sample:		9799.24 time, 9630.01 real, 2404 MB, 1.03 load
[runlim] sample:		9809.25 time, 9640.01 real, 2404 MB, 1.02 load
[runlim] sample:		9819.24 time, 9650.01 real, 2404 MB, 1.02 load
[runlim] sample:		9829.25 time, 9660.01 real, 2404 MB, 1.02 load
[runlim] sample:		9839.25 time, 9670.01 real, 2404 MB, 1.01 load
[runlim] sample:		9849.26 time, 9680.01 real, 2404 MB, 1.01 load
[runlim] sample:		9859.26 time, 9690.01 real, 2404 MB, 1.01 load
[runlim] sample:		9869.26 time, 9700.01 real, 2404 MB, 1.01 load
[runlim] sample:		9879.27 time, 9710.01 real, 2404 MB, 1.00 load
[runlim] sample:		9889.27 time, 9720.01 real, 2404 MB, 1.00 load
[runlim] sample:		9899.27 time, 9730.01 real, 2404 MB, 1.08 load
[runlim] sample:		9909.14 time, 9740.01 real, 2404 MB, 1.06 load
[runlim] sample:		9919.15 time, 9750.01 real, 2404 MB, 1.05 load
[runlim] sample:		9929.15 time, 9760.01 real, 2404 MB, 1.05 load
[runlim] sample:		9939.15 time, 9770.01 real, 2404 MB, 1.04 load
[runlim] sample:		9949.16 time, 9780.01 real, 2404 MB, 1.03 load
[runlim] sample:		9959.15 time, 9790.01 real, 2404 MB, 1.03 load
[runlim] sample:		9969.16 time, 9800.01 real, 2404 MB, 1.02 load
[runlim] sample:		9979.16 time, 9810.01 real, 2404 MB, 1.02 load
[runlim] sample:		9989.17 time, 9820.01 real, 2404 MB, 1.02 load
[runlim] sample:		9999.17 time, 9830.01 real, 2404 MB, 1.01 load

NN₁: mnist_relu_3_100_gemm.onnx
NN₂: mnist_relu_3_100_0.79_adam_1_stepsize.onnx
Prop: mnist_21_global_4.vnnlib
[runlim] sample:		10009.15 time, 9840.01 real, 2406 MB, 1.01 load
[runlim] sample:		10019.15 time, 9850.01 real, 2406 MB, 1.01 load
[runlim] sample:		10029.16 time, 9860.01 real, 2406 MB, 1.01 load
[runlim] sample:		10039.16 time, 9870.01 real, 2406 MB, 1.00 load
[runlim] sample:		10049.16 time, 9880.01 real, 2406 MB, 1.00 load
[runlim] sample:		10059.16 time, 9890.01 real, 2410 MB, 1.00 load
[runlim] sample:		10069.17 time, 9900.01 real, 2421 MB, 1.00 load
[runlim] sample:		10079.17 time, 9910.01 real, 2429 MB, 1.00 load
[runlim] sample:		10089.17 time, 9920.01 real, 2436 MB, 1.00 load
[runlim] sample:		10099.17 time, 9930.01 real, 2436 MB, 1.00 load
[runlim] sample:		10109.17 time, 9940.01 real, 2441 MB, 1.00 load
[runlim] sample:		10119.18 time, 9950.01 real, 2453 MB, 1.00 load
[runlim] sample:		10129.19 time, 9960.01 real, 2462 MB, 1.00 load
[runlim] sample:		10139.18 time, 9970.01 real, 2469 MB, 1.00 load
[runlim] sample:		10149.19 time, 9980.01 real, 2480 MB, 1.00 load
[runlim] sample:		10159.19 time, 9990.01 real, 2491 MB, 1.00 load
[runlim] sample:		10169.19 time, 10000.01 real, 2491 MB, 1.08 load
[runlim] sample:		10179.06 time, 10010.01 real, 2498 MB, 1.22 load
[runlim] sample:		10189.06 time, 10020.01 real, 2512 MB, 1.19 load
[runlim] sample:		10199.07 time, 10030.01 real, 2522 MB, 1.16 load
[runlim] sample:		10209.07 time, 10040.01 real, 2522 MB, 1.13 load
[runlim] sample:		10219.07 time, 10050.01 real, 2531 MB, 1.11 load
[runlim] sample:		10229.07 time, 10060.01 real, 2568 MB, 1.09 load
[runlim] sample:		10239.07 time, 10070.01 real, 2568 MB, 1.08 load
[runlim] sample:		10249.08 time, 10080.01 real, 2583 MB, 1.07 load
[runlim] sample:		10259.08 time, 10090.01 real, 2595 MB, 1.06 load
[runlim] sample:		10269.08 time, 10100.01 real, 2595 MB, 1.05 load
[runlim] sample:		10279.09 time, 10110.01 real, 2607 MB, 1.04 load
[runlim] sample:		10289.09 time, 10120.01 real, 2619 MB, 1.03 load
[runlim] sample:		10299.09 time, 10130.01 real, 2619 MB, 1.03 load
[runlim] sample:		10309.10 time, 10140.01 real, 2630 MB, 1.02 load
[runlim] sample:		10319.09 time, 10150.01 real, 2630 MB, 1.02 load
[runlim] sample:		10329.10 time, 10160.01 real, 2644 MB, 1.02 load
[runlim] sample:		10339.10 time, 10170.01 real, 2660 MB, 1.01 load
[runlim] sample:		10349.10 time, 10180.01 real, 2660 MB, 1.01 load
[runlim] sample:		10359.11 time, 10190.01 real, 2674 MB, 1.01 load
[runlim] sample:		10369.11 time, 10200.01 real, 2674 MB, 1.01 load
[runlim] sample:		10379.11 time, 10210.01 real, 2687 MB, 1.00 load
[runlim] sample:		10389.11 time, 10220.01 real, 2687 MB, 1.00 load
[runlim] sample:		10399.12 time, 10230.01 real, 2704 MB, 1.00 load
[runlim] sample:		10409.12 time, 10240.01 real, 2704 MB, 1.00 load
[runlim] sample:		10419.12 time, 10250.01 real, 2722 MB, 1.00 load
[runlim] sample:		10429.13 time, 10260.01 real, 2722 MB, 1.00 load
[runlim] sample:		10439.13 time, 10270.01 real, 2766 MB, 1.00 load
[runlim] sample:		10448.99 time, 10280.01 real, 2766 MB, 1.00 load
[runlim] sample:		10459.00 time, 10290.01 real, 2805 MB, 1.00 load
[runlim] sample:		10469.01 time, 10300.01 real, 2805 MB, 1.00 load
[runlim] sample:		10479.00 time, 10310.01 real, 2839 MB, 1.00 load
[runlim] sample:		10489.00 time, 10320.01 real, 2839 MB, 1.00 load
[runlim] sample:		10499.00 time, 10330.01 real, 2882 MB, 1.00 load
[runlim] sample:		10509.02 time, 10340.01 real, 2882 MB, 1.00 load
[runlim] sample:		10519.01 time, 10350.01 real, 2882 MB, 1.00 load
[runlim] sample:		10529.01 time, 10360.01 real, 2923 MB, 1.00 load
[runlim] sample:		10539.02 time, 10370.01 real, 2923 MB, 1.00 load
[runlim] sample:		10549.02 time, 10380.01 real, 2965 MB, 1.00 load
[runlim] sample:		10559.03 time, 10390.01 real, 2965 MB, 1.00 load
[runlim] sample:		10569.02 time, 10400.01 real, 3002 MB, 1.00 load
[runlim] sample:		10579.03 time, 10410.01 real, 3000 MB, 1.00 load
[runlim] sample:		10589.03 time, 10420.01 real, 3000 MB, 1.00 load
[runlim] sample:		10599.04 time, 10430.01 real, 3046 MB, 1.00 load

NN₁: mnist_relu_3_100_gemm.onnx
NN₂: mnist_relu_3_100_0.79_adam_1_stepsize.onnx
Prop: mnist_21_global_5.vnnlib
[runlim] sample:		10609.02 time, 10440.01 real, 2518 MB, 1.00 load
[runlim] sample:		10619.02 time, 10450.01 real, 2518 MB, 1.00 load
[runlim] sample:		10629.02 time, 10460.01 real, 2522 MB, 1.00 load
[runlim] sample:		10639.02 time, 10470.01 real, 2411 MB, 1.00 load
[runlim] sample:		10649.03 time, 10480.01 real, 2415 MB, 1.00 load
[runlim] sample:		10659.02 time, 10490.01 real, 2418 MB, 1.00 load
[runlim] sample:		10669.03 time, 10500.01 real, 2421 MB, 1.08 load
[runlim] sample:		10679.03 time, 10510.01 real, 2425 MB, 1.22 load
[runlim] sample:		10689.03 time, 10520.01 real, 2431 MB, 1.19 load
[runlim] sample:		10699.04 time, 10530.01 real, 2431 MB, 1.16 load
[runlim] sample:		10709.04 time, 10540.01 real, 2437 MB, 1.13 load
[runlim] sample:		10718.88 time, 10550.01 real, 2441 MB, 1.11 load
[runlim] sample:		10728.87 time, 10560.01 real, 2446 MB, 1.09 load
[runlim] sample:		10738.87 time, 10570.01 real, 2446 MB, 1.08 load
[runlim] sample:		10748.88 time, 10580.01 real, 2451 MB, 1.14 load
[runlim] sample:		10758.88 time, 10590.01 real, 2456 MB, 1.12 load
[runlim] sample:		10768.89 time, 10600.01 real, 2456 MB, 1.10 load
[runlim] sample:		10778.89 time, 10610.01 real, 2461 MB, 1.08 load
[runlim] sample:		10788.89 time, 10620.01 real, 2467 MB, 1.07 load
[runlim] sample:		10798.89 time, 10630.01 real, 2467 MB, 1.06 load
[runlim] sample:		10808.90 time, 10640.01 real, 2474 MB, 1.05 load
[runlim] sample:		10818.89 time, 10650.01 real, 2474 MB, 1.04 load
[runlim] sample:		10828.90 time, 10660.01 real, 2481 MB, 1.04 load
[runlim] sample:		10838.91 time, 10670.01 real, 2488 MB, 1.03 load
[runlim] sample:		10848.90 time, 10680.01 real, 2488 MB, 1.02 load
[runlim] sample:		10858.91 time, 10690.02 real, 2495 MB, 1.02 load
[runlim] sample:		10868.92 time, 10700.01 real, 2495 MB, 1.02 load
[runlim] sample:		10878.91 time, 10710.02 real, 2503 MB, 1.01 load
[runlim] sample:		10888.92 time, 10720.01 real, 2503 MB, 1.01 load
[runlim] sample:		10898.92 time, 10730.01 real, 2510 MB, 1.01 load
[runlim] sample:		10908.93 time, 10740.01 real, 2518 MB, 1.01 load
[runlim] sample:		10918.93 time, 10750.01 real, 2518 MB, 1.01 load
[runlim] sample:		10928.92 time, 10760.01 real, 2526 MB, 1.00 load
[runlim] sample:		10938.93 time, 10770.01 real, 2526 MB, 1.00 load
[runlim] sample:		10948.93 time, 10780.01 real, 2534 MB, 1.00 load
[runlim] sample:		10958.93 time, 10790.01 real, 2534 MB, 1.00 load
[runlim] sample:		10968.94 time, 10800.01 real, 2542 MB, 1.00 load
[runlim] sample:		10978.94 time, 10810.01 real, 2542 MB, 1.00 load
[runlim] sample:		10988.79 time, 10820.01 real, 2550 MB, 1.00 load
[runlim] sample:		10998.80 time, 10830.01 real, 2550 MB, 1.00 load
[runlim] sample:		11008.79 time, 10840.01 real, 2559 MB, 1.00 load
[runlim] sample:		11018.80 time, 10850.01 real, 2559 MB, 1.00 load
[runlim] sample:		11028.80 time, 10860.01 real, 2559 MB, 1.00 load
[runlim] sample:		11038.80 time, 10870.01 real, 2568 MB, 1.00 load
[runlim] sample:		11048.81 time, 10880.01 real, 2568 MB, 1.00 load
[runlim] sample:		11058.81 time, 10890.01 real, 2578 MB, 1.00 load
[runlim] sample:		11068.81 time, 10900.01 real, 2578 MB, 1.00 load
[runlim] sample:		11078.81 time, 10910.01 real, 2588 MB, 1.00 load
[runlim] sample:		11088.81 time, 10920.01 real, 2588 MB, 1.00 load
[runlim] sample:		11098.82 time, 10930.01 real, 2588 MB, 1.00 load
[runlim] sample:		11108.82 time, 10940.01 real, 2598 MB, 1.00 load
[runlim] sample:		11118.82 time, 10950.01 real, 2598 MB, 1.00 load
[runlim] sample:		11128.83 time, 10960.01 real, 2607 MB, 1.00 load
[runlim] sample:		11138.83 time, 10970.01 real, 2607 MB, 1.00 load
[runlim] sample:		11148.83 time, 10980.01 real, 2607 MB, 1.00 load
[runlim] sample:		11158.83 time, 10990.01 real, 2617 MB, 1.00 load
[runlim] sample:		11168.83 time, 11000.01 real, 2617 MB, 1.08 load
[runlim] sample:		11178.83 time, 11010.01 real, 2628 MB, 1.22 load
[runlim] sample:		11188.84 time, 11020.01 real, 2627 MB, 1.19 load
[runlim] sample:		11198.84 time, 11030.01 real, 2627 MB, 1.16 load

NN₁: mnist_relu_3_100_gemm.onnx
NN₂: mnist_relu_3_100_0.79_adam_1_stepsize.onnx
Prop: mnist_22_global_4.vnnlib

NN₁: mnist_relu_3_100_gemm.onnx
NN₂: mnist_relu_3_100_0.79_adam_1_stepsize.onnx
Prop: mnist_22_global_5.vnnlib
[runlim] sample:		11208.83 time, 11040.01 real, 2408 MB, 1.13 load

NN₁: mnist_relu_3_100_gemm.onnx
NN₂: mnist_relu_3_100_0.79_adam_1_stepsize.onnx
Prop: mnist_23_global_4.vnnlib

NN₁: mnist_relu_3_100_gemm.onnx
NN₂: mnist_relu_3_100_0.79_adam_1_stepsize.onnx
Prop: mnist_23_global_5.vnnlib
[runlim] sample:		11218.79 time, 11050.01 real, 2409 MB, 1.11 load
[runlim] sample:		11228.79 time, 11060.01 real, 2411 MB, 1.09 load
[runlim] sample:		11238.79 time, 11070.01 real, 2414 MB, 1.08 load
[runlim] sample:		11248.79 time, 11080.01 real, 2417 MB, 1.07 load
[runlim] sample:		11258.65 time, 11090.01 real, 2422 MB, 1.06 load
[runlim] sample:		11268.65 time, 11100.01 real, 2422 MB, 1.05 load
[runlim] sample:		11278.66 time, 11110.01 real, 2426 MB, 1.04 load
[runlim] sample:		11288.66 time, 11120.01 real, 2430 MB, 1.03 load
[runlim] sample:		11298.66 time, 11130.01 real, 2435 MB, 1.03 load
[runlim] sample:		11308.66 time, 11140.01 real, 2440 MB, 1.02 load
[runlim] sample:		11318.67 time, 11150.01 real, 2440 MB, 1.02 load
[runlim] sample:		11328.67 time, 11160.01 real, 2445 MB, 1.02 load
[runlim] sample:		11338.67 time, 11170.01 real, 2450 MB, 1.01 load
[runlim] sample:		11348.68 time, 11180.01 real, 2455 MB, 1.01 load
[runlim] sample:		11358.67 time, 11190.01 real, 2455 MB, 1.01 load
[runlim] sample:		11368.68 time, 11200.01 real, 2461 MB, 1.01 load
[runlim] sample:		11378.69 time, 11210.01 real, 2468 MB, 1.00 load
[runlim] sample:		11388.69 time, 11220.01 real, 2468 MB, 1.00 load
[runlim] sample:		11398.69 time, 11230.01 real, 2475 MB, 1.00 load
[runlim] sample:		11408.69 time, 11240.01 real, 2475 MB, 1.00 load
[runlim] sample:		11425.37 time, 11250.01 real, 2467 MB, 1.00 load
[runlim] sample:		11446.41 time, 11260.01 real, 2464 MB, 1.00 load
[runlim] sample:		11467.88 time, 11270.02 real, 2467 MB, 1.07 load
[runlim] sample:		11486.88 time, 11280.01 real, 2465 MB, 1.06 load
[runlim] sample:		11505.96 time, 11290.01 real, 2466 MB, 1.05 load
[runlim] sample:		11526.65 time, 11300.02 real, 2467 MB, 1.04 load
[runlim] sample:		11543.80 time, 11310.01 real, 2466 MB, 1.04 load
[runlim] sample:		11562.11 time, 11320.01 real, 2469 MB, 1.18 load
[runlim] sample:		11581.73 time, 11330.02 real, 2470 MB, 1.81 load
[runlim] sample:		11601.76 time, 11340.01 real, 2477 MB, 1.69 load
[runlim] sample:		11621.87 time, 11350.01 real, 2480 MB, 1.58 load
[runlim] sample:		11642.11 time, 11360.01 real, 2481 MB, 1.49 load
[runlim] sample:		11661.91 time, 11370.01 real, 2491 MB, 1.42 load
[runlim] sample:		11681.61 time, 11380.01 real, 2495 MB, 1.35 load
[runlim] sample:		11699.57 time, 11390.01 real, 2492 MB, 1.30 load
[runlim] sample:		11718.93 time, 11400.01 real, 2503 MB, 1.25 load
[runlim] sample:		11735.45 time, 11410.01 real, 2513 MB, 1.21 load
[runlim] sample:		11751.03 time, 11420.01 real, 2518 MB, 1.18 load
[runlim] sample:		11770.48 time, 11430.01 real, 2518 MB, 1.15 load
[runlim] sample:		11786.90 time, 11440.01 real, 2520 MB, 1.13 load
[runlim] sample:		11804.36 time, 11450.01 real, 2528 MB, 1.11 load
[runlim] sample:		11821.96 time, 11460.01 real, 2533 MB, 1.09 load
[runlim] sample:		11841.38 time, 11470.01 real, 2530 MB, 1.32 load
[runlim] sample:		11860.14 time, 11480.01 real, 2541 MB, 3.03 load
[runlim] sample:		11877.73 time, 11490.01 real, 2535 MB, 2.72 load
[runlim] sample:		11895.89 time, 11500.01 real, 2538 MB, 2.53 load
[runlim] sample:		11912.88 time, 11510.01 real, 2540 MB, 2.45 load
[runlim] sample:		11931.59 time, 11520.01 real, 2552 MB, 4.63 load
[runlim] sample:		11948.34 time, 11530.01 real, 2555 MB, 4.07 load
[runlim] sample:		11966.90 time, 11540.01 real, 2554 MB, 3.60 load
[runlim] sample:		11985.67 time, 11550.01 real, 2569 MB, 3.20 load
[runlim] sample:		12001.69 time, 11560.01 real, 2569 MB, 2.86 load
[runlim] sample:		12019.75 time, 11570.01 real, 2568 MB, 2.57 load
[runlim] sample:		12038.04 time, 11580.01 real, 2572 MB, 2.33 load
[runlim] sample:		12055.40 time, 11590.01 real, 2580 MB, 2.13 load
[runlim] sample:		12074.02 time, 11600.01 real, 2588 MB, 1.95 load
[runlim] sample:		12090.04 time, 11610.01 real, 2592 MB, 1.81 load
[runlim] sample:		12109.63 time, 11620.01 real, 2577 MB, 1.68 load
[runlim] sample:		12126.23 time, 11630.01 real, 2592 MB, 1.58 load
[runlim] sample:		12144.40 time, 11640.01 real, 2590 MB, 1.49 load

NN₁: mnist_relu_3_100_gemm.onnx
NN₂: mnist_relu_3_100_0.79_adam_1_stepsize.onnx
Prop: mnist_24_global_4.vnnlib
[runlim] sample:		12159.14 time, 11650.01 real, 2402 MB, 1.41 load
[runlim] sample:		12169.14 time, 11660.01 real, 2404 MB, 1.35 load
[runlim] sample:		12179.15 time, 11670.01 real, 2403 MB, 1.29 load
[runlim] sample:		12189.14 time, 11680.01 real, 2405 MB, 1.25 load
[runlim] sample:		12199.14 time, 11690.01 real, 2405 MB, 1.21 load
[runlim] sample:		12209.15 time, 11700.01 real, 2406 MB, 1.18 load
[runlim] sample:		12219.15 time, 11710.01 real, 2406 MB, 1.15 load
[runlim] sample:		12229.15 time, 11720.01 real, 2406 MB, 1.13 load
[runlim] sample:		12239.15 time, 11730.01 real, 2406 MB, 1.11 load
[runlim] sample:		12249.15 time, 11740.01 real, 2406 MB, 1.09 load
[runlim] sample:		12259.15 time, 11750.01 real, 2409 MB, 1.08 load
[runlim] sample:		12269.16 time, 11760.01 real, 2412 MB, 1.06 load
[runlim] sample:		12279.16 time, 11770.01 real, 2414 MB, 1.05 load
[runlim] sample:		12289.16 time, 11780.01 real, 2422 MB, 1.04 load
[runlim] sample:		12299.16 time, 11790.01 real, 2422 MB, 1.04 load
[runlim] sample:		12309.16 time, 11800.01 real, 2424 MB, 1.03 load
[runlim] sample:		12319.17 time, 11810.01 real, 2425 MB, 1.03 load
[runlim] sample:		12329.16 time, 11820.01 real, 2429 MB, 1.02 load
[runlim] sample:		12339.16 time, 11830.01 real, 2429 MB, 1.09 load
[runlim] sample:		12349.17 time, 11840.01 real, 2430 MB, 1.08 load
[runlim] sample:		12359.17 time, 11850.01 real, 2436 MB, 1.06 load
[runlim] sample:		12369.17 time, 11860.01 real, 2439 MB, 1.05 load
[runlim] sample:		12384.38 time, 11870.01 real, 2440 MB, 1.21 load
[runlim] sample:		12394.52 time, 11880.01 real, 2440 MB, 1.17 load
[runlim] sample:		12404.52 time, 11890.01 real, 2443 MB, 1.22 load
[runlim] sample:		12414.46 time, 11900.01 real, 2449 MB, 1.19 load
[runlim] sample:		12426.15 time, 11910.01 real, 2446 MB, 1.16 load
[runlim] sample:		12442.61 time, 11920.01 real, 2444 MB, 1.13 load
[runlim] sample:		12456.91 time, 11930.01 real, 2447 MB, 1.11 load
[runlim] sample:		12467.31 time, 11940.01 real, 2450 MB, 1.09 load
[runlim] sample:		12484.28 time, 11950.01 real, 2447 MB, 1.08 load
[runlim] sample:		12497.99 time, 11960.01 real, 2450 MB, 1.07 load
[runlim] sample:		12514.86 time, 11970.01 real, 2453 MB, 1.06 load
[runlim] sample:		12534.38 time, 11980.01 real, 2449 MB, 1.05 load
[runlim] sample:		12551.18 time, 11990.01 real, 2451 MB, 1.04 load
[runlim] sample:		12566.84 time, 12000.01 real, 2456 MB, 1.11 load
[runlim] sample:		12579.94 time, 12010.01 real, 2453 MB, 1.40 load
[runlim] sample:		12594.49 time, 12020.01 real, 2453 MB, 3.17 load
[runlim] sample:		12614.00 time, 12030.01 real, 2453 MB, 2.84 load
[runlim] sample:		12627.74 time, 12040.01 real, 2456 MB, 2.55 load
[runlim] sample:		12648.17 time, 12050.01 real, 2457 MB, 2.31 load
[runlim] sample:		12661.39 time, 12060.01 real, 2458 MB, 2.11 load
[runlim] sample:		12674.18 time, 12070.01 real, 2467 MB, 1.94 load
[runlim] sample:		12692.80 time, 12080.01 real, 2467 MB, 2.20 load
[runlim] sample:		12707.11 time, 12090.01 real, 2467 MB, 2.01 load
[runlim] sample:		12724.69 time, 12100.01 real, 2470 MB, 2.00 load
[runlim] sample:		12740.95 time, 12110.01 real, 2469 MB, 1.85 load
[runlim] sample:		12760.28 time, 12120.01 real, 2473 MB, 1.72 load
[runlim] sample:		12778.76 time, 12130.01 real, 2477 MB, 3.21 load
[runlim] sample:		12797.77 time, 12140.01 real, 2475 MB, 2.87 load
[runlim] sample:		12813.44 time, 12150.01 real, 2490 MB, 2.58 load
[runlim] sample:		12829.78 time, 12160.01 real, 2495 MB, 2.34 load
[runlim] sample:		12845.71 time, 12170.01 real, 2486 MB, 2.13 load
[runlim] sample:		12860.77 time, 12180.01 real, 2487 MB, 1.96 load
[runlim] sample:		12878.26 time, 12190.01 real, 2493 MB, 1.81 load
[runlim] sample:		12896.83 time, 12200.02 real, 2483 MB, 1.68 load
[runlim] sample:		12911.08 time, 12210.01 real, 2494 MB, 1.58 load
[runlim] sample:		12922.96 time, 12220.01 real, 2492 MB, 1.64 load
[runlim] sample:		12937.76 time, 12230.01 real, 2492 MB, 1.69 load
[runlim] sample:		12952.30 time, 12240.01 real, 2493 MB, 1.58 load
[runlim] sample:		12967.43 time, 12250.01 real, 2405 MB, 1.79 load

NN₁: mnist_relu_3_100_gemm.onnx
NN₂: mnist_relu_3_100_0.79_adam_1_stepsize.onnx
Prop: mnist_24_global_5.vnnlib
[runlim] sample:		12977.42 time, 12260.01 real, 2407 MB, 1.66 load
[runlim] sample:		12987.41 time, 12270.01 real, 2410 MB, 1.56 load
[runlim] sample:		12997.42 time, 12280.01 real, 2412 MB, 1.48 load
[runlim] sample:		13007.42 time, 12290.01 real, 2416 MB, 1.40 load
[runlim] sample:		13017.43 time, 12300.01 real, 2420 MB, 1.34 load
[runlim] sample:		13027.43 time, 12310.01 real, 2420 MB, 1.29 load
[runlim] sample:		13037.43 time, 12320.01 real, 2424 MB, 1.24 load
[runlim] sample:		13047.43 time, 12330.01 real, 2428 MB, 1.20 load
[runlim] sample:		13057.43 time, 12340.01 real, 2428 MB, 1.17 load
[runlim] sample:		13067.43 time, 12350.01 real, 2434 MB, 1.15 load
[runlim] sample:		13077.43 time, 12360.01 real, 2438 MB, 1.12 load
[runlim] sample:		13087.44 time, 12370.01 real, 2438 MB, 1.10 load
[runlim] sample:		13097.44 time, 12380.01 real, 2443 MB, 1.09 load
[runlim] sample:		13107.44 time, 12390.01 real, 2448 MB, 1.07 load
[runlim] sample:		13117.45 time, 12400.01 real, 2448 MB, 1.06 load
[runlim] sample:		13127.45 time, 12410.01 real, 2453 MB, 1.05 load
[runlim] sample:		13137.45 time, 12420.01 real, 2454 MB, 1.04 load
[runlim] sample:		13147.45 time, 12430.01 real, 2457 MB, 1.04 load
[runlim] sample:		13157.31 time, 12440.01 real, 2463 MB, 1.03 load
[runlim] sample:		13167.31 time, 12450.01 real, 2463 MB, 1.02 load
[runlim] sample:		13177.32 time, 12460.01 real, 2468 MB, 1.02 load
[runlim] sample:		13187.31 time, 12470.01 real, 2468 MB, 1.02 load
[runlim] sample:		13197.31 time, 12480.01 real, 2473 MB, 1.01 load
[runlim] sample:		13207.32 time, 12490.01 real, 2473 MB, 1.01 load
[runlim] sample:		13217.33 time, 12500.01 real, 2479 MB, 1.09 load
[runlim] sample:		13227.33 time, 12510.01 real, 2479 MB, 1.23 load
[runlim] sample:		13237.32 time, 12520.01 real, 2486 MB, 1.27 load
[runlim] sample:		13247.33 time, 12530.01 real, 2492 MB, 1.23 load
[runlim] sample:		13257.33 time, 12540.01 real, 2492 MB, 1.19 load
[runlim] sample:		13267.34 time, 12550.01 real, 2498 MB, 1.16 load
[runlim] sample:		13277.34 time, 12560.01 real, 2498 MB, 1.14 load
[runlim] sample:		13287.33 time, 12570.01 real, 2506 MB, 1.11 load
[runlim] sample:		13297.34 time, 12580.01 real, 2506 MB, 1.10 load
[runlim] sample:		13307.34 time, 12590.01 real, 2506 MB, 1.08 load
[runlim] sample:		13317.35 time, 12600.01 real, 2513 MB, 1.07 load
[runlim] sample:		13327.34 time, 12610.01 real, 2513 MB, 1.06 load
[runlim] sample:		13337.35 time, 12620.01 real, 2519 MB, 1.05 load
[runlim] sample:		13347.35 time, 12630.01 real, 2519 MB, 1.04 load
[runlim] sample:		13357.35 time, 12640.01 real, 2526 MB, 1.03 load
[runlim] sample:		13367.35 time, 12650.01 real, 2526 MB, 1.03 load
[runlim] sample:		13377.36 time, 12660.01 real, 2533 MB, 1.02 load
[runlim] sample:		13387.36 time, 12670.02 real, 2533 MB, 1.02 load
[runlim] sample:		13397.36 time, 12680.01 real, 2541 MB, 1.02 load
[runlim] sample:		13407.35 time, 12690.01 real, 2540 MB, 1.01 load
[runlim] sample:		13417.36 time, 12700.01 real, 2540 MB, 1.01 load
[runlim] sample:		13427.23 time, 12710.01 real, 2548 MB, 1.01 load
[runlim] sample:		13437.24 time, 12720.01 real, 2548 MB, 1.01 load
[runlim] sample:		13447.24 time, 12730.01 real, 2555 MB, 1.00 load
[runlim] sample:		13457.24 time, 12740.01 real, 2555 MB, 1.00 load
[runlim] sample:		13467.24 time, 12750.01 real, 2555 MB, 1.00 load
[runlim] sample:		13477.24 time, 12760.01 real, 2563 MB, 1.00 load
[runlim] sample:		13487.24 time, 12770.01 real, 2563 MB, 1.00 load
[runlim] sample:		13497.25 time, 12780.01 real, 2571 MB, 1.00 load
[runlim] sample:		13507.25 time, 12790.01 real, 2571 MB, 1.00 load
[runlim] sample:		13517.25 time, 12800.01 real, 2571 MB, 1.00 load
[runlim] sample:		13527.25 time, 12810.01 real, 2581 MB, 1.00 load
[runlim] sample:		13537.25 time, 12820.01 real, 2581 MB, 1.00 load
[runlim] sample:		13547.26 time, 12830.01 real, 2589 MB, 1.00 load
[runlim] sample:		13557.26 time, 12840.01 real, 2589 MB, 1.00 load
[runlim] sample:		13567.27 time, 12850.01 real, 2589 MB, 1.00 load

NN₁: mnist_relu_3_100_gemm.onnx
NN₂: mnist_relu_3_100_0.79_adam_1_stepsize.onnx
Prop: mnist_25_global_4.vnnlib

NN₁: mnist_relu_3_100_gemm.onnx
NN₂: mnist_relu_3_100_0.79_adam_1_stepsize.onnx
Prop: mnist_25_global_5.vnnlib

NN₁: mnist_relu_3_100_gemm.onnx
NN₂: mnist_relu_3_100_0.79_adam_1_stepsize.onnx
Prop: mnist_26_global_4.vnnlib
[runlim] sample:		13577.20 time, 12860.01 real, 2414 MB, 1.00 load
[runlim] sample:		13587.21 time, 12870.01 real, 2414 MB, 1.00 load
[runlim] sample:		13597.21 time, 12880.01 real, 2414 MB, 1.00 load
[runlim] sample:		13607.22 time, 12890.01 real, 2414 MB, 1.00 load
[runlim] sample:		13617.22 time, 12900.01 real, 2414 MB, 1.00 load
[runlim] sample:		13627.23 time, 12910.01 real, 2414 MB, 1.00 load
[runlim] sample:		13637.24 time, 12920.01 real, 2414 MB, 1.00 load
[runlim] sample:		13647.23 time, 12930.01 real, 2414 MB, 1.00 load
[runlim] sample:		13657.24 time, 12940.01 real, 2414 MB, 1.00 load
[runlim] sample:		13667.24 time, 12950.01 real, 2414 MB, 1.00 load
[runlim] sample:		13677.25 time, 12960.01 real, 2414 MB, 1.00 load
[runlim] sample:		13687.25 time, 12970.01 real, 2414 MB, 1.00 load
[runlim] sample:		13697.10 time, 12980.01 real, 2414 MB, 1.00 load
[runlim] sample:		13707.10 time, 12990.01 real, 2414 MB, 1.00 load
[runlim] sample:		13717.11 time, 13000.01 real, 2414 MB, 1.08 load
[runlim] sample:		13727.10 time, 13010.01 real, 2414 MB, 1.22 load
[runlim] sample:		13737.11 time, 13020.01 real, 2414 MB, 1.26 load
[runlim] sample:		13747.12 time, 13030.01 real, 2414 MB, 1.22 load
[runlim] sample:		13757.12 time, 13040.01 real, 2414 MB, 1.19 load
[runlim] sample:		13767.12 time, 13050.01 real, 2414 MB, 1.16 load
[runlim] sample:		13777.13 time, 13060.01 real, 2414 MB, 1.13 load
[runlim] sample:		13787.13 time, 13070.01 real, 2414 MB, 1.11 load
[runlim] sample:		13797.14 time, 13080.01 real, 2414 MB, 1.09 load
[runlim] sample:		13807.14 time, 13090.01 real, 2414 MB, 1.08 load
[runlim] sample:		13817.15 time, 13100.01 real, 2414 MB, 1.07 load
[runlim] sample:		13827.14 time, 13110.01 real, 2414 MB, 1.06 load
[runlim] sample:		13837.15 time, 13120.01 real, 2414 MB, 1.05 load
[runlim] sample:		13847.15 time, 13130.01 real, 2414 MB, 1.04 load
[runlim] sample:		13857.15 time, 13140.01 real, 2414 MB, 1.03 load
[runlim] sample:		13867.16 time, 13150.02 real, 2414 MB, 1.03 load
[runlim] sample:		13877.16 time, 13160.01 real, 2414 MB, 1.02 load
[runlim] sample:		13887.16 time, 13170.01 real, 2414 MB, 1.02 load
[runlim] sample:		13897.17 time, 13180.02 real, 2414 MB, 1.02 load
[runlim] sample:		13907.17 time, 13190.01 real, 2414 MB, 1.01 load
[runlim] sample:		13917.17 time, 13200.01 real, 2414 MB, 1.01 load
[runlim] sample:		13927.18 time, 13210.01 real, 2414 MB, 1.01 load
[runlim] sample:		13937.18 time, 13220.01 real, 2415 MB, 1.01 load
[runlim] sample:		13947.18 time, 13230.01 real, 2415 MB, 1.00 load
[runlim] sample:		13957.18 time, 13240.01 real, 2418 MB, 1.00 load
[runlim] sample:		13967.05 time, 13250.01 real, 2419 MB, 1.08 load
[runlim] sample:		13977.06 time, 13260.01 real, 2419 MB, 1.06 load
[runlim] sample:		13987.07 time, 13270.01 real, 2421 MB, 1.05 load
[runlim] sample:		13997.07 time, 13280.01 real, 2421 MB, 1.05 load
[runlim] sample:		14007.08 time, 13290.01 real, 2423 MB, 1.04 load
[runlim] sample:		14017.07 time, 13300.01 real, 2423 MB, 1.03 load
[runlim] sample:		14027.08 time, 13310.01 real, 2424 MB, 1.03 load
[runlim] sample:		14037.09 time, 13320.01 real, 2424 MB, 1.02 load
[runlim] sample:		14047.10 time, 13330.01 real, 2424 MB, 1.02 load
[runlim] sample:		14057.10 time, 13340.01 real, 2426 MB, 1.02 load
[runlim] sample:		14067.10 time, 13350.01 real, 2426 MB, 1.01 load
[runlim] sample:		14077.10 time, 13360.01 real, 2426 MB, 1.01 load
[runlim] sample:		14087.11 time, 13370.01 real, 2427 MB, 1.01 load
[runlim] sample:		14097.11 time, 13380.01 real, 2427 MB, 1.01 load
[runlim] sample:		14107.12 time, 13390.01 real, 2428 MB, 1.08 load
[runlim] sample:		14117.11 time, 13400.01 real, 2429 MB, 1.07 load
[runlim] sample:		14127.12 time, 13410.01 real, 2429 MB, 1.13 load
[runlim] sample:		14137.12 time, 13420.01 real, 2429 MB, 1.11 load
[runlim] sample:		14147.13 time, 13430.01 real, 2429 MB, 1.09 load
[runlim] sample:		14157.12 time, 13440.01 real, 2430 MB, 1.08 load
[runlim] sample:		14167.13 time, 13450.01 real, 2431 MB, 1.07 load

NN₁: mnist_relu_3_100_gemm.onnx
NN₂: mnist_relu_3_100_0.79_adam_1_stepsize.onnx
Prop: mnist_26_global_5.vnnlib
[runlim] sample:		14177.12 time, 13460.01 real, 2410 MB, 1.06 load
[runlim] sample:		14187.12 time, 13470.01 real, 2410 MB, 1.05 load
[runlim] sample:		14197.25 time, 13480.01 real, 2410 MB, 1.04 load
[runlim] sample:		14207.97 time, 13490.01 real, 2409 MB, 1.03 load
[runlim] sample:		14217.98 time, 13500.01 real, 2409 MB, 1.11 load
[runlim] sample:		14227.97 time, 13510.01 real, 2409 MB, 1.25 load
[runlim] sample:		14237.98 time, 13520.01 real, 2408 MB, 1.35 load
[runlim] sample:		14248.64 time, 13530.01 real, 2408 MB, 1.30 load
[runlim] sample:		14259.38 time, 13540.01 real, 2408 MB, 1.25 load
[runlim] sample:		14273.41 time, 13550.01 real, 2405 MB, 1.21 load
[runlim] sample:		14285.53 time, 13560.01 real, 2401 MB, 1.34 load
[runlim] sample:		14297.82 time, 13570.01 real, 2403 MB, 1.29 load
[runlim] sample:		14309.11 time, 13580.01 real, 2405 MB, 1.24 load
[runlim] sample:		14319.12 time, 13590.01 real, 2405 MB, 1.21 load
[runlim] sample:		14329.25 time, 13600.01 real, 2407 MB, 1.17 load
[runlim] sample:		14339.38 time, 13610.01 real, 2413 MB, 1.15 load
[runlim] sample:		14352.75 time, 13620.01 real, 2413 MB, 1.20 load
[runlim] sample:		14365.60 time, 13630.01 real, 2415 MB, 1.17 load
[runlim] sample:		14379.10 time, 13640.01 real, 2421 MB, 1.15 load
[runlim] sample:		14390.12 time, 13650.01 real, 2420 MB, 1.12 load
[runlim] sample:		14401.32 time, 13660.01 real, 2427 MB, 1.10 load
[runlim] sample:		14414.27 time, 13670.01 real, 2422 MB, 1.09 load
[runlim] sample:		14426.36 time, 13680.01 real, 2430 MB, 1.07 load
[runlim] sample:		14439.50 time, 13690.01 real, 2433 MB, 1.06 load
[runlim] sample:		14452.87 time, 13700.01 real, 2439 MB, 1.05 load
[runlim] sample:		14465.81 time, 13710.01 real, 2440 MB, 1.20 load
[runlim] sample:		14476.71 time, 13720.01 real, 2444 MB, 1.17 load
[runlim] sample:		14487.15 time, 13730.01 real, 2449 MB, 1.15 load
[runlim] sample:		14497.25 time, 13740.01 real, 2452 MB, 1.12 load
[runlim] sample:		14507.28 time, 13750.01 real, 2458 MB, 1.10 load
[runlim] sample:		14517.78 time, 13760.01 real, 2465 MB, 1.09 load
[runlim] sample:		14527.87 time, 13770.01 real, 2466 MB, 1.07 load
[runlim] sample:		14538.85 time, 13780.01 real, 2470 MB, 1.06 load
[runlim] sample:		14549.71 time, 13790.01 real, 2470 MB, 1.05 load
[runlim] sample:		14560.98 time, 13800.01 real, 2473 MB, 1.04 load
[runlim] sample:		14574.03 time, 13810.01 real, 2479 MB, 1.04 load
[runlim] sample:		14585.85 time, 13820.01 real, 2480 MB, 1.03 load
[runlim] sample:		14598.40 time, 13830.01 real, 2482 MB, 1.10 load
[runlim] sample:		14610.17 time, 13840.01 real, 2489 MB, 1.08 load
[runlim] sample:		14620.49 time, 13850.01 real, 2494 MB, 1.07 load
[runlim] sample:		14632.73 time, 13860.01 real, 2492 MB, 1.14 load
[runlim] sample:		14644.39 time, 13870.01 real, 2491 MB, 1.12 load
[runlim] sample:		14655.43 time, 13880.01 real, 2491 MB, 1.10 load
[runlim] sample:		14667.10 time, 13890.01 real, 2499 MB, 1.08 load
[runlim] sample:		14678.25 time, 13900.01 real, 2503 MB, 1.07 load
[runlim] sample:		14689.13 time, 13910.01 real, 2510 MB, 1.06 load
[runlim] sample:		14701.72 time, 13920.01 real, 2506 MB, 1.05 load
[runlim] sample:		14714.93 time, 13930.01 real, 2513 MB, 1.19 load
[runlim] sample:		14728.91 time, 13940.01 real, 2512 MB, 1.16 load
[runlim] sample:		14741.78 time, 13950.01 real, 2513 MB, 1.13 load
[runlim] sample:		14753.49 time, 13960.01 real, 2522 MB, 1.11 load
[runlim] sample:		14766.47 time, 13970.01 real, 2527 MB, 1.10 load
[runlim] sample:		14779.27 time, 13980.01 real, 2522 MB, 1.08 load
[runlim] sample:		14791.09 time, 13990.01 real, 2526 MB, 1.07 load
[runlim] sample:		14802.55 time, 14000.01 real, 2530 MB, 1.14 load
[runlim] sample:		14813.65 time, 14010.01 real, 2533 MB, 1.27 load
[runlim] sample:		14825.32 time, 14020.01 real, 2534 MB, 1.30 load
[runlim] sample:		14836.77 time, 14030.01 real, 2541 MB, 1.26 load
[runlim] sample:		14848.67 time, 14040.01 real, 2546 MB, 1.22 load
[runlim] sample:		14860.56 time, 14050.01 real, 2548 MB, 1.18 load

NN₁: mnist_relu_3_100_gemm.onnx
NN₂: mnist_relu_3_100_0.79_adam_1_stepsize.onnx
Prop: mnist_27_global_4.vnnlib

NN₁: mnist_relu_3_100_gemm.onnx
NN₂: mnist_relu_3_100_0.79_adam_1_stepsize.onnx
Prop: mnist_27_global_5.vnnlib
[runlim] sample:		14870.92 time, 14060.01 real, 2419 MB, 1.15 load
[runlim] sample:		14880.91 time, 14070.01 real, 2419 MB, 1.13 load
[runlim] sample:		14890.92 time, 14080.01 real, 2419 MB, 1.11 load
[runlim] sample:		14900.92 time, 14090.01 real, 2419 MB, 1.09 load
[runlim] sample:		14910.93 time, 14100.01 real, 2419 MB, 1.08 load
[runlim] sample:		14920.92 time, 14110.01 real, 2424 MB, 1.06 load
[runlim] sample:		14930.93 time, 14120.01 real, 2430 MB, 1.05 load
[runlim] sample:		14940.93 time, 14130.01 real, 2437 MB, 1.05 load
[runlim] sample:		14950.93 time, 14140.01 real, 2441 MB, 1.04 load
[runlim] sample:		14960.94 time, 14150.01 real, 2450 MB, 1.03 load
[runlim] sample:		14970.94 time, 14160.01 real, 2458 MB, 1.03 load
[runlim] sample:		14980.94 time, 14170.02 real, 2466 MB, 1.02 load
[runlim] sample:		14990.94 time, 14180.01 real, 2477 MB, 1.02 load
[runlim] sample:		15000.94 time, 14190.02 real, 2485 MB, 1.02 load
[runlim] sample:		15010.94 time, 14200.01 real, 2485 MB, 1.01 load
[runlim] sample:		15020.95 time, 14210.01 real, 2495 MB, 1.01 load
[runlim] sample:		15031.14 time, 14220.01 real, 2496 MB, 1.01 load
[runlim] sample:		15041.52 time, 14230.01 real, 2503 MB, 1.01 load
[runlim] sample:		15051.66 time, 14240.01 real, 2515 MB, 1.00 load
[runlim] sample:		15063.54 time, 14250.01 real, 2512 MB, 1.00 load
[runlim] sample:		15073.99 time, 14260.01 real, 2513 MB, 1.00 load
[runlim] sample:		15086.13 time, 14270.01 real, 2516 MB, 1.00 load
[runlim] sample:		15096.52 time, 14280.01 real, 2519 MB, 1.08 load
[runlim] sample:		15106.52 time, 14290.01 real, 2533 MB, 1.07 load
[runlim] sample:		15116.67 time, 14300.01 real, 2542 MB, 1.06 load
[runlim] sample:		15127.24 time, 14310.01 real, 2543 MB, 1.05 load
[runlim] sample:		15137.94 time, 14320.01 real, 2547 MB, 1.04 load
[runlim] sample:		15148.29 time, 14330.01 real, 2546 MB, 1.03 load
[runlim] sample:		15158.38 time, 14340.01 real, 2561 MB, 1.03 load
[runlim] sample:		15168.52 time, 14350.01 real, 2561 MB, 1.02 load
[runlim] sample:		15178.73 time, 14360.01 real, 2572 MB, 1.02 load
[runlim] sample:		15188.78 time, 14370.01 real, 2573 MB, 1.02 load
[runlim] sample:		15198.99 time, 14380.01 real, 2606 MB, 1.01 load
[runlim] sample:		15209.04 time, 14390.01 real, 2606 MB, 1.01 load
[runlim] sample:		15219.44 time, 14400.01 real, 2620 MB, 1.01 load
[runlim] sample:		15229.53 time, 14410.01 real, 2620 MB, 1.01 load
[runlim] sample:		15241.08 time, 14420.01 real, 2620 MB, 1.00 load
[runlim] sample:		15252.20 time, 14430.01 real, 2622 MB, 1.08 load
[runlim] sample:		15262.56 time, 14440.01 real, 2624 MB, 1.07 load
[runlim] sample:		15273.43 time, 14450.01 real, 2626 MB, 1.06 load
[runlim] sample:		15285.07 time, 14460.01 real, 2621 MB, 1.05 load
[runlim] sample:		15295.07 time, 14470.01 real, 2621 MB, 1.04 load
[runlim] sample:		15305.55 time, 14480.01 real, 2621 MB, 1.03 load
[runlim] sample:		15315.60 time, 14490.01 real, 2621 MB, 1.03 load
[runlim] sample:		15325.79 time, 14500.01 real, 2621 MB, 1.10 load
[runlim] sample:		15337.65 time, 14510.01 real, 2623 MB, 1.24 load
[runlim] sample:		15348.15 time, 14520.01 real, 2630 MB, 1.20 load
[runlim] sample:		15359.48 time, 14530.01 real, 2629 MB, 1.17 load
[runlim] sample:		15370.66 time, 14540.01 real, 2632 MB, 1.15 load
[runlim] sample:		15381.01 time, 14550.01 real, 2665 MB, 1.12 load
[runlim] sample:		15392.71 time, 14560.01 real, 2658 MB, 1.10 load
[runlim] sample:		15403.81 time, 14570.01 real, 2666 MB, 1.09 load
[runlim] sample:		15413.95 time, 14580.01 real, 2668 MB, 1.07 load
[runlim] sample:		15424.41 time, 14590.01 real, 2666 MB, 1.06 load
[runlim] sample:		15435.66 time, 14600.01 real, 2669 MB, 1.05 load
[runlim] sample:		15446.12 time, 14610.01 real, 2672 MB, 1.04 load
[runlim] sample:		15456.32 time, 14620.01 real, 2673 MB, 1.04 load
[runlim] sample:		15466.70 time, 14630.01 real, 2673 MB, 1.03 load
[runlim] sample:		15476.84 time, 14640.01 real, 2673 MB, 1.02 load
[runlim] sample:		15486.92 time, 14650.01 real, 2673 MB, 1.10 load

NN₁: mnist_relu_3_100_gemm.onnx
NN₂: mnist_relu_3_100_0.79_adam_1_stepsize.onnx
Prop: mnist_28_global_4.vnnlib

NN₁: mnist_relu_3_100_gemm.onnx
NN₂: mnist_relu_3_100_0.79_adam_1_stepsize.onnx
Prop: mnist_28_global_5.vnnlib

NN₁: mnist_relu_3_100_gemm.onnx
NN₂: mnist_relu_3_100_0.79_adam_1_stepsize.onnx
Prop: mnist_29_global_4.vnnlib
[runlim] sample:		15497.24 time, 14660.01 real, 2422 MB, 1.08 load

NN₁: mnist_relu_3_100_gemm.onnx
NN₂: mnist_relu_3_100_0.79_adam_1_stepsize.onnx
Prop: mnist_29_global_5.vnnlib
[runlim] sample:		15507.24 time, 14670.01 real, 2423 MB, 1.07 load
[runlim] sample:		15517.24 time, 14680.01 real, 2425 MB, 1.06 load
[runlim] sample:		15527.25 time, 14690.01 real, 2428 MB, 1.05 load
[runlim] sample:		15537.24 time, 14700.01 real, 2433 MB, 1.04 load
[runlim] sample:		15547.25 time, 14710.01 real, 2436 MB, 1.04 load
[runlim] sample:		15557.26 time, 14720.01 real, 2441 MB, 1.03 load
[runlim] sample:		15567.25 time, 14730.01 real, 2441 MB, 1.02 load
[runlim] sample:		15577.26 time, 14740.01 real, 2445 MB, 1.02 load
[runlim] sample:		15587.25 time, 14750.01 real, 2450 MB, 1.02 load
[runlim] sample:		15597.26 time, 14760.01 real, 2455 MB, 1.01 load
[runlim] sample:		15607.27 time, 14770.01 real, 2455 MB, 1.01 load
[runlim] sample:		15617.27 time, 14780.01 real, 2459 MB, 1.01 load
[runlim] sample:		15627.27 time, 14790.01 real, 2464 MB, 1.01 load
[runlim] sample:		15637.27 time, 14800.01 real, 2464 MB, 1.01 load
[runlim] sample:		15647.28 time, 14810.01 real, 2470 MB, 1.00 load
[runlim] sample:		15657.27 time, 14820.01 real, 2475 MB, 1.00 load
[runlim] sample:		15667.28 time, 14830.01 real, 2475 MB, 1.00 load
[runlim] sample:		15677.28 time, 14840.01 real, 2483 MB, 1.00 load
[runlim] sample:		15687.28 time, 14850.01 real, 2490 MB, 1.00 load
[runlim] sample:		15697.29 time, 14860.01 real, 2490 MB, 1.00 load
[runlim] sample:		15707.12 time, 14870.01 real, 2497 MB, 1.00 load
[runlim] sample:		15717.12 time, 14880.01 real, 2497 MB, 1.08 load
[runlim] sample:		15727.12 time, 14890.01 real, 2504 MB, 1.07 load
[runlim] sample:		15737.13 time, 14900.01 real, 2512 MB, 1.06 load
[runlim] sample:		15747.13 time, 14910.01 real, 2512 MB, 1.05 load
[runlim] sample:		15757.13 time, 14920.01 real, 2520 MB, 1.04 load
[runlim] sample:		15767.13 time, 14930.01 real, 2520 MB, 1.03 load
[runlim] sample:		15777.13 time, 14940.01 real, 2528 MB, 1.03 load
[runlim] sample:		15787.14 time, 14950.01 real, 2528 MB, 1.02 load
[runlim] sample:		15797.14 time, 14960.01 real, 2536 MB, 1.02 load
[runlim] sample:		15807.14 time, 14970.01 real, 2536 MB, 1.02 load
[runlim] sample:		15817.15 time, 14980.01 real, 2544 MB, 1.01 load
[runlim] sample:		15827.15 time, 14990.01 real, 2544 MB, 1.01 load
[runlim] sample:		15837.15 time, 15000.01 real, 2553 MB, 1.09 load
[runlim] sample:		15847.15 time, 15010.01 real, 2553 MB, 1.15 load
[runlim] sample:		15857.16 time, 15020.01 real, 2562 MB, 1.12 load
[runlim] sample:		15867.16 time, 15030.01 real, 2562 MB, 1.11 load
[runlim] sample:		15877.16 time, 15040.01 real, 2562 MB, 1.09 load
[runlim] sample:		15887.16 time, 15050.01 real, 2571 MB, 1.07 load
[runlim] sample:		15897.16 time, 15060.01 real, 2571 MB, 1.06 load
[runlim] sample:		15907.17 time, 15070.01 real, 2580 MB, 1.05 load
[runlim] sample:		15917.17 time, 15080.01 real, 2580 MB, 1.04 load
[runlim] sample:		15927.18 time, 15090.01 real, 2589 MB, 1.04 load
[runlim] sample:		15937.18 time, 15100.01 real, 2589 MB, 1.03 load
[runlim] sample:		15947.18 time, 15110.01 real, 2601 MB, 1.10 load
[runlim] sample:		15957.18 time, 15120.01 real, 2599 MB, 1.08 load
[runlim] sample:		15967.18 time, 15130.01 real, 2599 MB, 1.07 load
[runlim] sample:		15977.04 time, 15140.01 real, 2609 MB, 1.06 load
[runlim] sample:		15987.04 time, 15150.01 real, 2609 MB, 1.05 load
[runlim] sample:		15997.04 time, 15160.01 real, 2668 MB, 1.04 load
[runlim] sample:		16007.05 time, 15170.01 real, 2620 MB, 1.04 load
[runlim] sample:		16017.04 time, 15180.01 real, 2620 MB, 1.03 load
[runlim] sample:		16027.05 time, 15190.01 real, 2631 MB, 1.02 load
[runlim] sample:		16037.05 time, 15200.01 real, 2631 MB, 1.02 load
[runlim] sample:		16047.05 time, 15210.01 real, 2631 MB, 1.02 load
[runlim] sample:		16057.05 time, 15220.01 real, 2642 MB, 1.01 load
[runlim] sample:		16067.06 time, 15230.01 real, 2642 MB, 1.01 load
[runlim] sample:		16077.06 time, 15240.01 real, 2642 MB, 1.01 load
[runlim] sample:		16087.06 time, 15250.01 real, 2654 MB, 1.01 load
[runlim] sample:		16097.07 time, 15260.01 real, 2654 MB, 1.01 load

NN₁: mnist_relu_3_100_gemm.onnx
NN₂: mnist_relu_3_100_0.79_adam_1_stepsize.onnx
Prop: mnist_30_global_4.vnnlib

NN₁: mnist_relu_3_100_gemm.onnx
NN₂: mnist_relu_3_100_0.79_adam_1_stepsize.onnx
Prop: mnist_30_global_5.vnnlib
[runlim] sample:		16107.06 time, 15270.01 real, 2426 MB, 1.00 load

NN₁: mnist_relu_3_100_gemm.onnx
NN₂: mnist_relu_3_100_0.79_adam_1_stepsize.onnx
Prop: mnist_31_global_4.vnnlib

NN₁: mnist_relu_3_100_gemm.onnx
NN₂: mnist_relu_3_100_0.79_adam_1_stepsize.onnx
Prop: mnist_31_global_5.vnnlib
[runlim] sample:		16117.04 time, 15280.01 real, 2427 MB, 1.00 load
[runlim] sample:		16127.04 time, 15290.01 real, 2428 MB, 1.00 load
[runlim] sample:		16137.04 time, 15300.01 real, 2432 MB, 1.00 load
[runlim] sample:		16147.04 time, 15310.01 real, 2435 MB, 1.00 load
[runlim] sample:		16157.05 time, 15320.01 real, 2440 MB, 1.00 load
[runlim] sample:		16167.05 time, 15330.01 real, 2439 MB, 1.00 load
[runlim] sample:		16177.05 time, 15340.01 real, 2443 MB, 1.00 load
[runlim] sample:		16187.06 time, 15350.01 real, 2448 MB, 1.00 load
[runlim] sample:		16197.06 time, 15360.01 real, 2452 MB, 1.00 load
[runlim] sample:		16207.06 time, 15370.01 real, 2452 MB, 1.00 load
[runlim] sample:		16217.06 time, 15380.01 real, 2457 MB, 1.00 load
[runlim] sample:		16227.07 time, 15390.01 real, 2462 MB, 1.00 load
[runlim] sample:		16237.07 time, 15400.01 real, 2467 MB, 1.00 load
[runlim] sample:		16246.93 time, 15410.01 real, 2467 MB, 1.00 load
[runlim] sample:		16256.93 time, 15420.01 real, 2472 MB, 1.00 load
[runlim] sample:		16266.93 time, 15430.01 real, 2476 MB, 1.00 load
[runlim] sample:		16276.93 time, 15440.01 real, 2476 MB, 1.00 load
[runlim] sample:		16286.94 time, 15450.01 real, 2483 MB, 1.00 load
[runlim] sample:		16296.94 time, 15460.01 real, 2483 MB, 1.00 load
[runlim] sample:		16306.94 time, 15470.01 real, 2492 MB, 1.00 load
[runlim] sample:		16316.94 time, 15480.01 real, 2500 MB, 1.00 load
[runlim] sample:		16326.95 time, 15490.01 real, 2500 MB, 1.00 load
[runlim] sample:		16336.94 time, 15500.01 real, 2508 MB, 1.08 load
[runlim] sample:		16346.95 time, 15510.01 real, 2508 MB, 1.22 load
[runlim] sample:		16356.95 time, 15520.01 real, 2516 MB, 1.19 load
[runlim] sample:		16366.96 time, 15530.01 real, 2516 MB, 1.16 load
[runlim] sample:		16377.24 time, 15540.01 real, 2525 MB, 1.13 load
[runlim] sample:		16395.71 time, 15550.01 real, 2517 MB, 1.11 load
[runlim] sample:		16414.32 time, 15560.01 real, 2520 MB, 2.46 load
[runlim] sample:		16432.90 time, 15570.01 real, 2516 MB, 2.23 load
[runlim] sample:		16451.44 time, 15580.01 real, 2520 MB, 3.44 load
[runlim] sample:		16470.63 time, 15590.01 real, 2520 MB, 3.07 load
[runlim] sample:		16489.72 time, 15600.01 real, 2523 MB, 2.75 load
[runlim] sample:		16505.48 time, 15610.01 real, 2522 MB, 2.48 load
[runlim] sample:		16523.50 time, 15620.01 real, 2521 MB, 2.40 load
[runlim] sample:		16542.24 time, 15630.01 real, 2523 MB, 2.33 load
[runlim] sample:		16560.19 time, 15640.01 real, 2522 MB, 2.13 load
[runlim] sample:		16578.94 time, 15650.01 real, 2517 MB, 2.10 load
[runlim] sample:		16596.37 time, 15660.01 real, 2517 MB, 1.93 load
[runlim] sample:		16613.94 time, 15670.01 real, 2532 MB, 1.79 load
[runlim] sample:		16632.52 time, 15680.01 real, 2525 MB, 1.59 load
[runlim] sample:		16651.27 time, 15690.01 real, 2530 MB, 1.49 load
[runlim] sample:		16668.82 time, 15700.01 real, 2532 MB, 3.26 load
[runlim] sample:		16685.62 time, 15710.01 real, 2528 MB, 3.07 load
[runlim] sample:		16703.58 time, 15720.01 real, 2549 MB, 2.75 load
[runlim] sample:		16722.28 time, 15730.01 real, 2556 MB, 2.72 load
[runlim] sample:		16741.35 time, 15740.01 real, 2555 MB, 2.46 load
[runlim] sample:		16759.41 time, 15750.02 real, 2556 MB, 2.23 load
[runlim] sample:		16777.32 time, 15760.01 real, 2556 MB, 2.04 load
[runlim] sample:		16794.47 time, 15770.01 real, 2558 MB, 1.88 load
[runlim] sample:		16812.77 time, 15780.01 real, 2563 MB, 1.75 load
[runlim] sample:		16830.35 time, 15790.01 real, 2558 MB, 1.63 load
[runlim] sample:		16848.10 time, 15800.01 real, 2568 MB, 1.75 load
[runlim] sample:		16866.12 time, 15810.01 real, 2569 MB, 1.64 load
[runlim] sample:		16884.24 time, 15820.01 real, 2574 MB, 3.82 load
[runlim] sample:		16902.79 time, 15830.01 real, 2573 MB, 3.39 load
[runlim] sample:		16920.30 time, 15840.01 real, 2587 MB, 3.02 load
[runlim] sample:		16938.23 time, 15850.01 real, 2585 MB, 2.71 load
[runlim] sample:		16955.37 time, 15860.01 real, 2608 MB, 2.45 load
[runlim] sample:		16974.34 time, 15870.01 real, 2599 MB, 2.22 load

NN₁: mnist_relu_3_100_gemm.onnx
NN₂: mnist_relu_3_100_0.79_adam_1_stepsize.onnx
Prop: mnist_32_global_4.vnnlib

NN₁: mnist_relu_3_100_gemm.onnx
NN₂: mnist_relu_3_100_0.79_adam_1_stepsize.onnx
Prop: mnist_32_global_5.vnnlib

NN₁: mnist_relu_3_100_gemm.onnx
NN₂: mnist_relu_3_100_0.79_adam_1_stepsize.onnx
Prop: mnist_33_global_4.vnnlib

NN₁: mnist_relu_3_100_gemm.onnx
NN₂: mnist_relu_3_100_0.79_adam_1_stepsize.onnx
Prop: mnist_33_global_5.vnnlib
[runlim] sample:		16989.08 time, 15880.01 real, 2446 MB, 2.04 load
[runlim] sample:		16999.08 time, 15890.01 real, 2446 MB, 1.88 load
[runlim] sample:		17009.08 time, 15900.01 real, 2446 MB, 1.74 load
[runlim] sample:		17019.08 time, 15910.01 real, 2446 MB, 1.63 load
[runlim] sample:		17029.09 time, 15920.01 real, 2446 MB, 1.53 load
[runlim] sample:		17039.09 time, 15930.01 real, 2446 MB, 1.45 load
[runlim] sample:		17049.10 time, 15940.01 real, 2446 MB, 1.38 load
[runlim] sample:		17058.98 time, 15950.01 real, 2446 MB, 1.32 load
[runlim] sample:		17068.98 time, 15960.01 real, 2446 MB, 1.27 load
[runlim] sample:		17078.98 time, 15970.01 real, 2446 MB, 1.23 load
[runlim] sample:		17088.99 time, 15980.01 real, 2446 MB, 1.19 load
[runlim] sample:		17098.99 time, 15990.01 real, 2446 MB, 1.16 load
[runlim] sample:		17108.99 time, 16000.01 real, 2446 MB, 1.22 load
[runlim] sample:		17118.99 time, 16010.01 real, 2446 MB, 1.34 load
[runlim] sample:		17128.99 time, 16020.01 real, 2446 MB, 1.36 load
[runlim] sample:		17139.00 time, 16030.01 real, 2446 MB, 1.30 load
[runlim] sample:		17148.99 time, 16040.01 real, 2446 MB, 1.26 load
[runlim] sample:		17159.00 time, 16050.01 real, 2446 MB, 1.22 load
[runlim] sample:		17169.01 time, 16060.01 real, 2446 MB, 1.26 load
[runlim] sample:		17179.00 time, 16070.01 real, 2446 MB, 1.22 load
[runlim] sample:		17189.01 time, 16080.01 real, 2446 MB, 1.19 load
[runlim] sample:		17199.01 time, 16090.01 real, 2446 MB, 1.16 load
[runlim] sample:		17209.02 time, 16100.01 real, 2446 MB, 1.13 load
[runlim] sample:		17219.01 time, 16110.01 real, 2446 MB, 1.11 load
[runlim] sample:		17229.02 time, 16120.01 real, 2446 MB, 1.10 load
[runlim] sample:		17239.02 time, 16130.01 real, 2446 MB, 1.08 load
[runlim] sample:		17249.02 time, 16140.01 real, 2446 MB, 1.07 load
[runlim] sample:		17259.03 time, 16150.01 real, 2446 MB, 1.06 load
[runlim] sample:		17269.03 time, 16160.01 real, 2446 MB, 1.05 load
[runlim] sample:		17279.03 time, 16170.01 real, 2446 MB, 1.04 load
[runlim] sample:		17289.03 time, 16180.01 real, 2446 MB, 1.03 load
[runlim] sample:		17299.03 time, 16190.01 real, 2446 MB, 1.03 load
[runlim] sample:		17309.03 time, 16200.01 real, 2446 MB, 1.02 load
[runlim] sample:		17319.04 time, 16210.01 real, 2446 MB, 1.02 load
[runlim] sample:		17328.91 time, 16220.01 real, 2446 MB, 1.02 load
[runlim] sample:		17338.92 time, 16230.01 real, 2446 MB, 1.01 load
[runlim] sample:		17348.91 time, 16240.01 real, 2446 MB, 1.01 load
[runlim] sample:		17358.92 time, 16250.01 real, 2446 MB, 1.01 load
[runlim] sample:		17368.92 time, 16260.01 real, 2446 MB, 1.01 load
[runlim] sample:		17378.93 time, 16270.01 real, 2446 MB, 1.00 load
[runlim] sample:		17388.93 time, 16280.01 real, 2446 MB, 1.00 load
[runlim] sample:		17398.93 time, 16290.01 real, 2446 MB, 1.00 load
[runlim] sample:		17408.94 time, 16300.01 real, 2446 MB, 1.00 load
[runlim] sample:		17418.94 time, 16310.01 real, 2446 MB, 1.00 load
[runlim] sample:		17428.94 time, 16320.01 real, 2446 MB, 1.00 load
[runlim] sample:		17438.94 time, 16330.02 real, 2446 MB, 1.00 load
[runlim] sample:		17448.94 time, 16340.01 real, 2446 MB, 1.00 load
[runlim] sample:		17458.94 time, 16350.02 real, 2446 MB, 1.00 load
[runlim] sample:		17468.95 time, 16360.01 real, 2446 MB, 1.00 load
[runlim] sample:		17478.95 time, 16370.01 real, 2446 MB, 1.00 load
[runlim] sample:		17488.96 time, 16380.01 real, 2446 MB, 1.00 load
[runlim] sample:		17498.95 time, 16390.01 real, 2446 MB, 1.00 load
[runlim] sample:		17508.96 time, 16400.01 real, 2446 MB, 1.00 load
[runlim] sample:		17518.96 time, 16410.01 real, 2446 MB, 1.00 load
[runlim] sample:		17528.97 time, 16420.01 real, 2446 MB, 1.00 load
[runlim] sample:		17538.96 time, 16430.01 real, 2446 MB, 1.00 load
[runlim] sample:		17548.97 time, 16440.01 real, 2446 MB, 1.00 load
[runlim] sample:		17558.97 time, 16450.01 real, 2446 MB, 1.00 load
[runlim] sample:		17568.97 time, 16460.01 real, 2446 MB, 1.00 load
[runlim] sample:		17578.97 time, 16470.01 real, 2446 MB, 1.00 load

NN₁: mnist_relu_3_100_gemm.onnx
NN₂: mnist_relu_3_100_0.79_adam_1_stepsize.onnx
Prop: mnist_34_global_4.vnnlib

NN₁: mnist_relu_3_100_gemm.onnx
NN₂: mnist_relu_3_100_0.79_adam_1_stepsize.onnx
Prop: mnist_34_global_5.vnnlib
[runlim] sample:		17588.96 time, 16480.01 real, 2446 MB, 1.00 load
[runlim] sample:		17598.83 time, 16490.01 real, 2446 MB, 1.00 load
[runlim] sample:		17608.84 time, 16500.01 real, 2446 MB, 1.08 load

NN₁: mnist_relu_3_100_gemm.onnx
NN₂: mnist_relu_3_100_0.79_adam_1_stepsize.onnx
Prop: mnist_35_global_4.vnnlib

NN₁: mnist_relu_3_100_gemm.onnx
NN₂: mnist_relu_3_100_0.79_adam_1_stepsize.onnx
Prop: mnist_35_global_5.vnnlib
[runlim] sample:		17618.83 time, 16510.01 real, 2446 MB, 1.22 load
[runlim] sample:		17628.83 time, 16520.01 real, 2446 MB, 1.26 load
[runlim] sample:		17638.83 time, 16530.01 real, 2446 MB, 1.22 load
[runlim] sample:		17648.84 time, 16540.01 real, 2446 MB, 1.19 load
[runlim] sample:		17658.84 time, 16550.01 real, 2446 MB, 1.16 load
[runlim] sample:		17668.85 time, 16560.01 real, 2446 MB, 1.13 load
[runlim] sample:		17678.85 time, 16570.01 real, 2446 MB, 1.11 load
[runlim] sample:		17688.85 time, 16580.01 real, 2446 MB, 1.09 load
[runlim] sample:		17698.85 time, 16590.01 real, 2446 MB, 1.08 load
[runlim] sample:		17708.86 time, 16600.01 real, 2446 MB, 1.07 load
[runlim] sample:		17718.85 time, 16610.01 real, 2448 MB, 1.06 load
[runlim] sample:		17728.86 time, 16620.01 real, 2455 MB, 1.05 load
[runlim] sample:		17738.86 time, 16630.01 real, 2460 MB, 1.04 load
[runlim] sample:		17748.86 time, 16640.01 real, 2465 MB, 1.03 load
[runlim] sample:		17758.87 time, 16650.01 real, 2472 MB, 1.03 load
[runlim] sample:		17768.87 time, 16660.01 real, 2477 MB, 1.02 load
[runlim] sample:		17778.88 time, 16670.01 real, 2481 MB, 1.02 load
[runlim] sample:		17788.87 time, 16680.01 real, 2483 MB, 1.02 load
[runlim] sample:		17798.88 time, 16690.01 real, 2489 MB, 1.01 load
[runlim] sample:		17808.88 time, 16700.01 real, 2493 MB, 1.01 load
[runlim] sample:		17818.89 time, 16710.01 real, 2496 MB, 1.01 load
[runlim] sample:		17828.89 time, 16720.01 real, 2497 MB, 1.01 load
[runlim] sample:		17838.89 time, 16730.01 real, 2502 MB, 1.00 load
[runlim] sample:		17848.89 time, 16740.01 real, 2507 MB, 1.00 load
[runlim] sample:		17858.89 time, 16750.02 real, 2507 MB, 1.00 load
[runlim] sample:		17868.74 time, 16760.01 real, 2514 MB, 1.00 load
[runlim] sample:		17878.74 time, 16770.01 real, 2516 MB, 1.00 load
[runlim] sample:		17888.74 time, 16780.01 real, 2522 MB, 1.00 load
[runlim] sample:		17898.75 time, 16790.01 real, 2524 MB, 1.00 load
[runlim] sample:		17908.75 time, 16800.01 real, 2529 MB, 1.00 load
[runlim] sample:		17918.75 time, 16810.01 real, 2529 MB, 1.00 load
[runlim] sample:		17928.75 time, 16820.01 real, 2534 MB, 1.00 load
[runlim] sample:		17938.76 time, 16830.01 real, 2541 MB, 1.00 load
[runlim] sample:		17948.76 time, 16840.01 real, 2544 MB, 1.00 load
[runlim] sample:		17958.76 time, 16850.01 real, 2550 MB, 1.00 load
[runlim] sample:		17968.76 time, 16860.01 real, 2550 MB, 1.00 load
[runlim] sample:		17978.76 time, 16870.01 real, 2554 MB, 1.00 load
[runlim] sample:		17988.77 time, 16880.01 real, 2559 MB, 1.00 load
[runlim] sample:		17998.77 time, 16890.01 real, 2563 MB, 1.00 load
[runlim] sample:		18008.78 time, 16900.01 real, 2563 MB, 1.00 load
[runlim] sample:		18018.77 time, 16910.01 real, 2568 MB, 1.00 load
[runlim] sample:		18028.78 time, 16920.01 real, 2572 MB, 1.00 load
[runlim] sample:		18038.79 time, 16930.01 real, 2572 MB, 1.00 load
[runlim] sample:		18048.79 time, 16940.01 real, 2577 MB, 1.00 load
[runlim] sample:		18058.78 time, 16950.01 real, 2582 MB, 1.00 load
[runlim] sample:		18068.78 time, 16960.01 real, 2582 MB, 1.00 load
[runlim] sample:		18078.79 time, 16970.01 real, 2604 MB, 1.00 load
[runlim] sample:		18088.80 time, 16980.01 real, 2604 MB, 1.00 load
[runlim] sample:		18098.80 time, 16990.01 real, 2604 MB, 1.00 load
[runlim] sample:		18108.80 time, 17000.01 real, 2605 MB, 1.08 load
[runlim] sample:		18118.80 time, 17010.01 real, 2611 MB, 1.22 load
[runlim] sample:		18128.80 time, 17020.01 real, 2611 MB, 1.26 load
[runlim] sample:		18138.70 time, 17030.01 real, 2619 MB, 1.22 load
[runlim] sample:		18148.70 time, 17040.01 real, 2620 MB, 1.19 load
[runlim] sample:		18158.71 time, 17050.01 real, 2620 MB, 1.16 load
[runlim] sample:		18168.71 time, 17060.01 real, 2632 MB, 1.13 load
[runlim] sample:		18178.71 time, 17070.01 real, 2633 MB, 1.11 load
[runlim] sample:		18188.71 time, 17080.01 real, 2633 MB, 1.09 load
[runlim] sample:		18198.71 time, 17090.01 real, 2633 MB, 1.08 load
[runlim] sample:		18208.72 time, 17100.01 real, 2633 MB, 1.07 load

NN₁: mnist_relu_3_100_gemm.onnx
NN₂: mnist_relu_3_100_0.79_adam_1_stepsize.onnx
Prop: mnist_36_global_4.vnnlib

NN₁: mnist_relu_3_100_gemm.onnx
NN₂: mnist_relu_3_100_0.79_adam_1_stepsize.onnx
Prop: mnist_36_global_5.vnnlib

NN₁: mnist_relu_3_100_gemm.onnx
NN₂: mnist_relu_3_100_0.79_adam_1_stepsize.onnx
Prop: mnist_37_global_4.vnnlib

NN₁: mnist_relu_3_100_gemm.onnx
NN₂: mnist_relu_3_100_0.79_adam_1_stepsize.onnx
Prop: mnist_37_global_5.vnnlib
[runlim] sample:		18218.69 time, 17110.02 real, 2453 MB, 1.06 load
[runlim] sample:		18228.70 time, 17120.01 real, 2449 MB, 1.05 load
[runlim] sample:		18238.70 time, 17130.01 real, 2449 MB, 1.04 load
[runlim] sample:		18248.70 time, 17140.02 real, 2449 MB, 1.03 load
[runlim] sample:		18258.70 time, 17150.01 real, 2449 MB, 1.03 load
[runlim] sample:		18268.71 time, 17160.01 real, 2450 MB, 1.02 load
[runlim] sample:		18278.72 time, 17170.01 real, 2458 MB, 1.02 load
[runlim] sample:		18288.71 time, 17180.01 real, 2459 MB, 1.02 load
[runlim] sample:		18298.71 time, 17190.01 real, 2467 MB, 1.01 load
[runlim] sample:		18308.72 time, 17200.01 real, 2467 MB, 1.01 load
[runlim] sample:		18318.72 time, 17210.01 real, 2470 MB, 1.01 load
[runlim] sample:		18328.73 time, 17220.01 real, 2482 MB, 1.01 load
[runlim] sample:		18338.73 time, 17230.01 real, 2485 MB, 1.00 load
[runlim] sample:		18348.73 time, 17240.01 real, 2495 MB, 1.00 load
[runlim] sample:		18358.73 time, 17250.01 real, 2500 MB, 1.00 load
[runlim] sample:		18368.74 time, 17260.01 real, 2500 MB, 1.00 load
[runlim] sample:		18378.74 time, 17270.01 real, 2508 MB, 1.00 load
[runlim] sample:		18388.75 time, 17280.01 real, 2515 MB, 1.00 load
[runlim] sample:		18398.74 time, 17290.01 real, 2522 MB, 1.00 load
[runlim] sample:		18408.62 time, 17300.01 real, 2522 MB, 1.00 load
[runlim] sample:		18418.62 time, 17310.01 real, 2535 MB, 1.00 load
[runlim] sample:		18428.62 time, 17320.01 real, 2542 MB, 1.00 load
[runlim] sample:		18438.63 time, 17330.01 real, 2547 MB, 1.00 load
[runlim] sample:		18448.63 time, 17340.01 real, 2547 MB, 1.00 load
[runlim] sample:		18458.64 time, 17350.01 real, 2559 MB, 1.00 load
[runlim] sample:		18468.63 time, 17360.01 real, 2568 MB, 1.00 load
[runlim] sample:		18478.63 time, 17370.01 real, 2568 MB, 1.00 load
[runlim] sample:		18488.64 time, 17380.01 real, 2576 MB, 1.00 load
[runlim] sample:		18498.64 time, 17390.01 real, 2576 MB, 1.00 load
[runlim] sample:		18508.64 time, 17400.01 real, 2587 MB, 1.00 load
[runlim] sample:		18518.65 time, 17410.02 real, 2620 MB, 1.00 load
[runlim] sample:		18528.65 time, 17420.01 real, 2620 MB, 1.00 load
[runlim] sample:		18538.66 time, 17430.02 real, 2628 MB, 1.00 load
[runlim] sample:		18548.66 time, 17440.01 real, 2635 MB, 1.00 load
[runlim] sample:		18558.66 time, 17450.01 real, 2636 MB, 1.00 load
[runlim] sample:		18568.66 time, 17460.01 real, 2647 MB, 1.00 load
[runlim] sample:		18578.66 time, 17470.01 real, 2647 MB, 1.00 load
[runlim] sample:		18588.66 time, 17480.01 real, 2658 MB, 1.00 load
[runlim] sample:		18598.67 time, 17490.01 real, 2658 MB, 1.00 load
[runlim] sample:		18608.67 time, 17500.01 real, 2666 MB, 1.08 load
[runlim] sample:		18618.67 time, 17510.01 real, 2666 MB, 1.22 load
[runlim] sample:		18628.68 time, 17520.01 real, 2674 MB, 1.19 load
[runlim] sample:		18638.67 time, 17530.01 real, 2683 MB, 1.16 load
[runlim] sample:		18648.68 time, 17540.01 real, 2683 MB, 1.13 load
[runlim] sample:		18658.68 time, 17550.01 real, 2692 MB, 1.11 load
[runlim] sample:		18668.69 time, 17560.01 real, 2692 MB, 1.09 load
[runlim] sample:		18678.56 time, 17570.01 real, 2705 MB, 1.08 load
[runlim] sample:		18688.56 time, 17580.01 real, 2705 MB, 1.07 load
[runlim] sample:		18698.57 time, 17590.01 real, 2713 MB, 1.06 load
[runlim] sample:		18708.57 time, 17600.01 real, 2713 MB, 1.05 load
[runlim] sample:		18718.57 time, 17610.01 real, 2723 MB, 1.04 load
[runlim] sample:		18728.57 time, 17620.01 real, 2723 MB, 1.03 load
[runlim] sample:		18738.57 time, 17630.01 real, 2732 MB, 1.03 load
[runlim] sample:		18748.57 time, 17640.01 real, 2732 MB, 1.02 load
[runlim] sample:		18758.58 time, 17650.01 real, 2747 MB, 1.02 load
[runlim] sample:		18768.58 time, 17660.01 real, 2747 MB, 1.02 load
[runlim] sample:		18778.59 time, 17670.01 real, 2747 MB, 1.01 load
[runlim] sample:		18788.59 time, 17680.01 real, 2754 MB, 1.01 load
[runlim] sample:		18798.59 time, 17690.01 real, 2754 MB, 1.01 load
[runlim] sample:		18808.59 time, 17700.01 real, 2766 MB, 1.01 load

NN₁: mnist_relu_3_100_gemm.onnx
NN₂: mnist_relu_3_100_0.79_adam_1_stepsize.onnx
Prop: mnist_38_global_4.vnnlib
[runlim] sample:		18818.57 time, 17710.01 real, 2446 MB, 1.00 load

NN₁: mnist_relu_3_100_gemm.onnx
NN₂: mnist_relu_3_100_0.79_adam_1_stepsize.onnx
Prop: mnist_38_global_5.vnnlib
[runlim] sample:		18828.57 time, 17720.01 real, 2447 MB, 1.00 load
[runlim] sample:		18838.57 time, 17730.01 real, 2449 MB, 1.00 load
[runlim] sample:		18848.57 time, 17740.01 real, 2453 MB, 1.00 load
[runlim] sample:		18858.58 time, 17750.01 real, 2457 MB, 1.00 load
[runlim] sample:		18868.58 time, 17760.01 real, 2461 MB, 1.00 load
[runlim] sample:		18878.58 time, 17770.01 real, 2465 MB, 1.00 load
[runlim] sample:		18888.59 time, 17780.01 real, 2470 MB, 1.00 load
[runlim] sample:		18898.59 time, 17790.02 real, 2470 MB, 1.00 load
[runlim] sample:		18908.59 time, 17800.01 real, 2475 MB, 1.00 load
[runlim] sample:		18918.59 time, 17810.01 real, 2480 MB, 1.00 load
[runlim] sample:		18928.59 time, 17820.01 real, 2485 MB, 1.00 load
[runlim] sample:		18938.60 time, 17830.01 real, 2485 MB, 1.00 load
[runlim] sample:		18948.46 time, 17840.01 real, 2491 MB, 1.00 load
[runlim] sample:		18958.46 time, 17850.01 real, 2497 MB, 1.00 load
[runlim] sample:		18968.46 time, 17860.01 real, 2497 MB, 1.00 load
[runlim] sample:		18978.47 time, 17870.01 real, 2504 MB, 1.00 load
[runlim] sample:		18988.47 time, 17880.01 real, 2510 MB, 1.00 load
[runlim] sample:		18998.47 time, 17890.01 real, 2510 MB, 1.00 load
[runlim] sample:		19008.47 time, 17900.01 real, 2518 MB, 1.00 load
[runlim] sample:		19018.47 time, 17910.01 real, 2526 MB, 1.00 load
[runlim] sample:		19028.48 time, 17920.01 real, 2526 MB, 1.00 load
[runlim] sample:		19038.47 time, 17930.01 real, 2534 MB, 1.00 load
[runlim] sample:		19048.48 time, 17940.01 real, 2534 MB, 1.00 load
[runlim] sample:		19058.48 time, 17950.01 real, 2542 MB, 1.00 load
[runlim] sample:		19068.48 time, 17960.01 real, 2542 MB, 1.00 load
[runlim] sample:		19078.49 time, 17970.01 real, 2550 MB, 1.00 load
[runlim] sample:		19088.49 time, 17980.01 real, 2559 MB, 1.00 load
[runlim] sample:		19098.49 time, 17990.01 real, 2559 MB, 1.00 load
[runlim] sample:		19108.49 time, 18000.01 real, 2568 MB, 1.08 load
[runlim] sample:		19118.49 time, 18010.01 real, 2568 MB, 1.22 load
[runlim] sample:		19128.51 time, 18020.01 real, 2577 MB, 1.26 load
[runlim] sample:		19138.50 time, 18030.01 real, 2577 MB, 1.22 load
[runlim] sample:		19148.51 time, 18040.01 real, 2587 MB, 1.19 load
[runlim] sample:		19158.51 time, 18050.01 real, 2587 MB, 1.16 load
[runlim] sample:		19168.51 time, 18060.01 real, 2587 MB, 1.13 load
[runlim] sample:		19178.51 time, 18070.01 real, 2597 MB, 1.11 load
[runlim] sample:		19188.52 time, 18080.01 real, 2597 MB, 1.09 load
[runlim] sample:		19198.52 time, 18090.01 real, 2607 MB, 1.08 load
[runlim] sample:		19208.52 time, 18100.01 real, 2607 MB, 1.07 load
[runlim] sample:		19222.87 time, 18110.01 real, 2608 MB, 1.06 load
[runlim] sample:		19245.64 time, 18120.01 real, 2590 MB, 1.05 load
[runlim] sample:		19267.53 time, 18130.01 real, 2596 MB, 1.04 load
[runlim] sample:		19290.23 time, 18140.01 real, 2611 MB, 1.03 load
[runlim] sample:		19314.65 time, 18150.01 real, 2612 MB, 1.19 load
[runlim] sample:		19335.63 time, 18160.01 real, 2613 MB, 1.31 load
[runlim] sample:		19357.79 time, 18170.01 real, 2609 MB, 1.42 load
[runlim] sample:		19380.15 time, 18180.01 real, 2613 MB, 1.35 load
[runlim] sample:		19401.39 time, 18190.01 real, 2617 MB, 1.30 load
[runlim] sample:		19423.50 time, 18200.01 real, 2624 MB, 1.25 load
[runlim] sample:		19445.95 time, 18210.01 real, 2635 MB, 1.37 load
[runlim] sample:		19468.08 time, 18220.01 real, 2643 MB, 1.32 load
[runlim] sample:		19488.19 time, 18230.01 real, 2637 MB, 1.27 load
[runlim] sample:		19509.34 time, 18240.01 real, 2632 MB, 1.23 load
[runlim] sample:		19528.68 time, 18250.01 real, 2636 MB, 1.26 load
[runlim] sample:		19550.37 time, 18260.01 real, 2644 MB, 2.67 load
[runlim] sample:		19571.09 time, 18270.01 real, 2645 MB, 2.49 load
[runlim] sample:		19590.92 time, 18280.01 real, 2651 MB, 2.26 load
[runlim] sample:		19612.29 time, 18290.01 real, 2648 MB, 2.06 load
[runlim] sample:		19633.54 time, 18300.01 real, 2667 MB, 1.90 load
[runlim] sample:		19654.49 time, 18310.01 real, 2661 MB, 3.52 load

NN₁: mnist_relu_3_100_gemm.onnx
NN₂: mnist_relu_3_100_0.79_adam_1_stepsize.onnx
Prop: mnist_39_global_4.vnnlib

NN₁: mnist_relu_3_100_gemm.onnx
NN₂: mnist_relu_3_100_0.79_adam_1_stepsize.onnx
Prop: mnist_39_global_5.vnnlib
[runlim] sample:		19665.24 time, 18320.01 real, 2461 MB, 3.14 load
[runlim] sample:		19675.25 time, 18330.01 real, 2461 MB, 2.81 load
[runlim] sample:		19685.24 time, 18340.01 real, 2461 MB, 2.53 load
[runlim] sample:		19695.25 time, 18350.01 real, 2461 MB, 2.29 load
[runlim] sample:		19705.25 time, 18360.01 real, 2461 MB, 2.09 load
[runlim] sample:		19715.26 time, 18370.01 real, 2461 MB, 1.93 load
[runlim] sample:		19725.11 time, 18380.01 real, 2461 MB, 1.78 load
[runlim] sample:		19735.12 time, 18390.01 real, 2461 MB, 1.66 load
[runlim] sample:		19745.12 time, 18400.01 real, 2461 MB, 1.56 load
[runlim] sample:		19755.12 time, 18410.01 real, 2461 MB, 1.47 load
[runlim] sample:		19765.13 time, 18420.01 real, 2461 MB, 1.40 load
[runlim] sample:		19775.12 time, 18430.01 real, 2461 MB, 1.34 load
[runlim] sample:		19785.12 time, 18440.01 real, 2461 MB, 1.29 load
[runlim] sample:		19795.12 time, 18450.01 real, 2461 MB, 1.24 load
[runlim] sample:		19805.13 time, 18460.01 real, 2461 MB, 1.20 load
[runlim] sample:		19815.13 time, 18470.01 real, 2461 MB, 1.17 load
[runlim] sample:		19825.14 time, 18480.01 real, 2461 MB, 1.15 load
[runlim] sample:		19835.13 time, 18490.01 real, 2461 MB, 1.12 load
[runlim] sample:		19845.13 time, 18500.01 real, 2461 MB, 1.18 load
[runlim] sample:		19855.14 time, 18510.01 real, 2461 MB, 1.31 load
[runlim] sample:		19865.14 time, 18520.01 real, 2461 MB, 1.34 load

NN₁: mnist_relu_3_100_gemm.onnx
NN₂: mnist_relu_3_100_0.79_adam_1_stepsize.onnx
Prop: mnist_40_global_4.vnnlib
[runlim] sample:		19875.13 time, 18530.01 real, 2464 MB, 1.28 load
[runlim] sample:		19885.14 time, 18540.01 real, 2466 MB, 1.24 load
[runlim] sample:		19895.13 time, 18550.01 real, 2470 MB, 1.20 load
[runlim] sample:		19905.14 time, 18560.01 real, 2470 MB, 1.17 load
[runlim] sample:		19915.14 time, 18570.01 real, 2475 MB, 1.14 load
[runlim] sample:		19925.14 time, 18580.01 real, 2479 MB, 1.12 load
[runlim] sample:		19935.15 time, 18590.01 real, 2479 MB, 1.10 load
[runlim] sample:		19945.15 time, 18600.01 real, 2484 MB, 1.09 load
[runlim] sample:		19955.14 time, 18610.01 real, 2488 MB, 1.07 load
[runlim] sample:		19965.15 time, 18620.01 real, 2488 MB, 1.06 load
[runlim] sample:		19975.15 time, 18630.01 real, 2492 MB, 1.05 load
[runlim] sample:		19985.16 time, 18640.01 real, 2497 MB, 1.04 load
[runlim] sample:		19995.02 time, 18650.01 real, 2497 MB, 1.11 load
[runlim] sample:		20005.03 time, 18660.01 real, 2502 MB, 1.09 load
[runlim] sample:		20015.03 time, 18670.01 real, 2502 MB, 1.08 load
[runlim] sample:		20025.03 time, 18680.01 real, 2507 MB, 1.07 load
[runlim] sample:		20035.04 time, 18690.01 real, 2512 MB, 1.06 load
[runlim] sample:		20045.03 time, 18700.01 real, 2512 MB, 1.05 load
[runlim] sample:		20055.04 time, 18710.01 real, 2517 MB, 1.04 load
[runlim] sample:		20065.04 time, 18720.01 real, 2517 MB, 1.03 load
[runlim] sample:		20075.04 time, 18730.01 real, 2523 MB, 1.03 load
[runlim] sample:		20085.04 time, 18740.01 real, 2523 MB, 1.02 load
[runlim] sample:		20095.05 time, 18750.01 real, 2530 MB, 1.02 load
[runlim] sample:		20105.04 time, 18760.01 real, 2530 MB, 1.02 load
[runlim] sample:		20115.04 time, 18770.01 real, 2537 MB, 1.01 load
[runlim] sample:		20125.05 time, 18780.01 real, 2537 MB, 1.01 load
[runlim] sample:		20135.05 time, 18790.01 real, 2544 MB, 1.01 load
[runlim] sample:		20145.05 time, 18800.01 real, 2544 MB, 1.01 load
[runlim] sample:		20155.05 time, 18810.01 real, 2551 MB, 1.00 load
[runlim] sample:		20165.05 time, 18820.01 real, 2551 MB, 1.00 load
[runlim] sample:		20175.06 time, 18830.01 real, 2559 MB, 1.00 load
[runlim] sample:		20185.06 time, 18840.01 real, 2559 MB, 1.00 load
[runlim] sample:		20195.06 time, 18850.02 real, 2567 MB, 1.00 load
[runlim] sample:		20205.06 time, 18860.01 real, 2567 MB, 1.00 load
[runlim] sample:		20215.07 time, 18870.02 real, 2567 MB, 1.00 load
[runlim] sample:		20225.06 time, 18880.01 real, 2576 MB, 1.00 load
[runlim] sample:		20235.06 time, 18890.01 real, 2576 MB, 1.00 load
[runlim] sample:		20245.07 time, 18900.01 real, 2584 MB, 1.00 load
[runlim] sample:		20255.07 time, 18910.01 real, 2584 MB, 1.00 load
[runlim] sample:		20264.95 time, 18920.01 real, 2593 MB, 1.00 load
[runlim] sample:		20274.94 time, 18930.01 real, 2593 MB, 1.00 load
[runlim] sample:		20284.94 time, 18940.01 real, 2593 MB, 1.00 load
[runlim] sample:		20294.95 time, 18950.01 real, 2602 MB, 1.00 load
[runlim] sample:		20304.95 time, 18960.01 real, 2602 MB, 1.00 load
[runlim] sample:		20314.95 time, 18970.01 real, 2612 MB, 1.00 load
[runlim] sample:		20324.95 time, 18980.01 real, 2612 MB, 1.00 load
[runlim] sample:		20334.96 time, 18990.01 real, 2612 MB, 1.00 load
[runlim] sample:		20344.95 time, 19000.01 real, 2622 MB, 1.08 load
[runlim] sample:		20354.96 time, 19010.01 real, 2622 MB, 1.22 load
[runlim] sample:		20364.96 time, 19020.01 real, 2622 MB, 1.26 load
[runlim] sample:		20374.96 time, 19030.01 real, 2632 MB, 1.22 load
[runlim] sample:		20384.96 time, 19040.01 real, 2632 MB, 1.19 load
[runlim] sample:		20394.96 time, 19050.01 real, 2641 MB, 1.16 load
[runlim] sample:		20404.97 time, 19060.01 real, 2642 MB, 1.13 load
[runlim] sample:		20414.97 time, 19070.01 real, 2642 MB, 1.11 load
[runlim] sample:		20424.97 time, 19080.01 real, 2653 MB, 1.09 load
[runlim] sample:		20434.97 time, 19090.01 real, 2652 MB, 1.08 load
[runlim] sample:		20444.97 time, 19100.01 real, 2652 MB, 1.07 load
[runlim] sample:		20454.98 time, 19110.01 real, 2663 MB, 1.06 load
[runlim] sample:		20464.98 time, 19120.01 real, 2663 MB, 1.05 load

NN₁: mnist_relu_3_100_gemm.onnx
NN₂: mnist_relu_3_100_0.79_adam_1_stepsize.onnx
Prop: mnist_40_global_5.vnnlib
[runlim] sample:		20474.97 time, 19130.01 real, 2467 MB, 1.04 load
[runlim] sample:		20484.96 time, 19140.01 real, 2469 MB, 1.03 load
[runlim] sample:		20494.97 time, 19150.01 real, 2472 MB, 1.03 load
[runlim] sample:		20504.97 time, 19160.01 real, 2472 MB, 1.02 load
[runlim] sample:		20514.97 time, 19170.01 real, 2476 MB, 1.02 load
[runlim] sample:		20524.97 time, 19180.01 real, 2479 MB, 1.02 load
[runlim] sample:		20534.85 time, 19190.01 real, 2479 MB, 1.01 load
[runlim] sample:		20544.85 time, 19200.01 real, 2483 MB, 1.01 load
[runlim] sample:		20554.86 time, 19210.01 real, 2487 MB, 1.01 load
[runlim] sample:		20564.86 time, 19220.01 real, 2492 MB, 1.01 load
[runlim] sample:		20574.85 time, 19230.01 real, 2492 MB, 1.00 load
[runlim] sample:		20584.85 time, 19240.01 real, 2496 MB, 1.00 load
[runlim] sample:		20594.86 time, 19250.01 real, 2496 MB, 1.00 load
[runlim] sample:		20604.86 time, 19260.01 real, 2498 MB, 1.00 load
[runlim] sample:		20614.86 time, 19270.01 real, 2505 MB, 1.00 load
[runlim] sample:		20624.86 time, 19280.01 real, 2505 MB, 1.00 load
[runlim] sample:		20634.86 time, 19290.01 real, 2510 MB, 1.00 load
[runlim] sample:		20644.86 time, 19300.01 real, 2510 MB, 1.00 load
[runlim] sample:		20654.86 time, 19310.01 real, 2514 MB, 1.00 load
[runlim] sample:		20664.87 time, 19320.01 real, 2514 MB, 1.00 load
[runlim] sample:		20674.87 time, 19330.01 real, 2520 MB, 1.00 load
[runlim] sample:		20684.87 time, 19340.01 real, 2520 MB, 1.00 load
[runlim] sample:		20694.87 time, 19350.01 real, 2527 MB, 1.00 load
[runlim] sample:		20704.87 time, 19360.01 real, 2533 MB, 1.00 load
[runlim] sample:		20714.87 time, 19370.01 real, 2533 MB, 1.00 load
[runlim] sample:		20724.87 time, 19380.01 real, 2533 MB, 1.00 load
[runlim] sample:		20734.87 time, 19390.01 real, 2537 MB, 1.00 load
[runlim] sample:		20744.88 time, 19400.01 real, 2537 MB, 1.00 load
[runlim] sample:		20754.88 time, 19410.01 real, 2547 MB, 1.00 load
[runlim] sample:		20764.89 time, 19420.01 real, 2547 MB, 1.00 load
[runlim] sample:		20774.88 time, 19430.01 real, 2554 MB, 1.00 load
[runlim] sample:		20784.89 time, 19440.01 real, 2554 MB, 1.00 load
[runlim] sample:		20794.89 time, 19450.01 real, 2563 MB, 1.00 load
[runlim] sample:		20804.75 time, 19460.01 real, 2563 MB, 1.00 load
[runlim] sample:		20814.74 time, 19470.01 real, 2571 MB, 1.00 load
[runlim] sample:		20824.75 time, 19480.01 real, 2571 MB, 1.00 load
[runlim] sample:		20834.75 time, 19490.01 real, 2571 MB, 1.00 load
[runlim] sample:		20844.75 time, 19500.01 real, 2578 MB, 1.08 load
[runlim] sample:		20854.76 time, 19510.02 real, 2578 MB, 1.22 load
[runlim] sample:		20864.75 time, 19520.01 real, 2586 MB, 1.34 load
[runlim] sample:		20874.75 time, 19530.01 real, 2586 MB, 1.29 load
[runlim] sample:		20884.76 time, 19540.02 real, 2594 MB, 1.24 load
[runlim] sample:		20894.76 time, 19550.01 real, 2594 MB, 1.21 load
[runlim] sample:		20904.76 time, 19560.01 real, 2594 MB, 1.17 load
[runlim] sample:		20914.76 time, 19570.01 real, 2603 MB, 1.15 load
[runlim] sample:		20924.77 time, 19580.01 real, 2603 MB, 1.20 load
[runlim] sample:		20934.77 time, 19590.01 real, 2603 MB, 1.17 load
[runlim] sample:		20944.77 time, 19600.01 real, 2612 MB, 1.15 load
[runlim] sample:		20954.76 time, 19610.01 real, 2612 MB, 1.12 load
[runlim] sample:		20964.77 time, 19620.01 real, 2621 MB, 1.10 load
[runlim] sample:		20974.78 time, 19630.01 real, 2621 MB, 1.09 load
[runlim] sample:		20984.78 time, 19640.01 real, 2621 MB, 1.07 load
[runlim] sample:		20994.78 time, 19650.01 real, 2630 MB, 1.06 load
[runlim] sample:		21004.77 time, 19660.01 real, 2630 MB, 1.05 load
[runlim] sample:		21014.77 time, 19670.01 real, 2630 MB, 1.04 load
[runlim] sample:		21024.78 time, 19680.01 real, 2642 MB, 1.04 load
[runlim] sample:		21034.79 time, 19690.01 real, 2642 MB, 1.03 load
[runlim] sample:		21044.78 time, 19700.01 real, 2642 MB, 1.02 load
[runlim] sample:		21054.79 time, 19710.01 real, 2650 MB, 1.02 load
[runlim] sample:		21064.78 time, 19720.01 real, 2650 MB, 1.02 load

NN₁: mnist_relu_3_100_gemm.onnx
NN₂: mnist_relu_3_100_0.79_adam_1_stepsize.onnx
Prop: mnist_41_global_4.vnnlib

NN₁: mnist_relu_3_100_gemm.onnx
NN₂: mnist_relu_3_100_0.79_adam_1_stepsize.onnx
Prop: mnist_41_global_5.vnnlib
[runlim] sample:		21074.71 time, 19730.01 real, 2469 MB, 1.01 load
[runlim] sample:		21084.62 time, 19740.01 real, 2470 MB, 1.01 load
[runlim] sample:		21094.63 time, 19750.01 real, 2470 MB, 1.01 load
[runlim] sample:		21104.63 time, 19760.01 real, 2474 MB, 1.01 load
[runlim] sample:		21114.62 time, 19770.01 real, 2478 MB, 1.01 load
[runlim] sample:		21124.62 time, 19780.01 real, 2481 MB, 1.00 load
[runlim] sample:		21134.63 time, 19790.01 real, 2481 MB, 1.00 load
[runlim] sample:		21144.63 time, 19800.01 real, 2487 MB, 1.00 load
[runlim] sample:		21154.63 time, 19810.01 real, 2491 MB, 1.00 load
[runlim] sample:		21164.63 time, 19820.01 real, 2497 MB, 1.00 load
[runlim] sample:		21174.63 time, 19830.01 real, 2497 MB, 1.00 load
[runlim] sample:		21184.64 time, 19840.01 real, 2502 MB, 1.00 load
[runlim] sample:		21194.64 time, 19850.01 real, 2502 MB, 1.00 load
[runlim] sample:		21204.63 time, 19860.01 real, 2508 MB, 1.00 load
[runlim] sample:		21214.64 time, 19870.01 real, 2516 MB, 1.00 load
[runlim] sample:		21224.64 time, 19880.01 real, 2516 MB, 1.00 load
[runlim] sample:		21234.64 time, 19890.01 real, 2521 MB, 1.00 load
[runlim] sample:		21244.64 time, 19900.02 real, 2521 MB, 1.08 load
[runlim] sample:		21254.65 time, 19910.01 real, 2528 MB, 1.07 load
[runlim] sample:		21264.65 time, 19920.01 real, 2528 MB, 1.06 load
[runlim] sample:		21274.64 time, 19930.01 real, 2534 MB, 1.05 load
[runlim] sample:		21284.65 time, 19940.01 real, 2536 MB, 1.04 load
[runlim] sample:		21294.64 time, 19950.01 real, 2546 MB, 1.03 load
[runlim] sample:		21304.65 time, 19960.01 real, 2555 MB, 1.03 load
[runlim] sample:		21314.65 time, 19970.01 real, 2555 MB, 1.02 load
[runlim] sample:		21324.65 time, 19980.01 real, 2565 MB, 1.02 load
[runlim] sample:		21334.65 time, 19990.01 real, 2565 MB, 1.02 load
[runlim] sample:		21344.52 time, 20000.01 real, 2565 MB, 1.09 load
[runlim] sample:		21354.52 time, 20010.01 real, 2574 MB, 1.23 load
[runlim] sample:		21364.52 time, 20020.01 real, 2574 MB, 1.27 load
[runlim] sample:		21374.52 time, 20030.01 real, 2582 MB, 1.23 load
[runlim] sample:		21384.52 time, 20040.01 real, 2582 MB, 1.19 load
[runlim] sample:		21394.53 time, 20050.01 real, 2592 MB, 1.16 load
[runlim] sample:		21404.53 time, 20060.01 real, 2592 MB, 1.14 load
[runlim] sample:		21414.53 time, 20070.01 real, 2602 MB, 1.12 load
[runlim] sample:		21424.53 time, 20080.01 real, 2602 MB, 1.10 load
[runlim] sample:		21434.53 time, 20090.01 real, 2612 MB, 1.08 load
[runlim] sample:		21444.53 time, 20100.01 real, 2612 MB, 1.07 load
[runlim] sample:		21454.54 time, 20110.01 real, 2612 MB, 1.06 load
[runlim] sample:		21464.54 time, 20120.01 real, 2621 MB, 1.13 load
[runlim] sample:		21474.54 time, 20130.01 real, 2621 MB, 1.11 load
[runlim] sample:		21484.54 time, 20140.01 real, 2635 MB, 1.09 load
[runlim] sample:		21494.54 time, 20150.01 real, 2635 MB, 1.08 load
[runlim] sample:		21504.54 time, 20160.01 real, 2635 MB, 1.06 load
[runlim] sample:		21514.54 time, 20170.01 real, 2647 MB, 1.05 load
[runlim] sample:		21524.54 time, 20180.01 real, 2647 MB, 1.05 load
[runlim] sample:		21534.55 time, 20190.02 real, 2661 MB, 1.04 load
[runlim] sample:		21544.55 time, 20200.01 real, 2661 MB, 1.03 load
[runlim] sample:		21554.55 time, 20210.01 real, 2661 MB, 1.03 load
[runlim] sample:		21564.55 time, 20220.01 real, 2674 MB, 1.02 load
[runlim] sample:		21574.55 time, 20230.01 real, 2674 MB, 1.02 load
[runlim] sample:		21584.55 time, 20240.01 real, 2674 MB, 1.02 load
[runlim] sample:		21594.55 time, 20250.01 real, 2687 MB, 1.01 load
[runlim] sample:		21604.55 time, 20260.01 real, 2687 MB, 1.01 load
[runlim] sample:		21614.41 time, 20270.01 real, 2687 MB, 1.01 load
[runlim] sample:		21624.40 time, 20280.01 real, 2699 MB, 1.01 load
[runlim] sample:		21634.41 time, 20290.01 real, 2699 MB, 1.00 load
[runlim] sample:		21644.41 time, 20300.01 real, 2744 MB, 1.00 load
[runlim] sample:		21654.42 time, 20310.01 real, 2712 MB, 1.00 load
[runlim] sample:		21664.42 time, 20320.01 real, 2712 MB, 1.00 load

NN₁: mnist_relu_3_100_gemm.onnx
NN₂: mnist_relu_3_100_0.79_adam_1_stepsize.onnx
Prop: mnist_42_global_4.vnnlib
[runlim] sample:		21674.38 time, 20330.01 real, 2467 MB, 1.00 load

NN₁: mnist_relu_3_100_gemm.onnx
NN₂: mnist_relu_3_100_0.79_adam_1_stepsize.onnx
Prop: mnist_42_global_5.vnnlib
[runlim] sample:		21684.38 time, 20340.01 real, 2467 MB, 1.00 load
[runlim] sample:		21694.38 time, 20350.01 real, 2467 MB, 1.00 load
[runlim] sample:		21704.38 time, 20360.01 real, 2467 MB, 1.00 load
[runlim] sample:		21714.39 time, 20370.01 real, 2467 MB, 1.00 load
[runlim] sample:		21724.38 time, 20380.01 real, 2467 MB, 1.00 load
[runlim] sample:		21734.38 time, 20390.01 real, 2473 MB, 1.00 load
[runlim] sample:		21744.39 time, 20400.01 real, 2473 MB, 1.08 load
[runlim] sample:		21754.39 time, 20410.01 real, 2473 MB, 1.07 load
[runlim] sample:		21764.62 time, 20420.01 real, 2473 MB, 1.06 load
[runlim] sample:		21774.79 time, 20430.01 real, 2473 MB, 1.05 load
[runlim] sample:		21784.85 time, 20440.01 real, 2477 MB, 1.04 load
[runlim] sample:		21794.85 time, 20450.01 real, 2482 MB, 1.03 load
[runlim] sample:		21805.10 time, 20460.01 real, 2483 MB, 1.03 load
[runlim] sample:		21817.17 time, 20470.01 real, 2487 MB, 1.02 load
[runlim] sample:		21829.87 time, 20480.01 real, 2486 MB, 1.02 load
[runlim] sample:		21841.65 time, 20490.01 real, 2491 MB, 1.02 load
[runlim] sample:		21851.73 time, 20500.01 real, 2496 MB, 1.09 load
[runlim] sample:		21863.38 time, 20510.01 real, 2507 MB, 1.23 load
[runlim] sample:		21875.36 time, 20520.01 real, 2506 MB, 1.20 load
[runlim] sample:		21886.28 time, 20530.01 real, 2510 MB, 1.17 load
[runlim] sample:		21896.13 time, 20540.01 real, 2517 MB, 1.14 load
[runlim] sample:		21906.14 time, 20550.01 real, 2523 MB, 1.12 load
[runlim] sample:		21916.20 time, 20560.01 real, 2528 MB, 1.10 load
[runlim] sample:		21926.36 time, 20570.01 real, 2532 MB, 1.08 load
[runlim] sample:		21937.00 time, 20580.01 real, 2531 MB, 1.07 load
[runlim] sample:		21947.57 time, 20590.02 real, 2538 MB, 1.70 load
[runlim] sample:		21958.97 time, 20600.01 real, 2550 MB, 1.59 load
[runlim] sample:		21971.06 time, 20610.02 real, 2560 MB, 1.50 load
[runlim] sample:		21981.85 time, 20620.01 real, 2561 MB, 1.42 load
[runlim] sample:		21993.12 time, 20630.01 real, 2567 MB, 1.36 load
[runlim] sample:		22003.25 time, 20640.01 real, 2574 MB, 1.30 load
[runlim] sample:		22013.56 time, 20650.01 real, 2574 MB, 1.26 load
[runlim] sample:		22025.01 time, 20660.01 real, 2578 MB, 1.22 load
[runlim] sample:		22035.97 time, 20670.01 real, 2591 MB, 1.18 load
[runlim] sample:		22046.00 time, 20680.01 real, 2591 MB, 1.15 load
[runlim] sample:		22058.04 time, 20690.01 real, 2594 MB, 1.13 load
[runlim] sample:		22069.89 time, 20700.01 real, 2589 MB, 1.11 load
[runlim] sample:		22080.04 time, 20710.01 real, 2593 MB, 1.09 load
[runlim] sample:		22090.04 time, 20720.01 real, 2598 MB, 1.08 load
[runlim] sample:		22100.04 time, 20730.01 real, 2598 MB, 1.06 load
[runlim] sample:		22110.21 time, 20740.01 real, 2615 MB, 1.05 load
[runlim] sample:		22120.22 time, 20750.01 real, 2615 MB, 1.05 load
[runlim] sample:		22130.22 time, 20760.01 real, 2622 MB, 1.04 load
[runlim] sample:		22140.22 time, 20770.01 real, 2622 MB, 1.03 load
[runlim] sample:		22150.23 time, 20780.01 real, 2631 MB, 1.03 load
[runlim] sample:		22160.24 time, 20790.01 real, 2639 MB, 1.02 load
[runlim] sample:		22170.80 time, 20800.01 real, 2638 MB, 1.02 load
[runlim] sample:		22181.12 time, 20810.01 real, 2647 MB, 1.02 load
[runlim] sample:		22190.98 time, 20820.01 real, 2647 MB, 1.01 load
[runlim] sample:		22201.96 time, 20830.01 real, 2656 MB, 1.01 load
[runlim] sample:		22212.90 time, 20840.01 real, 2656 MB, 1.01 load
[runlim] sample:		22223.00 time, 20850.01 real, 2668 MB, 1.01 load
[runlim] sample:		22233.17 time, 20860.01 real, 2668 MB, 1.00 load
[runlim] sample:		22243.18 time, 20870.01 real, 2675 MB, 1.00 load
[runlim] sample:		22253.18 time, 20880.01 real, 2675 MB, 1.00 load
[runlim] sample:		22263.50 time, 20890.01 real, 2678 MB, 1.00 load
[runlim] sample:		22274.11 time, 20900.01 real, 2679 MB, 1.00 load
[runlim] sample:		22286.37 time, 20910.01 real, 2693 MB, 1.00 load
[runlim] sample:		22300.16 time, 20920.01 real, 2690 MB, 1.08 load
[runlim] sample:		22310.52 time, 20930.01 real, 2697 MB, 1.07 load

NN₁: mnist_relu_3_100_gemm.onnx
NN₂: mnist_relu_3_100_0.79_adam_1_stepsize.onnx
Prop: mnist_43_global_4.vnnlib
[runlim] sample:		22320.49 time, 20940.01 real, 2457 MB, 1.06 load
[runlim] sample:		22330.49 time, 20950.01 real, 2457 MB, 1.05 load
[runlim] sample:		22340.50 time, 20960.01 real, 2457 MB, 1.04 load
[runlim] sample:		22350.50 time, 20970.01 real, 2457 MB, 1.03 load
[runlim] sample:		22360.51 time, 20980.01 real, 2464 MB, 1.03 load
[runlim] sample:		22370.50 time, 20990.01 real, 2469 MB, 1.02 load
[runlim] sample:		22380.51 time, 21000.01 real, 2475 MB, 1.10 load
[runlim] sample:		22390.51 time, 21010.01 real, 2483 MB, 1.24 load
[runlim] sample:		22400.51 time, 21020.01 real, 2488 MB, 1.20 load
[runlim] sample:		22410.51 time, 21030.01 real, 2498 MB, 1.17 load
[runlim] sample:		22420.52 time, 21040.01 real, 2505 MB, 1.14 load
[runlim] sample:		22430.52 time, 21050.01 real, 2515 MB, 1.12 load
[runlim] sample:		22440.53 time, 21060.01 real, 2515 MB, 1.10 load
[runlim] sample:		22450.53 time, 21070.01 real, 2525 MB, 1.09 load
[runlim] sample:		22460.53 time, 21080.01 real, 2532 MB, 1.07 load
[runlim] sample:		22470.32 time, 21090.01 real, 2542 MB, 1.06 load
[runlim] sample:		22480.33 time, 21100.01 real, 2550 MB, 1.05 load
[runlim] sample:		22490.33 time, 21110.01 real, 2550 MB, 1.04 load
[runlim] sample:		22500.33 time, 21120.01 real, 2557 MB, 1.04 load
[runlim] sample:		22510.34 time, 21130.01 real, 2564 MB, 1.03 load
[runlim] sample:		22520.34 time, 21140.01 real, 2564 MB, 1.02 load
[runlim] sample:		22530.34 time, 21150.01 real, 2570 MB, 1.02 load
[runlim] sample:		22540.34 time, 21160.01 real, 2576 MB, 1.02 load
[runlim] sample:		22550.34 time, 21170.01 real, 2576 MB, 1.01 load
[runlim] sample:		22560.35 time, 21180.01 real, 2583 MB, 1.01 load
[runlim] sample:		22570.35 time, 21190.01 real, 2585 MB, 1.01 load
[runlim] sample:		22580.36 time, 21200.01 real, 2585 MB, 1.01 load
[runlim] sample:		22590.35 time, 21210.01 real, 2612 MB, 1.01 load
[runlim] sample:		22600.36 time, 21220.01 real, 2612 MB, 1.00 load
[runlim] sample:		22610.37 time, 21230.01 real, 2615 MB, 1.00 load
[runlim] sample:		22620.37 time, 21240.01 real, 2615 MB, 1.00 load
[runlim] sample:		22630.37 time, 21250.01 real, 2615 MB, 1.00 load
[runlim] sample:		22640.37 time, 21260.01 real, 2617 MB, 1.00 load
[runlim] sample:		22650.37 time, 21270.01 real, 2617 MB, 1.00 load
[runlim] sample:		22660.37 time, 21280.01 real, 2617 MB, 1.00 load
[runlim] sample:		22670.38 time, 21290.01 real, 2617 MB, 1.00 load
[runlim] sample:		22680.38 time, 21300.01 real, 2617 MB, 1.00 load
[runlim] sample:		22690.38 time, 21310.01 real, 2617 MB, 1.00 load
[runlim] sample:		22700.38 time, 21320.01 real, 2617 MB, 1.00 load
[runlim] sample:		22710.39 time, 21330.01 real, 2617 MB, 1.00 load
[runlim] sample:		22720.39 time, 21340.01 real, 2617 MB, 1.00 load
[runlim] sample:		22730.39 time, 21350.01 real, 2617 MB, 1.00 load
[runlim] sample:		22740.27 time, 21360.01 real, 2617 MB, 1.00 load
[runlim] sample:		22750.27 time, 21370.01 real, 2617 MB, 1.00 load
[runlim] sample:		22760.27 time, 21380.01 real, 2617 MB, 1.00 load
[runlim] sample:		22770.28 time, 21390.01 real, 2617 MB, 1.00 load
[runlim] sample:		22780.28 time, 21400.01 real, 2617 MB, 1.00 load
[runlim] sample:		22790.28 time, 21410.01 real, 2617 MB, 1.00 load
[runlim] sample:		22800.29 time, 21420.01 real, 2617 MB, 1.00 load
[runlim] sample:		22810.29 time, 21430.01 real, 2616 MB, 1.00 load
[runlim] sample:		22820.29 time, 21440.01 real, 2616 MB, 1.00 load
[runlim] sample:		22830.29 time, 21450.01 real, 2610 MB, 1.00 load
[runlim] sample:		22840.29 time, 21460.01 real, 2604 MB, 1.00 load
[runlim] sample:		22850.30 time, 21470.01 real, 2597 MB, 1.00 load
[runlim] sample:		22860.30 time, 21480.01 real, 2597 MB, 1.00 load
[runlim] sample:		22870.30 time, 21490.01 real, 2588 MB, 1.00 load
[runlim] sample:		22880.30 time, 21500.01 real, 2570 MB, 1.08 load
[runlim] sample:		22890.30 time, 21510.01 real, 2549 MB, 1.22 load
[runlim] sample:		22900.31 time, 21520.01 real, 2549 MB, 1.26 load

NN₁: mnist_relu_3_100_gemm.onnx
NN₂: mnist_relu_3_100_0.79_adam_1_stepsize.onnx
Prop: mnist_43_global_5.vnnlib
[runlim] sample:		22910.29 time, 21530.01 real, 2458 MB, 1.22 load
[runlim] sample:		22920.29 time, 21540.01 real, 2461 MB, 1.19 load
[runlim] sample:		22930.29 time, 21550.01 real, 2460 MB, 1.16 load
[runlim] sample:		22940.29 time, 21560.01 real, 2463 MB, 1.13 load
[runlim] sample:		22950.29 time, 21570.01 real, 2467 MB, 1.11 load
[runlim] sample:		22960.30 time, 21580.01 real, 2470 MB, 1.09 load
[runlim] sample:		22970.29 time, 21590.01 real, 2475 MB, 1.08 load
[runlim] sample:		22980.30 time, 21600.01 real, 2480 MB, 1.07 load
[runlim] sample:		22990.30 time, 21610.01 real, 2479 MB, 1.06 load
[runlim] sample:		23000.30 time, 21620.01 real, 2484 MB, 1.05 load
[runlim] sample:		23009.78 time, 21630.01 real, 2489 MB, 1.04 load
[runlim] sample:		23019.79 time, 21640.01 real, 2489 MB, 1.03 load
[runlim] sample:		23029.79 time, 21650.01 real, 2494 MB, 1.03 load
[runlim] sample:		23039.79 time, 21660.01 real, 2499 MB, 1.02 load
[runlim] sample:		23049.79 time, 21670.01 real, 2499 MB, 1.02 load
[runlim] sample:		23059.80 time, 21680.01 real, 2504 MB, 1.02 load
[runlim] sample:		23069.80 time, 21690.01 real, 2510 MB, 1.01 load
[runlim] sample:		23079.80 time, 21700.01 real, 2510 MB, 1.01 load
[runlim] sample:		23089.80 time, 21710.01 real, 2516 MB, 1.01 load
[runlim] sample:		23099.80 time, 21720.01 real, 2523 MB, 1.01 load
[runlim] sample:		23109.81 time, 21730.01 real, 2523 MB, 1.00 load
[runlim] sample:		23119.81 time, 21740.01 real, 2530 MB, 1.00 load
[runlim] sample:		23129.81 time, 21750.01 real, 2530 MB, 1.00 load
[runlim] sample:		23139.82 time, 21760.01 real, 2538 MB, 1.00 load
[runlim] sample:		23149.82 time, 21770.01 real, 2545 MB, 1.00 load
[runlim] sample:		23159.82 time, 21780.01 real, 2545 MB, 1.00 load
[runlim] sample:		23169.82 time, 21790.01 real, 2553 MB, 1.00 load
[runlim] sample:		23179.82 time, 21800.01 real, 2553 MB, 1.00 load
[runlim] sample:		23189.83 time, 21810.01 real, 2562 MB, 1.00 load
[runlim] sample:		23199.84 time, 21820.01 real, 2562 MB, 1.08 load
[runlim] sample:		23209.83 time, 21830.01 real, 2570 MB, 1.07 load
[runlim] sample:		23219.84 time, 21840.01 real, 2570 MB, 1.06 load
[runlim] sample:		23229.84 time, 21850.01 real, 2578 MB, 1.05 load
[runlim] sample:		23239.84 time, 21860.01 real, 2578 MB, 1.04 load
[runlim] sample:		23249.85 time, 21870.01 real, 2587 MB, 1.03 load
[runlim] sample:		23259.85 time, 21880.01 real, 2587 MB, 1.03 load
[runlim] sample:		23269.86 time, 21890.01 real, 2596 MB, 1.02 load
[runlim] sample:		23279.72 time, 21900.01 real, 2596 MB, 0.95 load
[runlim] sample:		23289.72 time, 21910.01 real, 2605 MB, 0.95 load
[runlim] sample:		23299.73 time, 21920.01 real, 2605 MB, 0.96 load
[runlim] sample:		23309.72 time, 21930.01 real, 2615 MB, 0.97 load
[runlim] sample:		23319.72 time, 21940.01 real, 2615 MB, 0.97 load
[runlim] sample:		23329.73 time, 21950.01 real, 2615 MB, 0.98 load
[runlim] sample:		23339.73 time, 21960.01 real, 2627 MB, 0.98 load
[runlim] sample:		23349.73 time, 21970.01 real, 2627 MB, 0.98 load
[runlim] sample:		23359.74 time, 21980.01 real, 2637 MB, 0.99 load
[runlim] sample:		23369.74 time, 21990.01 real, 2637 MB, 0.99 load
[runlim] sample:		23379.74 time, 22000.01 real, 2660 MB, 1.07 load
[runlim] sample:		23389.75 time, 22010.01 real, 2648 MB, 1.22 load
[runlim] sample:		23399.74 time, 22020.01 real, 2648 MB, 1.18 load
[runlim] sample:		23409.75 time, 22030.01 real, 2659 MB, 1.15 load
[runlim] sample:		23419.75 time, 22040.01 real, 2659 MB, 1.13 load
[runlim] sample:		23429.75 time, 22050.01 real, 2659 MB, 1.11 load
[runlim] sample:		23439.75 time, 22060.01 real, 2670 MB, 1.09 load
[runlim] sample:		23449.76 time, 22070.01 real, 2670 MB, 1.08 load
[runlim] sample:		23459.76 time, 22080.01 real, 2682 MB, 1.06 load
[runlim] sample:		23469.76 time, 22090.01 real, 2682 MB, 1.05 load
[runlim] sample:		23479.76 time, 22100.01 real, 2682 MB, 1.05 load
[runlim] sample:		23489.76 time, 22110.01 real, 2693 MB, 1.11 load
[runlim] sample:		23499.76 time, 22120.01 real, 2693 MB, 1.09 load
[runlim] sample:		23509.77 time, 22130.01 real, 2693 MB, 1.08 load

NN₁: mnist_relu_3_100_gemm.onnx
NN₂: mnist_relu_3_100_0.79_adam_1_stepsize.onnx
Prop: mnist_44_global_4.vnnlib
[runlim] sample:		23519.75 time, 22140.01 real, 2460 MB, 1.07 load
[runlim] sample:		23529.75 time, 22150.01 real, 2460 MB, 1.06 load
[runlim] sample:		23539.88 time, 22160.01 real, 2462 MB, 1.05 load
[runlim] sample:		23549.73 time, 22170.01 real, 2462 MB, 1.04 load
[runlim] sample:		23559.81 time, 22180.01 real, 2462 MB, 1.03 load
[runlim] sample:		23569.95 time, 22190.01 real, 2462 MB, 1.03 load
[runlim] sample:		23580.14 time, 22200.01 real, 2461 MB, 1.02 load
[runlim] sample:		23590.14 time, 22210.01 real, 2461 MB, 1.02 load
[runlim] sample:		23600.15 time, 22220.01 real, 2461 MB, 1.02 load
[runlim] sample:		23610.15 time, 22230.01 real, 2461 MB, 1.01 load
[runlim] sample:		23620.15 time, 22240.01 real, 2461 MB, 1.01 load
[runlim] sample:		23630.52 time, 22250.01 real, 2469 MB, 1.01 load
[runlim] sample:		23640.55 time, 22260.01 real, 2473 MB, 1.01 load
[runlim] sample:		23650.65 time, 22270.01 real, 2478 MB, 1.00 load
[runlim] sample:		23661.86 time, 22280.01 real, 2480 MB, 1.00 load
[runlim] sample:		23672.97 time, 22290.01 real, 2484 MB, 1.00 load
[runlim] sample:		23684.60 time, 22300.01 real, 2487 MB, 1.00 load
[runlim] sample:		23696.77 time, 22310.01 real, 2493 MB, 1.00 load
[runlim] sample:		23708.26 time, 22320.01 real, 2498 MB, 1.00 load
[runlim] sample:		23718.51 time, 22330.01 real, 2503 MB, 1.00 load
[runlim] sample:		23728.96 time, 22340.01 real, 2501 MB, 1.00 load
[runlim] sample:		23739.37 time, 22350.01 real, 2507 MB, 1.00 load
[runlim] sample:		23749.36 time, 22360.01 real, 2511 MB, 1.00 load
[runlim] sample:		23762.16 time, 22370.01 real, 2516 MB, 1.00 load
[runlim] sample:		23773.05 time, 22380.01 real, 2519 MB, 1.00 load
[runlim] sample:		23783.61 time, 22390.01 real, 2527 MB, 1.00 load
[runlim] sample:		23794.73 time, 22400.01 real, 2529 MB, 1.00 load
[runlim] sample:		23805.01 time, 22410.01 real, 2534 MB, 1.00 load
[runlim] sample:		23815.15 time, 22420.01 real, 2534 MB, 1.00 load
[runlim] sample:		23826.01 time, 22430.01 real, 2539 MB, 1.00 load
[runlim] sample:		23837.07 time, 22440.01 real, 2546 MB, 1.00 load
[runlim] sample:		23847.80 time, 22450.01 real, 2546 MB, 1.00 load
[runlim] sample:		23857.89 time, 22460.01 real, 2554 MB, 1.00 load
[runlim] sample:		23868.03 time, 22470.01 real, 2560 MB, 1.00 load
[runlim] sample:		23879.08 time, 22480.01 real, 2567 MB, 1.00 load
[runlim] sample:		23889.27 time, 22490.01 real, 2572 MB, 1.00 load
[runlim] sample:		23899.93 time, 22500.01 real, 2581 MB, 1.08 load
[runlim] sample:		23912.38 time, 22510.01 real, 2579 MB, 1.22 load
[runlim] sample:		23925.04 time, 22520.01 real, 2581 MB, 1.34 load
[runlim] sample:		23937.63 time, 22530.01 real, 2591 MB, 1.29 load
[runlim] sample:		23947.88 time, 22540.01 real, 2602 MB, 1.39 load
[runlim] sample:		23958.19 time, 22550.01 real, 2602 MB, 1.33 load
[runlim] sample:		23972.97 time, 22560.01 real, 2607 MB, 1.43 load
[runlim] sample:		23986.29 time, 22570.01 real, 2623 MB, 1.36 load
[runlim] sample:		23999.23 time, 22580.01 real, 2621 MB, 1.30 load
[runlim] sample:		24011.74 time, 22590.01 real, 2637 MB, 1.26 load
[runlim] sample:		24023.88 time, 22600.01 real, 2648 MB, 1.29 load
[runlim] sample:		24037.06 time, 22610.01 real, 2649 MB, 1.25 load
[runlim] sample:		24047.96 time, 22620.01 real, 2661 MB, 1.21 load
[runlim] sample:		24059.47 time, 22630.02 real, 2658 MB, 1.18 load
[runlim] sample:		24071.15 time, 22640.01 real, 2666 MB, 1.15 load
[runlim] sample:		24082.31 time, 22650.01 real, 2666 MB, 1.12 load
[runlim] sample:		24093.75 time, 22660.01 real, 2675 MB, 1.10 load
[runlim] sample:		24104.14 time, 22670.01 real, 2673 MB, 1.09 load
[runlim] sample:		24114.29 time, 22680.01 real, 2681 MB, 1.07 load
[runlim] sample:		24125.02 time, 22690.01 real, 2680 MB, 1.06 load
[runlim] sample:		24138.27 time, 22700.01 real, 2693 MB, 1.35 load
[runlim] sample:		24149.03 time, 22710.01 real, 2693 MB, 1.29 load
[runlim] sample:		24159.70 time, 22720.01 real, 2697 MB, 1.25 load
[runlim] sample:		24169.71 time, 22730.01 real, 2697 MB, 1.21 load

NN₁: mnist_relu_3_100_gemm.onnx
NN₂: mnist_relu_3_100_0.79_adam_1_stepsize.onnx
Prop: mnist_44_global_5.vnnlib
[runlim] sample:		24179.69 time, 22740.01 real, 2461 MB, 1.18 load
[runlim] sample:		24189.68 time, 22750.01 real, 2463 MB, 1.15 load
[runlim] sample:		24199.69 time, 22760.01 real, 2465 MB, 1.13 load
[runlim] sample:		24209.68 time, 22770.01 real, 2468 MB, 1.11 load
[runlim] sample:		24219.69 time, 22780.01 real, 2468 MB, 1.09 load
[runlim] sample:		24229.70 time, 22790.01 real, 2472 MB, 1.08 load
[runlim] sample:		24239.70 time, 22800.01 real, 2476 MB, 1.06 load
[runlim] sample:		24249.69 time, 22810.01 real, 2476 MB, 1.05 load
[runlim] sample:		24259.70 time, 22820.01 real, 2483 MB, 1.04 load
[runlim] sample:		24269.69 time, 22830.01 real, 2487 MB, 1.04 load
[runlim] sample:		24279.69 time, 22840.01 real, 2487 MB, 1.03 load
[runlim] sample:		24289.70 time, 22850.01 real, 2492 MB, 1.03 load
[runlim] sample:		24299.70 time, 22860.01 real, 2499 MB, 1.02 load
[runlim] sample:		24309.70 time, 22870.01 real, 2499 MB, 1.02 load
[runlim] sample:		24319.70 time, 22880.01 real, 2505 MB, 1.01 load
[runlim] sample:		24329.70 time, 22890.01 real, 2505 MB, 1.01 load
[runlim] sample:		24339.70 time, 22900.01 real, 2511 MB, 1.01 load
[runlim] sample:		24349.71 time, 22910.01 real, 2516 MB, 1.01 load
[runlim] sample:		24359.70 time, 22920.01 real, 2518 MB, 1.01 load
[runlim] sample:		24373.25 time, 22930.01 real, 2522 MB, 1.00 load
[runlim] sample:		24385.85 time, 22940.01 real, 2518 MB, 1.00 load
[runlim] sample:		24400.33 time, 22950.02 real, 2518 MB, 1.00 load
[runlim] sample:		24415.00 time, 22960.01 real, 2521 MB, 1.22 load
[runlim] sample:		24430.72 time, 22970.01 real, 2516 MB, 1.19 load
[runlim] sample:		24446.74 time, 22980.01 real, 2524 MB, 1.16 load
[runlim] sample:		24462.12 time, 22990.01 real, 2524 MB, 1.13 load
[runlim] sample:		24477.64 time, 23000.01 real, 2525 MB, 1.19 load
[runlim] sample:		24492.94 time, 23010.01 real, 2529 MB, 1.32 load
[runlim] sample:		24509.39 time, 23020.01 real, 2530 MB, 1.27 load
[runlim] sample:		24525.90 time, 23030.01 real, 2530 MB, 1.30 load
[runlim] sample:		24544.16 time, 23040.01 real, 2536 MB, 1.33 load
[runlim] sample:		24560.17 time, 23050.01 real, 2541 MB, 1.43 load
[runlim] sample:		24575.70 time, 23060.01 real, 2541 MB, 1.36 load
[runlim] sample:		24593.10 time, 23070.01 real, 2549 MB, 1.30 load
[runlim] sample:		24608.12 time, 23080.01 real, 2547 MB, 1.26 load
[runlim] sample:		24622.96 time, 23090.01 real, 2565 MB, 1.22 load
[runlim] sample:		24637.91 time, 23100.01 real, 2569 MB, 1.18 load
[runlim] sample:		24653.52 time, 23110.01 real, 2567 MB, 1.15 load
[runlim] sample:		24671.62 time, 23120.01 real, 2567 MB, 1.13 load
[runlim] sample:		24686.95 time, 23130.01 real, 2574 MB, 1.11 load
[runlim] sample:		24703.19 time, 23140.01 real, 2576 MB, 1.09 load
[runlim] sample:		24717.98 time, 23150.01 real, 2580 MB, 1.08 load
[runlim] sample:		24730.83 time, 23160.01 real, 2585 MB, 1.07 load
[runlim] sample:		24744.78 time, 23170.01 real, 2591 MB, 1.06 load
[runlim] sample:		24757.19 time, 23180.01 real, 2598 MB, 1.05 load
[runlim] sample:		24769.64 time, 23190.01 real, 2601 MB, 1.04 load
[runlim] sample:		24782.22 time, 23200.01 real, 2614 MB, 1.03 load
[runlim] sample:		24795.91 time, 23210.01 real, 2609 MB, 1.03 load
[runlim] sample:		24810.13 time, 23220.01 real, 2618 MB, 1.18 load
[runlim] sample:		24824.95 time, 23230.01 real, 2615 MB, 1.15 load
[runlim] sample:		24840.14 time, 23240.02 real, 2619 MB, 1.13 load
[runlim] sample:		24854.23 time, 23250.02 real, 2623 MB, 1.18 load
[runlim] sample:		24869.26 time, 23260.01 real, 2626 MB, 1.15 load
[runlim] sample:		24879.79 time, 23270.01 real, 2660 MB, 1.13 load
[runlim] sample:		24895.40 time, 23280.01 real, 2662 MB, 2.29 load
[runlim] sample:		24911.76 time, 23290.01 real, 2660 MB, 2.09 load
[runlim] sample:		24927.83 time, 23300.01 real, 2655 MB, 2.00 load
[runlim] sample:		24945.68 time, 23310.01 real, 2655 MB, 1.84 load
[runlim] sample:		24960.01 time, 23320.01 real, 2650 MB, 1.71 load
[runlim] sample:		24977.52 time, 23330.01 real, 2659 MB, 1.76 load

NN₁: mnist_relu_3_100_gemm.onnx
NN₂: mnist_relu_3_100_0.79_adam_1_stepsize.onnx
Prop: mnist_45_global_4.vnnlib
[runlim] sample:		24988.91 time, 23340.01 real, 2477 MB, 1.65 load

NN₁: mnist_relu_3_100_gemm.onnx
NN₂: mnist_relu_3_100_0.79_adam_1_stepsize.onnx
Prop: mnist_45_global_5.vnnlib
[runlim] sample:		24998.87 time, 23350.01 real, 2477 MB, 1.55 load
[runlim] sample:		25008.88 time, 23360.01 real, 2482 MB, 1.46 load
[runlim] sample:		25018.88 time, 23370.01 real, 2482 MB, 1.39 load
[runlim] sample:		25028.88 time, 23380.01 real, 2486 MB, 1.33 load
[runlim] sample:		25038.88 time, 23390.01 real, 2490 MB, 1.28 load
[runlim] sample:		25048.89 time, 23400.01 real, 2495 MB, 1.24 load
[runlim] sample:		25058.88 time, 23410.01 real, 2495 MB, 1.20 load
[runlim] sample:		25068.88 time, 23420.01 real, 2500 MB, 1.17 load
[runlim] sample:		25078.89 time, 23430.01 real, 2507 MB, 1.14 load
[runlim] sample:		25088.89 time, 23440.01 real, 2507 MB, 1.12 load
[runlim] sample:		25098.88 time, 23450.01 real, 2513 MB, 1.10 load
[runlim] sample:		25108.89 time, 23460.01 real, 2518 MB, 1.08 load
[runlim] sample:		25118.90 time, 23470.01 real, 2518 MB, 1.07 load
[runlim] sample:		25128.89 time, 23480.01 real, 2524 MB, 1.06 load
[runlim] sample:		25138.90 time, 23490.01 real, 2531 MB, 1.05 load
[runlim] sample:		25148.90 time, 23500.01 real, 2531 MB, 1.12 load
[runlim] sample:		25158.90 time, 23510.01 real, 2538 MB, 1.26 load
[runlim] sample:		25168.77 time, 23520.01 real, 2538 MB, 1.29 load
[runlim] sample:		25178.77 time, 23530.01 real, 2546 MB, 1.25 load
[runlim] sample:		25188.77 time, 23540.01 real, 2553 MB, 1.21 load
[runlim] sample:		25198.77 time, 23550.01 real, 2553 MB, 1.18 load
[runlim] sample:		25208.77 time, 23560.01 real, 2563 MB, 1.15 load
[runlim] sample:		25218.77 time, 23570.01 real, 2562 MB, 1.12 load
[runlim] sample:		25228.78 time, 23580.01 real, 2570 MB, 1.10 load
[runlim] sample:		25238.78 time, 23590.01 real, 2570 MB, 1.09 load
[runlim] sample:		25248.78 time, 23600.01 real, 2579 MB, 1.07 load
[runlim] sample:		25258.78 time, 23610.01 real, 2579 MB, 1.06 load
[runlim] sample:		25268.78 time, 23620.02 real, 2589 MB, 1.05 load
[runlim] sample:		25278.78 time, 23630.01 real, 2589 MB, 1.04 load
[runlim] sample:		25288.78 time, 23640.01 real, 2599 MB, 1.04 load
[runlim] sample:		25298.78 time, 23650.01 real, 2599 MB, 1.11 load
[runlim] sample:		25308.79 time, 23660.01 real, 2609 MB, 1.09 load
[runlim] sample:		25318.78 time, 23670.01 real, 2609 MB, 1.08 load
[runlim] sample:		25328.79 time, 23680.01 real, 2609 MB, 1.07 load
[runlim] sample:		25338.79 time, 23690.01 real, 2619 MB, 1.06 load
[runlim] sample:		25348.79 time, 23700.01 real, 2619 MB, 1.05 load
[runlim] sample:		25358.79 time, 23710.01 real, 2630 MB, 1.04 load
[runlim] sample:		25368.79 time, 23720.01 real, 2630 MB, 1.03 load
[runlim] sample:		25378.79 time, 23730.01 real, 2641 MB, 1.03 load
[runlim] sample:		25388.79 time, 23740.01 real, 2641 MB, 1.02 load
[runlim] sample:		25398.80 time, 23750.01 real, 2641 MB, 1.02 load
[runlim] sample:		25408.80 time, 23760.01 real, 2653 MB, 1.02 load
[runlim] sample:		25418.80 time, 23770.01 real, 2653 MB, 1.01 load
[runlim] sample:		25428.80 time, 23780.01 real, 2665 MB, 1.01 load
[runlim] sample:		25438.65 time, 23790.01 real, 2665 MB, 1.01 load
[runlim] sample:		25448.66 time, 23800.01 real, 2665 MB, 1.01 load
[runlim] sample:		25458.65 time, 23810.01 real, 2677 MB, 1.00 load
[runlim] sample:		25468.66 time, 23820.01 real, 2677 MB, 1.00 load
[runlim] sample:		25478.66 time, 23830.01 real, 2677 MB, 1.00 load
[runlim] sample:		25488.67 time, 23840.01 real, 2689 MB, 1.00 load
[runlim] sample:		25498.67 time, 23850.01 real, 2689 MB, 1.00 load
[runlim] sample:		25508.66 time, 23860.01 real, 2702 MB, 1.00 load
[runlim] sample:		25518.67 time, 23870.01 real, 2702 MB, 1.00 load
[runlim] sample:		25528.67 time, 23880.01 real, 2702 MB, 1.00 load
[runlim] sample:		25538.66 time, 23890.01 real, 2715 MB, 1.00 load
[runlim] sample:		25548.68 time, 23900.01 real, 2715 MB, 1.00 load
[runlim] sample:		25558.68 time, 23910.01 real, 2715 MB, 1.00 load
[runlim] sample:		25568.67 time, 23920.01 real, 2729 MB, 1.00 load
[runlim] sample:		25578.67 time, 23930.01 real, 2729 MB, 1.00 load
[runlim] sample:		25588.67 time, 23940.01 real, 2729 MB, 1.00 load
[runlim] sample:		25598.68 time, 23950.01 real, 2577 MB, 1.00 load

NN₁: mnist_relu_3_100_gemm.onnx
NN₂: mnist_relu_3_100_0.79_adam_1_stepsize.onnx
Prop: mnist_46_global_4.vnnlib

NN₁: mnist_relu_3_100_gemm.onnx
NN₂: mnist_relu_3_100_0.79_adam_1_stepsize.onnx
Prop: mnist_46_global_5.vnnlib
[runlim] sample:		25608.65 time, 23960.01 real, 2486 MB, 1.00 load
[runlim] sample:		25618.65 time, 23970.01 real, 2486 MB, 1.00 load
[runlim] sample:		25631.26 time, 23980.01 real, 2479 MB, 1.00 load
[runlim] sample:		25644.56 time, 23990.01 real, 2474 MB, 1.00 load
[runlim] sample:		25658.00 time, 24000.01 real, 2478 MB, 1.08 load
[runlim] sample:		25671.31 time, 24010.01 real, 2484 MB, 1.22 load
[runlim] sample:		25686.29 time, 24020.01 real, 2480 MB, 1.19 load
[runlim] sample:		25697.26 time, 24030.01 real, 2481 MB, 1.16 load
[runlim] sample:		25709.90 time, 24040.01 real, 2478 MB, 1.13 load
[runlim] sample:		25723.12 time, 24050.01 real, 2477 MB, 1.26 load
[runlim] sample:		25736.78 time, 24060.01 real, 2482 MB, 1.38 load
[runlim] sample:		25750.74 time, 24070.01 real, 2485 MB, 1.32 load
[runlim] sample:		25762.31 time, 24080.01 real, 2494 MB, 1.27 load
[runlim] sample:		25775.52 time, 24090.01 real, 2495 MB, 1.23 load
[runlim] sample:		25788.01 time, 24100.01 real, 2499 MB, 1.19 load
[runlim] sample:		25801.86 time, 24110.01 real, 2501 MB, 1.16 load
[runlim] sample:		25814.11 time, 24120.01 real, 2506 MB, 1.14 load
[runlim] sample:		25827.20 time, 24130.01 real, 2508 MB, 1.12 load
[runlim] sample:		25838.22 time, 24140.01 real, 2518 MB, 1.10 load
[runlim] sample:		25849.62 time, 24150.01 real, 2529 MB, 1.08 load
[runlim] sample:		25862.81 time, 24160.01 real, 2527 MB, 1.07 load
[runlim] sample:		25877.34 time, 24170.01 real, 2539 MB, 1.06 load
[runlim] sample:		25890.67 time, 24180.01 real, 2541 MB, 1.05 load
[runlim] sample:		25904.30 time, 24190.01 real, 2546 MB, 1.04 load
[runlim] sample:		25915.82 time, 24200.01 real, 2549 MB, 1.03 load
[runlim] sample:		25928.63 time, 24210.01 real, 2554 MB, 1.03 load
[runlim] sample:		25941.27 time, 24220.01 real, 2557 MB, 1.02 load
[runlim] sample:		25954.96 time, 24230.01 real, 2557 MB, 1.02 load
[runlim] sample:		25969.25 time, 24240.01 real, 2556 MB, 1.02 load
[runlim] sample:		25983.49 time, 24250.02 real, 2568 MB, 1.09 load
[runlim] sample:		25996.94 time, 24260.01 real, 2576 MB, 1.08 load
[runlim] sample:		26011.45 time, 24270.01 real, 2573 MB, 1.07 load
[runlim] sample:		26023.97 time, 24280.01 real, 2580 MB, 1.06 load
[runlim] sample:		26037.32 time, 24290.01 real, 2586 MB, 1.05 load
[runlim] sample:		26049.24 time, 24300.01 real, 2594 MB, 1.19 load
[runlim] sample:		26063.16 time, 24310.01 real, 2593 MB, 1.16 load
[runlim] sample:		26075.93 time, 24320.01 real, 2603 MB, 1.13 load
[runlim] sample:		26088.69 time, 24330.01 real, 2604 MB, 1.11 load
[runlim] sample:		26102.30 time, 24340.01 real, 2606 MB, 1.98 load
[runlim] sample:		26114.16 time, 24350.01 real, 2616 MB, 1.90 load
[runlim] sample:		26125.95 time, 24360.01 real, 2619 MB, 1.76 load
[runlim] sample:		26139.67 time, 24370.01 real, 2628 MB, 1.65 load
[runlim] sample:		26151.36 time, 24380.01 real, 2640 MB, 1.55 load
[runlim] sample:		26164.07 time, 24390.01 real, 2639 MB, 1.46 load
[runlim] sample:		26176.98 time, 24400.01 real, 2653 MB, 1.39 load
[runlim] sample:		26188.95 time, 24410.01 real, 2660 MB, 1.33 load
[runlim] sample:		26203.87 time, 24420.01 real, 2666 MB, 1.28 load
[runlim] sample:		26217.38 time, 24430.01 real, 2661 MB, 1.24 load
[runlim] sample:		26231.93 time, 24440.01 real, 2668 MB, 1.20 load
[runlim] sample:		26245.79 time, 24450.01 real, 2675 MB, 1.17 load
[runlim] sample:		26257.55 time, 24460.01 real, 2674 MB, 1.14 load
[runlim] sample:		26269.45 time, 24470.01 real, 2685 MB, 1.12 load
[runlim] sample:		26283.41 time, 24480.01 real, 2683 MB, 1.10 load
[runlim] sample:		26296.69 time, 24490.01 real, 2697 MB, 1.08 load
[runlim] sample:		26308.82 time, 24500.01 real, 2695 MB, 1.15 load
[runlim] sample:		26323.02 time, 24510.01 real, 2698 MB, 1.28 load
[runlim] sample:		26336.04 time, 24520.01 real, 2697 MB, 1.39 load
[runlim] sample:		26349.18 time, 24530.01 real, 2710 MB, 1.33 load
[runlim] sample:		26363.51 time, 24540.01 real, 2707 MB, 1.28 load
[runlim] sample:		26376.06 time, 24550.01 real, 2724 MB, 1.23 load

NN₁: mnist_relu_3_100_gemm.onnx
NN₂: mnist_relu_3_100_0.79_adam_1_stepsize.onnx
Prop: mnist_47_global_4.vnnlib

NN₁: mnist_relu_3_100_gemm.onnx
NN₂: mnist_relu_3_100_0.79_adam_1_stepsize.onnx
Prop: mnist_47_global_5.vnnlib
[runlim] sample:		26386.49 time, 24560.01 real, 2477 MB, 1.20 load
[runlim] sample:		26396.49 time, 24570.01 real, 2480 MB, 1.17 load
[runlim] sample:		26406.49 time, 24580.01 real, 2483 MB, 1.14 load
[runlim] sample:		26416.49 time, 24590.01 real, 2488 MB, 1.12 load
[runlim] sample:		26426.37 time, 24600.01 real, 2487 MB, 1.10 load
[runlim] sample:		26436.37 time, 24610.01 real, 2489 MB, 1.08 load
[runlim] sample:		26446.37 time, 24620.01 real, 2495 MB, 1.07 load
[runlim] sample:		26456.38 time, 24630.01 real, 2499 MB, 1.06 load
[runlim] sample:		26466.38 time, 24640.01 real, 2499 MB, 1.05 load
[runlim] sample:		26476.37 time, 24650.01 real, 2501 MB, 1.04 load
[runlim] sample:		26486.38 time, 24660.01 real, 2508 MB, 1.03 load
[runlim] sample:		26496.38 time, 24670.01 real, 2508 MB, 1.03 load
[runlim] sample:		26506.38 time, 24680.01 real, 2511 MB, 1.02 load
[runlim] sample:		26516.38 time, 24690.01 real, 2513 MB, 1.02 load
[runlim] sample:		26526.38 time, 24700.01 real, 2513 MB, 1.02 load
[runlim] sample:		26536.39 time, 24710.01 real, 2515 MB, 1.01 load
[runlim] sample:		26546.38 time, 24720.01 real, 2515 MB, 1.01 load
[runlim] sample:		26556.39 time, 24730.01 real, 2520 MB, 1.01 load
[runlim] sample:		26566.39 time, 24740.01 real, 2528 MB, 1.01 load
[runlim] sample:		26576.39 time, 24750.01 real, 2528 MB, 1.01 load
[runlim] sample:		26586.39 time, 24760.01 real, 2528 MB, 1.00 load
[runlim] sample:		26596.39 time, 24770.01 real, 2528 MB, 1.00 load
[runlim] sample:		26606.39 time, 24780.01 real, 2538 MB, 1.00 load
[runlim] sample:		26616.40 time, 24790.01 real, 2548 MB, 1.00 load
[runlim] sample:		26626.39 time, 24800.01 real, 2548 MB, 1.00 load
[runlim] sample:		26636.39 time, 24810.01 real, 2549 MB, 1.00 load
[runlim] sample:		26646.40 time, 24820.01 real, 2549 MB, 1.00 load
[runlim] sample:		26656.40 time, 24830.01 real, 2553 MB, 1.00 load
[runlim] sample:		26666.40 time, 24840.01 real, 2553 MB, 1.00 load
[runlim] sample:		26676.40 time, 24850.01 real, 2562 MB, 1.00 load
[runlim] sample:		26686.40 time, 24860.01 real, 2562 MB, 1.00 load
[runlim] sample:		26692.74 time, 24870.01 real, 2562 MB, 1.00 load
[runlim] sample:		26702.75 time, 24880.01 real, 2562 MB, 1.00 load
[runlim] sample:		26712.75 time, 24890.01 real, 2573 MB, 1.00 load
[runlim] sample:		26722.75 time, 24900.01 real, 2573 MB, 1.00 load
[runlim] sample:		26732.75 time, 24910.01 real, 2581 MB, 1.00 load
[runlim] sample:		26742.76 time, 24920.01 real, 2581 MB, 1.00 load
[runlim] sample:		26752.76 time, 24930.01 real, 2583 MB, 1.00 load
[runlim] sample:		26762.76 time, 24940.01 real, 2583 MB, 1.00 load
[runlim] sample:		26772.75 time, 24950.01 real, 2589 MB, 1.00 load
[runlim] sample:		26782.75 time, 24960.01 real, 2589 MB, 1.00 load
[runlim] sample:		26792.76 time, 24970.02 real, 2597 MB, 1.00 load
[runlim] sample:		26802.76 time, 24980.01 real, 2597 MB, 1.00 load
[runlim] sample:		26812.76 time, 24990.02 real, 2604 MB, 1.00 load
[runlim] sample:		26822.93 time, 25000.01 real, 2604 MB, 1.08 load
[runlim] sample:		26832.93 time, 25010.01 real, 2608 MB, 1.22 load
[runlim] sample:		26842.94 time, 25020.01 real, 2608 MB, 1.26 load
[runlim] sample:		26852.94 time, 25030.01 real, 2608 MB, 1.22 load
[runlim] sample:		26862.94 time, 25040.01 real, 2610 MB, 1.19 load
[runlim] sample:		26872.93 time, 25050.01 real, 2610 MB, 1.16 load
[runlim] sample:		26882.94 time, 25060.01 real, 2624 MB, 1.13 load
[runlim] sample:		26892.94 time, 25070.01 real, 2624 MB, 1.11 load
[runlim] sample:		26902.94 time, 25080.01 real, 2639 MB, 1.09 load
[runlim] sample:		26913.53 time, 25090.01 real, 2640 MB, 1.08 load
[runlim] sample:		26923.89 time, 25100.01 real, 2646 MB, 1.07 load
[runlim] sample:		26934.26 time, 25110.01 real, 2650 MB, 1.06 load
[runlim] sample:		26944.26 time, 25120.01 real, 2650 MB, 1.05 load
[runlim] sample:		26954.67 time, 25130.01 real, 2650 MB, 1.04 load
[runlim] sample:		26962.43 time, 25140.01 real, 2664 MB, 0.95 load
[runlim] sample:		26972.80 time, 25150.01 real, 2661 MB, 0.96 load

NN₁: mnist_relu_3_100_gemm.onnx
NN₂: mnist_relu_3_100_0.79_adam_1_stepsize.onnx
Prop: mnist_48_global_4.vnnlib

NN₁: mnist_relu_3_100_gemm.onnx
NN₂: mnist_relu_3_100_0.79_adam_1_stepsize.onnx
Prop: mnist_48_global_5.vnnlib

NN₁: mnist_relu_3_100_gemm.onnx
NN₂: mnist_relu_3_100_0.79_adam_1_stepsize.onnx
Prop: mnist_49_global_4.vnnlib

NN₁: mnist_relu_3_100_gemm.onnx
NN₂: mnist_relu_3_100_0.79_adam_1_stepsize.onnx
Prop: mnist_49_global_5.vnnlib
[runlim] sample:		26982.76 time, 25160.01 real, 2479 MB, 0.97 load
[runlim] sample:		26992.77 time, 25170.01 real, 2479 MB, 0.97 load
[runlim] sample:		27002.77 time, 25180.01 real, 2479 MB, 0.98 load
[runlim] sample:		27012.78 time, 25190.01 real, 2479 MB, 0.98 load
[runlim] sample:		27022.78 time, 25200.01 real, 2479 MB, 0.98 load
[runlim] sample:		27032.78 time, 25210.01 real, 2479 MB, 0.99 load
[runlim] sample:		27042.78 time, 25220.01 real, 2479 MB, 0.99 load
[runlim] sample:		27052.78 time, 25230.01 real, 2479 MB, 0.99 load
[runlim] sample:		27062.79 time, 25240.01 real, 2479 MB, 0.99 load
[runlim] sample:		27072.79 time, 25250.01 real, 2479 MB, 1.00 load
[runlim] sample:		27082.79 time, 25260.01 real, 2479 MB, 1.00 load
[runlim] sample:		27092.80 time, 25270.01 real, 2479 MB, 1.00 load
[runlim] sample:		27102.81 time, 25280.01 real, 2479 MB, 1.00 load

NN₁: mnist_relu_3_100_gemm.onnx
NN₂: mnist_relu_3_100_0.79_adam_1_stepsize.onnx
Prop: mnist_50_global_4.vnnlib

NN₁: mnist_relu_3_100_gemm.onnx
NN₂: mnist_relu_3_100_0.79_adam_1_stepsize.onnx
Prop: mnist_50_global_5.vnnlib
[runlim] sample:		27112.79 time, 25290.01 real, 2480 MB, 1.00 load
[runlim] sample:		27122.80 time, 25300.01 real, 2483 MB, 1.00 load
[runlim] sample:		27132.81 time, 25310.01 real, 2486 MB, 1.00 load
[runlim] sample:		27142.81 time, 25320.01 real, 2490 MB, 1.00 load
[runlim] sample:		27152.81 time, 25330.01 real, 2494 MB, 1.00 load
[runlim] sample:		27162.81 time, 25340.01 real, 2496 MB, 1.00 load
[runlim] sample:		27172.81 time, 25350.02 real, 2496 MB, 1.00 load
[runlim] sample:		27182.82 time, 25360.01 real, 2502 MB, 1.00 load
[runlim] sample:		27192.82 time, 25370.01 real, 2507 MB, 1.00 load
[runlim] sample:		27202.82 time, 25380.01 real, 2511 MB, 1.00 load
[runlim] sample:		27212.83 time, 25390.01 real, 2511 MB, 1.00 load
[runlim] sample:		27222.82 time, 25400.01 real, 2516 MB, 1.00 load
[runlim] sample:		27232.83 time, 25410.01 real, 2519 MB, 1.00 load
[runlim] sample:		27240.29 time, 25420.01 real, 2519 MB, 1.00 load
[runlim] sample:		27250.30 time, 25430.01 real, 2525 MB, 1.00 load
[runlim] sample:		27260.30 time, 25440.01 real, 2529 MB, 1.00 load
[runlim] sample:		27270.30 time, 25450.01 real, 2529 MB, 1.00 load
[runlim] sample:		27280.31 time, 25460.01 real, 2529 MB, 1.00 load
[runlim] sample:		27290.31 time, 25470.01 real, 2541 MB, 1.00 load
[runlim] sample:		27300.31 time, 25480.01 real, 2541 MB, 1.00 load
[runlim] sample:		27310.31 time, 25490.01 real, 2543 MB, 1.00 load
[runlim] sample:		27320.31 time, 25500.01 real, 2553 MB, 1.08 load
[runlim] sample:		27330.31 time, 25510.01 real, 2553 MB, 1.22 load
[runlim] sample:		27340.31 time, 25520.01 real, 2553 MB, 1.19 load
[runlim] sample:		27355.91 time, 25530.01 real, 2553 MB, 1.32 load
[runlim] sample:		27367.57 time, 25540.01 real, 2554 MB, 1.27 load
[runlim] sample:		27380.76 time, 25550.01 real, 2553 MB, 1.23 load
[runlim] sample:		27395.84 time, 25560.01 real, 2543 MB, 1.19 load
[runlim] sample:		27405.83 time, 25570.01 real, 2566 MB, 1.16 load
[runlim] sample:		27415.84 time, 25580.01 real, 2566 MB, 1.14 load
[runlim] sample:		27425.84 time, 25590.01 real, 2570 MB, 1.11 load
[runlim] sample:		27436.09 time, 25600.01 real, 2576 MB, 1.10 load
[runlim] sample:		27453.99 time, 25610.01 real, 2579 MB, 1.08 load
[runlim] sample:		27467.97 time, 25620.01 real, 2576 MB, 1.07 load
[runlim] sample:		27486.00 time, 25630.01 real, 2573 MB, 1.06 load
[runlim] sample:		27496.17 time, 25640.01 real, 2573 MB, 1.05 load
[runlim] sample:		27513.86 time, 25650.01 real, 2577 MB, 1.04 load
[runlim] sample:		27527.13 time, 25660.02 real, 2575 MB, 1.03 load
[runlim] sample:		27537.13 time, 25670.01 real, 2608 MB, 1.03 load
[runlim] sample:		27547.14 time, 25680.01 real, 2608 MB, 1.02 load
[runlim] sample:		27556.99 time, 25690.01 real, 2615 MB, 1.02 load
[runlim] sample:		27566.99 time, 25700.01 real, 2615 MB, 1.02 load
[runlim] sample:		27576.99 time, 25710.01 real, 2615 MB, 1.01 load
[runlim] sample:		27586.99 time, 25720.01 real, 2622 MB, 1.01 load
[runlim] sample:		27603.60 time, 25730.01 real, 2624 MB, 1.01 load
[runlim] sample:		27613.60 time, 25740.01 real, 2632 MB, 1.01 load
[runlim] sample:		27623.61 time, 25750.01 real, 2632 MB, 1.00 load
[runlim] sample:		27633.61 time, 25760.01 real, 2641 MB, 1.00 load
[runlim] sample:		27643.68 time, 25770.01 real, 2642 MB, 1.00 load
[runlim] sample:		27656.49 time, 25780.01 real, 2653 MB, 1.00 load
[runlim] sample:		27668.27 time, 25790.01 real, 2648 MB, 1.00 load
[runlim] sample:		27683.41 time, 25800.01 real, 2655 MB, 1.00 load
[runlim] sample:		27693.41 time, 25810.01 real, 2655 MB, 1.00 load
[runlim] sample:		27703.41 time, 25820.01 real, 2670 MB, 1.00 load
[runlim] sample:		27713.41 time, 25830.01 real, 2670 MB, 1.00 load
[runlim] sample:		27723.42 time, 25840.01 real, 2670 MB, 1.00 load
[runlim] sample:		27734.38 time, 25850.01 real, 2679 MB, 1.00 load
[runlim] sample:		27749.27 time, 25860.01 real, 2681 MB, 1.00 load
[runlim] sample:		27762.44 time, 25870.01 real, 2677 MB, 1.00 load
[runlim] sample:		27772.44 time, 25880.01 real, 2677 MB, 1.00 load

NN₁: mnist_relu_3_100_gemm.onnx
NN₂: mnist_relu_3_100_0.79_adam_1_stepsize.onnx
Prop: mnist_51_global_4.vnnlib

NN₁: mnist_relu_3_100_gemm.onnx
NN₂: mnist_relu_3_100_0.79_adam_1_stepsize.onnx
Prop: mnist_51_global_5.vnnlib
[runlim] sample:		27782.44 time, 25890.01 real, 2475 MB, 1.00 load
[runlim] sample:		27792.44 time, 25900.01 real, 2477 MB, 1.00 load
[runlim] sample:		27802.44 time, 25910.01 real, 2481 MB, 1.00 load
[runlim] sample:		27812.44 time, 25920.01 real, 2481 MB, 1.00 load
[runlim] sample:		27822.45 time, 25930.01 real, 2486 MB, 1.00 load
[runlim] sample:		27832.45 time, 25940.01 real, 2490 MB, 1.00 load
[runlim] sample:		27842.44 time, 25950.01 real, 2496 MB, 1.00 load
[runlim] sample:		27852.32 time, 25960.01 real, 2496 MB, 1.00 load
[runlim] sample:		27862.31 time, 25970.01 real, 2501 MB, 1.00 load
[runlim] sample:		27872.32 time, 25980.01 real, 2506 MB, 1.00 load
[runlim] sample:		27882.32 time, 25990.01 real, 2506 MB, 1.00 load
[runlim] sample:		27892.32 time, 26000.01 real, 2511 MB, 1.08 load
[runlim] sample:		27902.32 time, 26010.01 real, 2515 MB, 1.22 load
[runlim] sample:		27912.32 time, 26020.01 real, 2515 MB, 1.26 load
[runlim] sample:		27922.33 time, 26030.01 real, 2522 MB, 1.22 load
[runlim] sample:		27932.33 time, 26040.01 real, 2522 MB, 1.19 load
[runlim] sample:		27942.33 time, 26050.02 real, 2526 MB, 1.16 load
[runlim] sample:		27952.33 time, 26060.01 real, 2526 MB, 1.13 load
[runlim] sample:		27962.33 time, 26070.01 real, 2534 MB, 1.11 load
[runlim] sample:		27972.33 time, 26080.01 real, 2543 MB, 1.09 load
[runlim] sample:		27982.33 time, 26090.01 real, 2543 MB, 1.08 load
[runlim] sample:		27992.34 time, 26100.01 real, 2549 MB, 1.07 load
[runlim] sample:		28002.34 time, 26110.01 real, 2549 MB, 1.06 load
[runlim] sample:		28012.34 time, 26120.01 real, 2556 MB, 1.05 load
[runlim] sample:		28022.34 time, 26130.01 real, 2556 MB, 1.04 load
[runlim] sample:		28032.34 time, 26140.01 real, 2566 MB, 1.03 load
[runlim] sample:		28042.35 time, 26150.01 real, 2566 MB, 1.03 load
[runlim] sample:		28052.34 time, 26160.01 real, 2576 MB, 1.02 load
[runlim] sample:		28062.34 time, 26170.01 real, 2576 MB, 1.02 load
[runlim] sample:		28072.35 time, 26180.01 real, 2583 MB, 1.02 load
[runlim] sample:		28082.34 time, 26190.01 real, 2583 MB, 1.01 load
[runlim] sample:		28092.35 time, 26200.01 real, 2591 MB, 1.01 load
[runlim] sample:		28102.35 time, 26210.01 real, 2591 MB, 1.01 load
[runlim] sample:		28112.35 time, 26220.01 real, 2602 MB, 1.01 load
[runlim] sample:		28120.49 time, 26230.01 real, 2602 MB, 0.93 load
[runlim] sample:		28130.49 time, 26240.01 real, 2602 MB, 0.94 load
[runlim] sample:		28140.50 time, 26250.01 real, 2609 MB, 1.43 load
[runlim] sample:		28150.50 time, 26260.01 real, 2609 MB, 1.37 load
[runlim] sample:		28160.50 time, 26270.01 real, 2620 MB, 1.31 load
[runlim] sample:		28170.50 time, 26280.01 real, 2620 MB, 1.26 load
[runlim] sample:		28180.50 time, 26290.01 real, 2628 MB, 1.22 load
[runlim] sample:		28190.50 time, 26300.01 real, 2628 MB, 1.19 load
[runlim] sample:		28200.51 time, 26310.01 real, 2651 MB, 1.16 load
[runlim] sample:		28210.51 time, 26320.01 real, 2643 MB, 1.13 load
[runlim] sample:		28220.51 time, 26330.01 real, 2643 MB, 1.11 load
[runlim] sample:		28230.50 time, 26340.01 real, 2654 MB, 1.09 load
[runlim] sample:		28240.51 time, 26350.01 real, 2654 MB, 1.08 load
[runlim] sample:		28250.51 time, 26360.01 real, 2688 MB, 1.07 load
[runlim] sample:		28260.51 time, 26370.01 real, 2665 MB, 1.06 load
[runlim] sample:		28270.51 time, 26380.01 real, 2665 MB, 1.05 load
[runlim] sample:		28280.51 time, 26390.01 real, 2675 MB, 1.04 load
[runlim] sample:		28290.51 time, 26400.01 real, 2675 MB, 1.03 load
[runlim] sample:		28300.51 time, 26410.01 real, 2675 MB, 1.03 load
[runlim] sample:		28310.51 time, 26420.01 real, 2686 MB, 1.02 load
[runlim] sample:		28320.51 time, 26430.01 real, 2686 MB, 1.02 load
[runlim] sample:		28330.52 time, 26440.01 real, 2700 MB, 1.02 load
[runlim] sample:		28340.52 time, 26450.01 real, 2698 MB, 1.01 load
[runlim] sample:		28350.52 time, 26460.01 real, 2698 MB, 1.01 load
[runlim] sample:		28360.52 time, 26470.01 real, 2710 MB, 1.01 load
[runlim] sample:		28370.52 time, 26480.01 real, 2710 MB, 1.01 load

NN₁: mnist_relu_3_100_gemm.onnx
NN₂: mnist_relu_3_100_0.79_adam_1_stepsize.onnx
Prop: mnist_52_global_4.vnnlib
[runlim] sample:		28380.51 time, 26490.01 real, 2478 MB, 1.00 load

NN₁: mnist_relu_3_100_gemm.onnx
NN₂: mnist_relu_3_100_0.79_adam_1_stepsize.onnx
Prop: mnist_52_global_5.vnnlib
[runlim] sample:		28387.66 time, 26500.01 real, 2479 MB, 1.08 load
[runlim] sample:		28397.67 time, 26510.01 real, 2481 MB, 1.23 load
[runlim] sample:		28407.67 time, 26520.01 real, 2485 MB, 1.26 load
[runlim] sample:		28417.67 time, 26530.01 real, 2485 MB, 1.22 load
[runlim] sample:		28427.67 time, 26540.01 real, 2488 MB, 1.19 load
[runlim] sample:		28437.67 time, 26550.01 real, 2492 MB, 1.16 load
[runlim] sample:		28447.67 time, 26560.01 real, 2496 MB, 1.13 load
[runlim] sample:		28457.67 time, 26570.01 real, 2496 MB, 1.11 load
[runlim] sample:		28467.67 time, 26580.01 real, 2501 MB, 1.10 load
[runlim] sample:		28477.67 time, 26590.01 real, 2506 MB, 1.08 load
[runlim] sample:		28487.67 time, 26600.01 real, 2506 MB, 1.07 load
[runlim] sample:		28497.67 time, 26610.01 real, 2511 MB, 1.06 load
[runlim] sample:		28507.68 time, 26620.01 real, 2511 MB, 1.05 load
[runlim] sample:		28517.67 time, 26630.01 real, 2516 MB, 1.04 load
[runlim] sample:		28527.68 time, 26640.01 real, 2522 MB, 1.03 load
[runlim] sample:		28537.68 time, 26650.01 real, 2522 MB, 1.03 load
[runlim] sample:		28547.69 time, 26660.01 real, 2527 MB, 1.02 load
[runlim] sample:		28557.68 time, 26670.01 real, 2527 MB, 1.02 load
[runlim] sample:		28567.68 time, 26680.01 real, 2532 MB, 1.02 load
[runlim] sample:		28577.69 time, 26690.01 real, 2532 MB, 1.01 load
[runlim] sample:		28587.69 time, 26700.01 real, 2539 MB, 1.01 load
[runlim] sample:		28597.68 time, 26710.02 real, 2539 MB, 1.01 load
[runlim] sample:		28607.69 time, 26720.01 real, 2546 MB, 1.01 load
[runlim] sample:		28617.69 time, 26730.01 real, 2546 MB, 1.00 load
[runlim] sample:		28627.69 time, 26740.02 real, 2554 MB, 1.00 load
[runlim] sample:		28637.69 time, 26750.01 real, 2554 MB, 1.08 load
[runlim] sample:		28647.69 time, 26760.01 real, 2562 MB, 1.06 load
[runlim] sample:		28657.57 time, 26770.01 real, 2562 MB, 1.05 load
[runlim] sample:		28667.57 time, 26780.01 real, 2570 MB, 1.05 load
[runlim] sample:		28677.57 time, 26790.01 real, 2570 MB, 1.04 load
[runlim] sample:		28687.57 time, 26800.01 real, 2577 MB, 1.03 load
[runlim] sample:		28697.57 time, 26810.01 real, 2577 MB, 1.03 load
[runlim] sample:		28707.57 time, 26820.01 real, 2585 MB, 1.02 load
[runlim] sample:		28717.58 time, 26830.01 real, 2585 MB, 1.02 load
[runlim] sample:		28727.58 time, 26840.01 real, 2585 MB, 1.02 load
[runlim] sample:		28737.58 time, 26850.01 real, 2594 MB, 1.01 load
[runlim] sample:		28747.57 time, 26860.01 real, 2594 MB, 1.01 load
[runlim] sample:		28757.58 time, 26870.01 real, 2604 MB, 1.01 load
[runlim] sample:		28767.58 time, 26880.01 real, 2604 MB, 1.01 load
[runlim] sample:		28777.59 time, 26890.01 real, 2604 MB, 1.00 load
[runlim] sample:		28787.58 time, 26900.01 real, 2613 MB, 1.00 load
[runlim] sample:		28797.58 time, 26910.01 real, 2613 MB, 1.00 load
[runlim] sample:		28807.59 time, 26920.01 real, 2623 MB, 1.00 load
[runlim] sample:		28817.59 time, 26930.01 real, 2623 MB, 1.00 load
[runlim] sample:		28827.60 time, 26940.01 real, 2623 MB, 1.00 load
[runlim] sample:		28837.60 time, 26950.01 real, 2633 MB, 1.00 load
[runlim] sample:		28847.60 time, 26960.01 real, 2633 MB, 1.00 load
[runlim] sample:		28857.59 time, 26970.01 real, 2633 MB, 1.00 load
[runlim] sample:		28867.60 time, 26980.01 real, 2646 MB, 1.00 load
[runlim] sample:		28877.59 time, 26990.01 real, 2646 MB, 1.00 load
[runlim] sample:		28887.60 time, 27000.01 real, 2658 MB, 1.08 load
[runlim] sample:		28897.60 time, 27010.01 real, 2657 MB, 1.22 load
[runlim] sample:		28907.60 time, 27020.01 real, 2657 MB, 1.26 load
[runlim] sample:		28917.60 time, 27030.01 real, 2668 MB, 1.22 load
[runlim] sample:		28927.48 time, 27040.01 real, 2668 MB, 1.19 load
[runlim] sample:		28937.48 time, 27050.01 real, 2668 MB, 1.16 load
[runlim] sample:		28947.48 time, 27060.01 real, 2680 MB, 1.13 load
[runlim] sample:		28957.48 time, 27070.02 real, 2680 MB, 1.11 load
[runlim] sample:		28967.48 time, 27080.01 real, 2680 MB, 1.09 load
[runlim] sample:		28977.49 time, 27090.01 real, 2692 MB, 1.08 load

NN₁: mnist_relu_3_100_gemm.onnx
NN₂: mnist_relu_3_100_0.79_adam_1_stepsize.onnx
Prop: mnist_53_global_4.vnnlib

NN₁: mnist_relu_3_100_gemm.onnx
NN₂: mnist_relu_3_100_0.79_adam_1_stepsize.onnx
Prop: mnist_53_global_5.vnnlib
[runlim] sample:		28987.45 time, 27100.02 real, 2480 MB, 1.07 load
[runlim] sample:		28997.46 time, 27110.01 real, 2482 MB, 1.06 load
[runlim] sample:		29007.46 time, 27120.01 real, 2485 MB, 1.05 load
[runlim] sample:		29017.45 time, 27130.01 real, 2485 MB, 1.04 load
[runlim] sample:		29027.45 time, 27140.01 real, 2489 MB, 1.03 load
[runlim] sample:		29037.46 time, 27150.01 real, 2493 MB, 1.03 load
[runlim] sample:		29047.45 time, 27160.01 real, 2493 MB, 1.02 load
[runlim] sample:		29057.46 time, 27170.01 real, 2497 MB, 1.02 load
[runlim] sample:		29067.46 time, 27180.01 real, 2502 MB, 1.02 load
[runlim] sample:		29077.46 time, 27190.01 real, 2502 MB, 1.01 load
[runlim] sample:		29087.47 time, 27200.01 real, 2507 MB, 1.01 load
[runlim] sample:		29097.46 time, 27210.01 real, 2512 MB, 1.01 load
[runlim] sample:		29107.47 time, 27220.01 real, 2512 MB, 1.01 load
[runlim] sample:		29117.46 time, 27230.01 real, 2518 MB, 1.00 load
[runlim] sample:		29127.47 time, 27240.01 real, 2518 MB, 1.00 load
[runlim] sample:		29137.47 time, 27250.01 real, 2523 MB, 1.00 load
[runlim] sample:		29147.47 time, 27260.01 real, 2523 MB, 1.00 load
[runlim] sample:		29157.47 time, 27270.01 real, 2527 MB, 1.00 load
[runlim] sample:		29167.47 time, 27280.01 real, 2533 MB, 1.00 load
[runlim] sample:		29177.48 time, 27290.01 real, 2533 MB, 1.00 load
[runlim] sample:		29187.48 time, 27300.01 real, 2538 MB, 1.00 load
[runlim] sample:		29197.32 time, 27310.01 real, 2538 MB, 1.00 load
[runlim] sample:		29207.33 time, 27320.01 real, 2545 MB, 1.00 load
[runlim] sample:		29217.33 time, 27330.01 real, 2545 MB, 1.00 load
[runlim] sample:		29227.33 time, 27340.01 real, 2551 MB, 1.00 load
[runlim] sample:		29237.34 time, 27350.01 real, 2551 MB, 1.00 load
[runlim] sample:		29247.33 time, 27360.01 real, 2558 MB, 1.00 load
[runlim] sample:		29257.34 time, 27370.01 real, 2558 MB, 1.00 load
[runlim] sample:		29267.34 time, 27380.01 real, 2565 MB, 1.00 load
[runlim] sample:		29277.34 time, 27390.02 real, 2565 MB, 1.00 load
[runlim] sample:		29287.34 time, 27400.01 real, 2570 MB, 1.00 load
[runlim] sample:		29297.34 time, 27410.01 real, 2572 MB, 1.00 load
[runlim] sample:		29307.34 time, 27420.01 real, 2572 MB, 1.00 load
[runlim] sample:		29317.34 time, 27430.01 real, 2580 MB, 1.00 load
[runlim] sample:		29327.35 time, 27440.01 real, 2580 MB, 1.00 load
[runlim] sample:		29337.34 time, 27450.01 real, 2587 MB, 1.00 load
[runlim] sample:		29347.34 time, 27460.01 real, 2587 MB, 1.00 load
[runlim] sample:		29357.35 time, 27470.01 real, 2594 MB, 1.00 load
[runlim] sample:		29367.35 time, 27480.01 real, 2594 MB, 1.00 load
[runlim] sample:		29377.35 time, 27490.01 real, 2602 MB, 1.00 load
[runlim] sample:		29387.35 time, 27500.01 real, 2602 MB, 1.08 load
[runlim] sample:		29397.35 time, 27510.01 real, 2602 MB, 1.22 load
[runlim] sample:		29407.35 time, 27520.01 real, 2610 MB, 1.26 load
[runlim] sample:		29417.36 time, 27530.01 real, 2610 MB, 1.22 load
[runlim] sample:		29427.35 time, 27540.01 real, 2618 MB, 1.19 load
[runlim] sample:		29437.36 time, 27550.01 real, 2617 MB, 1.16 load
[runlim] sample:		29447.36 time, 27560.01 real, 2617 MB, 1.13 load
[runlim] sample:		29457.36 time, 27570.01 real, 2625 MB, 1.11 load
[runlim] sample:		29467.19 time, 27580.01 real, 2625 MB, 1.09 load
[runlim] sample:		29477.19 time, 27590.01 real, 2625 MB, 1.08 load
[runlim] sample:		29487.20 time, 27600.01 real, 2633 MB, 1.07 load
[runlim] sample:		29497.20 time, 27610.01 real, 2633 MB, 1.06 load
[runlim] sample:		29507.20 time, 27620.01 real, 2641 MB, 1.05 load
[runlim] sample:		29517.20 time, 27630.01 real, 2641 MB, 1.04 load
[runlim] sample:		29527.20 time, 27640.01 real, 2641 MB, 1.03 load
[runlim] sample:		29537.20 time, 27650.01 real, 2650 MB, 1.03 load
[runlim] sample:		29547.20 time, 27660.01 real, 2650 MB, 1.02 load
[runlim] sample:		29557.21 time, 27670.01 real, 2650 MB, 1.02 load
[runlim] sample:		29567.21 time, 27680.01 real, 2659 MB, 1.02 load
[runlim] sample:		29577.21 time, 27690.01 real, 2659 MB, 1.01 load

NN₁: mnist_relu_3_100_gemm.onnx
NN₂: mnist_relu_3_100_0.79_adam_1_stepsize.onnx
Prop: mnist_54_global_4.vnnlib

NN₁: mnist_relu_3_100_gemm.onnx
NN₂: mnist_relu_3_100_0.79_adam_1_stepsize.onnx
Prop: mnist_54_global_5.vnnlib

NN₁: mnist_relu_3_100_gemm.onnx
NN₂: mnist_relu_3_100_0.79_adam_1_stepsize.onnx
Prop: mnist_55_global_4.vnnlib

NN₁: mnist_relu_3_100_gemm.onnx
NN₂: mnist_relu_3_100_0.79_adam_1_stepsize.onnx
Prop: mnist_55_global_5.vnnlib
[runlim] sample:		29587.15 time, 27700.01 real, 2482 MB, 1.08 load
[runlim] sample:		29597.16 time, 27710.01 real, 2482 MB, 1.07 load
[runlim] sample:		29607.16 time, 27720.01 real, 2482 MB, 1.06 load
[runlim] sample:		29617.16 time, 27730.01 real, 2482 MB, 1.05 load
[runlim] sample:		29627.16 time, 27740.01 real, 2482 MB, 1.12 load
[runlim] sample:		29637.16 time, 27750.01 real, 2482 MB, 1.10 load
[runlim] sample:		29647.17 time, 27760.01 real, 2482 MB, 1.08 load
[runlim] sample:		29657.16 time, 27770.01 real, 2482 MB, 1.07 load
[runlim] sample:		29667.16 time, 27780.01 real, 2482 MB, 1.06 load
[runlim] sample:		29677.16 time, 27790.02 real, 2482 MB, 1.05 load
[runlim] sample:		29687.26 time, 27800.01 real, 2482 MB, 1.12 load
[runlim] sample:		29697.68 time, 27810.01 real, 2480 MB, 1.10 load
[runlim] sample:		29707.84 time, 27820.01 real, 2480 MB, 1.09 load

NN₁: mnist_relu_3_100_gemm.onnx
NN₂: mnist_relu_3_100_0.79_adam_1_stepsize.onnx
Prop: mnist_56_global_4.vnnlib

NN₁: mnist_relu_3_100_gemm.onnx
NN₂: mnist_relu_3_100_0.79_adam_1_stepsize.onnx
Prop: mnist_56_global_5.vnnlib
[runlim] sample:		29717.81 time, 27830.01 real, 2480 MB, 1.07 load

NN₁: mnist_relu_3_100_gemm.onnx
NN₂: mnist_relu_3_100_0.79_adam_1_stepsize.onnx
Prop: mnist_57_global_4.vnnlib
[runlim] sample:		29727.81 time, 27840.01 real, 2480 MB, 1.06 load
[runlim] sample:		29737.58 time, 27850.01 real, 2480 MB, 1.05 load
[runlim] sample:		29747.58 time, 27860.01 real, 2480 MB, 1.04 load
[runlim] sample:		29757.57 time, 27870.01 real, 2480 MB, 1.04 load
[runlim] sample:		29767.58 time, 27880.01 real, 2480 MB, 1.03 load
[runlim] sample:		29777.58 time, 27890.01 real, 2480 MB, 1.02 load
[runlim] sample:		29787.58 time, 27900.01 real, 2484 MB, 1.02 load
[runlim] sample:		29797.59 time, 27910.01 real, 2492 MB, 1.02 load
[runlim] sample:		29807.58 time, 27920.01 real, 2499 MB, 1.01 load
[runlim] sample:		29817.58 time, 27930.01 real, 2507 MB, 1.01 load
[runlim] sample:		29827.59 time, 27940.01 real, 2515 MB, 1.01 load
[runlim] sample:		29837.59 time, 27950.01 real, 2519 MB, 1.01 load
[runlim] sample:		29847.60 time, 27960.01 real, 2527 MB, 1.01 load
[runlim] sample:		29857.59 time, 27970.01 real, 2539 MB, 1.00 load
[runlim] sample:		29867.60 time, 27980.01 real, 2549 MB, 1.00 load
[runlim] sample:		29877.60 time, 27990.01 real, 2549 MB, 1.00 load
[runlim] sample:		29887.60 time, 28000.01 real, 2559 MB, 1.08 load
[runlim] sample:		29897.60 time, 28010.01 real, 2570 MB, 1.22 load
[runlim] sample:		29907.59 time, 28020.01 real, 2570 MB, 1.26 load
[runlim] sample:		29917.60 time, 28030.01 real, 2580 MB, 1.22 load
[runlim] sample:		29927.60 time, 28040.01 real, 2590 MB, 1.19 load
[runlim] sample:		29937.60 time, 28050.01 real, 2590 MB, 1.16 load
[runlim] sample:		29947.60 time, 28060.01 real, 2602 MB, 1.13 load
[runlim] sample:		29957.60 time, 28070.01 real, 2602 MB, 1.11 load
[runlim] sample:		29967.61 time, 28080.01 real, 2639 MB, 1.10 load
[runlim] sample:		29977.60 time, 28090.01 real, 2648 MB, 1.08 load
[runlim] sample:		29987.61 time, 28100.01 real, 2648 MB, 1.07 load
[runlim] sample:		29997.61 time, 28110.01 real, 2663 MB, 1.06 load
[runlim] sample:		30007.24 time, 28120.01 real, 2663 MB, 0.97 load
[runlim] sample:		30017.24 time, 28130.01 real, 2673 MB, 0.97 load
[runlim] sample:		30027.25 time, 28140.01 real, 2673 MB, 0.98 load
[runlim] sample:		30037.24 time, 28150.02 real, 2686 MB, 0.98 load
[runlim] sample:		30047.24 time, 28160.01 real, 2686 MB, 0.98 load
[runlim] sample:		30057.25 time, 28170.01 real, 2701 MB, 0.99 load
[runlim] sample:		30067.25 time, 28180.02 real, 2701 MB, 0.99 load
[runlim] sample:		30077.26 time, 28190.01 real, 2715 MB, 0.99 load
[runlim] sample:		30087.26 time, 28200.01 real, 2715 MB, 0.99 load
[runlim] sample:		30097.25 time, 28210.01 real, 2728 MB, 1.00 load
[runlim] sample:		30107.25 time, 28220.01 real, 2728 MB, 1.00 load
[runlim] sample:		30117.25 time, 28230.01 real, 2743 MB, 1.00 load
[runlim] sample:		30127.26 time, 28240.01 real, 2743 MB, 1.00 load
[runlim] sample:		30137.26 time, 28250.01 real, 2758 MB, 1.07 load
[runlim] sample:		30147.26 time, 28260.01 real, 2758 MB, 1.06 load
[runlim] sample:		30157.26 time, 28270.01 real, 2774 MB, 1.05 load
[runlim] sample:		30167.27 time, 28280.01 real, 2774 MB, 1.04 load
[runlim] sample:		30177.26 time, 28290.01 real, 2774 MB, 1.04 load
[runlim] sample:		30187.27 time, 28300.01 real, 2789 MB, 1.03 load
[runlim] sample:		30197.27 time, 28310.01 real, 2789 MB, 1.02 load
[runlim] sample:		30207.27 time, 28320.01 real, 2823 MB, 1.02 load
[runlim] sample:		30217.27 time, 28330.01 real, 2823 MB, 1.02 load
[runlim] sample:		30227.28 time, 28340.01 real, 2861 MB, 1.01 load
[runlim] sample:		30237.28 time, 28350.01 real, 2861 MB, 1.01 load
[runlim] sample:		30247.28 time, 28360.01 real, 2861 MB, 1.01 load
[runlim] sample:		30257.28 time, 28370.01 real, 2902 MB, 1.01 load
[runlim] sample:		30267.28 time, 28380.01 real, 2902 MB, 1.01 load
[runlim] sample:		30277.28 time, 28390.01 real, 2943 MB, 1.00 load
[runlim] sample:		30284.30 time, 28400.01 real, 2943 MB, 1.00 load
[runlim] sample:		30294.29 time, 28410.01 real, 2943 MB, 1.00 load
[runlim] sample:		30304.30 time, 28420.01 real, 2987 MB, 1.00 load
[runlim] sample:		30314.30 time, 28430.01 real, 2987 MB, 1.00 load

NN₁: mnist_relu_3_100_gemm.onnx
NN₂: mnist_relu_3_100_0.79_adam_1_stepsize.onnx
Prop: mnist_57_global_5.vnnlib
[runlim] sample:		30325.92 time, 28440.01 real, 2481 MB, 1.00 load
[runlim] sample:		30335.92 time, 28450.02 real, 2483 MB, 1.00 load
[runlim] sample:		30345.92 time, 28460.01 real, 2481 MB, 1.00 load
[runlim] sample:		30355.92 time, 28470.02 real, 2484 MB, 1.00 load
[runlim] sample:		30365.92 time, 28480.01 real, 2488 MB, 1.00 load
[runlim] sample:		30375.93 time, 28490.01 real, 2492 MB, 1.00 load
[runlim] sample:		30385.93 time, 28500.01 real, 2492 MB, 1.08 load
[runlim] sample:		30395.92 time, 28510.01 real, 2497 MB, 1.22 load
[runlim] sample:		30405.92 time, 28520.01 real, 2502 MB, 1.26 load
[runlim] sample:		30415.93 time, 28530.01 real, 2502 MB, 1.22 load
[runlim] sample:		30425.93 time, 28540.01 real, 2508 MB, 1.19 load
[runlim] sample:		30435.93 time, 28550.01 real, 2512 MB, 1.16 load
[runlim] sample:		30445.93 time, 28560.01 real, 2513 MB, 1.13 load
[runlim] sample:		30455.93 time, 28570.01 real, 2518 MB, 1.11 load
[runlim] sample:		30465.93 time, 28580.01 real, 2518 MB, 1.09 load
[runlim] sample:		30475.93 time, 28590.01 real, 2523 MB, 1.08 load
[runlim] sample:		30485.93 time, 28600.01 real, 2523 MB, 1.07 load
[runlim] sample:		30495.94 time, 28610.01 real, 2529 MB, 1.06 load
[runlim] sample:		30505.94 time, 28620.01 real, 2536 MB, 1.05 load
[runlim] sample:		30515.94 time, 28630.01 real, 2536 MB, 1.04 load
[runlim] sample:		30525.93 time, 28640.01 real, 2543 MB, 1.03 load
[runlim] sample:		30535.95 time, 28650.01 real, 2543 MB, 1.03 load
[runlim] sample:		30545.95 time, 28660.01 real, 2552 MB, 1.02 load
[runlim] sample:		30555.80 time, 28670.01 real, 2552 MB, 1.02 load
[runlim] sample:		30565.80 time, 28680.01 real, 2559 MB, 1.02 load
[runlim] sample:		30575.80 time, 28690.01 real, 2559 MB, 1.01 load
[runlim] sample:		30585.81 time, 28700.01 real, 2567 MB, 1.01 load
[runlim] sample:		30595.81 time, 28710.01 real, 2567 MB, 1.01 load
[runlim] sample:		30605.81 time, 28720.01 real, 2575 MB, 1.01 load
[runlim] sample:		30615.81 time, 28730.01 real, 2575 MB, 1.00 load
[runlim] sample:		30625.82 time, 28740.01 real, 2584 MB, 1.00 load
[runlim] sample:		30635.81 time, 28750.01 real, 2584 MB, 1.00 load
[runlim] sample:		30645.82 time, 28760.01 real, 2593 MB, 1.00 load
[runlim] sample:		30655.82 time, 28770.01 real, 2593 MB, 1.00 load
[runlim] sample:		30665.82 time, 28780.01 real, 2593 MB, 1.00 load
[runlim] sample:		30675.82 time, 28790.01 real, 2603 MB, 1.00 load
[runlim] sample:		30685.82 time, 28800.01 real, 2603 MB, 1.00 load
[runlim] sample:		30695.82 time, 28810.01 real, 2612 MB, 1.00 load
[runlim] sample:		30705.82 time, 28820.01 real, 2612 MB, 1.00 load
[runlim] sample:		30715.82 time, 28830.02 real, 2612 MB, 1.00 load
[runlim] sample:		30725.83 time, 28840.01 real, 2622 MB, 1.00 load
[runlim] sample:		30735.82 time, 28850.01 real, 2622 MB, 1.00 load
[runlim] sample:		30745.83 time, 28860.01 real, 2632 MB, 1.16 load
[runlim] sample:		30755.83 time, 28870.01 real, 2632 MB, 1.13 load
[runlim] sample:		30765.83 time, 28880.01 real, 2632 MB, 1.11 load
[runlim] sample:		30775.83 time, 28890.01 real, 2641 MB, 1.10 load
[runlim] sample:		30785.83 time, 28900.01 real, 2641 MB, 1.08 load
[runlim] sample:		30795.84 time, 28910.01 real, 2655 MB, 1.07 load
[runlim] sample:		30805.84 time, 28920.01 real, 2653 MB, 1.06 load
[runlim] sample:		30815.84 time, 28930.01 real, 2653 MB, 1.05 load
[runlim] sample:		30825.47 time, 28940.01 real, 2662 MB, 1.04 load
[runlim] sample:		30835.46 time, 28950.01 real, 2662 MB, 1.03 load
[runlim] sample:		30845.46 time, 28960.01 real, 2662 MB, 1.03 load
[runlim] sample:		30855.47 time, 28970.01 real, 2673 MB, 1.02 load
[runlim] sample:		30865.47 time, 28980.01 real, 2673 MB, 1.02 load
[runlim] sample:		30875.48 time, 28990.01 real, 2673 MB, 1.02 load
[runlim] sample:		30885.48 time, 29000.01 real, 2684 MB, 1.09 load
[runlim] sample:		30895.47 time, 29010.01 real, 2684 MB, 1.23 load
[runlim] sample:		30905.47 time, 29020.01 real, 2684 MB, 1.35 load
[runlim] sample:		30915.48 time, 29030.01 real, 2696 MB, 1.30 load

NN₁: mnist_relu_3_100_gemm.onnx
NN₂: mnist_relu_3_100_0.79_adam_1_stepsize.onnx
Prop: mnist_58_global_4.vnnlib

NN₁: mnist_relu_3_100_gemm.onnx
NN₂: mnist_relu_3_100_0.79_adam_1_stepsize.onnx
Prop: mnist_58_global_5.vnnlib
[runlim] sample:		30926.01 time, 29040.01 real, 2484 MB, 1.25 load
[runlim] sample:		30936.01 time, 29050.01 real, 2485 MB, 1.21 load
[runlim] sample:		30946.02 time, 29060.01 real, 2487 MB, 1.18 load
[runlim] sample:		30956.01 time, 29070.01 real, 2490 MB, 1.15 load
[runlim] sample:		30966.02 time, 29080.01 real, 2491 MB, 1.13 load
[runlim] sample:		30976.02 time, 29090.01 real, 2496 MB, 1.11 load
[runlim] sample:		30986.02 time, 29100.01 real, 2501 MB, 1.09 load
[runlim] sample:		30996.02 time, 29110.01 real, 2501 MB, 1.08 load
[runlim] sample:		31006.02 time, 29120.01 real, 2505 MB, 1.06 load
[runlim] sample:		31016.02 time, 29130.01 real, 2511 MB, 1.05 load
[runlim] sample:		31026.02 time, 29140.01 real, 2511 MB, 1.04 load
[runlim] sample:		31036.03 time, 29150.01 real, 2517 MB, 1.04 load
[runlim] sample:		31046.02 time, 29160.01 real, 2523 MB, 1.03 load
[runlim] sample:		31056.03 time, 29170.02 real, 2523 MB, 1.03 load
[runlim] sample:		31066.03 time, 29180.01 real, 2530 MB, 1.02 load
[runlim] sample:		31076.04 time, 29190.01 real, 2538 MB, 1.02 load
[runlim] sample:		31086.03 time, 29200.01 real, 2538 MB, 1.01 load
[runlim] sample:		31095.49 time, 29210.01 real, 2545 MB, 1.01 load
[runlim] sample:		31105.49 time, 29220.01 real, 2554 MB, 1.01 load
[runlim] sample:		31115.49 time, 29230.01 real, 2554 MB, 1.01 load
[runlim] sample:		31125.49 time, 29240.01 real, 2563 MB, 1.01 load
[runlim] sample:		31135.50 time, 29250.01 real, 2563 MB, 1.00 load
[runlim] sample:		31145.50 time, 29260.01 real, 2574 MB, 1.00 load
[runlim] sample:		31155.49 time, 29270.01 real, 2574 MB, 1.00 load
[runlim] sample:		31165.50 time, 29280.01 real, 2584 MB, 1.00 load
[runlim] sample:		31175.50 time, 29290.01 real, 2584 MB, 1.00 load
[runlim] sample:		31185.50 time, 29300.01 real, 2593 MB, 1.00 load
[runlim] sample:		31195.50 time, 29310.01 real, 2593 MB, 1.00 load
[runlim] sample:		31205.50 time, 29320.01 real, 2605 MB, 1.00 load
[runlim] sample:		31215.50 time, 29330.01 real, 2605 MB, 1.00 load
[runlim] sample:		31225.50 time, 29340.01 real, 2617 MB, 1.00 load
[runlim] sample:		31235.50 time, 29350.01 real, 2617 MB, 1.00 load
[runlim] sample:		31245.50 time, 29360.01 real, 2630 MB, 1.00 load
[runlim] sample:		31255.50 time, 29370.01 real, 2630 MB, 1.00 load
[runlim] sample:		31265.50 time, 29380.01 real, 2648 MB, 1.00 load
[runlim] sample:		31275.51 time, 29390.01 real, 2648 MB, 1.00 load
[runlim] sample:		31285.51 time, 29400.01 real, 2662 MB, 1.00 load
[runlim] sample:		31295.51 time, 29410.01 real, 2662 MB, 1.00 load
[runlim] sample:		31305.51 time, 29420.01 real, 2662 MB, 1.00 load
[runlim] sample:		31315.51 time, 29430.01 real, 2674 MB, 1.00 load
[runlim] sample:		31325.51 time, 29440.01 real, 2674 MB, 1.00 load
[runlim] sample:		31335.51 time, 29450.01 real, 2688 MB, 1.00 load
[runlim] sample:		31345.51 time, 29460.01 real, 2688 MB, 1.00 load
[runlim] sample:		31355.52 time, 29470.01 real, 2688 MB, 1.08 load
[runlim] sample:		31365.24 time, 29480.01 real, 2703 MB, 1.07 load
[runlim] sample:		31375.25 time, 29490.01 real, 2703 MB, 1.06 load
[runlim] sample:		31385.25 time, 29500.01 real, 2717 MB, 1.13 load
[runlim] sample:		31395.25 time, 29510.01 real, 2717 MB, 1.26 load
[runlim] sample:		31405.25 time, 29520.01 real, 2717 MB, 1.30 load
[runlim] sample:		31415.25 time, 29530.02 real, 2731 MB, 1.25 load
[runlim] sample:		31425.25 time, 29540.01 real, 2731 MB, 1.21 load
[runlim] sample:		31435.26 time, 29550.02 real, 2731 MB, 1.18 load
[runlim] sample:		31445.25 time, 29560.01 real, 2746 MB, 1.15 load
[runlim] sample:		31455.25 time, 29570.01 real, 2746 MB, 1.13 load
[runlim] sample:		31465.25 time, 29580.01 real, 2746 MB, 1.11 load
[runlim] sample:		31475.26 time, 29590.01 real, 2762 MB, 1.09 load
[runlim] sample:		31485.26 time, 29600.01 real, 2762 MB, 1.08 load
[runlim] sample:		31495.26 time, 29610.01 real, 2762 MB, 1.06 load
[runlim] sample:		31505.26 time, 29620.01 real, 2779 MB, 1.05 load
[runlim] sample:		31515.27 time, 29630.01 real, 2779 MB, 1.04 load
[runlim] sample:		31525.26 time, 29640.01 real, 2779 MB, 1.04 load

NN₁: mnist_relu_3_100_gemm.onnx
NN₂: mnist_relu_3_100_0.79_adam_1_stepsize.onnx
Prop: mnist_59_global_4.vnnlib
[runlim] sample:		31535.23 time, 29650.01 real, 2485 MB, 1.03 load
[runlim] sample:		31545.23 time, 29660.01 real, 2485 MB, 1.03 load
[runlim] sample:		31555.23 time, 29670.01 real, 2485 MB, 1.02 load
[runlim] sample:		31565.23 time, 29680.01 real, 2485 MB, 1.02 load
[runlim] sample:		31575.24 time, 29690.01 real, 2487 MB, 1.01 load
[runlim] sample:		31585.23 time, 29700.01 real, 2494 MB, 1.01 load
[runlim] sample:		31595.23 time, 29710.01 real, 2500 MB, 1.01 load
[runlim] sample:		31605.24 time, 29720.01 real, 2508 MB, 1.01 load
[runlim] sample:		31615.24 time, 29730.01 real, 2515 MB, 1.01 load
[runlim] sample:		31625.25 time, 29740.01 real, 2515 MB, 1.00 load
[runlim] sample:		31634.93 time, 29750.01 real, 2522 MB, 1.00 load
[runlim] sample:		31644.94 time, 29760.01 real, 2531 MB, 1.00 load
[runlim] sample:		31654.93 time, 29770.01 real, 2541 MB, 1.00 load
[runlim] sample:		31664.94 time, 29780.01 real, 2550 MB, 1.00 load
[runlim] sample:		31674.94 time, 29790.01 real, 2550 MB, 1.00 load
[runlim] sample:		31684.94 time, 29800.01 real, 2557 MB, 1.00 load
[runlim] sample:		31694.94 time, 29810.01 real, 2566 MB, 1.00 load
[runlim] sample:		31704.94 time, 29820.01 real, 2574 MB, 1.00 load
[runlim] sample:		31714.94 time, 29830.01 real, 2574 MB, 1.00 load
[runlim] sample:		31724.94 time, 29840.01 real, 2582 MB, 1.00 load
[runlim] sample:		31734.94 time, 29850.01 real, 2588 MB, 1.00 load
[runlim] sample:		31744.94 time, 29860.01 real, 2588 MB, 1.00 load
[runlim] sample:		31754.95 time, 29870.01 real, 2593 MB, 1.00 load
[runlim] sample:		31764.95 time, 29880.01 real, 2599 MB, 1.00 load
[runlim] sample:		31774.95 time, 29890.02 real, 2599 MB, 1.00 load
[runlim] sample:		31784.95 time, 29900.01 real, 2625 MB, 1.00 load
[runlim] sample:		31794.95 time, 29910.02 real, 2625 MB, 1.00 load
[runlim] sample:		31804.96 time, 29920.01 real, 2628 MB, 1.00 load
[runlim] sample:		31814.95 time, 29930.01 real, 2628 MB, 1.00 load
[runlim] sample:		31824.95 time, 29940.01 real, 2628 MB, 1.00 load
[runlim] sample:		31834.95 time, 29950.01 real, 2628 MB, 1.00 load
[runlim] sample:		31844.96 time, 29960.01 real, 2628 MB, 1.00 load
[runlim] sample:		31854.96 time, 29970.01 real, 2628 MB, 1.00 load
[runlim] sample:		31864.96 time, 29980.01 real, 2628 MB, 1.00 load
[runlim] sample:		31874.96 time, 29990.01 real, 2628 MB, 1.00 load
[runlim] sample:		31884.97 time, 30000.01 real, 2628 MB, 1.08 load
[runlim] sample:		31894.97 time, 30010.01 real, 2628 MB, 1.22 load
[runlim] sample:		31902.29 time, 30020.01 real, 2628 MB, 1.19 load
[runlim] sample:		31912.29 time, 30030.01 real, 2628 MB, 1.16 load
[runlim] sample:		31922.29 time, 30040.01 real, 2628 MB, 1.13 load
[runlim] sample:		31932.29 time, 30050.01 real, 2628 MB, 1.19 load
[runlim] sample:		31942.29 time, 30060.01 real, 2628 MB, 1.24 load
[runlim] sample:		31952.30 time, 30070.01 real, 2628 MB, 1.20 load
[runlim] sample:		31962.30 time, 30080.01 real, 2628 MB, 1.17 load
[runlim] sample:		31972.30 time, 30090.01 real, 2628 MB, 1.14 load
[runlim] sample:		31982.30 time, 30100.01 real, 2628 MB, 1.20 load
[runlim] sample:		31992.30 time, 30110.01 real, 2627 MB, 1.17 load
[runlim] sample:		32002.30 time, 30120.01 real, 2627 MB, 1.14 load
[runlim] sample:		32012.30 time, 30130.01 real, 2619 MB, 1.12 load
[runlim] sample:		32022.30 time, 30140.01 real, 2608 MB, 1.10 load
[runlim] sample:		32032.30 time, 30150.01 real, 2608 MB, 1.09 load
[runlim] sample:		32042.31 time, 30160.01 real, 2590 MB, 1.07 load
[runlim] sample:		32052.30 time, 30170.01 real, 2563 MB, 1.06 load
[runlim] sample:		32062.31 time, 30180.01 real, 2563 MB, 1.05 load

NN₁: mnist_relu_3_100_gemm.onnx
NN₂: mnist_relu_3_100_0.79_adam_1_stepsize.onnx
Prop: mnist_59_global_5.vnnlib
[runlim] sample:		32072.31 time, 30190.02 real, 2483 MB, 1.04 load
[runlim] sample:		32082.30 time, 30200.01 real, 2484 MB, 1.04 load
[runlim] sample:		32092.31 time, 30210.01 real, 2484 MB, 1.03 load
[runlim] sample:		32102.30 time, 30220.01 real, 2488 MB, 1.02 load
[runlim] sample:		32112.31 time, 30230.01 real, 2491 MB, 1.02 load
[runlim] sample:		32122.31 time, 30240.01 real, 2495 MB, 1.02 load
[runlim] sample:		32132.31 time, 30250.01 real, 2495 MB, 1.01 load
[runlim] sample:		32142.31 time, 30260.01 real, 2499 MB, 1.01 load
[runlim] sample:		32152.31 time, 30270.01 real, 2504 MB, 1.01 load
[runlim] sample:		32162.31 time, 30280.01 real, 2504 MB, 1.01 load
[runlim] sample:		32172.15 time, 30290.01 real, 2509 MB, 1.01 load
[runlim] sample:		32182.15 time, 30300.01 real, 2514 MB, 1.00 load
[runlim] sample:		32192.16 time, 30310.01 real, 2514 MB, 1.00 load
[runlim] sample:		32202.16 time, 30320.01 real, 2519 MB, 1.00 load
[runlim] sample:		32212.16 time, 30330.01 real, 2519 MB, 1.00 load
[runlim] sample:		32222.16 time, 30340.01 real, 2525 MB, 1.00 load
[runlim] sample:		32232.15 time, 30350.01 real, 2525 MB, 1.00 load
[runlim] sample:		32242.16 time, 30360.01 real, 2530 MB, 1.00 load
[runlim] sample:		32252.16 time, 30370.01 real, 2535 MB, 1.00 load
[runlim] sample:		32262.16 time, 30380.01 real, 2535 MB, 1.00 load
[runlim] sample:		32272.17 time, 30390.01 real, 2541 MB, 1.00 load
[runlim] sample:		32282.16 time, 30400.01 real, 2541 MB, 1.00 load
[runlim] sample:		32292.17 time, 30410.01 real, 2547 MB, 1.00 load
[runlim] sample:		32302.17 time, 30420.01 real, 2547 MB, 1.00 load
[runlim] sample:		32312.17 time, 30430.01 real, 2555 MB, 1.00 load
[runlim] sample:		32322.17 time, 30440.01 real, 2555 MB, 1.00 load
[runlim] sample:		32332.17 time, 30450.01 real, 2562 MB, 1.00 load
[runlim] sample:		32342.17 time, 30460.01 real, 2562 MB, 1.00 load
[runlim] sample:		32352.18 time, 30470.01 real, 2570 MB, 1.00 load
[runlim] sample:		32362.17 time, 30480.01 real, 2570 MB, 1.00 load
[runlim] sample:		32372.18 time, 30490.01 real, 2578 MB, 1.00 load
[runlim] sample:		32382.17 time, 30500.01 real, 2578 MB, 1.16 load
[runlim] sample:		32392.18 time, 30510.01 real, 2578 MB, 1.29 load
[runlim] sample:		32402.18 time, 30520.01 real, 2586 MB, 1.32 load
[runlim] sample:		32412.18 time, 30530.01 real, 2586 MB, 1.27 load
[runlim] sample:		32422.19 time, 30540.01 real, 2595 MB, 1.23 load
[runlim] sample:		32432.19 time, 30550.02 real, 2595 MB, 1.19 load
[runlim] sample:		32440.35 time, 30560.01 real, 2603 MB, 1.16 load
[runlim] sample:		32450.35 time, 30570.01 real, 2603 MB, 1.14 load
[runlim] sample:		32460.35 time, 30580.02 real, 2603 MB, 1.11 load
[runlim] sample:		32470.35 time, 30590.01 real, 2612 MB, 1.10 load
[runlim] sample:		32480.35 time, 30600.01 real, 2612 MB, 1.08 load
[runlim] sample:		32490.35 time, 30610.01 real, 2622 MB, 1.07 load
[runlim] sample:		32500.35 time, 30620.01 real, 2622 MB, 1.06 load
[runlim] sample:		32510.35 time, 30630.01 real, 2622 MB, 1.05 load
[runlim] sample:		32520.36 time, 30640.01 real, 2632 MB, 1.04 load
[runlim] sample:		32530.35 time, 30650.01 real, 2632 MB, 1.03 load
[runlim] sample:		32540.36 time, 30660.01 real, 2632 MB, 1.03 load
[runlim] sample:		32550.36 time, 30670.01 real, 2642 MB, 1.02 load
[runlim] sample:		32560.36 time, 30680.01 real, 2642 MB, 1.02 load
[runlim] sample:		32570.36 time, 30690.01 real, 2708 MB, 1.02 load
[runlim] sample:		32580.36 time, 30700.01 real, 2653 MB, 1.01 load
[runlim] sample:		32590.37 time, 30710.01 real, 2653 MB, 1.01 load
[runlim] sample:		32600.37 time, 30720.01 real, 2664 MB, 1.01 load
[runlim] sample:		32610.37 time, 30730.01 real, 2663 MB, 1.01 load
[runlim] sample:		32620.36 time, 30740.01 real, 2663 MB, 1.00 load
[runlim] sample:		32630.36 time, 30750.01 real, 2674 MB, 1.00 load
[runlim] sample:		32640.37 time, 30760.01 real, 2674 MB, 1.00 load
[runlim] sample:		32650.37 time, 30770.01 real, 2674 MB, 1.00 load
[runlim] sample:		32660.37 time, 30780.01 real, 2685 MB, 1.00 load

NN₁: mnist_relu_3_100_gemm.onnx
NN₂: mnist_relu_3_100_0.79_adam_1_stepsize.onnx
Prop: mnist_60_global_4.vnnlib

NN₁: mnist_relu_3_100_gemm.onnx
NN₂: mnist_relu_3_100_0.79_adam_1_stepsize.onnx
Prop: mnist_60_global_5.vnnlib

NN₁: mnist_relu_3_100_gemm.onnx
NN₂: mnist_relu_3_100_0.79_adam_1_stepsize.onnx
Prop: mnist_61_global_4.vnnlib

NN₁: mnist_relu_3_100_gemm.onnx
NN₂: mnist_relu_3_100_0.79_adam_1_stepsize.onnx
Prop: mnist_61_global_5.vnnlib
[runlim] sample:		32670.35 time, 30790.01 real, 2485 MB, 1.00 load
[runlim] sample:		32680.35 time, 30800.01 real, 2486 MB, 1.00 load
[runlim] sample:		32690.36 time, 30810.01 real, 2488 MB, 1.00 load
[runlim] sample:		32700.35 time, 30820.01 real, 2491 MB, 1.00 load
[runlim] sample:		32710.22 time, 30830.01 real, 2495 MB, 1.00 load
[runlim] sample:		32720.22 time, 30840.01 real, 2495 MB, 1.00 load
[runlim] sample:		32730.22 time, 30850.01 real, 2498 MB, 1.00 load
[runlim] sample:		32740.23 time, 30860.01 real, 2503 MB, 1.00 load
[runlim] sample:		32750.23 time, 30870.01 real, 2502 MB, 1.00 load
[runlim] sample:		32760.22 time, 30880.01 real, 2508 MB, 1.00 load
[runlim] sample:		32770.23 time, 30890.01 real, 2508 MB, 1.07 load
[runlim] sample:		32780.23 time, 30900.01 real, 2514 MB, 1.06 load
[runlim] sample:		32790.23 time, 30910.01 real, 2519 MB, 1.05 load
[runlim] sample:		32800.23 time, 30920.01 real, 2519 MB, 1.04 load
[runlim] sample:		32810.24 time, 30930.01 real, 2524 MB, 1.04 load
[runlim] sample:		32820.24 time, 30940.01 real, 2524 MB, 1.03 load
[runlim] sample:		32830.23 time, 30950.01 real, 2530 MB, 1.02 load
[runlim] sample:		32840.23 time, 30960.01 real, 2536 MB, 1.02 load
[runlim] sample:		32850.24 time, 30970.01 real, 2536 MB, 1.02 load
[runlim] sample:		32860.23 time, 30980.01 real, 2543 MB, 1.01 load
[runlim] sample:		32870.24 time, 30990.01 real, 2543 MB, 1.01 load
[runlim] sample:		32880.24 time, 31000.01 real, 2550 MB, 1.09 load
[runlim] sample:		32890.24 time, 31010.01 real, 2550 MB, 1.23 load
[runlim] sample:		32900.25 time, 31020.01 real, 2558 MB, 1.27 load
[runlim] sample:		32910.24 time, 31030.01 real, 2558 MB, 1.23 load
[runlim] sample:		32920.25 time, 31040.01 real, 2565 MB, 1.19 load
[runlim] sample:		32930.25 time, 31050.01 real, 2565 MB, 1.16 load
[runlim] sample:		32940.25 time, 31060.01 real, 2573 MB, 1.14 load
[runlim] sample:		32950.25 time, 31070.01 real, 2573 MB, 1.11 load
[runlim] sample:		32960.25 time, 31080.01 real, 2581 MB, 1.10 load
[runlim] sample:		32970.25 time, 31090.01 real, 2581 MB, 1.08 load
[runlim] sample:		32979.47 time, 31100.01 real, 2590 MB, 0.99 load
[runlim] sample:		32989.12 time, 31110.01 real, 2590 MB, 0.99 load
[runlim] sample:		32999.12 time, 31120.01 real, 2590 MB, 0.99 load
[runlim] sample:		33009.13 time, 31130.01 real, 2599 MB, 0.99 load
[runlim] sample:		33019.13 time, 31140.01 real, 2599 MB, 1.00 load
[runlim] sample:		33029.13 time, 31150.01 real, 2607 MB, 1.00 load
[runlim] sample:		33039.13 time, 31160.01 real, 2607 MB, 1.00 load
[runlim] sample:		33049.14 time, 31170.01 real, 2616 MB, 1.00 load
[runlim] sample:		33059.14 time, 31180.01 real, 2616 MB, 1.00 load
[runlim] sample:		33069.14 time, 31190.01 real, 2616 MB, 1.00 load
[runlim] sample:		33079.14 time, 31200.01 real, 2627 MB, 1.00 load
[runlim] sample:		33089.14 time, 31210.02 real, 2627 MB, 1.00 load
[runlim] sample:		33099.14 time, 31220.01 real, 2637 MB, 1.00 load
[runlim] sample:		33109.15 time, 31230.02 real, 2637 MB, 1.08 load
[runlim] sample:		33119.14 time, 31240.01 real, 2637 MB, 1.07 load
[runlim] sample:		33129.15 time, 31250.01 real, 2648 MB, 1.06 load
[runlim] sample:		33139.15 time, 31260.01 real, 2648 MB, 1.05 load
[runlim] sample:		33149.15 time, 31270.01 real, 2648 MB, 1.04 load
[runlim] sample:		33159.15 time, 31280.01 real, 2659 MB, 1.03 load
[runlim] sample:		33169.15 time, 31290.01 real, 2659 MB, 1.03 load
[runlim] sample:		33185.12 time, 31300.01 real, 2653 MB, 1.02 load
[runlim] sample:		33205.87 time, 31310.01 real, 2650 MB, 1.17 load
[runlim] sample:		33226.10 time, 31320.01 real, 2647 MB, 2.17 load
[runlim] sample:		33246.94 time, 31330.01 real, 2648 MB, 1.99 load
[runlim] sample:		33269.14 time, 31340.01 real, 2650 MB, 1.84 load
[runlim] sample:		33290.54 time, 31350.01 real, 2655 MB, 1.87 load
[runlim] sample:		33310.01 time, 31360.01 real, 2651 MB, 1.90 load
[runlim] sample:		33331.49 time, 31370.01 real, 2661 MB, 1.76 load
[runlim] sample:		33347.15 time, 31380.01 real, 2660 MB, 1.64 load
[runlim] sample:		33366.91 time, 31390.01 real, 2671 MB, 1.62 load

NN₁: mnist_relu_3_100_gemm.onnx
NN₂: mnist_relu_3_100_0.79_adam_1_stepsize.onnx
Prop: mnist_62_global_4.vnnlib
[runlim] sample:		33376.89 time, 31400.01 real, 2476 MB, 1.52 load
[runlim] sample:		33386.90 time, 31410.01 real, 2478 MB, 1.44 load
[runlim] sample:		33396.89 time, 31420.01 real, 2481 MB, 1.37 load
[runlim] sample:		33406.90 time, 31430.01 real, 2484 MB, 1.31 load
[runlim] sample:		33416.90 time, 31440.01 real, 2488 MB, 1.27 load
[runlim] sample:		33426.91 time, 31450.01 real, 2493 MB, 1.24 load
[runlim] sample:		33436.90 time, 31460.01 real, 2498 MB, 1.21 load
[runlim] sample:		33446.91 time, 31470.01 real, 2498 MB, 1.17 load
[runlim] sample:		33456.92 time, 31480.01 real, 2503 MB, 1.15 load
[runlim] sample:		33466.91 time, 31490.01 real, 2508 MB, 1.12 load
[runlim] sample:		33478.03 time, 31500.01 real, 2508 MB, 1.10 load
[runlim] sample:		33493.09 time, 31510.01 real, 2509 MB, 1.24 load
[runlim] sample:		33513.67 time, 31520.01 real, 2507 MB, 1.52 load
[runlim] sample:		33534.76 time, 31530.01 real, 2502 MB, 1.44 load
[runlim] sample:		33554.96 time, 31540.01 real, 2506 MB, 1.37 load
[runlim] sample:		33573.99 time, 31550.01 real, 2506 MB, 1.31 load
[runlim] sample:		33593.23 time, 31560.01 real, 2502 MB, 1.27 load
[runlim] sample:		33612.51 time, 31570.01 real, 2506 MB, 1.22 load
[runlim] sample:		33624.00 time, 31580.01 real, 2511 MB, 1.19 load
[runlim] sample:		33643.21 time, 31590.01 real, 2504 MB, 1.16 load
[runlim] sample:		33664.71 time, 31600.01 real, 2503 MB, 1.13 load
[runlim] sample:		33684.65 time, 31610.01 real, 2506 MB, 1.27 load
[runlim] sample:		33703.68 time, 31620.01 real, 2505 MB, 1.23 load
[runlim] sample:		33724.76 time, 31630.01 real, 2519 MB, 1.20 load
[runlim] sample:		33744.05 time, 31640.01 real, 2519 MB, 1.80 load
[runlim] sample:		33761.76 time, 31650.01 real, 2523 MB, 2.27 load
[runlim] sample:		33781.37 time, 31660.01 real, 2524 MB, 4.15 load
[runlim] sample:		33800.30 time, 31670.01 real, 2525 MB, 3.74 load
[runlim] sample:		33818.46 time, 31680.01 real, 2536 MB, 3.32 load
[runlim] sample:		33837.32 time, 31690.01 real, 2537 MB, 2.96 load
[runlim] sample:		33852.86 time, 31700.01 real, 2545 MB, 3.99 load
[runlim] sample:		33872.22 time, 31710.01 real, 2547 MB, 3.69 load
[runlim] sample:		33888.46 time, 31720.01 real, 2554 MB, 3.27 load
[runlim] sample:		33906.14 time, 31730.01 real, 2570 MB, 2.92 load
[runlim] sample:		33924.90 time, 31740.01 real, 2562 MB, 2.63 load
[runlim] sample:		33943.43 time, 31750.01 real, 2571 MB, 2.38 load
[runlim] sample:		33965.67 time, 31760.01 real, 2577 MB, 2.33 load
[runlim] sample:		33987.38 time, 31770.01 real, 2580 MB, 2.35 load
[runlim] sample:		34007.06 time, 31780.01 real, 2580 MB, 2.21 load
[runlim] sample:		34026.37 time, 31790.01 real, 2586 MB, 2.03 load
[runlim] sample:		34045.72 time, 31800.02 real, 2601 MB, 2.03 load
[runlim] sample:		34067.00 time, 31810.01 real, 2603 MB, 1.87 load
[runlim] sample:		34084.67 time, 31820.01 real, 2605 MB, 1.74 load
[runlim] sample:		34100.45 time, 31830.01 real, 2611 MB, 1.62 load
[runlim] sample:		34114.16 time, 31840.01 real, 2624 MB, 1.53 load
[runlim] sample:		34130.25 time, 31850.01 real, 2629 MB, 1.45 load
[runlim] sample:		34148.12 time, 31860.01 real, 2630 MB, 2.85 load
[runlim] sample:		34165.44 time, 31870.01 real, 2638 MB, 2.56 load
[runlim] sample:		34183.90 time, 31880.01 real, 2645 MB, 2.32 load
[runlim] sample:		34204.38 time, 31890.01 real, 2652 MB, 3.64 load
[runlim] sample:		34224.35 time, 31900.01 real, 2669 MB, 3.23 load
[runlim] sample:		34242.79 time, 31910.01 real, 2658 MB, 2.89 load
[runlim] sample:		34257.62 time, 31920.01 real, 2668 MB, 2.76 load
[runlim] sample:		34276.22 time, 31930.01 real, 2668 MB, 2.49 load
[runlim] sample:		34294.12 time, 31940.01 real, 2679 MB, 2.26 load
[runlim] sample:		34311.88 time, 31950.01 real, 2675 MB, 2.07 load
[runlim] sample:		34331.69 time, 31960.01 real, 2689 MB, 2.06 load
[runlim] sample:		34349.65 time, 31970.01 real, 2687 MB, 1.90 load
[runlim] sample:		34367.97 time, 31980.01 real, 2693 MB, 1.76 load
[runlim] sample:		34383.29 time, 31990.01 real, 2693 MB, 1.64 load

NN₁: mnist_relu_3_100_gemm.onnx
NN₂: mnist_relu_3_100_0.79_adam_1_stepsize.onnx
Prop: mnist_62_global_5.vnnlib
[runlim] sample:		34393.31 time, 32000.01 real, 2489 MB, 1.54 load
[runlim] sample:		34403.32 time, 32010.01 real, 2492 MB, 1.61 load
[runlim] sample:		34413.32 time, 32020.01 real, 2495 MB, 1.59 load
[runlim] sample:		34423.33 time, 32030.01 real, 2499 MB, 1.50 load
[runlim] sample:		34433.32 time, 32040.01 real, 2499 MB, 1.42 load
[runlim] sample:		34443.33 time, 32050.01 real, 2502 MB, 1.36 load
[runlim] sample:		34453.34 time, 32060.01 real, 2507 MB, 1.30 load
[runlim] sample:		34463.34 time, 32070.01 real, 2507 MB, 1.26 load
[runlim] sample:		34473.34 time, 32080.01 real, 2512 MB, 1.22 load
[runlim] sample:		34483.35 time, 32090.01 real, 2516 MB, 1.18 load
[runlim] sample:		34493.35 time, 32100.01 real, 2516 MB, 1.15 load
[runlim] sample:		34503.35 time, 32110.01 real, 2521 MB, 1.13 load
[runlim] sample:		34513.35 time, 32120.01 real, 2525 MB, 1.11 load
[runlim] sample:		34523.36 time, 32130.01 real, 2525 MB, 1.09 load
[runlim] sample:		34533.36 time, 32140.01 real, 2530 MB, 1.08 load
[runlim] sample:		34543.37 time, 32150.01 real, 2535 MB, 1.07 load
[runlim] sample:		34553.37 time, 32160.01 real, 2535 MB, 1.06 load
[runlim] sample:		34563.38 time, 32170.01 real, 2541 MB, 1.05 load
[runlim] sample:		34573.38 time, 32180.01 real, 2541 MB, 1.04 load
[runlim] sample:		34583.24 time, 32190.01 real, 2546 MB, 1.03 load
[runlim] sample:		34593.23 time, 32200.01 real, 2546 MB, 1.03 load
[runlim] sample:		34603.24 time, 32210.01 real, 2551 MB, 1.02 load
[runlim] sample:		34613.23 time, 32220.01 real, 2556 MB, 1.02 load
[runlim] sample:		34623.25 time, 32230.01 real, 2556 MB, 1.02 load
[runlim] sample:		34633.24 time, 32240.01 real, 2563 MB, 1.01 load
[runlim] sample:		34643.25 time, 32250.01 real, 2563 MB, 1.01 load
[runlim] sample:		34653.25 time, 32260.02 real, 2569 MB, 1.01 load
[runlim] sample:		34663.25 time, 32270.01 real, 2569 MB, 1.01 load
[runlim] sample:		34673.25 time, 32280.01 real, 2576 MB, 1.00 load
[runlim] sample:		34683.26 time, 32290.01 real, 2576 MB, 1.00 load
[runlim] sample:		34693.26 time, 32300.01 real, 2583 MB, 1.00 load
[runlim] sample:		34703.26 time, 32310.01 real, 2583 MB, 1.00 load
[runlim] sample:		34713.27 time, 32320.01 real, 2583 MB, 1.00 load
[runlim] sample:		34723.27 time, 32330.01 real, 2591 MB, 1.00 load
[runlim] sample:		34733.27 time, 32340.01 real, 2591 MB, 1.00 load
[runlim] sample:		34743.28 time, 32350.01 real, 2599 MB, 1.00 load
[runlim] sample:		34753.27 time, 32360.01 real, 2599 MB, 1.00 load
[runlim] sample:		34763.28 time, 32370.01 real, 2606 MB, 1.00 load
[runlim] sample:		34773.28 time, 32380.01 real, 2606 MB, 1.00 load
[runlim] sample:		34783.28 time, 32390.01 real, 2615 MB, 1.00 load
[runlim] sample:		34793.28 time, 32400.01 real, 2615 MB, 1.00 load
[runlim] sample:		34803.28 time, 32410.01 real, 2615 MB, 1.00 load
[runlim] sample:		34813.29 time, 32420.01 real, 2624 MB, 1.00 load
[runlim] sample:		34823.29 time, 32430.01 real, 2624 MB, 1.00 load
[runlim] sample:		34833.29 time, 32440.01 real, 2633 MB, 1.00 load
[runlim] sample:		34843.30 time, 32450.01 real, 2633 MB, 1.00 load
[runlim] sample:		34853.13 time, 32460.01 real, 2633 MB, 1.00 load
[runlim] sample:		34863.13 time, 32470.01 real, 2642 MB, 1.00 load
[runlim] sample:		34873.13 time, 32480.01 real, 2642 MB, 1.00 load
[runlim] sample:		34883.14 time, 32490.01 real, 2653 MB, 1.00 load
[runlim] sample:		34893.14 time, 32500.01 real, 2651 MB, 1.00 load
[runlim] sample:		34903.14 time, 32510.01 real, 2651 MB, 1.15 load
[runlim] sample:		34913.14 time, 32520.01 real, 2661 MB, 1.28 load
[runlim] sample:		34923.15 time, 32530.01 real, 2661 MB, 1.24 load
[runlim] sample:		34933.14 time, 32540.01 real, 2661 MB, 1.20 load
[runlim] sample:		34943.14 time, 32550.01 real, 2670 MB, 1.17 load
[runlim] sample:		34953.15 time, 32560.01 real, 2670 MB, 1.14 load
[runlim] sample:		34963.15 time, 32570.01 real, 2670 MB, 1.12 load
[runlim] sample:		34973.16 time, 32580.01 real, 2679 MB, 1.10 load
[runlim] sample:		34983.16 time, 32590.01 real, 2679 MB, 1.09 load

NN₁: mnist_relu_3_100_gemm.onnx
NN₂: mnist_relu_3_100_0.79_adam_1_stepsize.onnx
Prop: mnist_63_global_4.vnnlib

NN₁: mnist_relu_3_100_gemm.onnx
NN₂: mnist_relu_3_100_0.79_adam_1_stepsize.onnx
Prop: mnist_63_global_5.vnnlib
[runlim] sample:		34993.15 time, 32600.01 real, 2495 MB, 1.07 load
[runlim] sample:		35003.15 time, 32610.01 real, 2497 MB, 1.06 load
[runlim] sample:		35013.15 time, 32620.01 real, 2500 MB, 1.05 load
[runlim] sample:		35023.16 time, 32630.01 real, 2504 MB, 1.04 load
[runlim] sample:		35033.16 time, 32640.01 real, 2504 MB, 1.04 load
[runlim] sample:		35043.17 time, 32650.01 real, 2508 MB, 1.03 load
[runlim] sample:		35053.17 time, 32660.01 real, 2513 MB, 1.02 load
[runlim] sample:		35063.17 time, 32670.01 real, 2513 MB, 1.02 load
[runlim] sample:		35073.18 time, 32680.01 real, 2518 MB, 1.02 load
[runlim] sample:		35083.18 time, 32690.01 real, 2523 MB, 1.09 load
[runlim] sample:		35093.18 time, 32700.01 real, 2523 MB, 1.08 load
[runlim] sample:		35103.19 time, 32710.01 real, 2528 MB, 1.07 load
[runlim] sample:		35113.19 time, 32720.01 real, 2534 MB, 1.06 load
[runlim] sample:		35123.05 time, 32730.01 real, 2534 MB, 1.05 load
[runlim] sample:		35133.06 time, 32740.01 real, 2540 MB, 1.04 load
[runlim] sample:		35143.07 time, 32750.01 real, 2540 MB, 1.03 load
[runlim] sample:		35153.07 time, 32760.02 real, 2544 MB, 1.03 load
[runlim] sample:		35163.06 time, 32770.01 real, 2552 MB, 1.02 load
[runlim] sample:		35173.07 time, 32780.01 real, 2552 MB, 1.02 load
[runlim] sample:		35183.08 time, 32790.01 real, 2558 MB, 1.02 load
[runlim] sample:		35193.08 time, 32800.01 real, 2558 MB, 1.01 load
[runlim] sample:		35203.08 time, 32810.01 real, 2567 MB, 1.01 load
[runlim] sample:		35213.08 time, 32820.01 real, 2567 MB, 1.01 load
[runlim] sample:		35223.09 time, 32830.01 real, 2575 MB, 1.01 load
[runlim] sample:		35233.09 time, 32840.02 real, 2575 MB, 1.00 load
[runlim] sample:		35243.09 time, 32850.01 real, 2583 MB, 1.00 load
[runlim] sample:		35253.09 time, 32860.01 real, 2583 MB, 1.00 load
[runlim] sample:		35263.09 time, 32870.01 real, 2592 MB, 1.00 load
[runlim] sample:		35273.10 time, 32880.01 real, 2592 MB, 1.00 load
[runlim] sample:		35283.10 time, 32890.01 real, 2601 MB, 1.00 load
[runlim] sample:		35293.11 time, 32900.01 real, 2601 MB, 1.00 load
[runlim] sample:		35303.11 time, 32910.02 real, 2609 MB, 1.00 load
[runlim] sample:		35313.11 time, 32920.01 real, 2609 MB, 1.00 load
[runlim] sample:		35323.11 time, 32930.01 real, 2619 MB, 1.00 load
[runlim] sample:		35333.11 time, 32940.01 real, 2619 MB, 1.00 load
[runlim] sample:		35343.11 time, 32950.01 real, 2619 MB, 1.00 load
[runlim] sample:		35353.11 time, 32960.01 real, 2630 MB, 1.00 load
[runlim] sample:		35363.12 time, 32970.01 real, 2630 MB, 1.00 load
[runlim] sample:		35373.11 time, 32980.01 real, 2639 MB, 1.00 load
[runlim] sample:		35383.12 time, 32990.01 real, 2638 MB, 1.00 load
[runlim] sample:		35392.98 time, 33000.01 real, 2638 MB, 1.00 load
[runlim] sample:		35402.98 time, 33010.01 real, 2648 MB, 1.15 load
[runlim] sample:		35412.98 time, 33020.01 real, 2648 MB, 1.28 load
[runlim] sample:		35422.99 time, 33030.01 real, 2659 MB, 1.24 load
[runlim] sample:		35432.99 time, 33040.01 real, 2659 MB, 1.20 load
[runlim] sample:		35442.99 time, 33050.01 real, 2659 MB, 1.17 load
[runlim] sample:		35452.99 time, 33060.01 real, 2670 MB, 1.14 load
[runlim] sample:		35463.00 time, 33070.01 real, 2670 MB, 1.12 load
[runlim] sample:		35473.00 time, 33080.01 real, 2670 MB, 1.10 load
[runlim] sample:		35483.00 time, 33090.01 real, 2681 MB, 1.09 load
[runlim] sample:		35493.01 time, 33100.01 real, 2681 MB, 1.07 load
[runlim] sample:		35503.01 time, 33110.01 real, 2693 MB, 1.06 load
[runlim] sample:		35513.01 time, 33120.01 real, 2692 MB, 1.05 load
[runlim] sample:		35523.02 time, 33130.01 real, 2692 MB, 1.04 load
[runlim] sample:		35533.01 time, 33140.01 real, 2704 MB, 1.04 load
[runlim] sample:		35543.01 time, 33150.01 real, 2704 MB, 1.03 load
[runlim] sample:		35553.02 time, 33160.01 real, 2704 MB, 1.02 load
[runlim] sample:		35563.02 time, 33170.01 real, 2715 MB, 1.02 load
[runlim] sample:		35573.03 time, 33180.01 real, 2714 MB, 1.02 load
[runlim] sample:		35583.03 time, 33190.01 real, 2714 MB, 1.01 load

NN₁: mnist_relu_3_100_gemm.onnx
NN₂: mnist_relu_3_100_0.79_adam_1_stepsize.onnx
Prop: mnist_64_global_4.vnnlib

NN₁: mnist_relu_3_100_gemm.onnx
NN₂: mnist_relu_3_100_0.79_adam_1_stepsize.onnx
Prop: mnist_64_global_5.vnnlib
[runlim] sample:		35593.02 time, 33200.01 real, 2495 MB, 1.01 load
[runlim] sample:		35603.03 time, 33210.01 real, 2495 MB, 1.01 load
[runlim] sample:		35613.03 time, 33220.01 real, 2495 MB, 1.01 load
[runlim] sample:		35623.03 time, 33230.01 real, 2495 MB, 1.01 load
[runlim] sample:		35633.04 time, 33240.01 real, 2495 MB, 1.00 load
[runlim] sample:		35643.04 time, 33250.01 real, 2495 MB, 1.08 load
[runlim] sample:		35653.05 time, 33260.01 real, 2495 MB, 1.07 load
[runlim] sample:		35662.91 time, 33270.02 real, 2495 MB, 1.06 load
[runlim] sample:		35672.91 time, 33280.01 real, 2495 MB, 1.05 load
[runlim] sample:		35682.92 time, 33290.01 real, 2495 MB, 1.04 load
[runlim] sample:		35692.92 time, 33300.01 real, 2495 MB, 1.04 load
[runlim] sample:		35702.93 time, 33310.01 real, 2495 MB, 1.03 load
[runlim] sample:		35712.93 time, 33320.01 real, 2495 MB, 1.02 load
[runlim] sample:		35722.93 time, 33330.01 real, 2495 MB, 1.02 load
[runlim] sample:		35732.94 time, 33340.01 real, 2495 MB, 1.02 load
[runlim] sample:		35742.95 time, 33350.01 real, 2495 MB, 1.01 load
[runlim] sample:		35752.95 time, 33360.01 real, 2495 MB, 1.01 load
[runlim] sample:		35762.96 time, 33370.01 real, 2495 MB, 1.01 load
[runlim] sample:		35772.96 time, 33380.01 real, 2495 MB, 1.01 load
[runlim] sample:		35782.97 time, 33390.01 real, 2495 MB, 1.01 load
[runlim] sample:		35792.96 time, 33400.01 real, 2495 MB, 1.00 load
[runlim] sample:		35802.97 time, 33410.01 real, 2495 MB, 1.00 load
[runlim] sample:		35812.98 time, 33420.01 real, 2495 MB, 1.00 load
[runlim] sample:		35822.98 time, 33430.01 real, 2495 MB, 1.00 load
[runlim] sample:		35832.99 time, 33440.01 real, 2495 MB, 1.07 load
[runlim] sample:		35842.99 time, 33450.01 real, 2495 MB, 1.06 load
[runlim] sample:		35852.99 time, 33460.01 real, 2495 MB, 1.05 load
[runlim] sample:		35863.00 time, 33470.01 real, 2495 MB, 1.04 load
[runlim] sample:		35873.01 time, 33480.01 real, 2495 MB, 1.04 load
[runlim] sample:		35883.01 time, 33490.01 real, 2495 MB, 1.03 load
[runlim] sample:		35893.02 time, 33500.01 real, 2495 MB, 1.03 load
[runlim] sample:		35903.02 time, 33510.01 real, 2495 MB, 1.18 load
[runlim] sample:		35913.02 time, 33520.01 real, 2495 MB, 1.30 load
[runlim] sample:		35923.03 time, 33530.01 real, 2495 MB, 1.26 load
[runlim] sample:		35932.90 time, 33540.01 real, 2495 MB, 1.22 load
[runlim] sample:		35942.90 time, 33550.01 real, 2495 MB, 1.18 load
[runlim] sample:		35952.91 time, 33560.01 real, 2495 MB, 1.15 load
[runlim] sample:		35962.91 time, 33570.01 real, 2495 MB, 1.13 load
[runlim] sample:		35972.92 time, 33580.01 real, 2495 MB, 1.11 load
[runlim] sample:		35982.92 time, 33590.01 real, 2495 MB, 1.09 load
[runlim] sample:		35992.92 time, 33600.01 real, 2495 MB, 1.08 load
[runlim] sample:		36002.93 time, 33610.01 real, 2495 MB, 1.07 load
[runlim] sample:		36012.94 time, 33620.01 real, 2495 MB, 1.06 load
[runlim] sample:		36022.94 time, 33630.01 real, 2495 MB, 1.05 load
[runlim] sample:		36032.94 time, 33640.01 real, 2495 MB, 1.04 load
[runlim] sample:		36042.95 time, 33650.01 real, 2495 MB, 1.03 load
[runlim] sample:		36052.96 time, 33660.01 real, 2495 MB, 1.03 load
[runlim] sample:		36062.96 time, 33670.01 real, 2495 MB, 1.02 load
[runlim] sample:		36072.97 time, 33680.01 real, 2495 MB, 1.02 load
[runlim] sample:		36082.97 time, 33690.01 real, 2495 MB, 1.02 load
[runlim] sample:		36092.97 time, 33700.01 real, 2495 MB, 1.01 load
[runlim] sample:		36102.97 time, 33710.01 real, 2495 MB, 1.01 load
[runlim] sample:		36112.98 time, 33720.01 real, 2495 MB, 1.01 load
[runlim] sample:		36122.98 time, 33730.01 real, 2495 MB, 1.01 load
[runlim] sample:		36132.99 time, 33740.01 real, 2495 MB, 1.00 load
[runlim] sample:		36142.99 time, 33750.01 real, 2495 MB, 1.00 load
[runlim] sample:		36153.00 time, 33760.01 real, 2495 MB, 1.00 load
[runlim] sample:		36163.00 time, 33770.01 real, 2495 MB, 1.00 load
[runlim] sample:		36173.01 time, 33780.01 real, 2495 MB, 1.00 load
[runlim] sample:		36183.01 time, 33790.01 real, 2495 MB, 1.00 load

NN₁: mnist_relu_3_100_gemm.onnx
NN₂: mnist_relu_3_100_0.79_adam_1_stepsize.onnx
Prop: mnist_65_global_4.vnnlib
[runlim] sample:		36193.00 time, 33800.01 real, 2496 MB, 1.00 load
[runlim] sample:		36202.83 time, 33810.01 real, 2498 MB, 1.00 load
[runlim] sample:		36212.83 time, 33820.01 real, 2498 MB, 1.00 load
[runlim] sample:		36222.84 time, 33830.01 real, 2502 MB, 1.00 load
[runlim] sample:		36232.83 time, 33840.01 real, 2505 MB, 1.00 load
[runlim] sample:		36242.83 time, 33850.01 real, 2509 MB, 1.00 load
[runlim] sample:		36252.84 time, 33860.01 real, 2509 MB, 1.00 load
[runlim] sample:		36262.84 time, 33870.01 real, 2513 MB, 1.00 load
[runlim] sample:		36272.84 time, 33880.01 real, 2517 MB, 1.00 load
[runlim] sample:		36282.85 time, 33890.01 real, 2517 MB, 1.00 load
[runlim] sample:		36292.86 time, 33900.01 real, 2523 MB, 1.00 load
[runlim] sample:		36302.85 time, 33910.02 real, 2526 MB, 1.00 load
[runlim] sample:		36312.86 time, 33920.01 real, 2526 MB, 1.00 load
[runlim] sample:		36322.86 time, 33930.01 real, 2529 MB, 1.00 load
[runlim] sample:		36332.86 time, 33940.02 real, 2529 MB, 1.00 load
[runlim] sample:		36342.87 time, 33950.01 real, 2536 MB, 1.00 load
[runlim] sample:		36352.87 time, 33960.01 real, 2543 MB, 1.00 load
[runlim] sample:		36362.87 time, 33970.01 real, 2543 MB, 1.00 load
[runlim] sample:		36372.87 time, 33980.01 real, 2552 MB, 1.00 load
[runlim] sample:		36382.88 time, 33990.01 real, 2552 MB, 1.00 load
[runlim] sample:		36392.89 time, 34000.01 real, 2560 MB, 1.00 load
[runlim] sample:		36402.89 time, 34010.01 real, 2560 MB, 1.15 load
[runlim] sample:		36412.89 time, 34020.01 real, 2565 MB, 1.28 load
[runlim] sample:		36422.89 time, 34030.01 real, 2565 MB, 1.24 load
[runlim] sample:		36432.90 time, 34040.01 real, 2574 MB, 1.20 load
[runlim] sample:		36442.90 time, 34050.01 real, 2574 MB, 1.17 load
[runlim] sample:		36452.90 time, 34060.01 real, 2582 MB, 1.14 load
[runlim] sample:		36462.91 time, 34070.01 real, 2582 MB, 1.12 load
[runlim] sample:		36472.77 time, 34080.01 real, 2591 MB, 1.10 load
[runlim] sample:		36482.77 time, 34090.01 real, 2591 MB, 1.09 load
[runlim] sample:		36492.77 time, 34100.01 real, 2597 MB, 1.07 load
[runlim] sample:		36502.78 time, 34110.01 real, 2597 MB, 1.06 load
[runlim] sample:		36512.78 time, 34120.01 real, 2608 MB, 1.05 load
[runlim] sample:		36522.79 time, 34130.01 real, 2608 MB, 1.04 load
[runlim] sample:		36532.78 time, 34140.01 real, 2618 MB, 1.04 load
[runlim] sample:		36542.79 time, 34150.01 real, 2617 MB, 1.03 load
[runlim] sample:		36552.79 time, 34160.01 real, 2617 MB, 1.02 load
[runlim] sample:		36562.79 time, 34170.01 real, 2627 MB, 1.02 load
[runlim] sample:		36572.80 time, 34180.01 real, 2627 MB, 1.02 load
[runlim] sample:		36582.80 time, 34190.01 real, 2635 MB, 1.01 load
[runlim] sample:		36592.80 time, 34200.01 real, 2635 MB, 1.01 load
[runlim] sample:		36602.80 time, 34210.01 real, 2635 MB, 1.01 load
[runlim] sample:		36612.81 time, 34220.01 real, 2645 MB, 1.01 load
[runlim] sample:		36622.81 time, 34230.01 real, 2645 MB, 1.01 load
[runlim] sample:		36632.82 time, 34240.01 real, 2654 MB, 1.00 load
[runlim] sample:		36642.82 time, 34250.01 real, 2654 MB, 1.00 load
[runlim] sample:		36652.82 time, 34260.01 real, 2654 MB, 1.00 load
[runlim] sample:		36662.82 time, 34270.01 real, 2666 MB, 1.00 load
[runlim] sample:		36672.82 time, 34280.01 real, 2666 MB, 1.00 load
[runlim] sample:		36682.82 time, 34290.01 real, 2666 MB, 1.08 load
[runlim] sample:		36692.83 time, 34300.02 real, 2677 MB, 1.07 load
[runlim] sample:		36702.83 time, 34310.01 real, 2677 MB, 1.06 load
[runlim] sample:		36712.83 time, 34320.01 real, 2689 MB, 1.05 load
[runlim] sample:		36722.83 time, 34330.01 real, 2688 MB, 1.04 load
[runlim] sample:		36732.84 time, 34340.01 real, 2688 MB, 1.03 load
[runlim] sample:		36742.70 time, 34350.01 real, 2698 MB, 1.03 load
[runlim] sample:		36752.70 time, 34360.01 real, 2698 MB, 1.02 load
[runlim] sample:		36762.70 time, 34370.01 real, 2698 MB, 1.02 load
[runlim] sample:		36772.70 time, 34380.01 real, 2709 MB, 1.02 load
[runlim] sample:		36782.70 time, 34390.01 real, 2709 MB, 1.01 load

NN₁: mnist_relu_3_100_gemm.onnx
NN₂: mnist_relu_3_100_0.79_adam_1_stepsize.onnx
Prop: mnist_65_global_5.vnnlib
[runlim] sample:		36792.69 time, 34400.01 real, 2497 MB, 1.01 load
[runlim] sample:		36802.70 time, 34410.01 real, 2498 MB, 1.01 load
[runlim] sample:		36812.70 time, 34420.01 real, 2498 MB, 1.01 load
[runlim] sample:		36822.71 time, 34430.01 real, 2501 MB, 1.00 load
[runlim] sample:		36832.71 time, 34440.01 real, 2505 MB, 1.00 load
[runlim] sample:		36842.72 time, 34450.01 real, 2509 MB, 1.00 load
[runlim] sample:		36852.72 time, 34460.01 real, 2509 MB, 1.00 load
[runlim] sample:		36862.71 time, 34470.01 real, 2512 MB, 1.00 load
[runlim] sample:		36872.73 time, 34480.01 real, 2516 MB, 1.00 load
[runlim] sample:		36882.73 time, 34490.01 real, 2516 MB, 1.00 load
[runlim] sample:		36892.73 time, 34500.01 real, 2520 MB, 1.00 load
[runlim] sample:		36902.73 time, 34510.01 real, 2520 MB, 1.15 load
[runlim] sample:		36912.73 time, 34520.01 real, 2525 MB, 1.20 load
[runlim] sample:		36922.74 time, 34530.01 real, 2529 MB, 1.17 load
[runlim] sample:		36932.74 time, 34540.01 real, 2529 MB, 1.15 load
[runlim] sample:		36942.74 time, 34550.01 real, 2534 MB, 1.12 load
[runlim] sample:		36952.74 time, 34560.01 real, 2534 MB, 1.18 load
[runlim] sample:		36962.74 time, 34570.02 real, 2536 MB, 1.15 load
[runlim] sample:		36972.75 time, 34580.01 real, 2536 MB, 1.13 load
[runlim] sample:		36982.75 time, 34590.02 real, 2544 MB, 1.11 load
[runlim] sample:		36992.75 time, 34600.01 real, 2544 MB, 1.09 load
[runlim] sample:		37002.76 time, 34610.01 real, 2551 MB, 1.08 load
[runlim] sample:		37012.58 time, 34620.01 real, 2551 MB, 1.07 load
[runlim] sample:		37022.58 time, 34630.01 real, 2558 MB, 1.06 load
[runlim] sample:		37032.58 time, 34640.01 real, 2558 MB, 1.05 load
[runlim] sample:		37042.59 time, 34650.01 real, 2564 MB, 1.04 load
[runlim] sample:		37052.59 time, 34660.01 real, 2564 MB, 1.03 load
[runlim] sample:		37062.58 time, 34670.01 real, 2571 MB, 1.03 load
[runlim] sample:		37072.59 time, 34680.01 real, 2571 MB, 1.02 load
[runlim] sample:		37082.59 time, 34690.01 real, 2578 MB, 1.02 load
[runlim] sample:		37092.60 time, 34700.01 real, 2578 MB, 1.02 load
[runlim] sample:		37102.60 time, 34710.01 real, 2585 MB, 1.01 load
[runlim] sample:		37112.60 time, 34720.01 real, 2585 MB, 1.01 load
[runlim] sample:		37122.61 time, 34730.01 real, 2593 MB, 1.01 load
[runlim] sample:		37132.61 time, 34740.01 real, 2593 MB, 1.01 load
[runlim] sample:		37142.61 time, 34750.01 real, 2593 MB, 1.00 load
[runlim] sample:		37152.61 time, 34760.01 real, 2600 MB, 1.00 load
[runlim] sample:		37162.61 time, 34770.01 real, 2600 MB, 1.00 load
[runlim] sample:		37172.61 time, 34780.01 real, 2608 MB, 1.00 load
[runlim] sample:		37182.62 time, 34790.01 real, 2608 MB, 1.00 load
[runlim] sample:		37192.62 time, 34800.01 real, 2615 MB, 1.00 load
[runlim] sample:		37202.63 time, 34810.01 real, 2615 MB, 1.00 load
[runlim] sample:		37212.63 time, 34820.01 real, 2615 MB, 1.00 load
[runlim] sample:		37222.63 time, 34830.01 real, 2624 MB, 1.00 load
[runlim] sample:		37232.64 time, 34840.01 real, 2624 MB, 1.00 load
[runlim] sample:		37242.64 time, 34850.01 real, 2624 MB, 1.00 load
[runlim] sample:		37252.64 time, 34860.01 real, 2632 MB, 1.00 load
[runlim] sample:		37262.64 time, 34870.01 real, 2632 MB, 1.00 load
[runlim] sample:		37272.64 time, 34880.01 real, 2640 MB, 1.00 load
[runlim] sample:		37282.52 time, 34890.01 real, 2640 MB, 1.00 load
[runlim] sample:		37292.52 time, 34900.01 real, 2640 MB, 1.00 load
[runlim] sample:		37302.52 time, 34910.01 real, 2649 MB, 1.00 load
[runlim] sample:		37312.53 time, 34920.01 real, 2649 MB, 1.00 load
[runlim] sample:		37322.53 time, 34930.01 real, 2649 MB, 1.00 load
[runlim] sample:		37332.54 time, 34940.01 real, 2658 MB, 1.00 load
[runlim] sample:		37342.53 time, 34950.02 real, 2658 MB, 1.00 load
[runlim] sample:		37352.53 time, 34960.01 real, 2658 MB, 1.00 load
[runlim] sample:		37362.53 time, 34970.01 real, 2668 MB, 1.07 load
[runlim] sample:		37372.54 time, 34980.01 real, 2668 MB, 1.06 load
[runlim] sample:		37382.55 time, 34990.01 real, 2668 MB, 1.05 load

NN₁: mnist_relu_3_100_gemm.onnx
NN₂: mnist_relu_3_100_0.79_adam_1_stepsize.onnx
Prop: mnist_66_global_4.vnnlib
[runlim] sample:		37392.54 time, 35000.01 real, 2497 MB, 1.04 load
[runlim] sample:		37402.53 time, 35010.01 real, 2499 MB, 1.19 load
[runlim] sample:		37412.54 time, 35020.01 real, 2499 MB, 1.32 load
[runlim] sample:		37422.55 time, 35030.01 real, 2499 MB, 1.27 load
[runlim] sample:		37432.55 time, 35040.01 real, 2499 MB, 1.23 load
[runlim] sample:		37442.55 time, 35050.01 real, 2506 MB, 1.19 load
[runlim] sample:		37452.55 time, 35060.01 real, 2510 MB, 1.16 load
[runlim] sample:		37462.55 time, 35070.01 real, 2512 MB, 1.14 load
[runlim] sample:		37472.56 time, 35080.01 real, 2521 MB, 1.11 load
[runlim] sample:		37482.57 time, 35090.01 real, 2521 MB, 1.10 load
[runlim] sample:		37492.57 time, 35100.01 real, 2527 MB, 1.08 load
[runlim] sample:		37502.58 time, 35110.01 real, 2534 MB, 1.07 load
[runlim] sample:		37512.58 time, 35120.01 real, 2542 MB, 1.06 load
[runlim] sample:		37522.59 time, 35130.01 real, 2551 MB, 1.05 load
[runlim] sample:		37532.59 time, 35140.01 real, 2551 MB, 1.04 load
[runlim] sample:		37542.59 time, 35150.01 real, 2562 MB, 1.03 load
[runlim] sample:		37552.45 time, 35160.01 real, 2571 MB, 1.03 load
[runlim] sample:		37562.45 time, 35170.01 real, 2571 MB, 1.02 load
[runlim] sample:		37572.46 time, 35180.01 real, 2582 MB, 1.02 load
[runlim] sample:		37582.47 time, 35190.01 real, 2592 MB, 1.02 load
[runlim] sample:		37592.46 time, 35200.01 real, 2592 MB, 1.01 load
[runlim] sample:		37602.47 time, 35210.01 real, 2603 MB, 1.01 load
[runlim] sample:		37612.48 time, 35220.01 real, 2611 MB, 1.01 load
[runlim] sample:		37622.48 time, 35230.01 real, 2616 MB, 1.01 load
[runlim] sample:		37632.49 time, 35240.01 real, 2628 MB, 1.00 load
[runlim] sample:		37642.49 time, 35250.01 real, 2628 MB, 1.00 load
[runlim] sample:		37652.49 time, 35260.01 real, 2664 MB, 1.00 load
[runlim] sample:		37662.50 time, 35270.01 real, 2664 MB, 1.00 load
[runlim] sample:		37672.49 time, 35280.01 real, 2678 MB, 1.00 load
[runlim] sample:		37682.50 time, 35290.01 real, 2678 MB, 1.00 load
[runlim] sample:		37692.50 time, 35300.01 real, 2692 MB, 1.00 load
[runlim] sample:		37702.51 time, 35310.01 real, 2692 MB, 1.00 load
[runlim] sample:		37712.52 time, 35320.01 real, 2707 MB, 1.00 load
[runlim] sample:		37722.52 time, 35330.01 real, 2707 MB, 1.00 load
[runlim] sample:		37732.52 time, 35340.01 real, 2721 MB, 1.00 load
[runlim] sample:		37742.53 time, 35350.02 real, 2721 MB, 1.00 load
[runlim] sample:		37752.53 time, 35360.01 real, 2736 MB, 1.00 load
[runlim] sample:		37762.54 time, 35370.01 real, 2736 MB, 1.00 load
[runlim] sample:		37772.54 time, 35380.01 real, 2751 MB, 1.00 load
[runlim] sample:		37782.55 time, 35390.01 real, 2751 MB, 1.00 load
[runlim] sample:		37792.55 time, 35400.01 real, 2770 MB, 1.00 load
[runlim] sample:		37802.56 time, 35410.01 real, 2769 MB, 1.00 load
[runlim] sample:		37812.56 time, 35420.01 real, 2769 MB, 1.00 load
[runlim] sample:		37822.44 time, 35430.01 real, 2786 MB, 1.00 load
[runlim] sample:		37832.44 time, 35440.01 real, 2786 MB, 1.00 load
[runlim] sample:		37842.45 time, 35450.01 real, 2804 MB, 1.00 load
[runlim] sample:		37852.45 time, 35460.01 real, 2804 MB, 1.00 load
[runlim] sample:		37862.46 time, 35470.01 real, 2804 MB, 1.00 load
[runlim] sample:		37872.46 time, 35480.01 real, 2843 MB, 1.00 load
[runlim] sample:		37882.46 time, 35490.01 real, 2843 MB, 1.00 load
[runlim] sample:		37892.47 time, 35500.01 real, 2894 MB, 1.00 load
[runlim] sample:		37902.47 time, 35510.01 real, 2893 MB, 1.15 load
[runlim] sample:		37912.47 time, 35520.01 real, 2893 MB, 1.28 load
[runlim] sample:		37922.47 time, 35530.01 real, 2944 MB, 1.31 load
[runlim] sample:		37932.49 time, 35540.01 real, 2944 MB, 1.27 load
[runlim] sample:		37942.49 time, 35550.01 real, 2944 MB, 1.22 load
[runlim] sample:		37952.49 time, 35560.01 real, 2989 MB, 1.19 load
[runlim] sample:		37962.50 time, 35570.01 real, 2989 MB, 1.16 load
[runlim] sample:		37972.50 time, 35580.01 real, 2989 MB, 1.13 load
[runlim] sample:		37982.51 time, 35590.01 real, 3047 MB, 1.11 load
[runlim] sample:		37992.51 time, 35600.01 real, 3047 MB, 1.10 load

NN₁: mnist_relu_3_100_gemm.onnx
NN₂: mnist_relu_3_100_0.79_adam_1_stepsize.onnx
Prop: mnist_66_global_5.vnnlib
[runlim] sample:		38002.51 time, 35610.01 real, 2502 MB, 1.08 load
[runlim] sample:		38012.50 time, 35620.01 real, 2503 MB, 1.07 load
[runlim] sample:		38022.51 time, 35630.01 real, 2507 MB, 1.06 load
[runlim] sample:		38032.51 time, 35640.01 real, 2511 MB, 1.05 load
[runlim] sample:		38042.51 time, 35650.01 real, 2511 MB, 1.04 load
[runlim] sample:		38052.52 time, 35660.01 real, 2514 MB, 1.03 load
[runlim] sample:		38062.53 time, 35670.02 real, 2518 MB, 1.03 load
[runlim] sample:		38072.52 time, 35680.01 real, 2518 MB, 1.02 load
[runlim] sample:		38082.53 time, 35690.01 real, 2523 MB, 1.02 load
[runlim] sample:		38092.34 time, 35700.01 real, 2528 MB, 1.02 load
[runlim] sample:		38102.34 time, 35710.01 real, 2528 MB, 1.01 load
[runlim] sample:		38112.34 time, 35720.01 real, 2533 MB, 1.01 load
[runlim] sample:		38122.35 time, 35730.01 real, 2533 MB, 1.01 load
[runlim] sample:		38132.34 time, 35740.01 real, 2538 MB, 1.01 load
[runlim] sample:		38142.35 time, 35750.01 real, 2543 MB, 1.00 load
[runlim] sample:		38152.35 time, 35760.01 real, 2543 MB, 1.00 load
[runlim] sample:		38162.36 time, 35770.01 real, 2548 MB, 1.00 load
[runlim] sample:		38172.35 time, 35780.01 real, 2548 MB, 1.00 load
[runlim] sample:		38182.36 time, 35790.01 real, 2554 MB, 1.00 load
[runlim] sample:		38192.37 time, 35800.01 real, 2554 MB, 1.00 load
[runlim] sample:		38202.37 time, 35810.01 real, 2560 MB, 1.00 load
[runlim] sample:		38212.37 time, 35820.01 real, 2560 MB, 1.00 load
[runlim] sample:		38222.37 time, 35830.01 real, 2566 MB, 1.00 load
[runlim] sample:		38232.37 time, 35840.01 real, 2566 MB, 1.00 load
[runlim] sample:		38242.38 time, 35850.01 real, 2572 MB, 1.00 load
[runlim] sample:		38252.38 time, 35860.01 real, 2572 MB, 1.00 load
[runlim] sample:		38262.38 time, 35870.01 real, 2580 MB, 1.00 load
[runlim] sample:		38272.39 time, 35880.01 real, 2580 MB, 1.00 load
[runlim] sample:		38282.38 time, 35890.01 real, 2588 MB, 1.07 load
[runlim] sample:		38292.39 time, 35900.01 real, 2588 MB, 1.06 load
[runlim] sample:		38302.39 time, 35910.01 real, 2595 MB, 1.05 load
[runlim] sample:		38312.40 time, 35920.01 real, 2595 MB, 1.04 load
[runlim] sample:		38322.40 time, 35930.01 real, 2595 MB, 1.04 load
[runlim] sample:		38332.40 time, 35940.01 real, 2604 MB, 1.03 load
[runlim] sample:		38342.41 time, 35950.01 real, 2604 MB, 1.10 load
[runlim] sample:		38352.41 time, 35960.01 real, 2612 MB, 1.08 load
[runlim] sample:		38362.27 time, 35970.01 real, 2612 MB, 1.07 load
[runlim] sample:		38372.27 time, 35980.01 real, 2620 MB, 1.06 load
[runlim] sample:		38382.27 time, 35990.01 real, 2620 MB, 1.05 load
[runlim] sample:		38392.27 time, 36000.01 real, 2620 MB, 1.04 load
[runlim] sample:		38402.29 time, 36010.01 real, 2629 MB, 1.19 load
[runlim] sample:		38412.29 time, 36020.01 real, 2629 MB, 1.31 load
[runlim] sample:		38422.29 time, 36030.02 real, 2629 MB, 1.27 load
[runlim] sample:		38432.29 time, 36040.01 real, 2639 MB, 1.22 load
[runlim] sample:		38442.29 time, 36050.01 real, 2639 MB, 1.19 load
[runlim] sample:		38452.30 time, 36060.01 real, 2649 MB, 1.16 load
[runlim] sample:		38462.30 time, 36070.01 real, 2649 MB, 1.13 load
[runlim] sample:		38472.30 time, 36080.01 real, 2649 MB, 1.11 load
[runlim] sample:		38482.30 time, 36090.01 real, 2658 MB, 1.10 load
[runlim] sample:		38492.31 time, 36100.01 real, 2658 MB, 1.08 load
[runlim] sample:		38502.31 time, 36110.01 real, 2658 MB, 1.07 load
[runlim] sample:		38512.31 time, 36120.01 real, 2668 MB, 1.06 load
[runlim] sample:		38522.32 time, 36130.01 real, 2668 MB, 1.05 load
[runlim] sample:		38532.32 time, 36140.01 real, 2668 MB, 1.04 load
[runlim] sample:		38542.32 time, 36150.01 real, 2679 MB, 1.03 load
[runlim] sample:		38552.33 time, 36160.01 real, 2679 MB, 1.03 load
[runlim] sample:		38562.33 time, 36170.01 real, 2679 MB, 1.02 load
[runlim] sample:		38572.33 time, 36180.01 real, 2688 MB, 1.02 load
[runlim] sample:		38582.33 time, 36190.01 real, 2688 MB, 1.02 load
[runlim] sample:		38592.33 time, 36200.01 real, 2688 MB, 1.01 load

NN₁: mnist_relu_3_100_gemm.onnx
NN₂: mnist_relu_3_100_0.79_adam_1_stepsize.onnx
Prop: mnist_67_global_4.vnnlib

NN₁: mnist_relu_3_100_gemm.onnx
NN₂: mnist_relu_3_100_0.79_adam_1_stepsize.onnx
Prop: mnist_67_global_5.vnnlib
[runlim] sample:		38602.32 time, 36210.01 real, 2504 MB, 1.01 load
[runlim] sample:		38612.32 time, 36220.01 real, 2504 MB, 1.01 load
[runlim] sample:		38622.33 time, 36230.01 real, 2504 MB, 1.01 load
[runlim] sample:		38632.19 time, 36240.01 real, 2504 MB, 1.00 load
[runlim] sample:		38642.20 time, 36250.01 real, 2504 MB, 1.00 load
[runlim] sample:		38652.21 time, 36260.01 real, 2504 MB, 1.00 load
[runlim] sample:		38662.20 time, 36270.01 real, 2504 MB, 1.00 load
[runlim] sample:		38672.20 time, 36280.01 real, 2504 MB, 1.00 load
[runlim] sample:		38682.21 time, 36290.01 real, 2504 MB, 1.00 load
[runlim] sample:		38692.22 time, 36300.01 real, 2504 MB, 1.00 load
[runlim] sample:		38702.22 time, 36310.01 real, 2504 MB, 1.00 load
[runlim] sample:		38712.22 time, 36320.01 real, 2504 MB, 1.00 load
[runlim] sample:		38722.22 time, 36330.01 real, 2504 MB, 1.00 load
[runlim] sample:		38732.23 time, 36340.02 real, 2504 MB, 1.00 load
[runlim] sample:		38742.24 time, 36350.01 real, 2504 MB, 1.00 load
[runlim] sample:		38752.24 time, 36360.01 real, 2504 MB, 1.00 load
[runlim] sample:		38762.25 time, 36370.01 real, 2504 MB, 1.00 load
[runlim] sample:		38772.25 time, 36380.01 real, 2504 MB, 1.00 load
[runlim] sample:		38782.26 time, 36390.01 real, 2504 MB, 1.00 load
[runlim] sample:		38792.26 time, 36400.01 real, 2504 MB, 1.00 load
[runlim] sample:		38802.27 time, 36410.01 real, 2504 MB, 1.00 load
[runlim] sample:		38812.26 time, 36420.01 real, 2504 MB, 1.00 load
[runlim] sample:		38822.27 time, 36430.01 real, 2504 MB, 1.00 load
[runlim] sample:		38832.28 time, 36440.01 real, 2504 MB, 1.00 load
[runlim] sample:		38842.29 time, 36450.01 real, 2504 MB, 1.00 load
[runlim] sample:		38852.29 time, 36460.01 real, 2504 MB, 1.00 load
[runlim] sample:		38862.29 time, 36470.01 real, 2504 MB, 1.00 load
[runlim] sample:		38872.29 time, 36480.01 real, 2504 MB, 1.00 load
[runlim] sample:		38882.30 time, 36490.01 real, 2504 MB, 1.00 load
[runlim] sample:		38892.30 time, 36500.01 real, 2504 MB, 1.00 load
[runlim] sample:		38902.18 time, 36510.01 real, 2505 MB, 1.15 load
[runlim] sample:		38912.18 time, 36520.01 real, 2506 MB, 1.28 load
[runlim] sample:		38922.19 time, 36530.01 real, 2507 MB, 1.24 load
[runlim] sample:		38932.19 time, 36540.01 real, 2508 MB, 1.20 load
[runlim] sample:		38942.19 time, 36550.01 real, 2508 MB, 1.17 load
[runlim] sample:		38952.20 time, 36560.01 real, 2510 MB, 1.14 load
[runlim] sample:		38962.20 time, 36570.01 real, 2511 MB, 1.12 load
[runlim] sample:		38972.21 time, 36580.01 real, 2512 MB, 1.10 load
[runlim] sample:		38982.22 time, 36590.01 real, 2513 MB, 1.09 load
[runlim] sample:		38992.23 time, 36600.01 real, 2515 MB, 1.07 load
[runlim] sample:		39002.23 time, 36610.01 real, 2515 MB, 1.06 load
[runlim] sample:		39012.23 time, 36620.01 real, 2516 MB, 1.05 load
[runlim] sample:		39022.23 time, 36630.01 real, 2517 MB, 1.04 load
[runlim] sample:		39032.24 time, 36640.01 real, 2520 MB, 1.04 load
[runlim] sample:		39042.24 time, 36650.01 real, 2521 MB, 1.03 load
[runlim] sample:		39052.25 time, 36660.01 real, 2523 MB, 1.02 load
[runlim] sample:		39062.25 time, 36670.01 real, 2523 MB, 1.02 load
[runlim] sample:		39072.26 time, 36680.01 real, 2525 MB, 1.02 load
[runlim] sample:		39082.27 time, 36690.01 real, 2528 MB, 1.01 load
[runlim] sample:		39092.27 time, 36700.02 real, 2530 MB, 1.01 load
[runlim] sample:		39102.28 time, 36710.01 real, 2534 MB, 1.01 load
[runlim] sample:		39112.28 time, 36720.01 real, 2534 MB, 1.01 load
[runlim] sample:		39122.28 time, 36730.01 real, 2538 MB, 1.01 load
[runlim] sample:		39132.29 time, 36740.01 real, 2541 MB, 1.00 load
[runlim] sample:		39142.29 time, 36750.01 real, 2543 MB, 1.00 load
[runlim] sample:		39152.29 time, 36760.01 real, 2543 MB, 1.00 load
[runlim] sample:		39162.30 time, 36770.01 real, 2547 MB, 1.00 load
[runlim] sample:		39172.17 time, 36780.01 real, 2548 MB, 1.00 load
[runlim] sample:		39182.17 time, 36790.01 real, 2551 MB, 1.00 load
[runlim] sample:		39192.17 time, 36800.01 real, 2551 MB, 1.00 load

NN₁: mnist_relu_3_100_gemm.onnx
NN₂: mnist_relu_3_100_0.79_adam_1_stepsize.onnx
Prop: mnist_68_global_4.vnnlib

NN₁: mnist_relu_3_100_gemm.onnx
NN₂: mnist_relu_3_100_0.79_adam_1_stepsize.onnx
Prop: mnist_68_global_5.vnnlib

NN₁: mnist_relu_3_100_gemm.onnx
NN₂: mnist_relu_3_100_0.79_adam_1_stepsize.onnx
Prop: mnist_69_global_4.vnnlib

NN₁: mnist_relu_3_100_gemm.onnx
NN₂: mnist_relu_3_100_0.79_adam_1_stepsize.onnx
Prop: mnist_69_global_5.vnnlib
[runlim] sample:		39202.12 time, 36810.01 real, 2502 MB, 1.00 load
[runlim] sample:		39212.13 time, 36820.01 real, 2502 MB, 1.00 load
[runlim] sample:		39222.14 time, 36830.01 real, 2502 MB, 1.00 load

NN₁: mnist_relu_3_100_gemm.onnx
NN₂: mnist_relu_3_100_0.79_adam_1_stepsize.onnx
Prop: mnist_70_global_4.vnnlib

NN₁: mnist_relu_3_100_gemm.onnx
NN₂: mnist_relu_3_100_0.79_adam_1_stepsize.onnx
Prop: mnist_70_global_5.vnnlib

NN₁: mnist_relu_3_100_gemm.onnx
NN₂: mnist_relu_3_100_0.79_adam_1_stepsize.onnx
Prop: mnist_71_global_4.vnnlib

NN₁: mnist_relu_3_100_gemm.onnx
NN₂: mnist_relu_3_100_0.79_adam_1_stepsize.onnx
Prop: mnist_71_global_5.vnnlib

NN₁: mnist_relu_3_100_gemm.onnx
NN₂: mnist_relu_3_100_0.79_adam_1_stepsize.onnx
Prop: mnist_72_global_4.vnnlib

NN₁: mnist_relu_3_100_gemm.onnx
NN₂: mnist_relu_3_100_0.79_adam_1_stepsize.onnx
Prop: mnist_72_global_5.vnnlib

NN₁: mnist_relu_3_100_gemm.onnx
NN₂: mnist_relu_3_100_0.79_adam_1_stepsize.onnx
Prop: mnist_73_global_4.vnnlib

NN₁: mnist_relu_3_100_gemm.onnx
NN₂: mnist_relu_3_100_0.79_adam_1_stepsize.onnx
Prop: mnist_73_global_5.vnnlib
[runlim] sample:		39232.08 time, 36840.01 real, 2502 MB, 1.00 load
[runlim] sample:		39242.09 time, 36850.01 real, 2502 MB, 1.00 load
[runlim] sample:		39252.10 time, 36860.01 real, 2502 MB, 1.00 load
[runlim] sample:		39262.10 time, 36870.01 real, 2502 MB, 1.00 load
[runlim] sample:		39272.12 time, 36880.01 real, 2502 MB, 1.00 load
[runlim] sample:		39282.12 time, 36890.01 real, 2502 MB, 1.00 load
[runlim] sample:		39292.12 time, 36900.01 real, 2502 MB, 1.00 load
[runlim] sample:		39302.13 time, 36910.01 real, 2502 MB, 1.00 load
[runlim] sample:		39312.14 time, 36920.01 real, 2506 MB, 1.00 load
[runlim] sample:		39322.15 time, 36930.01 real, 2510 MB, 1.00 load
[runlim] sample:		39332.16 time, 36940.01 real, 2514 MB, 1.00 load
[runlim] sample:		39342.16 time, 36950.01 real, 2516 MB, 1.00 load
[runlim] sample:		39352.16 time, 36960.01 real, 2522 MB, 1.00 load
[runlim] sample:		39362.17 time, 36970.01 real, 2523 MB, 1.00 load
[runlim] sample:		39372.18 time, 36980.01 real, 2528 MB, 1.00 load
[runlim] sample:		39382.18 time, 36990.01 real, 2528 MB, 1.00 load
[runlim] sample:		39392.19 time, 37000.01 real, 2530 MB, 1.00 load
[runlim] sample:		39402.21 time, 37010.01 real, 2532 MB, 1.15 load
[runlim] sample:		39412.21 time, 37020.01 real, 2535 MB, 1.28 load
[runlim] sample:		39422.21 time, 37030.01 real, 2535 MB, 1.24 load
[runlim] sample:		39432.22 time, 37040.01 real, 2535 MB, 1.20 load
[runlim] sample:		39442.09 time, 37050.01 real, 2535 MB, 1.17 load
[runlim] sample:		39452.10 time, 37060.01 real, 2535 MB, 1.14 load
[runlim] sample:		39462.10 time, 37070.01 real, 2535 MB, 1.12 load
[runlim] sample:		39472.11 time, 37080.01 real, 2535 MB, 1.10 load
[runlim] sample:		39482.12 time, 37090.02 real, 2535 MB, 1.09 load
[runlim] sample:		39492.12 time, 37100.01 real, 2535 MB, 1.07 load
[runlim] sample:		39502.12 time, 37110.01 real, 2535 MB, 1.06 load
[runlim] sample:		39512.13 time, 37120.01 real, 2535 MB, 1.05 load
[runlim] sample:		39522.14 time, 37130.01 real, 2535 MB, 1.04 load
[runlim] sample:		39532.14 time, 37140.01 real, 2535 MB, 1.04 load
[runlim] sample:		39542.15 time, 37150.01 real, 2535 MB, 1.03 load
[runlim] sample:		39552.16 time, 37160.01 real, 2535 MB, 1.02 load
[runlim] sample:		39562.17 time, 37170.01 real, 2535 MB, 1.02 load
[runlim] sample:		39572.18 time, 37180.01 real, 2535 MB, 1.02 load
[runlim] sample:		39582.18 time, 37190.01 real, 2535 MB, 1.01 load
[runlim] sample:		39592.18 time, 37200.01 real, 2535 MB, 1.01 load
[runlim] sample:		39602.19 time, 37210.01 real, 2535 MB, 1.01 load
[runlim] sample:		39612.20 time, 37220.01 real, 2535 MB, 1.01 load
[runlim] sample:		39622.20 time, 37230.01 real, 2520 MB, 1.01 load

NN₁: mnist_relu_3_100_gemm.onnx
NN₂: mnist_relu_3_100_0.79_adam_1_stepsize.onnx
Prop: mnist_74_global_4.vnnlib

NN₁: mnist_relu_3_100_gemm.onnx
NN₂: mnist_relu_3_100_0.79_adam_1_stepsize.onnx
Prop: mnist_74_global_5.vnnlib
[runlim] sample:		39632.18 time, 37240.01 real, 2503 MB, 1.00 load
[runlim] sample:		39642.18 time, 37250.01 real, 2503 MB, 1.00 load
[runlim] sample:		39652.18 time, 37260.01 real, 2503 MB, 1.00 load
[runlim] sample:		39662.19 time, 37270.01 real, 2503 MB, 1.00 load
[runlim] sample:		39672.20 time, 37280.01 real, 2504 MB, 1.00 load
[runlim] sample:		39682.20 time, 37290.01 real, 2511 MB, 1.00 load
[runlim] sample:		39692.20 time, 37300.01 real, 2513 MB, 1.00 load
[runlim] sample:		39702.21 time, 37310.01 real, 2514 MB, 1.00 load
[runlim] sample:		39712.11 time, 37320.01 real, 2519 MB, 1.00 load
[runlim] sample:		39722.11 time, 37330.01 real, 2522 MB, 1.00 load
[runlim] sample:		39732.11 time, 37340.01 real, 2531 MB, 1.00 load
[runlim] sample:		39742.12 time, 37350.01 real, 2533 MB, 1.00 load
[runlim] sample:		39752.12 time, 37360.01 real, 2533 MB, 1.00 load
[runlim] sample:		39762.12 time, 37370.01 real, 2537 MB, 1.00 load
[runlim] sample:		39772.13 time, 37380.01 real, 2551 MB, 1.00 load
[runlim] sample:		39782.13 time, 37390.01 real, 2553 MB, 1.00 load
[runlim] sample:		39792.13 time, 37400.01 real, 2553 MB, 1.00 load
[runlim] sample:		39802.14 time, 37410.01 real, 2562 MB, 1.00 load
[runlim] sample:		39812.14 time, 37420.02 real, 2570 MB, 1.00 load
[runlim] sample:		39822.15 time, 37430.01 real, 2570 MB, 1.00 load
[runlim] sample:		39832.16 time, 37440.01 real, 2579 MB, 1.00 load
[runlim] sample:		39842.16 time, 37450.01 real, 2585 MB, 1.00 load
[runlim] sample:		39852.16 time, 37460.01 real, 2585 MB, 1.00 load
[runlim] sample:		39862.17 time, 37470.01 real, 2597 MB, 1.00 load
[runlim] sample:		39872.18 time, 37480.01 real, 2606 MB, 1.00 load
[runlim] sample:		39882.18 time, 37490.01 real, 2606 MB, 1.00 load
[runlim] sample:		39892.19 time, 37500.01 real, 2615 MB, 1.00 load
[runlim] sample:		39902.19 time, 37510.01 real, 2615 MB, 1.15 load
[runlim] sample:		39912.19 time, 37520.01 real, 2622 MB, 1.28 load
[runlim] sample:		39922.20 time, 37530.01 real, 2653 MB, 1.24 load
[runlim] sample:		39932.21 time, 37540.01 real, 2653 MB, 1.20 load
[runlim] sample:		39942.21 time, 37550.01 real, 2670 MB, 1.17 load
[runlim] sample:		39952.21 time, 37560.01 real, 2670 MB, 1.14 load
[runlim] sample:		39962.22 time, 37570.01 real, 2677 MB, 1.12 load
[runlim] sample:		39972.22 time, 37580.01 real, 2677 MB, 1.10 load
[runlim] sample:		39982.09 time, 37590.01 real, 2685 MB, 1.09 load
[runlim] sample:		39992.09 time, 37600.01 real, 2685 MB, 1.07 load
[runlim] sample:		40002.10 time, 37610.01 real, 2695 MB, 1.06 load
[runlim] sample:		40012.10 time, 37620.01 real, 2695 MB, 1.05 load
[runlim] sample:		40022.11 time, 37630.01 real, 2704 MB, 1.04 load
[runlim] sample:		40032.11 time, 37640.01 real, 2704 MB, 1.04 load
[runlim] sample:		40042.11 time, 37650.01 real, 2718 MB, 1.03 load
[runlim] sample:		40052.12 time, 37660.01 real, 2718 MB, 1.02 load
[runlim] sample:		40062.12 time, 37670.01 real, 2725 MB, 1.02 load
[runlim] sample:		40072.12 time, 37680.01 real, 2725 MB, 1.02 load
[runlim] sample:		40082.13 time, 37690.01 real, 2733 MB, 1.01 load
[runlim] sample:		40092.13 time, 37700.01 real, 2733 MB, 1.01 load
[runlim] sample:		40102.14 time, 37710.01 real, 2747 MB, 1.01 load
[runlim] sample:		40112.14 time, 37720.01 real, 2747 MB, 1.01 load
[runlim] sample:		40122.15 time, 37730.01 real, 2747 MB, 1.01 load
[runlim] sample:		40132.16 time, 37740.01 real, 2757 MB, 1.00 load
[runlim] sample:		40142.16 time, 37750.01 real, 2757 MB, 1.00 load
[runlim] sample:		40152.16 time, 37760.01 real, 2766 MB, 1.00 load
[runlim] sample:		40162.17 time, 37770.01 real, 2766 MB, 1.00 load
[runlim] sample:		40172.17 time, 37780.02 real, 2775 MB, 1.00 load
[runlim] sample:		40182.18 time, 37790.01 real, 2775 MB, 1.00 load
[runlim] sample:		40192.18 time, 37800.01 real, 2792 MB, 1.00 load
[runlim] sample:		40202.19 time, 37810.01 real, 2791 MB, 1.00 load
[runlim] sample:		40212.20 time, 37820.01 real, 2791 MB, 1.00 load
[runlim] sample:		40222.21 time, 37830.01 real, 2800 MB, 1.00 load

NN₁: mnist_relu_3_100_gemm.onnx
NN₂: mnist_relu_3_100_0.79_adam_1_stepsize.onnx
Prop: mnist_75_global_4.vnnlib

NN₁: mnist_relu_3_100_gemm.onnx
NN₂: mnist_relu_3_100_0.79_adam_1_stepsize.onnx
Prop: mnist_75_global_5.vnnlib
[runlim] sample:		40232.19 time, 37840.01 real, 2502 MB, 1.00 load
[runlim] sample:		40242.20 time, 37850.01 real, 2502 MB, 1.00 load
[runlim] sample:		40252.06 time, 37860.01 real, 2502 MB, 1.00 load
[runlim] sample:		40262.07 time, 37870.01 real, 2502 MB, 1.00 load
[runlim] sample:		40272.07 time, 37880.01 real, 2502 MB, 1.00 load
[runlim] sample:		40282.07 time, 37890.01 real, 2502 MB, 1.00 load
[runlim] sample:		40292.07 time, 37900.01 real, 2502 MB, 1.00 load
[runlim] sample:		40302.08 time, 37910.01 real, 2502 MB, 1.00 load
[runlim] sample:		40312.09 time, 37920.01 real, 2502 MB, 1.00 load
[runlim] sample:		40322.09 time, 37930.01 real, 2502 MB, 1.00 load
[runlim] sample:		40332.10 time, 37940.01 real, 2502 MB, 1.00 load
[runlim] sample:		40342.11 time, 37950.01 real, 2502 MB, 1.00 load
[runlim] sample:		40352.11 time, 37960.01 real, 2502 MB, 1.00 load
[runlim] sample:		40362.12 time, 37970.01 real, 2502 MB, 1.00 load
[runlim] sample:		40372.13 time, 37980.01 real, 2502 MB, 1.00 load
[runlim] sample:		40382.12 time, 37990.01 real, 2502 MB, 1.00 load
[runlim] sample:		40392.14 time, 38000.01 real, 2502 MB, 1.00 load
[runlim] sample:		40402.14 time, 38010.01 real, 2502 MB, 1.15 load
[runlim] sample:		40412.14 time, 38020.01 real, 2502 MB, 1.28 load
[runlim] sample:		40422.15 time, 38030.01 real, 2502 MB, 1.24 load
[runlim] sample:		40432.16 time, 38040.01 real, 2502 MB, 1.20 load
[runlim] sample:		40442.16 time, 38050.01 real, 2502 MB, 1.17 load
[runlim] sample:		40452.16 time, 38060.01 real, 2502 MB, 1.14 load
[runlim] sample:		40462.17 time, 38070.01 real, 2502 MB, 1.12 load
[runlim] sample:		40472.17 time, 38080.01 real, 2502 MB, 1.10 load
[runlim] sample:		40482.18 time, 38090.01 real, 2502 MB, 1.09 load
[runlim] sample:		40492.18 time, 38100.01 real, 2502 MB, 1.07 load
[runlim] sample:		40502.19 time, 38110.01 real, 2502 MB, 1.06 load
[runlim] sample:		40512.19 time, 38120.01 real, 2502 MB, 1.05 load
[runlim] sample:		40522.08 time, 38130.01 real, 2502 MB, 1.04 load
[runlim] sample:		40532.07 time, 38140.01 real, 2502 MB, 1.04 load
[runlim] sample:		40542.08 time, 38150.01 real, 2502 MB, 1.03 load
[runlim] sample:		40552.09 time, 38160.01 real, 2502 MB, 1.02 load
[runlim] sample:		40562.09 time, 38170.01 real, 2502 MB, 1.02 load
[runlim] sample:		40572.09 time, 38180.01 real, 2502 MB, 1.02 load
[runlim] sample:		40582.09 time, 38190.01 real, 2502 MB, 1.01 load
[runlim] sample:		40592.10 time, 38200.01 real, 2502 MB, 1.01 load
[runlim] sample:		40602.11 time, 38210.01 real, 2502 MB, 1.01 load
[runlim] sample:		40612.11 time, 38220.01 real, 2502 MB, 1.01 load
[runlim] sample:		40622.12 time, 38230.01 real, 2502 MB, 1.01 load
[runlim] sample:		40632.13 time, 38240.01 real, 2502 MB, 1.00 load
[runlim] sample:		40642.13 time, 38250.01 real, 2502 MB, 1.00 load
[runlim] sample:		40652.13 time, 38260.01 real, 2502 MB, 1.00 load
[runlim] sample:		40662.14 time, 38270.01 real, 2502 MB, 1.00 load
[runlim] sample:		40672.14 time, 38280.01 real, 2502 MB, 1.00 load
[runlim] sample:		40682.15 time, 38290.01 real, 2502 MB, 1.00 load
[runlim] sample:		40692.15 time, 38300.01 real, 2502 MB, 1.00 load
[runlim] sample:		40702.15 time, 38310.01 real, 2502 MB, 1.00 load
[runlim] sample:		40712.16 time, 38320.01 real, 2502 MB, 1.00 load
[runlim] sample:		40722.16 time, 38330.01 real, 2502 MB, 1.00 load
[runlim] sample:		40732.16 time, 38340.01 real, 2502 MB, 1.00 load
[runlim] sample:		40742.17 time, 38350.01 real, 2502 MB, 1.00 load
[runlim] sample:		40752.18 time, 38360.01 real, 2502 MB, 1.00 load
[runlim] sample:		40762.18 time, 38370.01 real, 2502 MB, 1.00 load
[runlim] sample:		40772.19 time, 38380.01 real, 2502 MB, 1.00 load
[runlim] sample:		40782.19 time, 38390.01 real, 2502 MB, 1.00 load
[runlim] sample:		40792.05 time, 38400.01 real, 2502 MB, 1.00 load
[runlim] sample:		40802.06 time, 38410.01 real, 2502 MB, 1.00 load
[runlim] sample:		40812.06 time, 38420.01 real, 2506 MB, 1.00 load
[runlim] sample:		40822.06 time, 38430.01 real, 2510 MB, 1.08 load

NN₁: mnist_relu_3_100_gemm.onnx
NN₂: mnist_relu_3_100_0.79_adam_1_stepsize.onnx
Prop: mnist_76_global_4.vnnlib

NN₁: mnist_relu_3_100_gemm.onnx
NN₂: mnist_relu_3_100_0.79_adam_1_stepsize.onnx
Prop: mnist_76_global_5.vnnlib
[runlim] sample:		40832.03 time, 38440.01 real, 2504 MB, 1.07 load
[runlim] sample:		40842.03 time, 38450.01 real, 2503 MB, 1.06 load
[runlim] sample:		40852.04 time, 38460.01 real, 2503 MB, 1.05 load
[runlim] sample:		40862.05 time, 38470.01 real, 2503 MB, 1.04 load
[runlim] sample:		40872.05 time, 38480.01 real, 2503 MB, 1.03 load
[runlim] sample:		40882.05 time, 38490.01 real, 2507 MB, 1.03 load
[runlim] sample:		40892.06 time, 38500.01 real, 2511 MB, 1.02 load
[runlim] sample:		40902.06 time, 38510.01 real, 2517 MB, 1.17 load
[runlim] sample:		40912.07 time, 38520.01 real, 2520 MB, 1.22 load
[runlim] sample:		40922.07 time, 38530.01 real, 2525 MB, 1.19 load
[runlim] sample:		40932.07 time, 38540.01 real, 2525 MB, 1.16 load
[runlim] sample:		40942.07 time, 38550.01 real, 2531 MB, 1.13 load
[runlim] sample:		40952.07 time, 38560.01 real, 2534 MB, 1.11 load
[runlim] sample:		40962.08 time, 38570.01 real, 2534 MB, 1.09 load
[runlim] sample:		40972.08 time, 38580.01 real, 2538 MB, 1.08 load
[runlim] sample:		40982.70 time, 38590.01 real, 2535 MB, 1.07 load
[runlim] sample:		40993.16 time, 38600.01 real, 2544 MB, 1.06 load
[runlim] sample:		41003.71 time, 38610.01 real, 2544 MB, 1.05 load
[runlim] sample:		41014.70 time, 38620.01 real, 2545 MB, 1.04 load
[runlim] sample:		41024.82 time, 38630.01 real, 2544 MB, 1.03 load
[runlim] sample:		41035.57 time, 38640.01 real, 2541 MB, 1.03 load
[runlim] sample:		41045.67 time, 38650.01 real, 2544 MB, 1.02 load
[runlim] sample:		41056.19 time, 38660.01 real, 2547 MB, 1.02 load
[runlim] sample:		41066.91 time, 38670.01 real, 2560 MB, 1.02 load
[runlim] sample:		41077.28 time, 38680.01 real, 2560 MB, 1.01 load
[runlim] sample:		41088.01 time, 38690.01 real, 2562 MB, 1.01 load
[runlim] sample:		41098.22 time, 38700.01 real, 2560 MB, 1.01 load
[runlim] sample:		41109.08 time, 38710.01 real, 2560 MB, 1.01 load
[runlim] sample:		41119.31 time, 38720.01 real, 2571 MB, 1.00 load
[runlim] sample:		41129.47 time, 38730.01 real, 2575 MB, 1.00 load
[runlim] sample:		41140.00 time, 38740.01 real, 2577 MB, 1.00 load
[runlim] sample:		41150.00 time, 38750.01 real, 2581 MB, 1.00 load
[runlim] sample:		41160.55 time, 38760.01 real, 2583 MB, 1.00 load
[runlim] sample:		41170.88 time, 38770.01 real, 2581 MB, 1.00 load
[runlim] sample:		41181.09 time, 38780.01 real, 2582 MB, 1.00 load
[runlim] sample:		41191.53 time, 38790.01 real, 2580 MB, 1.00 load
[runlim] sample:		41202.45 time, 38800.01 real, 2578 MB, 1.00 load
[runlim] sample:		41212.50 time, 38810.01 real, 2583 MB, 1.00 load
[runlim] sample:		41222.94 time, 38820.01 real, 2586 MB, 1.00 load
[runlim] sample:		41233.44 time, 38830.01 real, 2586 MB, 1.00 load
[runlim] sample:		41243.92 time, 38840.01 real, 2584 MB, 1.00 load
[runlim] sample:		41254.42 time, 38850.01 real, 2586 MB, 1.00 load
[runlim] sample:		41265.35 time, 38860.01 real, 2593 MB, 1.00 load
[runlim] sample:		41275.88 time, 38870.01 real, 2591 MB, 1.00 load
[runlim] sample:		41286.51 time, 38880.01 real, 2589 MB, 1.00 load
[runlim] sample:		41297.10 time, 38890.01 real, 2592 MB, 1.00 load
[runlim] sample:		41307.60 time, 38900.01 real, 2594 MB, 1.00 load
[runlim] sample:		41318.54 time, 38910.01 real, 2599 MB, 1.00 load
[runlim] sample:		41328.89 time, 38920.01 real, 2600 MB, 1.59 load
[runlim] sample:		41339.17 time, 38930.01 real, 2602 MB, 1.50 load
[runlim] sample:		41349.21 time, 38940.01 real, 2602 MB, 1.42 load
[runlim] sample:		41359.46 time, 38950.01 real, 2605 MB, 1.36 load
[runlim] sample:		41370.15 time, 38960.01 real, 2621 MB, 1.30 load
[runlim] sample:		41380.55 time, 38970.01 real, 2623 MB, 1.25 load
[runlim] sample:		41391.46 time, 38980.01 real, 2632 MB, 1.21 load
[runlim] sample:		41401.75 time, 38990.01 real, 2632 MB, 1.26 load
[runlim] sample:		41412.14 time, 39000.01 real, 2638 MB, 1.22 load
[runlim] sample:		41422.23 time, 39010.01 real, 2638 MB, 1.34 load
[runlim] sample:		41432.81 time, 39020.01 real, 2645 MB, 1.44 load
[runlim] sample:		41443.16 time, 39030.01 real, 2644 MB, 1.37 load

NN₁: mnist_relu_3_100_gemm.onnx
NN₂: mnist_relu_3_100_0.79_adam_1_stepsize.onnx
Prop: mnist_77_global_4.vnnlib

NN₁: mnist_relu_3_100_gemm.onnx
NN₂: mnist_relu_3_100_0.79_adam_1_stepsize.onnx
Prop: mnist_77_global_5.vnnlib
[runlim] sample:		41453.15 time, 39040.01 real, 2499 MB, 1.32 load
[runlim] sample:		41463.15 time, 39050.01 real, 2501 MB, 1.27 load
[runlim] sample:		41473.15 time, 39060.01 real, 2503 MB, 1.23 load
[runlim] sample:		41483.16 time, 39070.01 real, 2506 MB, 1.19 load
[runlim] sample:		41493.16 time, 39080.01 real, 2509 MB, 1.16 load
[runlim] sample:		41503.16 time, 39090.01 real, 2509 MB, 1.14 load
[runlim] sample:		41513.16 time, 39100.01 real, 2513 MB, 1.11 load
[runlim] sample:		41523.17 time, 39110.01 real, 2518 MB, 1.10 load
[runlim] sample:		41533.17 time, 39120.01 real, 2518 MB, 1.24 load
[runlim] sample:		41543.18 time, 39130.01 real, 2522 MB, 1.20 load
[runlim] sample:		41553.17 time, 39140.01 real, 2528 MB, 1.17 load
[runlim] sample:		41563.18 time, 39150.02 real, 2528 MB, 1.15 load
[runlim] sample:		41573.18 time, 39160.01 real, 2533 MB, 1.12 load
[runlim] sample:		41583.18 time, 39170.01 real, 2539 MB, 1.10 load
[runlim] sample:		41593.19 time, 39180.01 real, 2539 MB, 1.09 load
[runlim] sample:		41603.20 time, 39190.01 real, 2545 MB, 1.07 load
[runlim] sample:		41613.20 time, 39200.01 real, 2545 MB, 1.06 load
[runlim] sample:		41623.07 time, 39210.01 real, 2551 MB, 1.05 load
[runlim] sample:		41633.07 time, 39220.01 real, 2551 MB, 1.04 load
[runlim] sample:		41643.08 time, 39230.01 real, 2557 MB, 1.04 load
[runlim] sample:		41653.07 time, 39240.01 real, 2557 MB, 1.03 load
[runlim] sample:		41663.08 time, 39250.01 real, 2563 MB, 1.02 load
[runlim] sample:		41673.08 time, 39260.01 real, 2563 MB, 1.02 load
[runlim] sample:		41683.08 time, 39270.01 real, 2571 MB, 1.02 load
[runlim] sample:		41693.09 time, 39280.01 real, 2579 MB, 1.01 load
[runlim] sample:		41703.09 time, 39290.01 real, 2579 MB, 1.01 load
[runlim] sample:		41713.10 time, 39300.01 real, 2587 MB, 1.09 load
[runlim] sample:		41723.10 time, 39310.01 real, 2587 MB, 1.16 load
[runlim] sample:		41733.10 time, 39320.01 real, 2587 MB, 1.13 load
[runlim] sample:		41743.11 time, 39330.01 real, 2596 MB, 1.11 load
[runlim] sample:		41753.11 time, 39340.01 real, 2596 MB, 1.09 load
[runlim] sample:		41763.12 time, 39350.01 real, 2605 MB, 1.08 load
[runlim] sample:		41773.12 time, 39360.01 real, 2605 MB, 1.07 load
[runlim] sample:		41783.11 time, 39370.01 real, 2614 MB, 1.06 load
[runlim] sample:		41793.12 time, 39380.01 real, 2614 MB, 1.05 load
[runlim] sample:		41803.13 time, 39390.01 real, 2623 MB, 1.04 load
[runlim] sample:		41813.13 time, 39400.01 real, 2623 MB, 1.03 load
[runlim] sample:		41823.13 time, 39410.01 real, 2623 MB, 1.03 load
[runlim] sample:		41833.13 time, 39420.01 real, 2632 MB, 1.02 load
[runlim] sample:		41843.14 time, 39430.01 real, 2632 MB, 1.02 load
[runlim] sample:		41853.14 time, 39440.01 real, 2641 MB, 1.02 load
[runlim] sample:		41863.14 time, 39450.01 real, 2641 MB, 1.01 load
[runlim] sample:		41873.14 time, 39460.01 real, 2651 MB, 1.01 load
[runlim] sample:		41883.15 time, 39470.01 real, 2651 MB, 1.01 load
[runlim] sample:		41892.99 time, 39480.01 real, 2651 MB, 1.01 load
[runlim] sample:		41902.99 time, 39490.01 real, 2662 MB, 1.00 load
[runlim] sample:		41913.00 time, 39500.01 real, 2662 MB, 1.00 load
[runlim] sample:		41923.00 time, 39510.01 real, 2662 MB, 1.16 load
[runlim] sample:		41933.01 time, 39520.01 real, 2673 MB, 1.29 load
[runlim] sample:		41943.01 time, 39530.01 real, 2673 MB, 1.24 load
[runlim] sample:		41953.01 time, 39540.01 real, 2673 MB, 1.21 load
[runlim] sample:		41963.02 time, 39550.02 real, 2685 MB, 1.17 load
[runlim] sample:		41973.02 time, 39560.01 real, 2685 MB, 1.15 load
[runlim] sample:		41983.03 time, 39570.01 real, 2698 MB, 1.12 load
[runlim] sample:		41993.02 time, 39580.02 real, 2696 MB, 1.10 load
[runlim] sample:		42003.02 time, 39590.01 real, 2696 MB, 1.09 load
[runlim] sample:		42013.03 time, 39600.01 real, 2708 MB, 1.07 load
[runlim] sample:		42023.04 time, 39610.01 real, 2708 MB, 1.06 load
[runlim] sample:		42033.04 time, 39620.01 real, 2708 MB, 1.05 load
[runlim] sample:		42043.04 time, 39630.01 real, 2721 MB, 1.04 load
[runlim] sample:		42053.04 time, 39640.01 real, 2721 MB, 1.04 load

NN₁: mnist_relu_3_100_gemm.onnx
NN₂: mnist_relu_3_100_0.79_adam_1_stepsize.onnx
Prop: mnist_78_global_4.vnnlib
[runlim] sample:		42063.04 time, 39650.01 real, 2498 MB, 1.03 load
[runlim] sample:		42073.05 time, 39660.01 real, 2498 MB, 1.02 load
[runlim] sample:		42083.05 time, 39670.01 real, 2498 MB, 1.02 load
[runlim] sample:		42093.06 time, 39680.01 real, 2498 MB, 1.09 load
[runlim] sample:		42103.06 time, 39690.01 real, 2503 MB, 1.15 load
[runlim] sample:		42113.07 time, 39700.01 real, 2508 MB, 1.13 load
[runlim] sample:		42123.08 time, 39710.01 real, 2513 MB, 1.11 load
[runlim] sample:		42133.09 time, 39720.01 real, 2523 MB, 1.09 load
[runlim] sample:		42143.08 time, 39730.01 real, 2523 MB, 1.08 load
[runlim] sample:		42153.09 time, 39740.01 real, 2531 MB, 1.06 load
[runlim] sample:		42162.97 time, 39750.01 real, 2539 MB, 1.05 load
[runlim] sample:		42172.97 time, 39760.01 real, 2550 MB, 1.04 load
[runlim] sample:		42182.97 time, 39770.01 real, 2561 MB, 1.04 load
[runlim] sample:		42192.98 time, 39780.01 real, 2570 MB, 1.03 load
[runlim] sample:		42202.99 time, 39790.01 real, 2570 MB, 1.03 load
[runlim] sample:		42212.99 time, 39800.01 real, 2582 MB, 1.02 load
[runlim] sample:		42223.00 time, 39810.01 real, 2592 MB, 1.02 load
[runlim] sample:		42233.00 time, 39820.01 real, 2592 MB, 1.01 load
[runlim] sample:		42243.00 time, 39830.01 real, 2603 MB, 1.01 load
[runlim] sample:		42253.01 time, 39840.01 real, 2638 MB, 1.01 load
[runlim] sample:		42263.01 time, 39850.01 real, 2638 MB, 1.01 load
[runlim] sample:		42273.01 time, 39860.01 real, 2652 MB, 1.01 load
[runlim] sample:		42283.02 time, 39870.01 real, 2665 MB, 1.00 load
[runlim] sample:		42293.03 time, 39880.01 real, 2665 MB, 1.00 load
[runlim] sample:		42303.04 time, 39890.01 real, 2678 MB, 1.00 load
[runlim] sample:		42313.04 time, 39900.01 real, 2690 MB, 1.00 load
[runlim] sample:		42323.05 time, 39910.01 real, 2690 MB, 1.00 load
[runlim] sample:		42333.06 time, 39920.01 real, 2704 MB, 1.00 load
[runlim] sample:		42343.05 time, 39930.01 real, 2704 MB, 1.00 load
[runlim] sample:		42353.06 time, 39940.01 real, 2717 MB, 1.00 load
[runlim] sample:		42363.07 time, 39950.01 real, 2717 MB, 1.00 load
[runlim] sample:		42373.08 time, 39960.01 real, 2730 MB, 1.00 load
[runlim] sample:		42383.08 time, 39970.01 real, 2744 MB, 1.00 load
[runlim] sample:		42393.09 time, 39980.01 real, 2744 MB, 1.00 load
[runlim] sample:		42403.09 time, 39990.01 real, 2759 MB, 1.00 load
[runlim] sample:		42413.10 time, 40000.01 real, 2759 MB, 1.00 load
[runlim] sample:		42423.11 time, 40010.01 real, 2773 MB, 1.15 load
[runlim] sample:		42432.97 time, 40020.01 real, 2773 MB, 1.28 load
[runlim] sample:		42442.98 time, 40030.01 real, 2803 MB, 1.24 load
[runlim] sample:		42452.99 time, 40040.01 real, 2803 MB, 1.20 load
[runlim] sample:		42462.99 time, 40050.01 real, 2803 MB, 1.17 load
[runlim] sample:		42473.00 time, 40060.01 real, 2842 MB, 1.14 load
[runlim] sample:		42483.00 time, 40070.01 real, 2842 MB, 1.12 load
[runlim] sample:		42493.01 time, 40080.01 real, 2881 MB, 1.10 load
[runlim] sample:		42503.02 time, 40090.01 real, 2881 MB, 1.09 load
[runlim] sample:		42513.03 time, 40100.01 real, 2917 MB, 1.07 load
[runlim] sample:		42523.03 time, 40110.01 real, 2917 MB, 1.06 load
[runlim] sample:		42533.04 time, 40120.01 real, 2952 MB, 1.05 load
[runlim] sample:		42543.05 time, 40130.01 real, 2952 MB, 1.04 load
[runlim] sample:		42553.05 time, 40140.01 real, 2952 MB, 1.04 load
[runlim] sample:		42563.05 time, 40150.01 real, 2994 MB, 1.03 load
[runlim] sample:		42573.06 time, 40160.01 real, 2994 MB, 1.02 load
[runlim] sample:		42583.07 time, 40170.01 real, 3023 MB, 1.02 load
[runlim] sample:		42593.07 time, 40180.01 real, 3023 MB, 1.02 load
[runlim] sample:		42603.08 time, 40190.01 real, 3023 MB, 1.01 load
[runlim] sample:		42613.08 time, 40200.01 real, 3061 MB, 1.01 load
[runlim] sample:		42623.09 time, 40210.01 real, 3061 MB, 1.01 load
[runlim] sample:		42633.10 time, 40220.01 real, 3104 MB, 1.01 load
[runlim] sample:		42643.10 time, 40230.01 real, 3104 MB, 1.01 load
[runlim] sample:		42653.11 time, 40240.01 real, 3104 MB, 1.00 load

NN₁: mnist_relu_3_100_gemm.onnx
NN₂: mnist_relu_3_100_0.79_adam_1_stepsize.onnx
Prop: mnist_78_global_5.vnnlib
[runlim] sample:		42663.11 time, 40250.01 real, 2512 MB, 1.00 load
[runlim] sample:		42673.12 time, 40260.01 real, 2514 MB, 1.00 load
[runlim] sample:		42683.12 time, 40270.01 real, 2518 MB, 1.00 load
[runlim] sample:		42693.12 time, 40280.01 real, 2522 MB, 1.00 load
[runlim] sample:		42702.99 time, 40290.01 real, 2522 MB, 1.00 load
[runlim] sample:		42713.00 time, 40300.02 real, 2528 MB, 1.00 load
[runlim] sample:		42723.00 time, 40310.01 real, 2533 MB, 1.00 load
[runlim] sample:		42733.01 time, 40320.01 real, 2539 MB, 1.00 load
[runlim] sample:		42743.01 time, 40330.01 real, 2539 MB, 1.00 load
[runlim] sample:		42753.01 time, 40340.01 real, 2544 MB, 1.00 load
[runlim] sample:		42763.01 time, 40350.01 real, 2550 MB, 1.00 load
[runlim] sample:		42773.02 time, 40360.01 real, 2550 MB, 1.00 load
[runlim] sample:		42783.02 time, 40370.01 real, 2557 MB, 1.00 load
[runlim] sample:		42793.02 time, 40380.01 real, 2557 MB, 1.08 load
[runlim] sample:		42803.02 time, 40390.01 real, 2563 MB, 1.07 load
[runlim] sample:		42813.03 time, 40400.01 real, 2570 MB, 1.06 load
[runlim] sample:		42823.03 time, 40410.01 real, 2570 MB, 1.05 load
[runlim] sample:		42833.03 time, 40420.01 real, 2576 MB, 1.04 load
[runlim] sample:		42843.04 time, 40430.01 real, 2576 MB, 1.03 load
[runlim] sample:		42853.04 time, 40440.01 real, 2584 MB, 1.03 load
[runlim] sample:		42863.04 time, 40450.01 real, 2584 MB, 1.02 load
[runlim] sample:		42873.05 time, 40460.01 real, 2592 MB, 1.02 load
[runlim] sample:		42883.05 time, 40470.01 real, 2592 MB, 1.02 load
[runlim] sample:		42893.06 time, 40480.01 real, 2600 MB, 1.01 load
[runlim] sample:		42903.06 time, 40490.01 real, 2600 MB, 1.01 load
[runlim] sample:		42913.06 time, 40500.01 real, 2609 MB, 1.01 load
[runlim] sample:		42923.07 time, 40510.01 real, 2609 MB, 1.16 load
[runlim] sample:		42933.07 time, 40520.01 real, 2618 MB, 1.29 load
[runlim] sample:		42943.07 time, 40530.01 real, 2618 MB, 1.25 load
[runlim] sample:		42953.08 time, 40540.01 real, 2627 MB, 1.21 load
[runlim] sample:		42963.08 time, 40550.01 real, 2627 MB, 1.17 load
[runlim] sample:		42972.80 time, 40560.01 real, 2637 MB, 1.15 load
[runlim] sample:		42982.80 time, 40570.01 real, 2637 MB, 1.12 load
[runlim] sample:		42992.81 time, 40580.01 real, 2646 MB, 1.10 load
[runlim] sample:		43002.80 time, 40590.01 real, 2646 MB, 1.09 load
[runlim] sample:		43012.81 time, 40600.01 real, 2655 MB, 1.07 load
[runlim] sample:		43022.81 time, 40610.01 real, 2655 MB, 1.06 load
[runlim] sample:		43032.81 time, 40620.01 real, 2655 MB, 1.05 load
[runlim] sample:		43042.82 time, 40630.01 real, 2667 MB, 1.04 load
[runlim] sample:		43052.82 time, 40640.01 real, 2667 MB, 1.04 load
[runlim] sample:		43062.83 time, 40650.01 real, 2679 MB, 1.03 load
[runlim] sample:		43072.83 time, 40660.01 real, 2678 MB, 1.02 load
[runlim] sample:		43082.83 time, 40670.01 real, 2678 MB, 1.02 load
[runlim] sample:		43092.83 time, 40680.01 real, 2688 MB, 1.02 load
[runlim] sample:		43102.84 time, 40690.02 real, 2688 MB, 1.01 load
[runlim] sample:		43112.84 time, 40700.01 real, 2688 MB, 1.01 load
[runlim] sample:		43122.85 time, 40710.02 real, 2700 MB, 1.01 load
[runlim] sample:		43132.84 time, 40720.01 real, 2700 MB, 1.01 load
[runlim] sample:		43142.85 time, 40730.01 real, 2713 MB, 1.01 load
[runlim] sample:		43152.86 time, 40740.01 real, 2711 MB, 1.00 load
[runlim] sample:		43162.86 time, 40750.01 real, 2711 MB, 1.00 load
[runlim] sample:		43172.86 time, 40760.01 real, 2723 MB, 1.00 load
[runlim] sample:		43182.87 time, 40770.01 real, 2722 MB, 1.00 load
[runlim] sample:		43192.87 time, 40780.01 real, 2722 MB, 1.00 load
[runlim] sample:		43202.86 time, 40790.01 real, 2734 MB, 1.00 load
[runlim] sample:		43212.87 time, 40800.01 real, 2734 MB, 1.00 load
[runlim] sample:		43222.88 time, 40810.01 real, 2734 MB, 1.00 load
[runlim] sample:		43232.87 time, 40820.01 real, 2746 MB, 1.00 load
[runlim] sample:		43242.89 time, 40830.01 real, 2746 MB, 1.00 load
[runlim] sample:		43252.77 time, 40840.01 real, 2746 MB, 1.00 load

NN₁: mnist_relu_3_100_gemm.onnx
NN₂: mnist_relu_3_100_0.79_adam_1_stepsize.onnx
Prop: mnist_79_global_4.vnnlib

NN₁: mnist_relu_3_100_gemm.onnx
NN₂: mnist_relu_3_100_0.79_adam_1_stepsize.onnx
Prop: mnist_79_global_5.vnnlib

NN₁: mnist_relu_3_100_gemm.onnx
NN₂: mnist_relu_3_100_0.79_adam_1_stepsize.onnx
Prop: mnist_80_global_4.vnnlib

NN₁: mnist_relu_3_100_gemm.onnx
NN₂: mnist_relu_3_100_0.79_adam_1_stepsize.onnx
Prop: mnist_80_global_5.vnnlib
[runlim] sample:		43262.76 time, 40850.01 real, 2512 MB, 1.00 load
[runlim] sample:		43272.77 time, 40860.01 real, 2512 MB, 1.00 load
[runlim] sample:		43282.78 time, 40870.01 real, 2512 MB, 1.00 load
[runlim] sample:		43292.78 time, 40880.01 real, 2512 MB, 1.00 load
[runlim] sample:		43302.79 time, 40890.01 real, 2512 MB, 1.00 load
[runlim] sample:		43312.80 time, 40900.01 real, 2512 MB, 1.00 load
[runlim] sample:		43322.80 time, 40910.01 real, 2512 MB, 1.00 load
[runlim] sample:		43332.82 time, 40920.01 real, 2512 MB, 1.00 load

NN₁: mnist_relu_3_100_gemm.onnx
NN₂: mnist_relu_3_100_0.79_adam_1_stepsize.onnx
Prop: mnist_81_global_4.vnnlib

NN₁: mnist_relu_3_100_gemm.onnx
NN₂: mnist_relu_3_100_0.79_adam_1_stepsize.onnx
Prop: mnist_81_global_5.vnnlib
[runlim] sample:		43342.81 time, 40930.01 real, 2513 MB, 1.00 load
[runlim] sample:		43352.82 time, 40940.01 real, 2515 MB, 1.00 load
[runlim] sample:		43362.81 time, 40950.01 real, 2519 MB, 1.00 load
[runlim] sample:		43372.82 time, 40960.01 real, 2519 MB, 1.00 load
[runlim] sample:		43382.83 time, 40970.01 real, 2522 MB, 1.00 load
[runlim] sample:		43392.83 time, 40980.01 real, 2527 MB, 1.00 load
[runlim] sample:		43402.83 time, 40990.01 real, 2532 MB, 1.00 load
[runlim] sample:		43412.83 time, 41000.01 real, 2532 MB, 1.00 load
[runlim] sample:		43422.83 time, 41010.01 real, 2536 MB, 1.15 load
[runlim] sample:		43432.84 time, 41020.02 real, 2540 MB, 1.28 load
[runlim] sample:		43442.84 time, 41030.01 real, 2540 MB, 1.24 load
[runlim] sample:		43452.84 time, 41040.01 real, 2544 MB, 1.20 load
[runlim] sample:		43462.85 time, 41050.01 real, 2550 MB, 1.17 load
[runlim] sample:		43472.85 time, 41060.01 real, 2550 MB, 1.14 load
[runlim] sample:		43482.85 time, 41070.01 real, 2556 MB, 1.12 load
[runlim] sample:		43492.86 time, 41080.01 real, 2556 MB, 1.10 load
[runlim] sample:		43502.85 time, 41090.01 real, 2560 MB, 1.09 load
[runlim] sample:		43512.86 time, 41100.01 real, 2564 MB, 1.07 load
[runlim] sample:		43522.70 time, 41110.01 real, 2564 MB, 1.06 load
[runlim] sample:		43532.70 time, 41120.01 real, 2574 MB, 1.05 load
[runlim] sample:		43542.71 time, 41130.01 real, 2574 MB, 1.04 load
[runlim] sample:		43552.71 time, 41140.01 real, 2583 MB, 1.04 load
[runlim] sample:		43562.72 time, 41150.01 real, 2583 MB, 1.03 load
[runlim] sample:		43572.71 time, 41160.01 real, 2590 MB, 1.02 load
[runlim] sample:		43582.72 time, 41170.01 real, 2590 MB, 1.02 load
[runlim] sample:		43592.72 time, 41180.01 real, 2597 MB, 1.02 load
[runlim] sample:		43602.72 time, 41190.01 real, 2604 MB, 1.01 load
[runlim] sample:		43612.72 time, 41200.01 real, 2604 MB, 1.01 load
[runlim] sample:		43622.73 time, 41210.01 real, 2614 MB, 1.01 load
[runlim] sample:		43632.73 time, 41220.01 real, 2614 MB, 1.01 load
[runlim] sample:		43642.73 time, 41230.01 real, 2622 MB, 1.01 load
[runlim] sample:		43652.74 time, 41240.01 real, 2622 MB, 1.00 load
[runlim] sample:		43662.74 time, 41250.01 real, 2622 MB, 1.00 load
[runlim] sample:		43672.75 time, 41260.01 real, 2630 MB, 1.00 load
[runlim] sample:		43682.75 time, 41270.01 real, 2630 MB, 1.00 load
[runlim] sample:		43692.75 time, 41280.01 real, 2640 MB, 1.00 load
[runlim] sample:		43702.75 time, 41290.01 real, 2640 MB, 1.00 load
[runlim] sample:		43712.76 time, 41300.01 real, 2649 MB, 1.00 load
[runlim] sample:		43722.76 time, 41310.01 real, 2649 MB, 1.00 load
[runlim] sample:		43732.77 time, 41320.01 real, 2655 MB, 1.00 load
[runlim] sample:		43742.77 time, 41330.01 real, 2655 MB, 1.00 load
[runlim] sample:		43752.77 time, 41340.01 real, 2674 MB, 1.00 load
[runlim] sample:		43762.78 time, 41350.01 real, 2673 MB, 1.00 load
[runlim] sample:		43772.78 time, 41360.01 real, 2673 MB, 1.00 load
[runlim] sample:		43782.78 time, 41370.01 real, 2684 MB, 1.00 load
[runlim] sample:		43792.66 time, 41380.01 real, 2684 MB, 1.00 load
[runlim] sample:		43802.67 time, 41390.01 real, 2695 MB, 1.00 load
[runlim] sample:		43812.67 time, 41400.01 real, 2695 MB, 1.00 load
[runlim] sample:		43822.67 time, 41410.02 real, 2715 MB, 1.00 load
[runlim] sample:		43832.68 time, 41420.01 real, 2706 MB, 1.00 load
[runlim] sample:		43842.68 time, 41430.01 real, 2706 MB, 1.00 load
[runlim] sample:		43852.68 time, 41440.01 real, 2717 MB, 1.00 load
[runlim] sample:		43862.68 time, 41450.01 real, 2717 MB, 1.00 load
[runlim] sample:		43872.69 time, 41460.01 real, 2717 MB, 1.00 load
[runlim] sample:		43882.69 time, 41470.01 real, 2729 MB, 1.00 load
[runlim] sample:		43892.70 time, 41480.01 real, 2729 MB, 1.00 load
[runlim] sample:		43902.70 time, 41490.01 real, 2739 MB, 1.00 load
[runlim] sample:		43912.70 time, 41500.01 real, 2739 MB, 1.00 load
[runlim] sample:		43922.70 time, 41510.01 real, 2739 MB, 1.15 load
[runlim] sample:		43932.70 time, 41520.01 real, 2750 MB, 1.28 load

NN₁: mnist_relu_3_100_gemm.onnx
NN₂: mnist_relu_3_100_0.79_adam_1_stepsize.onnx
Prop: mnist_82_global_4.vnnlib

NN₁: mnist_relu_3_100_gemm.onnx
NN₂: mnist_relu_3_100_0.79_adam_1_stepsize.onnx
Prop: mnist_82_global_5.vnnlib

NN₁: mnist_relu_3_100_gemm.onnx
NN₂: mnist_relu_3_100_0.79_adam_1_stepsize.onnx
Prop: mnist_83_global_4.vnnlib

NN₁: mnist_relu_3_100_gemm.onnx
NN₂: mnist_relu_3_100_0.79_adam_1_stepsize.onnx
Prop: mnist_83_global_5.vnnlib
[runlim] sample:		43942.69 time, 41530.01 real, 2497 MB, 1.24 load
[runlim] sample:		43952.70 time, 41540.01 real, 2497 MB, 1.20 load
[runlim] sample:		43962.71 time, 41550.01 real, 2497 MB, 1.17 load
[runlim] sample:		43972.72 time, 41560.01 real, 2497 MB, 1.14 load
[runlim] sample:		43982.72 time, 41570.01 real, 2497 MB, 1.12 load
[runlim] sample:		43992.72 time, 41580.01 real, 2501 MB, 1.10 load
[runlim] sample:		44002.73 time, 41590.01 real, 2504 MB, 1.09 load
[runlim] sample:		44012.74 time, 41600.01 real, 2504 MB, 1.07 load
[runlim] sample:		44022.74 time, 41610.01 real, 2509 MB, 1.06 load
[runlim] sample:		44032.75 time, 41620.01 real, 2509 MB, 1.05 load
[runlim] sample:		44042.76 time, 41630.01 real, 2509 MB, 1.04 load
[runlim] sample:		44052.76 time, 41640.01 real, 2509 MB, 1.04 load
[runlim] sample:		44062.61 time, 41650.01 real, 2509 MB, 1.03 load
[runlim] sample:		44072.62 time, 41660.01 real, 2510 MB, 1.02 load
[runlim] sample:		44082.63 time, 41670.01 real, 2512 MB, 1.02 load
[runlim] sample:		44092.63 time, 41680.01 real, 2515 MB, 1.02 load
[runlim] sample:		44102.63 time, 41690.01 real, 2518 MB, 1.01 load
[runlim] sample:		44112.64 time, 41700.01 real, 2524 MB, 1.01 load
[runlim] sample:		44122.64 time, 41710.01 real, 2524 MB, 1.01 load
[runlim] sample:		44132.65 time, 41720.01 real, 2529 MB, 1.01 load
[runlim] sample:		44142.65 time, 41730.01 real, 2533 MB, 1.01 load
[runlim] sample:		44152.66 time, 41740.01 real, 2537 MB, 1.00 load
[runlim] sample:		44162.66 time, 41750.01 real, 2537 MB, 1.00 load
[runlim] sample:		44172.67 time, 41760.01 real, 2541 MB, 1.00 load
[runlim] sample:		44182.68 time, 41770.01 real, 2543 MB, 1.00 load
[runlim] sample:		44192.68 time, 41780.01 real, 2545 MB, 1.00 load
[runlim] sample:		44202.69 time, 41790.01 real, 2545 MB, 1.00 load
[runlim] sample:		44212.69 time, 41800.01 real, 2548 MB, 1.00 load
[runlim] sample:		44222.69 time, 41810.01 real, 2550 MB, 1.00 load
[runlim] sample:		44232.70 time, 41820.01 real, 2553 MB, 1.00 load
[runlim] sample:		44242.70 time, 41830.01 real, 2554 MB, 1.00 load
[runlim] sample:		44252.71 time, 41840.01 real, 2556 MB, 1.00 load
[runlim] sample:		44262.71 time, 41850.01 real, 2559 MB, 1.00 load
[runlim] sample:		44272.72 time, 41860.01 real, 2559 MB, 1.00 load
[runlim] sample:		44282.72 time, 41870.01 real, 2562 MB, 1.00 load
[runlim] sample:		44292.74 time, 41880.01 real, 2564 MB, 1.00 load
[runlim] sample:		44302.74 time, 41890.02 real, 2564 MB, 1.00 load
[runlim] sample:		44312.75 time, 41900.01 real, 2565 MB, 1.00 load
[runlim] sample:		44322.75 time, 41910.01 real, 2567 MB, 1.00 load
[runlim] sample:		44332.63 time, 41920.01 real, 2567 MB, 1.07 load
[runlim] sample:		44342.63 time, 41930.01 real, 2568 MB, 1.06 load
[runlim] sample:		44352.63 time, 41940.01 real, 2569 MB, 1.05 load
[runlim] sample:		44362.63 time, 41950.01 real, 2569 MB, 1.04 load
[runlim] sample:		44372.63 time, 41960.01 real, 2571 MB, 1.04 load
[runlim] sample:		44382.64 time, 41970.01 real, 2573 MB, 1.03 load
[runlim] sample:		44392.65 time, 41980.01 real, 2573 MB, 1.02 load
[runlim] sample:		44402.64 time, 41990.01 real, 2576 MB, 1.02 load
[runlim] sample:		44412.65 time, 42000.01 real, 2579 MB, 1.02 load
[runlim] sample:		44422.67 time, 42010.01 real, 2579 MB, 1.17 load
[runlim] sample:		44432.66 time, 42020.01 real, 2582 MB, 1.30 load
[runlim] sample:		44442.67 time, 42030.01 real, 2582 MB, 1.25 load
[runlim] sample:		44452.68 time, 42040.01 real, 2584 MB, 1.21 load
[runlim] sample:		44462.68 time, 42050.01 real, 2587 MB, 1.18 load
[runlim] sample:		44472.68 time, 42060.01 real, 2587 MB, 1.15 load
[runlim] sample:		44482.68 time, 42070.01 real, 2590 MB, 1.13 load
[runlim] sample:		44492.69 time, 42080.01 real, 2593 MB, 1.18 load
[runlim] sample:		44502.69 time, 42090.01 real, 2593 MB, 1.15 load
[runlim] sample:		44512.70 time, 42100.01 real, 2597 MB, 1.13 load
[runlim] sample:		44522.70 time, 42110.01 real, 2597 MB, 1.11 load
[runlim] sample:		44532.70 time, 42120.01 real, 2600 MB, 1.09 load

NN₁: mnist_relu_3_100_gemm.onnx
NN₂: mnist_relu_3_100_0.79_adam_1_stepsize.onnx
Prop: mnist_84_global_4.vnnlib
[runlim] sample:		44542.69 time, 42130.01 real, 2493 MB, 1.08 load
[runlim] sample:		44552.69 time, 42140.01 real, 2493 MB, 1.06 load
[runlim] sample:		44562.70 time, 42150.01 real, 2493 MB, 1.05 load
[runlim] sample:		44572.70 time, 42160.01 real, 2493 MB, 1.05 load
[runlim] sample:		44582.70 time, 42170.01 real, 2493 MB, 1.04 load
[runlim] sample:		44592.71 time, 42180.01 real, 2495 MB, 1.03 load
[runlim] sample:		44602.72 time, 42190.01 real, 2502 MB, 1.03 load
[runlim] sample:		44612.72 time, 42200.01 real, 2509 MB, 1.02 load
[runlim] sample:		44622.72 time, 42210.01 real, 2516 MB, 1.02 load
[runlim] sample:		44632.73 time, 42220.01 real, 2522 MB, 1.02 load
[runlim] sample:		44642.73 time, 42230.01 real, 2530 MB, 1.01 load
[runlim] sample:		44652.73 time, 42240.01 real, 2536 MB, 1.01 load
[runlim] sample:		44662.74 time, 42250.01 real, 2536 MB, 1.01 load
[runlim] sample:		44672.74 time, 42260.01 real, 2544 MB, 1.01 load
[runlim] sample:		44682.74 time, 42270.01 real, 2552 MB, 1.00 load
[runlim] sample:		44692.75 time, 42280.01 real, 2559 MB, 1.00 load
[runlim] sample:		44702.75 time, 42290.01 real, 2559 MB, 1.00 load
[runlim] sample:		44712.76 time, 42300.01 real, 2566 MB, 1.00 load
[runlim] sample:		44722.76 time, 42310.01 real, 2572 MB, 1.00 load
[runlim] sample:		44732.76 time, 42320.01 real, 2572 MB, 1.00 load
[runlim] sample:		44742.77 time, 42330.01 real, 2579 MB, 1.00 load
[runlim] sample:		44752.77 time, 42340.01 real, 2583 MB, 1.00 load
[runlim] sample:		44762.78 time, 42350.01 real, 2583 MB, 1.00 load
[runlim] sample:		44772.78 time, 42360.01 real, 2589 MB, 1.00 load
[runlim] sample:		44782.79 time, 42370.01 real, 2594 MB, 1.00 load
[runlim] sample:		44792.79 time, 42380.01 real, 2594 MB, 1.00 load
[runlim] sample:		44802.80 time, 42390.01 real, 2599 MB, 1.00 load
[runlim] sample:		44812.80 time, 42400.01 real, 2603 MB, 1.00 load
[runlim] sample:		44822.80 time, 42410.01 real, 2603 MB, 1.00 load
[runlim] sample:		44832.81 time, 42420.01 real, 2608 MB, 1.00 load
[runlim] sample:		44842.81 time, 42430.01 real, 2608 MB, 1.00 load
[runlim] sample:		44852.82 time, 42440.01 real, 2631 MB, 1.00 load
[runlim] sample:		44862.83 time, 42450.01 real, 2634 MB, 1.00 load
[runlim] sample:		44872.69 time, 42460.02 real, 2634 MB, 1.00 load
[runlim] sample:		44882.71 time, 42470.01 real, 2636 MB, 1.00 load
[runlim] sample:		44892.71 time, 42480.01 real, 2636 MB, 1.00 load
[runlim] sample:		44902.71 time, 42490.01 real, 2642 MB, 1.00 load
[runlim] sample:		44912.72 time, 42500.01 real, 2645 MB, 1.00 load
[runlim] sample:		44922.73 time, 42510.01 real, 2645 MB, 1.15 load
[runlim] sample:		44932.73 time, 42520.01 real, 2646 MB, 1.28 load
[runlim] sample:		44942.73 time, 42530.01 real, 2646 MB, 1.24 load
[runlim] sample:		44952.74 time, 42540.01 real, 2651 MB, 1.20 load
[runlim] sample:		44962.74 time, 42550.01 real, 2651 MB, 1.17 load
[runlim] sample:		44972.75 time, 42560.01 real, 2651 MB, 1.14 load
[runlim] sample:		44982.75 time, 42570.01 real, 2651 MB, 1.12 load
[runlim] sample:		44992.76 time, 42580.01 real, 2655 MB, 1.10 load
[runlim] sample:		45002.76 time, 42590.01 real, 2655 MB, 1.09 load
[runlim] sample:		45012.77 time, 42600.01 real, 2655 MB, 1.07 load
[runlim] sample:		45022.77 time, 42610.01 real, 2655 MB, 1.06 load
[runlim] sample:		45032.78 time, 42620.01 real, 2655 MB, 1.05 load
[runlim] sample:		45042.78 time, 42630.01 real, 2657 MB, 1.04 load
[runlim] sample:		45052.78 time, 42640.01 real, 2657 MB, 1.04 load
[runlim] sample:		45062.79 time, 42650.01 real, 2658 MB, 1.03 load
[runlim] sample:		45072.79 time, 42660.01 real, 2658 MB, 1.02 load
[runlim] sample:		45082.80 time, 42670.01 real, 2660 MB, 1.02 load
[runlim] sample:		45092.80 time, 42680.01 real, 2660 MB, 1.02 load
[runlim] sample:		45102.81 time, 42690.01 real, 2660 MB, 1.01 load
[runlim] sample:		45112.81 time, 42700.01 real, 2660 MB, 1.01 load
[runlim] sample:		45122.81 time, 42710.01 real, 2662 MB, 1.01 load
[runlim] sample:		45132.82 time, 42720.01 real, 2662 MB, 1.01 load
[runlim] sample:		45142.68 time, 42730.01 real, 2491 MB, 1.01 load

NN₁: mnist_relu_3_100_gemm.onnx
NN₂: mnist_relu_3_100_0.79_adam_1_stepsize.onnx
Prop: mnist_84_global_5.vnnlib
[runlim] sample:		45152.68 time, 42740.01 real, 2493 MB, 1.00 load
[runlim] sample:		45162.69 time, 42750.01 real, 2495 MB, 1.00 load
[runlim] sample:		45172.69 time, 42760.01 real, 2500 MB, 1.00 load
[runlim] sample:		45182.69 time, 42770.01 real, 2504 MB, 1.00 load
[runlim] sample:		45192.70 time, 42780.01 real, 2504 MB, 1.00 load
[runlim] sample:		45202.70 time, 42790.01 real, 2509 MB, 1.00 load
[runlim] sample:		45212.70 time, 42800.01 real, 2513 MB, 1.00 load
[runlim] sample:		45222.70 time, 42810.01 real, 2513 MB, 1.00 load
[runlim] sample:		45232.70 time, 42820.01 real, 2517 MB, 1.00 load
[runlim] sample:		45242.70 time, 42830.01 real, 2517 MB, 1.00 load
[runlim] sample:		45252.71 time, 42840.01 real, 2522 MB, 1.00 load
[runlim] sample:		45262.71 time, 42850.01 real, 2527 MB, 1.00 load
[runlim] sample:		45272.71 time, 42860.01 real, 2527 MB, 1.00 load
[runlim] sample:		45282.71 time, 42870.01 real, 2532 MB, 1.00 load
[runlim] sample:		45292.72 time, 42880.01 real, 2532 MB, 1.00 load
[runlim] sample:		45302.72 time, 42890.01 real, 2537 MB, 1.00 load
[runlim] sample:		45312.72 time, 42900.01 real, 2537 MB, 1.00 load
[runlim] sample:		45322.73 time, 42910.02 real, 2542 MB, 1.00 load
[runlim] sample:		45332.72 time, 42920.01 real, 2547 MB, 1.00 load
[runlim] sample:		45342.73 time, 42930.01 real, 2547 MB, 1.00 load
[runlim] sample:		45352.73 time, 42940.02 real, 2553 MB, 1.00 load
[runlim] sample:		45362.74 time, 42950.01 real, 2553 MB, 1.00 load
[runlim] sample:		45372.73 time, 42960.01 real, 2559 MB, 1.00 load
[runlim] sample:		45382.74 time, 42970.01 real, 2559 MB, 1.00 load
[runlim] sample:		45392.74 time, 42980.01 real, 2567 MB, 1.00 load
[runlim] sample:		45402.74 time, 42990.01 real, 2567 MB, 1.00 load
[runlim] sample:		45412.60 time, 43000.01 real, 2567 MB, 1.00 load
[runlim] sample:		45422.60 time, 43010.01 real, 2575 MB, 1.15 load
[runlim] sample:		45432.60 time, 43020.01 real, 2575 MB, 1.28 load
[runlim] sample:		45442.61 time, 43030.01 real, 2582 MB, 1.24 load
[runlim] sample:		45452.60 time, 43040.01 real, 2582 MB, 1.20 load
[runlim] sample:		45462.60 time, 43050.01 real, 2591 MB, 1.17 load
[runlim] sample:		45472.61 time, 43060.01 real, 2591 MB, 1.14 load
[runlim] sample:		45482.61 time, 43070.01 real, 2599 MB, 1.12 load
[runlim] sample:		45492.62 time, 43080.01 real, 2599 MB, 1.10 load
[runlim] sample:		45502.61 time, 43090.01 real, 2599 MB, 1.09 load
[runlim] sample:		45512.62 time, 43100.01 real, 2607 MB, 1.07 load
[runlim] sample:		45522.62 time, 43110.01 real, 2607 MB, 1.06 load
[runlim] sample:		45532.63 time, 43120.01 real, 2617 MB, 1.05 load
[runlim] sample:		45542.63 time, 43130.01 real, 2617 MB, 1.04 load
[runlim] sample:		45552.63 time, 43140.01 real, 2617 MB, 1.04 load
[runlim] sample:		45562.63 time, 43150.01 real, 2626 MB, 1.03 load
[runlim] sample:		45572.63 time, 43160.01 real, 2626 MB, 1.02 load
[runlim] sample:		45582.64 time, 43170.01 real, 2634 MB, 1.02 load
[runlim] sample:		45592.64 time, 43180.01 real, 2634 MB, 1.02 load
[runlim] sample:		45602.64 time, 43190.01 real, 2634 MB, 1.01 load
[runlim] sample:		45612.65 time, 43200.01 real, 2643 MB, 1.01 load
[runlim] sample:		45622.65 time, 43210.01 real, 2643 MB, 1.01 load
[runlim] sample:		45632.65 time, 43220.01 real, 2649 MB, 1.01 load
[runlim] sample:		45642.65 time, 43230.01 real, 2654 MB, 1.09 load
[runlim] sample:		45652.66 time, 43240.01 real, 2654 MB, 1.07 load
[runlim] sample:		45662.66 time, 43250.01 real, 2714 MB, 1.06 load
[runlim] sample:		45672.66 time, 43260.01 real, 2665 MB, 1.05 load
[runlim] sample:		45682.52 time, 43270.01 real, 2665 MB, 0.97 load
[runlim] sample:		45692.52 time, 43280.01 real, 2675 MB, 0.97 load
[runlim] sample:		45702.53 time, 43290.01 real, 2673 MB, 0.98 load
[runlim] sample:		45712.52 time, 43300.01 real, 2673 MB, 0.98 load
[runlim] sample:		45722.53 time, 43310.01 real, 2697 MB, 0.99 load
[runlim] sample:		45732.54 time, 43320.01 real, 2684 MB, 0.99 load
[runlim] sample:		45742.54 time, 43330.01 real, 2684 MB, 0.99 load

NN₁: mnist_relu_3_100_gemm.onnx
NN₂: mnist_relu_3_100_0.79_adam_1_stepsize.onnx
Prop: mnist_85_global_4.vnnlib

NN₁: mnist_relu_3_100_gemm.onnx
NN₂: mnist_relu_3_100_0.79_adam_1_stepsize.onnx
Prop: mnist_85_global_5.vnnlib

NN₁: mnist_relu_3_100_gemm.onnx
NN₂: mnist_relu_3_100_0.79_adam_1_stepsize.onnx
Prop: mnist_86_global_4.vnnlib

NN₁: mnist_relu_3_100_gemm.onnx
NN₂: mnist_relu_3_100_0.79_adam_1_stepsize.onnx
Prop: mnist_86_global_5.vnnlib

NN₁: mnist_relu_3_100_gemm.onnx
NN₂: mnist_relu_3_100_0.79_adam_1_stepsize.onnx
Prop: mnist_87_global_4.vnnlib

NN₁: mnist_relu_3_100_gemm.onnx
NN₂: mnist_relu_3_100_0.79_adam_1_stepsize.onnx
Prop: mnist_87_global_5.vnnlib
[runlim] sample:		45752.48 time, 43340.01 real, 2496 MB, 0.99 load
[runlim] sample:		45762.48 time, 43350.01 real, 2496 MB, 0.99 load
[runlim] sample:		45772.49 time, 43360.01 real, 2496 MB, 1.00 load
[runlim] sample:		45782.49 time, 43370.01 real, 2496 MB, 1.00 load
[runlim] sample:		45792.49 time, 43380.01 real, 2496 MB, 1.00 load
[runlim] sample:		45802.50 time, 43390.01 real, 2496 MB, 1.00 load
[runlim] sample:		45812.51 time, 43400.01 real, 2496 MB, 1.00 load
[runlim] sample:		45822.50 time, 43410.01 real, 2496 MB, 1.00 load

NN₁: mnist_relu_3_100_gemm.onnx
NN₂: mnist_relu_3_100_0.79_adam_1_stepsize.onnx
Prop: mnist_88_global_4.vnnlib

NN₁: mnist_relu_3_100_gemm.onnx
NN₂: mnist_relu_3_100_0.79_adam_1_stepsize.onnx
Prop: mnist_88_global_5.vnnlib
[runlim] sample:		45832.51 time, 43420.01 real, 2496 MB, 1.00 load
[runlim] sample:		45842.51 time, 43430.01 real, 2496 MB, 1.00 load
[runlim] sample:		45852.51 time, 43440.01 real, 2496 MB, 1.00 load
[runlim] sample:		45862.53 time, 43450.01 real, 2496 MB, 1.00 load
[runlim] sample:		45872.53 time, 43460.01 real, 2496 MB, 1.00 load
[runlim] sample:		45882.54 time, 43470.01 real, 2496 MB, 1.00 load
[runlim] sample:		45892.55 time, 43480.01 real, 2496 MB, 1.00 load
[runlim] sample:		45902.54 time, 43490.01 real, 2496 MB, 1.00 load
[runlim] sample:		45912.55 time, 43500.01 real, 2496 MB, 1.00 load
[runlim] sample:		45922.55 time, 43510.01 real, 2496 MB, 1.15 load
[runlim] sample:		45932.56 time, 43520.01 real, 2496 MB, 1.28 load
[runlim] sample:		45942.57 time, 43530.01 real, 2496 MB, 1.24 load
[runlim] sample:		45952.35 time, 43540.01 real, 2496 MB, 1.20 load
[runlim] sample:		45962.35 time, 43550.01 real, 2496 MB, 1.17 load
[runlim] sample:		45972.36 time, 43560.01 real, 2496 MB, 1.14 load
[runlim] sample:		45982.36 time, 43570.01 real, 2496 MB, 1.12 load
[runlim] sample:		45992.37 time, 43580.01 real, 2496 MB, 1.10 load
[runlim] sample:		46002.37 time, 43590.01 real, 2496 MB, 1.09 load
[runlim] sample:		46012.38 time, 43600.01 real, 2496 MB, 1.07 load
[runlim] sample:		46022.39 time, 43610.01 real, 2496 MB, 1.06 load
[runlim] sample:		46032.39 time, 43620.01 real, 2496 MB, 1.05 load
[runlim] sample:		46042.40 time, 43630.01 real, 2496 MB, 1.04 load
[runlim] sample:		46052.40 time, 43640.01 real, 2496 MB, 1.04 load
[runlim] sample:		46062.40 time, 43650.01 real, 2496 MB, 1.03 load
[runlim] sample:		46072.41 time, 43660.01 real, 2496 MB, 1.02 load
[runlim] sample:		46082.42 time, 43670.01 real, 2496 MB, 1.02 load
[runlim] sample:		46092.43 time, 43680.01 real, 2496 MB, 1.02 load
[runlim] sample:		46102.43 time, 43690.01 real, 2496 MB, 1.01 load
[runlim] sample:		46112.44 time, 43700.01 real, 2496 MB, 1.01 load
[runlim] sample:		46122.44 time, 43710.01 real, 2496 MB, 1.01 load
[runlim] sample:		46132.45 time, 43720.01 real, 2496 MB, 1.01 load
[runlim] sample:		46142.46 time, 43730.01 real, 2496 MB, 1.01 load
[runlim] sample:		46152.46 time, 43740.01 real, 2496 MB, 1.00 load
[runlim] sample:		46162.47 time, 43750.01 real, 2496 MB, 1.00 load
[runlim] sample:		46172.47 time, 43760.01 real, 2496 MB, 1.00 load
[runlim] sample:		46182.48 time, 43770.01 real, 2496 MB, 1.00 load
[runlim] sample:		46192.49 time, 43780.01 real, 2496 MB, 1.00 load
[runlim] sample:		46202.49 time, 43790.01 real, 2496 MB, 1.00 load
[runlim] sample:		46212.50 time, 43800.01 real, 2496 MB, 1.08 load
[runlim] sample:		46222.33 time, 43810.01 real, 2496 MB, 1.07 load
[runlim] sample:		46232.33 time, 43820.01 real, 2496 MB, 1.14 load
[runlim] sample:		46242.34 time, 43830.01 real, 2496 MB, 1.12 load
[runlim] sample:		46252.35 time, 43840.01 real, 2496 MB, 1.10 load
[runlim] sample:		46262.35 time, 43850.01 real, 2496 MB, 1.08 load
[runlim] sample:		46272.36 time, 43860.01 real, 2496 MB, 1.07 load
[runlim] sample:		46282.36 time, 43870.01 real, 2496 MB, 1.06 load
[runlim] sample:		46292.37 time, 43880.01 real, 2496 MB, 1.05 load
[runlim] sample:		46302.37 time, 43890.01 real, 2496 MB, 1.04 load
[runlim] sample:		46312.37 time, 43900.01 real, 2496 MB, 1.03 load
[runlim] sample:		46322.38 time, 43910.01 real, 2496 MB, 1.03 load
[runlim] sample:		46332.38 time, 43920.01 real, 2496 MB, 1.02 load
[runlim] sample:		46342.39 time, 43930.01 real, 2496 MB, 1.02 load
[runlim] sample:		46352.40 time, 43940.01 real, 2496 MB, 1.02 load
[runlim] sample:		46362.40 time, 43950.01 real, 2496 MB, 1.01 load
[runlim] sample:		46372.41 time, 43960.01 real, 2496 MB, 1.01 load
[runlim] sample:		46382.41 time, 43970.01 real, 2496 MB, 1.01 load
[runlim] sample:		46392.42 time, 43980.01 real, 2496 MB, 1.01 load
[runlim] sample:		46402.42 time, 43990.01 real, 2496 MB, 1.00 load
[runlim] sample:		46412.43 time, 44000.01 real, 2496 MB, 1.00 load
[runlim] sample:		46422.44 time, 44010.01 real, 2496 MB, 1.16 load

NN₁: mnist_relu_3_100_gemm.onnx
NN₂: mnist_relu_3_100_0.79_adam_1_stepsize.onnx
Prop: mnist_89_global_4.vnnlib

NN₁: mnist_relu_3_100_gemm.onnx
NN₂: mnist_relu_3_100_0.79_adam_1_stepsize.onnx
Prop: mnist_89_global_5.vnnlib
[runlim] sample:		46432.43 time, 44020.01 real, 2498 MB, 1.29 load
[runlim] sample:		46442.43 time, 44030.01 real, 2499 MB, 1.24 load
[runlim] sample:		46452.44 time, 44040.01 real, 2498 MB, 1.21 load
[runlim] sample:		46462.44 time, 44050.01 real, 2503 MB, 1.17 load
[runlim] sample:		46472.44 time, 44060.01 real, 2507 MB, 1.23 load
[runlim] sample:		46482.45 time, 44070.01 real, 2512 MB, 1.27 load
[runlim] sample:		46492.31 time, 44080.01 real, 2512 MB, 1.23 load
[runlim] sample:		46502.31 time, 44090.01 real, 2515 MB, 1.19 load
[runlim] sample:		46512.31 time, 44100.01 real, 2520 MB, 1.16 load
[runlim] sample:		46522.32 time, 44110.01 real, 2520 MB, 1.14 load
[runlim] sample:		46532.32 time, 44120.01 real, 2527 MB, 1.12 load
[runlim] sample:		46542.32 time, 44130.01 real, 2532 MB, 1.10 load
[runlim] sample:		46552.33 time, 44140.01 real, 2532 MB, 1.08 load
[runlim] sample:		46562.33 time, 44150.01 real, 2537 MB, 1.07 load
[runlim] sample:		46572.33 time, 44160.01 real, 2544 MB, 1.06 load
[runlim] sample:		46582.34 time, 44170.01 real, 2544 MB, 1.05 load
[runlim] sample:		46592.34 time, 44180.01 real, 2553 MB, 1.04 load
[runlim] sample:		46602.34 time, 44190.01 real, 2560 MB, 1.03 load
[runlim] sample:		46612.34 time, 44200.01 real, 2560 MB, 1.03 load
[runlim] sample:		46622.34 time, 44210.01 real, 2569 MB, 1.02 load
[runlim] sample:		46632.35 time, 44220.01 real, 2569 MB, 1.02 load
[runlim] sample:		46642.35 time, 44230.01 real, 2579 MB, 1.02 load
[runlim] sample:		46652.35 time, 44240.01 real, 2579 MB, 1.01 load
[runlim] sample:		46662.36 time, 44250.01 real, 2589 MB, 1.01 load
[runlim] sample:		46672.36 time, 44260.01 real, 2589 MB, 1.01 load
[runlim] sample:		46682.37 time, 44270.01 real, 2600 MB, 1.01 load
[runlim] sample:		46692.37 time, 44280.01 real, 2600 MB, 1.01 load
[runlim] sample:		46702.37 time, 44290.01 real, 2610 MB, 1.00 load
[runlim] sample:		46712.37 time, 44300.01 real, 2610 MB, 1.00 load
[runlim] sample:		46722.37 time, 44310.01 real, 2621 MB, 1.00 load
[runlim] sample:		46732.38 time, 44320.01 real, 2621 MB, 1.00 load
[runlim] sample:		46742.38 time, 44330.01 real, 2632 MB, 1.00 load
[runlim] sample:		46752.38 time, 44340.01 real, 2632 MB, 1.00 load
[runlim] sample:		46762.25 time, 44350.01 real, 2653 MB, 1.00 load
[runlim] sample:		46772.25 time, 44360.01 real, 2653 MB, 1.00 load
[runlim] sample:		46782.24 time, 44370.01 real, 2666 MB, 1.00 load
[runlim] sample:		46792.24 time, 44380.01 real, 2666 MB, 1.00 load
[runlim] sample:		46802.25 time, 44390.01 real, 2680 MB, 1.00 load
[runlim] sample:		46812.25 time, 44400.01 real, 2679 MB, 1.00 load
[runlim] sample:		46822.26 time, 44410.02 real, 2679 MB, 1.00 load
[runlim] sample:		46832.26 time, 44420.01 real, 2693 MB, 1.00 load
[runlim] sample:		46842.26 time, 44430.01 real, 2693 MB, 1.00 load
[runlim] sample:		46852.26 time, 44440.01 real, 2706 MB, 1.00 load
[runlim] sample:		46862.27 time, 44450.01 real, 2706 MB, 1.00 load
[runlim] sample:		46872.28 time, 44460.01 real, 2706 MB, 1.00 load
[runlim] sample:		46882.28 time, 44470.01 real, 2721 MB, 1.00 load
[runlim] sample:		46892.28 time, 44480.01 real, 2721 MB, 1.00 load
[runlim] sample:		46902.29 time, 44490.01 real, 2736 MB, 1.00 load
[runlim] sample:		46912.29 time, 44500.01 real, 2736 MB, 1.00 load
[runlim] sample:		46922.29 time, 44510.01 real, 2736 MB, 1.15 load
[runlim] sample:		46932.30 time, 44520.01 real, 2751 MB, 1.28 load
[runlim] sample:		46942.30 time, 44530.01 real, 2751 MB, 1.24 load
[runlim] sample:		46952.30 time, 44540.01 real, 2751 MB, 1.20 load
[runlim] sample:		46962.30 time, 44550.01 real, 2769 MB, 1.17 load
[runlim] sample:		46972.31 time, 44560.01 real, 2769 MB, 1.14 load
[runlim] sample:		46982.31 time, 44570.01 real, 2769 MB, 1.12 load
[runlim] sample:		46992.31 time, 44580.01 real, 2785 MB, 1.10 load
[runlim] sample:		47002.31 time, 44590.01 real, 2785 MB, 1.09 load
[runlim] sample:		47012.32 time, 44600.01 real, 2785 MB, 1.07 load
[runlim] sample:		47022.33 time, 44610.01 real, 2802 MB, 1.06 load

NN₁: mnist_relu_3_100_gemm.onnx
NN₂: mnist_relu_3_100_0.79_adam_1_stepsize.onnx
Prop: mnist_90_global_4.vnnlib

NN₁: mnist_relu_3_100_gemm.onnx
NN₂: mnist_relu_3_100_0.79_adam_1_stepsize.onnx
Prop: mnist_90_global_5.vnnlib
[runlim] sample:		47031.90 time, 44620.01 real, 2500 MB, 1.05 load
[runlim] sample:		47041.90 time, 44630.01 real, 2502 MB, 1.04 load
[runlim] sample:		47051.90 time, 44640.01 real, 2502 MB, 1.04 load
[runlim] sample:		47061.91 time, 44650.01 real, 2502 MB, 1.03 load
[runlim] sample:		47071.92 time, 44660.01 real, 2502 MB, 1.02 load
[runlim] sample:		47081.92 time, 44670.01 real, 2502 MB, 1.02 load
[runlim] sample:		47091.92 time, 44680.01 real, 2503 MB, 1.02 load
[runlim] sample:		47101.92 time, 44690.01 real, 2503 MB, 1.01 load
[runlim] sample:		47111.93 time, 44700.01 real, 2503 MB, 1.01 load
[runlim] sample:		47121.94 time, 44710.01 real, 2503 MB, 1.01 load
[runlim] sample:		47131.94 time, 44720.01 real, 2503 MB, 1.01 load
[runlim] sample:		47141.94 time, 44730.01 real, 2503 MB, 1.01 load
[runlim] sample:		47151.94 time, 44740.01 real, 2503 MB, 1.00 load
[runlim] sample:		47161.95 time, 44750.01 real, 2503 MB, 1.00 load
[runlim] sample:		47171.95 time, 44760.01 real, 2503 MB, 1.00 load
[runlim] sample:		47181.95 time, 44770.01 real, 2503 MB, 1.00 load
[runlim] sample:		47191.95 time, 44780.01 real, 2503 MB, 1.00 load
[runlim] sample:		47201.96 time, 44790.01 real, 2503 MB, 1.00 load
[runlim] sample:		47211.96 time, 44800.01 real, 2503 MB, 1.00 load
[runlim] sample:		47221.97 time, 44810.01 real, 2503 MB, 1.00 load
[runlim] sample:		47231.98 time, 44820.01 real, 2503 MB, 1.00 load
[runlim] sample:		47241.97 time, 44830.01 real, 2503 MB, 1.00 load
[runlim] sample:		47251.98 time, 44840.01 real, 2503 MB, 1.00 load
[runlim] sample:		47261.98 time, 44850.01 real, 2503 MB, 1.00 load
[runlim] sample:		47271.98 time, 44860.01 real, 2503 MB, 1.00 load
[runlim] sample:		47281.98 time, 44870.01 real, 2503 MB, 1.00 load
[runlim] sample:		47291.99 time, 44880.01 real, 2503 MB, 1.00 load
[runlim] sample:		47301.86 time, 44890.01 real, 2503 MB, 1.00 load
[runlim] sample:		47311.86 time, 44900.01 real, 2503 MB, 1.00 load
[runlim] sample:		47321.86 time, 44910.01 real, 2503 MB, 1.07 load
[runlim] sample:		47331.86 time, 44920.01 real, 2503 MB, 1.06 load
[runlim] sample:		47341.87 time, 44930.01 real, 2503 MB, 1.05 load
[runlim] sample:		47351.87 time, 44940.01 real, 2503 MB, 1.04 load
[runlim] sample:		47361.87 time, 44950.02 real, 2503 MB, 1.04 load
[runlim] sample:		47371.88 time, 44960.01 real, 2515 MB, 1.03 load
[runlim] sample:		47381.88 time, 44970.01 real, 2515 MB, 1.02 load
[runlim] sample:		47391.89 time, 44980.01 real, 2519 MB, 1.02 load
[runlim] sample:		47401.89 time, 44990.01 real, 2519 MB, 1.02 load
[runlim] sample:		47411.90 time, 45000.01 real, 2519 MB, 1.09 load
[runlim] sample:		47421.90 time, 45010.01 real, 2519 MB, 1.23 load
[runlim] sample:		47431.91 time, 45020.01 real, 2519 MB, 1.35 load
[runlim] sample:		47441.91 time, 45030.01 real, 2519 MB, 1.30 load
[runlim] sample:		47451.92 time, 45040.01 real, 2519 MB, 1.25 load
[runlim] sample:		47461.92 time, 45050.01 real, 2519 MB, 1.21 load
[runlim] sample:		47471.92 time, 45060.01 real, 2519 MB, 1.26 load
[runlim] sample:		47481.93 time, 45070.01 real, 2519 MB, 1.22 load
[runlim] sample:		47491.93 time, 45080.01 real, 2519 MB, 1.19 load
[runlim] sample:		47501.93 time, 45090.01 real, 2519 MB, 1.16 load
[runlim] sample:		47511.94 time, 45100.01 real, 2519 MB, 1.13 load
[runlim] sample:		47521.94 time, 45110.01 real, 2519 MB, 1.11 load
[runlim] sample:		47531.95 time, 45120.01 real, 2519 MB, 1.09 load
[runlim] sample:		47541.95 time, 45130.01 real, 2519 MB, 1.08 load
[runlim] sample:		47551.96 time, 45140.01 real, 2519 MB, 1.07 load
[runlim] sample:		47561.96 time, 45150.01 real, 2519 MB, 1.06 load
[runlim] sample:		47571.84 time, 45160.01 real, 2519 MB, 1.05 load
[runlim] sample:		47581.84 time, 45170.01 real, 2519 MB, 1.04 load
[runlim] sample:		47591.85 time, 45180.01 real, 2519 MB, 1.03 load
[runlim] sample:		47601.85 time, 45190.01 real, 2519 MB, 1.03 load
[runlim] sample:		47611.85 time, 45200.01 real, 2519 MB, 1.02 load
[runlim] sample:		47621.86 time, 45210.01 real, 2519 MB, 1.02 load

NN₁: mnist_relu_3_100_gemm.onnx
NN₂: mnist_relu_3_100_0.79_adam_1_stepsize.onnx
Prop: mnist_91_global_4.vnnlib
[runlim] sample:		47631.85 time, 45220.01 real, 2498 MB, 1.02 load

NN₁: mnist_relu_3_100_gemm.onnx
NN₂: mnist_relu_3_100_0.79_adam_1_stepsize.onnx
Prop: mnist_91_global_5.vnnlib
[runlim] sample:		47641.85 time, 45230.01 real, 2498 MB, 1.01 load
[runlim] sample:		47651.85 time, 45240.01 real, 2498 MB, 1.01 load
[runlim] sample:		47661.85 time, 45250.01 real, 2498 MB, 1.01 load
[runlim] sample:		47671.85 time, 45260.01 real, 2498 MB, 1.01 load
[runlim] sample:		47681.86 time, 45270.01 real, 2503 MB, 1.00 load
[runlim] sample:		47691.87 time, 45280.01 real, 2509 MB, 1.00 load
[runlim] sample:		47701.86 time, 45290.01 real, 2515 MB, 1.00 load
[runlim] sample:		47711.87 time, 45300.01 real, 2515 MB, 1.00 load
[runlim] sample:		47721.88 time, 45310.01 real, 2523 MB, 1.00 load
[runlim] sample:		47731.88 time, 45320.01 real, 2530 MB, 1.00 load
[runlim] sample:		47741.89 time, 45330.01 real, 2536 MB, 1.00 load
[runlim] sample:		47751.89 time, 45340.01 real, 2542 MB, 1.00 load
[runlim] sample:		47761.89 time, 45350.01 real, 2542 MB, 1.00 load
[runlim] sample:		47771.90 time, 45360.01 real, 2546 MB, 1.00 load
[runlim] sample:		47781.90 time, 45370.02 real, 2550 MB, 1.00 load
[runlim] sample:		47791.91 time, 45380.01 real, 2550 MB, 1.00 load
[runlim] sample:		47801.92 time, 45390.02 real, 2552 MB, 1.00 load
[runlim] sample:		47811.91 time, 45400.01 real, 2556 MB, 1.00 load
[runlim] sample:		47821.92 time, 45410.01 real, 2559 MB, 1.00 load
[runlim] sample:		47831.93 time, 45420.01 real, 2559 MB, 1.00 load
[runlim] sample:		47841.80 time, 45430.02 real, 2561 MB, 1.00 load
[runlim] sample:		47851.80 time, 45440.01 real, 2561 MB, 1.00 load
[runlim] sample:		47861.80 time, 45450.01 real, 2563 MB, 1.00 load
[runlim] sample:		47871.81 time, 45460.01 real, 2563 MB, 1.00 load
[runlim] sample:		47881.82 time, 45470.01 real, 2563 MB, 1.00 load
[runlim] sample:		47891.82 time, 45480.01 real, 2563 MB, 1.00 load
[runlim] sample:		47901.82 time, 45490.01 real, 2563 MB, 1.00 load
[runlim] sample:		47911.83 time, 45500.01 real, 2563 MB, 1.00 load
[runlim] sample:		47921.84 time, 45510.01 real, 2563 MB, 1.15 load
[runlim] sample:		47931.84 time, 45520.01 real, 2563 MB, 1.28 load
[runlim] sample:		47941.84 time, 45530.01 real, 2563 MB, 1.24 load
[runlim] sample:		47951.84 time, 45540.01 real, 2563 MB, 1.20 load
[runlim] sample:		47961.85 time, 45550.01 real, 2563 MB, 1.17 load
[runlim] sample:		47971.86 time, 45560.01 real, 2563 MB, 1.14 load
[runlim] sample:		47981.85 time, 45570.01 real, 2563 MB, 1.12 load
[runlim] sample:		47991.85 time, 45580.01 real, 2563 MB, 1.10 load
[runlim] sample:		48001.86 time, 45590.01 real, 2563 MB, 1.09 load
[runlim] sample:		48011.87 time, 45600.01 real, 2563 MB, 1.07 load
[runlim] sample:		48021.87 time, 45610.01 real, 2563 MB, 1.06 load
[runlim] sample:		48031.88 time, 45620.01 real, 2563 MB, 1.05 load
[runlim] sample:		48041.88 time, 45630.01 real, 2563 MB, 1.04 load
[runlim] sample:		48051.89 time, 45640.01 real, 2563 MB, 1.04 load
[runlim] sample:		48061.88 time, 45650.01 real, 2563 MB, 1.03 load
[runlim] sample:		48071.89 time, 45660.01 real, 2563 MB, 1.02 load
[runlim] sample:		48081.90 time, 45670.01 real, 2535 MB, 1.02 load

NN₁: mnist_relu_3_100_gemm.onnx
NN₂: mnist_relu_3_100_0.79_adam_1_stepsize.onnx
Prop: mnist_92_global_4.vnnlib
[runlim] sample:		48091.89 time, 45680.01 real, 2498 MB, 1.02 load
[runlim] sample:		48101.89 time, 45690.01 real, 2500 MB, 1.01 load
[runlim] sample:		48111.90 time, 45700.01 real, 2504 MB, 1.01 load
[runlim] sample:		48121.90 time, 45710.01 real, 2508 MB, 1.01 load
[runlim] sample:		48132.09 time, 45720.01 real, 2508 MB, 1.01 load
[runlim] sample:		48146.83 time, 45730.01 real, 2510 MB, 1.01 load
[runlim] sample:		48161.33 time, 45740.01 real, 2507 MB, 1.00 load
[runlim] sample:		48172.40 time, 45750.01 real, 2504 MB, 1.00 load
[runlim] sample:		48184.24 time, 45760.01 real, 2504 MB, 1.00 load
[runlim] sample:		48195.97 time, 45770.01 real, 2506 MB, 1.00 load
[runlim] sample:		48208.83 time, 45780.01 real, 2508 MB, 1.00 load
[runlim] sample:		48221.67 time, 45790.01 real, 2505 MB, 1.00 load
[runlim] sample:		48236.65 time, 45800.01 real, 2505 MB, 1.00 load
[runlim] sample:		48255.24 time, 45810.01 real, 2508 MB, 1.00 load
[runlim] sample:		48268.12 time, 45820.01 real, 2510 MB, 1.15 load
[runlim] sample:		48279.53 time, 45830.01 real, 2507 MB, 1.12 load
[runlim] sample:		48297.20 time, 45840.01 real, 2505 MB, 1.10 load
[runlim] sample:		48312.99 time, 45850.01 real, 2502 MB, 1.09 load
[runlim] sample:		48327.36 time, 45860.01 real, 2505 MB, 1.07 load
[runlim] sample:		48341.45 time, 45870.01 real, 2504 MB, 1.06 load
[runlim] sample:		48357.97 time, 45880.01 real, 2504 MB, 1.05 load
[runlim] sample:		48375.27 time, 45890.01 real, 2510 MB, 1.04 load
[runlim] sample:		48395.88 time, 45900.01 real, 2503 MB, 1.40 load
[runlim] sample:		48410.85 time, 45910.01 real, 2507 MB, 1.34 load
[runlim] sample:		48423.01 time, 45920.01 real, 2507 MB, 2.39 load
[runlim] sample:		48438.73 time, 45930.01 real, 2503 MB, 2.18 load
[runlim] sample:		48456.05 time, 45940.01 real, 2506 MB, 2.16 load
[runlim] sample:		48472.38 time, 45950.01 real, 2496 MB, 1.98 load
[runlim] sample:		48490.23 time, 45960.01 real, 2501 MB, 1.83 load
[runlim] sample:		48506.19 time, 45970.02 real, 2504 MB, 1.70 load
[runlim] sample:		48520.18 time, 45980.01 real, 2500 MB, 1.59 load
[runlim] sample:		48536.11 time, 45990.01 real, 2498 MB, 1.50 load
[runlim] sample:		48551.73 time, 46000.01 real, 2500 MB, 1.42 load
[runlim] sample:		48568.47 time, 46010.01 real, 2504 MB, 1.51 load
[runlim] sample:		48581.60 time, 46020.01 real, 2503 MB, 1.51 load
[runlim] sample:		48598.72 time, 46030.01 real, 2505 MB, 1.43 load
[runlim] sample:		48617.55 time, 46040.01 real, 2501 MB, 1.60 load
[runlim] sample:		48634.85 time, 46050.01 real, 2500 MB, 1.66 load
[runlim] sample:		48649.13 time, 46060.01 real, 2500 MB, 1.56 load
[runlim] sample:		48667.17 time, 46070.01 real, 2508 MB, 1.47 load
[runlim] sample:		48680.33 time, 46080.01 real, 2505 MB, 1.40 load
[runlim] sample:		48697.88 time, 46090.01 real, 2493 MB, 1.93 load
[runlim] sample:		48714.01 time, 46100.01 real, 2501 MB, 1.78 load
[runlim] sample:		48733.12 time, 46110.01 real, 2505 MB, 1.66 load
[runlim] sample:		48748.76 time, 46120.01 real, 2501 MB, 1.56 load
[runlim] sample:		48761.77 time, 46130.01 real, 2505 MB, 1.47 load
[runlim] sample:		48774.63 time, 46140.01 real, 2509 MB, 1.47 load
[runlim] sample:		48790.72 time, 46150.01 real, 2508 MB, 1.40 load
[runlim] sample:		48805.02 time, 46160.01 real, 2506 MB, 1.34 load
[runlim] sample:		48822.14 time, 46170.01 real, 2504 MB, 1.29 load
[runlim] sample:		48836.41 time, 46180.01 real, 2504 MB, 1.24 load
[runlim] sample:		48853.05 time, 46190.01 real, 2506 MB, 2.97 load
[runlim] sample:		48869.22 time, 46200.01 real, 2509 MB, 2.75 load
[runlim] sample:		48884.70 time, 46210.01 real, 2510 MB, 2.48 load
[runlim] sample:		48901.07 time, 46220.01 real, 2509 MB, 2.40 load
[runlim] sample:		48919.01 time, 46230.01 real, 2513 MB, 2.18 load
[runlim] sample:		48935.49 time, 46240.01 real, 2510 MB, 2.00 load
[runlim] sample:		48950.37 time, 46250.01 real, 2504 MB, 1.85 load
[runlim] sample:		48964.63 time, 46260.02 real, 2508 MB, 1.72 load
[runlim] sample:		48982.81 time, 46270.01 real, 2520 MB, 1.61 load

NN₁: mnist_relu_3_100_gemm.onnx
NN₂: mnist_relu_3_100_0.79_adam_1_stepsize.onnx
Prop: mnist_92_global_5.vnnlib
[runlim] sample:		48996.89 time, 46280.01 real, 2491 MB, 1.51 load
[runlim] sample:		49006.89 time, 46290.01 real, 2492 MB, 1.43 load
[runlim] sample:		49016.89 time, 46300.01 real, 2495 MB, 1.37 load
[runlim] sample:		49026.89 time, 46310.01 real, 2499 MB, 1.31 load
[runlim] sample:		49036.90 time, 46320.01 real, 2499 MB, 1.26 load
[runlim] sample:		49046.90 time, 46330.01 real, 2503 MB, 1.22 load
[runlim] sample:		49056.90 time, 46340.01 real, 2507 MB, 1.19 load
[runlim] sample:		49066.91 time, 46350.01 real, 2512 MB, 1.16 load
[runlim] sample:		49076.91 time, 46360.01 real, 2512 MB, 1.13 load
[runlim] sample:		49086.90 time, 46370.01 real, 2516 MB, 1.11 load
[runlim] sample:		49096.91 time, 46380.01 real, 2522 MB, 1.09 load
[runlim] sample:		49106.91 time, 46390.01 real, 2527 MB, 1.08 load
[runlim] sample:		49116.92 time, 46400.01 real, 2526 MB, 1.07 load
[runlim] sample:		49126.92 time, 46410.01 real, 2531 MB, 1.06 load
[runlim] sample:		49136.92 time, 46420.01 real, 2536 MB, 1.05 load
[runlim] sample:		49146.92 time, 46430.01 real, 2536 MB, 1.04 load
[runlim] sample:		49156.93 time, 46440.01 real, 2542 MB, 1.03 load
[runlim] sample:		49166.93 time, 46450.02 real, 2542 MB, 1.03 load
[runlim] sample:		49176.93 time, 46460.01 real, 2547 MB, 1.02 load
[runlim] sample:		49186.93 time, 46470.02 real, 2554 MB, 1.09 load
[runlim] sample:		49196.94 time, 46480.01 real, 2554 MB, 1.08 load
[runlim] sample:		49206.93 time, 46490.01 real, 2560 MB, 1.07 load
[runlim] sample:		49216.94 time, 46500.01 real, 2560 MB, 1.06 load
[runlim] sample:		49226.81 time, 46510.01 real, 2567 MB, 1.20 load
[runlim] sample:		49236.81 time, 46520.01 real, 2574 MB, 1.32 load
[runlim] sample:		49246.81 time, 46530.01 real, 2574 MB, 1.27 load
[runlim] sample:		49256.81 time, 46540.01 real, 2582 MB, 1.23 load
[runlim] sample:		49266.81 time, 46550.01 real, 2582 MB, 1.20 load
[runlim] sample:		49276.81 time, 46560.01 real, 2590 MB, 1.17 load
[runlim] sample:		49286.81 time, 46570.01 real, 2590 MB, 1.14 load
[runlim] sample:		49296.82 time, 46580.01 real, 2598 MB, 1.12 load
[runlim] sample:		49306.82 time, 46590.01 real, 2598 MB, 1.10 load
[runlim] sample:		49316.82 time, 46600.01 real, 2606 MB, 1.08 load
[runlim] sample:		49326.83 time, 46610.01 real, 2606 MB, 1.07 load
[runlim] sample:		49336.82 time, 46620.01 real, 2613 MB, 1.06 load
[runlim] sample:		49346.83 time, 46630.01 real, 2613 MB, 1.05 load
[runlim] sample:		49356.83 time, 46640.01 real, 2621 MB, 1.04 load
[runlim] sample:		49366.84 time, 46650.01 real, 2621 MB, 1.03 load
[runlim] sample:		49376.84 time, 46660.01 real, 2638 MB, 1.03 load
[runlim] sample:		49386.83 time, 46670.01 real, 2630 MB, 1.02 load
[runlim] sample:		49396.84 time, 46680.01 real, 2630 MB, 1.02 load
[runlim] sample:		49406.85 time, 46690.01 real, 2639 MB, 1.02 load
[runlim] sample:		49416.85 time, 46700.01 real, 2639 MB, 1.01 load
[runlim] sample:		49426.84 time, 46710.01 real, 2647 MB, 1.01 load
[runlim] sample:		49436.85 time, 46720.01 real, 2647 MB, 1.01 load
[runlim] sample:		49446.85 time, 46730.01 real, 2659 MB, 1.01 load
[runlim] sample:		49456.86 time, 46740.01 real, 2657 MB, 1.01 load
[runlim] sample:		49466.86 time, 46750.01 real, 2657 MB, 1.00 load
[runlim] sample:		49476.86 time, 46760.01 real, 2667 MB, 1.00 load
[runlim] sample:		49486.86 time, 46770.01 real, 2667 MB, 1.00 load
[runlim] sample:		49496.73 time, 46780.01 real, 2678 MB, 1.00 load
[runlim] sample:		49506.73 time, 46790.01 real, 2676 MB, 1.00 load
[runlim] sample:		49516.73 time, 46800.01 real, 2676 MB, 1.00 load
[runlim] sample:		49526.74 time, 46810.01 real, 2686 MB, 1.00 load
[runlim] sample:		49536.73 time, 46820.01 real, 2686 MB, 1.00 load
[runlim] sample:		49546.73 time, 46830.01 real, 2686 MB, 1.00 load
[runlim] sample:		49556.74 time, 46840.01 real, 2695 MB, 1.00 load
[runlim] sample:		49566.75 time, 46850.01 real, 2695 MB, 1.00 load
[runlim] sample:		49576.75 time, 46860.01 real, 2705 MB, 1.00 load
[runlim] sample:		49586.75 time, 46870.01 real, 2705 MB, 1.00 load

NN₁: mnist_relu_3_100_gemm.onnx
NN₂: mnist_relu_3_100_0.79_adam_1_stepsize.onnx
Prop: mnist_93_global_4.vnnlib

NN₁: mnist_relu_3_100_gemm.onnx
NN₂: mnist_relu_3_100_0.79_adam_1_stepsize.onnx
Prop: mnist_93_global_5.vnnlib

NN₁: mnist_relu_3_100_gemm.onnx
NN₂: mnist_relu_3_100_0.79_adam_1_stepsize.onnx
Prop: mnist_94_global_4.vnnlib

NN₁: mnist_relu_3_100_gemm.onnx
NN₂: mnist_relu_3_100_0.79_adam_1_stepsize.onnx
Prop: mnist_94_global_5.vnnlib
[runlim] sample:		49596.74 time, 46880.01 real, 2494 MB, 1.00 load
[runlim] sample:		49606.73 time, 46890.01 real, 2494 MB, 1.00 load
[runlim] sample:		49616.74 time, 46900.01 real, 2494 MB, 1.00 load
[runlim] sample:		49626.74 time, 46910.01 real, 2494 MB, 1.00 load
[runlim] sample:		49636.74 time, 46920.01 real, 2499 MB, 1.00 load
[runlim] sample:		49646.75 time, 46930.01 real, 2502 MB, 1.00 load
[runlim] sample:		49656.74 time, 46940.01 real, 2509 MB, 1.00 load
[runlim] sample:		49666.75 time, 46950.01 real, 2513 MB, 1.00 load
[runlim] sample:		49676.75 time, 46960.01 real, 2524 MB, 1.00 load
[runlim] sample:		49686.75 time, 46970.01 real, 2528 MB, 1.00 load
[runlim] sample:		49696.76 time, 46980.01 real, 2528 MB, 1.00 load
[runlim] sample:		49706.76 time, 46990.01 real, 2543 MB, 1.00 load
[runlim] sample:		49716.76 time, 47000.01 real, 2546 MB, 1.00 load
[runlim] sample:		49726.77 time, 47010.01 real, 2555 MB, 1.15 load
[runlim] sample:		49736.77 time, 47020.02 real, 2569 MB, 1.28 load
[runlim] sample:		49746.76 time, 47030.01 real, 2569 MB, 1.24 load
[runlim] sample:		49756.77 time, 47040.01 real, 2578 MB, 1.20 load
[runlim] sample:		49766.64 time, 47050.02 real, 2589 MB, 1.17 load
[runlim] sample:		49776.65 time, 47060.01 real, 2589 MB, 1.14 load
[runlim] sample:		49786.64 time, 47070.01 real, 2602 MB, 1.12 load
[runlim] sample:		49796.65 time, 47080.01 real, 2611 MB, 1.10 load
[runlim] sample:		49806.64 time, 47090.01 real, 2611 MB, 1.09 load
[runlim] sample:		49816.64 time, 47100.01 real, 2625 MB, 1.07 load
[runlim] sample:		49826.65 time, 47110.01 real, 2661 MB, 1.06 load
[runlim] sample:		49836.66 time, 47120.01 real, 2661 MB, 1.05 load
[runlim] sample:		49846.66 time, 47130.01 real, 2661 MB, 1.04 load
[runlim] sample:		49856.66 time, 47140.01 real, 2661 MB, 1.04 load
[runlim] sample:		49866.66 time, 47150.01 real, 2670 MB, 1.03 load
[runlim] sample:		49876.66 time, 47160.01 real, 2699 MB, 1.02 load
[runlim] sample:		49886.67 time, 47170.01 real, 2698 MB, 1.02 load
[runlim] sample:		49896.67 time, 47180.01 real, 2712 MB, 1.02 load
[runlim] sample:		49906.67 time, 47190.01 real, 2712 MB, 1.01 load
[runlim] sample:		49916.67 time, 47200.01 real, 2727 MB, 1.01 load
[runlim] sample:		49926.67 time, 47210.01 real, 2727 MB, 1.01 load
[runlim] sample:		49936.68 time, 47220.01 real, 2740 MB, 1.01 load
[runlim] sample:		49946.68 time, 47230.01 real, 2740 MB, 1.01 load
[runlim] sample:		49956.68 time, 47240.01 real, 2755 MB, 1.00 load
[runlim] sample:		49966.68 time, 47250.01 real, 2755 MB, 1.00 load
[runlim] sample:		49976.69 time, 47260.01 real, 2770 MB, 1.00 load
[runlim] sample:		49986.69 time, 47270.01 real, 2770 MB, 1.00 load
[runlim] sample:		49996.68 time, 47280.01 real, 2786 MB, 1.00 load
[runlim] sample:		50006.69 time, 47290.01 real, 2786 MB, 1.00 load
[runlim] sample:		50016.70 time, 47300.01 real, 2799 MB, 1.00 load
[runlim] sample:		50026.70 time, 47310.01 real, 2799 MB, 1.00 load
[runlim] sample:		50036.57 time, 47320.01 real, 2815 MB, 1.00 load
[runlim] sample:		50046.58 time, 47330.01 real, 2815 MB, 1.00 load
[runlim] sample:		50056.58 time, 47340.01 real, 2815 MB, 1.00 load
[runlim] sample:		50066.58 time, 47350.01 real, 2860 MB, 1.00 load
[runlim] sample:		50076.58 time, 47360.01 real, 2860 MB, 1.00 load
[runlim] sample:		50086.58 time, 47370.01 real, 2898 MB, 1.00 load
[runlim] sample:		50096.58 time, 47380.01 real, 2898 MB, 1.00 load
[runlim] sample:		50106.59 time, 47390.01 real, 2945 MB, 1.00 load
[runlim] sample:		50116.59 time, 47400.01 real, 2945 MB, 1.00 load
[runlim] sample:		50126.60 time, 47410.01 real, 2945 MB, 1.00 load
[runlim] sample:		50136.59 time, 47420.01 real, 2978 MB, 1.00 load
[runlim] sample:		50146.59 time, 47430.01 real, 2978 MB, 1.00 load
[runlim] sample:		50156.61 time, 47440.01 real, 3025 MB, 1.00 load
[runlim] sample:		50166.61 time, 47450.01 real, 3025 MB, 1.00 load
[runlim] sample:		50176.61 time, 47460.01 real, 3025 MB, 1.00 load
[runlim] sample:		50186.61 time, 47470.02 real, 3070 MB, 1.00 load
[runlim] sample:		50196.61 time, 47480.01 real, 2493 MB, 1.00 load

NN₁: mnist_relu_3_100_gemm.onnx
NN₂: mnist_relu_3_100_0.79_adam_1_stepsize.onnx
Prop: mnist_95_global_4.vnnlib

NN₁: mnist_relu_3_100_gemm.onnx
NN₂: mnist_relu_3_100_0.79_adam_1_stepsize.onnx
Prop: mnist_95_global_5.vnnlib

NN₁: mnist_relu_3_100_gemm.onnx
NN₂: mnist_relu_3_100_0.79_adam_1_stepsize.onnx
Prop: mnist_96_global_4.vnnlib
[runlim] sample:		50206.60 time, 47490.01 real, 2494 MB, 1.00 load
[runlim] sample:		50216.61 time, 47500.02 real, 2494 MB, 1.00 load
[runlim] sample:		50226.60 time, 47510.01 real, 2494 MB, 1.15 load
[runlim] sample:		50236.60 time, 47520.01 real, 2494 MB, 1.28 load
[runlim] sample:		50246.61 time, 47530.01 real, 2494 MB, 1.24 load
[runlim] sample:		50256.61 time, 47540.01 real, 2494 MB, 1.20 load
[runlim] sample:		50266.61 time, 47550.01 real, 2494 MB, 1.17 load
[runlim] sample:		50276.82 time, 47560.01 real, 2494 MB, 1.14 load
[runlim] sample:		50286.89 time, 47570.01 real, 2495 MB, 1.12 load
[runlim] sample:		50296.89 time, 47580.01 real, 2495 MB, 1.10 load
[runlim] sample:		50306.75 time, 47590.01 real, 2500 MB, 1.09 load
[runlim] sample:		50316.88 time, 47600.01 real, 2499 MB, 1.07 load
[runlim] sample:		50326.88 time, 47610.01 real, 2502 MB, 1.06 load
[runlim] sample:		50336.89 time, 47620.01 real, 2502 MB, 1.05 load
[runlim] sample:		50346.89 time, 47630.01 real, 2502 MB, 1.04 load
[runlim] sample:		50356.89 time, 47640.01 real, 2502 MB, 1.04 load
[runlim] sample:		50366.89 time, 47650.01 real, 2502 MB, 1.03 load
[runlim] sample:		50376.90 time, 47660.01 real, 2502 MB, 1.02 load
[runlim] sample:		50386.89 time, 47670.01 real, 2502 MB, 1.02 load
[runlim] sample:		50396.90 time, 47680.01 real, 2502 MB, 1.02 load
[runlim] sample:		50407.46 time, 47690.01 real, 2509 MB, 1.01 load
[runlim] sample:		50417.46 time, 47700.01 real, 2514 MB, 1.01 load
[runlim] sample:		50427.46 time, 47710.01 real, 2514 MB, 1.01 load
[runlim] sample:		50437.47 time, 47720.01 real, 2517 MB, 1.01 load
[runlim] sample:		50447.91 time, 47730.01 real, 2526 MB, 1.01 load
[runlim] sample:		50458.12 time, 47740.01 real, 2529 MB, 1.00 load
[runlim] sample:		50468.12 time, 47750.01 real, 2529 MB, 1.00 load
[runlim] sample:		50478.12 time, 47760.01 real, 2529 MB, 1.00 load
[runlim] sample:		50488.41 time, 47770.01 real, 2527 MB, 1.00 load
[runlim] sample:		50498.41 time, 47780.01 real, 2528 MB, 1.00 load
[runlim] sample:		50508.41 time, 47790.01 real, 2528 MB, 1.00 load
[runlim] sample:		50518.65 time, 47800.01 real, 2532 MB, 1.00 load
[runlim] sample:		50528.66 time, 47810.01 real, 2532 MB, 1.00 load
[runlim] sample:		50538.65 time, 47820.01 real, 2535 MB, 1.00 load
[runlim] sample:		50548.72 time, 47830.01 real, 2543 MB, 1.00 load
[runlim] sample:		50558.79 time, 47840.01 real, 2549 MB, 1.00 load
[runlim] sample:		50568.80 time, 47850.01 real, 2549 MB, 1.00 load
[runlim] sample:		50579.62 time, 47860.01 real, 2550 MB, 1.00 load
[runlim] sample:		50595.08 time, 47870.01 real, 2544 MB, 1.00 load
[runlim] sample:		50606.39 time, 47880.01 real, 2553 MB, 1.00 load
[runlim] sample:		50622.00 time, 47890.01 real, 2551 MB, 1.15 load
[runlim] sample:		50632.67 time, 47900.01 real, 2560 MB, 1.12 load
[runlim] sample:		50642.66 time, 47910.01 real, 2560 MB, 1.10 load
[runlim] sample:		50652.72 time, 47920.01 real, 2566 MB, 1.09 load
[runlim] sample:		50662.73 time, 47930.01 real, 2567 MB, 1.07 load
[runlim] sample:		50672.73 time, 47940.01 real, 2573 MB, 1.06 load
[runlim] sample:		50682.81 time, 47950.01 real, 2581 MB, 1.05 load
[runlim] sample:		50693.91 time, 47960.01 real, 2578 MB, 1.04 load
[runlim] sample:		50707.89 time, 47970.01 real, 2580 MB, 1.04 load
[runlim] sample:		50718.41 time, 47980.01 real, 2582 MB, 1.03 load
[runlim] sample:		50731.72 time, 47990.01 real, 2585 MB, 1.02 load
[runlim] sample:		50741.72 time, 48000.01 real, 2588 MB, 1.02 load
[runlim] sample:		50756.57 time, 48010.01 real, 2585 MB, 1.17 load
[runlim] sample:		50771.29 time, 48020.01 real, 2596 MB, 1.30 load
[runlim] sample:		50783.76 time, 48030.01 real, 2591 MB, 1.25 load
[runlim] sample:		50793.93 time, 48040.01 real, 2596 MB, 1.21 load
[runlim] sample:		50805.99 time, 48050.01 real, 2597 MB, 1.18 load
[runlim] sample:		50818.14 time, 48060.01 real, 2600 MB, 1.15 load
[runlim] sample:		50829.69 time, 48070.01 real, 2605 MB, 1.13 load
[runlim] sample:		50839.69 time, 48080.01 real, 2609 MB, 1.11 load

NN₁: mnist_relu_3_100_gemm.onnx
NN₂: mnist_relu_3_100_0.79_adam_1_stepsize.onnx
Prop: mnist_96_global_5.vnnlib
[runlim] sample:		50849.68 time, 48090.01 real, 2489 MB, 1.09 load
[runlim] sample:		50859.69 time, 48100.01 real, 2491 MB, 1.08 load
[runlim] sample:		50869.69 time, 48110.01 real, 2494 MB, 1.06 load
[runlim] sample:		50879.69 time, 48120.01 real, 2497 MB, 1.05 load
[runlim] sample:		50889.69 time, 48130.01 real, 2501 MB, 1.05 load
[runlim] sample:		50899.70 time, 48140.01 real, 2501 MB, 1.04 load
[runlim] sample:		50909.71 time, 48150.01 real, 2505 MB, 1.03 load
[runlim] sample:		50919.70 time, 48160.01 real, 2510 MB, 1.03 load
[runlim] sample:		50929.71 time, 48170.01 real, 2514 MB, 1.02 load
[runlim] sample:		50939.71 time, 48180.01 real, 2514 MB, 1.02 load
[runlim] sample:		50949.71 time, 48190.01 real, 2518 MB, 1.02 load
[runlim] sample:		50959.72 time, 48200.01 real, 2522 MB, 1.01 load
[runlim] sample:		50969.72 time, 48210.01 real, 2522 MB, 1.01 load
[runlim] sample:		50979.71 time, 48220.01 real, 2527 MB, 1.01 load
[runlim] sample:		50989.72 time, 48230.01 real, 2532 MB, 1.01 load
[runlim] sample:		50999.72 time, 48240.01 real, 2532 MB, 1.00 load
[runlim] sample:		51009.73 time, 48250.01 real, 2537 MB, 1.08 load
[runlim] sample:		51019.73 time, 48260.01 real, 2537 MB, 1.07 load
[runlim] sample:		51029.73 time, 48270.01 real, 2542 MB, 1.06 load
[runlim] sample:		51039.74 time, 48280.01 real, 2548 MB, 1.05 load
[runlim] sample:		51049.73 time, 48290.01 real, 2548 MB, 1.04 load
[runlim] sample:		51059.74 time, 48300.01 real, 2554 MB, 1.04 load
[runlim] sample:		51069.75 time, 48310.01 real, 2554 MB, 1.03 load
[runlim] sample:		51079.74 time, 48320.01 real, 2561 MB, 1.02 load
[runlim] sample:		51089.74 time, 48330.01 real, 2561 MB, 1.02 load
[runlim] sample:		51099.75 time, 48340.01 real, 2568 MB, 1.02 load
[runlim] sample:		51109.75 time, 48350.01 real, 2568 MB, 1.01 load
[runlim] sample:		51119.75 time, 48360.01 real, 2575 MB, 1.01 load
[runlim] sample:		51129.75 time, 48370.01 real, 2575 MB, 1.01 load
[runlim] sample:		51139.76 time, 48380.01 real, 2582 MB, 1.01 load
[runlim] sample:		51149.76 time, 48390.01 real, 2583 MB, 1.01 load
[runlim] sample:		51159.56 time, 48400.01 real, 2589 MB, 1.00 load
[runlim] sample:		51169.57 time, 48410.01 real, 2589 MB, 1.00 load
[runlim] sample:		51179.58 time, 48420.01 real, 2596 MB, 1.00 load
[runlim] sample:		51189.58 time, 48430.01 real, 2596 MB, 1.00 load
[runlim] sample:		51199.58 time, 48440.01 real, 2604 MB, 1.00 load
[runlim] sample:		51209.58 time, 48450.01 real, 2604 MB, 1.00 load
[runlim] sample:		51219.59 time, 48460.01 real, 2611 MB, 1.00 load
[runlim] sample:		51229.59 time, 48470.01 real, 2611 MB, 1.00 load
[runlim] sample:		51239.59 time, 48480.01 real, 2619 MB, 1.00 load
[runlim] sample:		51249.59 time, 48490.01 real, 2619 MB, 1.00 load
[runlim] sample:		51259.59 time, 48500.01 real, 2627 MB, 1.00 load
[runlim] sample:		51269.59 time, 48510.01 real, 2627 MB, 1.15 load
[runlim] sample:		51279.60 time, 48520.01 real, 2627 MB, 1.28 load
[runlim] sample:		51289.60 time, 48530.01 real, 2635 MB, 1.24 load
[runlim] sample:		51299.60 time, 48540.01 real, 2635 MB, 1.20 load
[runlim] sample:		51309.60 time, 48550.02 real, 2643 MB, 1.17 load
[runlim] sample:		51319.61 time, 48560.01 real, 2643 MB, 1.14 load
[runlim] sample:		51329.61 time, 48570.01 real, 2690 MB, 1.12 load
[runlim] sample:		51339.62 time, 48580.01 real, 2652 MB, 1.10 load
[runlim] sample:		51349.62 time, 48590.01 real, 2652 MB, 1.09 load
[runlim] sample:		51359.62 time, 48600.01 real, 2661 MB, 1.07 load
[runlim] sample:		51369.62 time, 48610.01 real, 2661 MB, 1.06 load
[runlim] sample:		51379.62 time, 48620.01 real, 2661 MB, 1.05 load
[runlim] sample:		51389.62 time, 48630.01 real, 2670 MB, 1.04 load
[runlim] sample:		51399.63 time, 48640.01 real, 2670 MB, 1.04 load
[runlim] sample:		51409.63 time, 48650.01 real, 2679 MB, 1.03 load
[runlim] sample:		51419.63 time, 48660.01 real, 2679 MB, 1.02 load
[runlim] sample:		51429.43 time, 48670.01 real, 2679 MB, 1.02 load
[runlim] sample:		51439.43 time, 48680.01 real, 2689 MB, 1.02 load

NN₁: mnist_relu_3_100_gemm.onnx
NN₂: mnist_relu_3_100_0.79_adam_1_stepsize.onnx
Prop: mnist_97_global_4.vnnlib

NN₁: mnist_relu_3_100_gemm.onnx
NN₂: mnist_relu_3_100_0.79_adam_1_stepsize.onnx
Prop: mnist_97_global_5.vnnlib
[runlim] sample:		51449.41 time, 48690.01 real, 2493 MB, 1.01 load
[runlim] sample:		51459.42 time, 48700.01 real, 2495 MB, 1.01 load
[runlim] sample:		51469.42 time, 48710.01 real, 2499 MB, 1.01 load
[runlim] sample:		51479.42 time, 48720.01 real, 2503 MB, 1.08 load
[runlim] sample:		51489.43 time, 48730.01 real, 2508 MB, 1.07 load
[runlim] sample:		51499.43 time, 48740.01 real, 2508 MB, 1.06 load
[runlim] sample:		51509.43 time, 48750.01 real, 2512 MB, 1.05 load
[runlim] sample:		51519.43 time, 48760.01 real, 2517 MB, 1.04 load
[runlim] sample:		51529.43 time, 48770.01 real, 2523 MB, 1.03 load
[runlim] sample:		51539.44 time, 48780.01 real, 2529 MB, 1.03 load
[runlim] sample:		51549.44 time, 48790.01 real, 2528 MB, 1.02 load
[runlim] sample:		51559.44 time, 48800.01 real, 2533 MB, 1.02 load
[runlim] sample:		51569.45 time, 48810.01 real, 2540 MB, 1.02 load
[runlim] sample:		51579.44 time, 48820.01 real, 2540 MB, 1.01 load
[runlim] sample:		51589.45 time, 48830.01 real, 2545 MB, 1.01 load
[runlim] sample:		51599.45 time, 48840.01 real, 2553 MB, 1.01 load
[runlim] sample:		51609.46 time, 48850.01 real, 2553 MB, 1.01 load
[runlim] sample:		51619.45 time, 48860.01 real, 2561 MB, 1.00 load
[runlim] sample:		51629.46 time, 48870.01 real, 2570 MB, 1.00 load
[runlim] sample:		51639.46 time, 48880.01 real, 2570 MB, 1.00 load
[runlim] sample:		51649.46 time, 48890.01 real, 2579 MB, 1.00 load
[runlim] sample:		51659.47 time, 48900.01 real, 2579 MB, 1.00 load
[runlim] sample:		51669.47 time, 48910.01 real, 2588 MB, 1.00 load
[runlim] sample:		51679.48 time, 48920.01 real, 2588 MB, 1.00 load
[runlim] sample:		51689.48 time, 48930.01 real, 2595 MB, 1.00 load
[runlim] sample:		51699.49 time, 48940.01 real, 2606 MB, 1.00 load
[runlim] sample:		51709.49 time, 48950.01 real, 2606 MB, 1.00 load
[runlim] sample:		51719.49 time, 48960.01 real, 2615 MB, 1.00 load
[runlim] sample:		51729.49 time, 48970.01 real, 2615 MB, 1.00 load
[runlim] sample:		51739.50 time, 48980.01 real, 2626 MB, 1.00 load
[runlim] sample:		51749.50 time, 48990.01 real, 2626 MB, 1.00 load
[runlim] sample:		51759.50 time, 49000.01 real, 2634 MB, 1.00 load
[runlim] sample:		51769.51 time, 49010.01 real, 2634 MB, 1.15 load
[runlim] sample:		51779.50 time, 49020.01 real, 2649 MB, 1.28 load
[runlim] sample:		51795.33 time, 49030.02 real, 2642 MB, 1.24 load
[runlim] sample:		51808.63 time, 49040.01 real, 2648 MB, 1.20 load
[runlim] sample:		51820.48 time, 49050.01 real, 2647 MB, 1.17 load
[runlim] sample:		51833.64 time, 49060.02 real, 2652 MB, 1.14 load
[runlim] sample:		51845.25 time, 49070.01 real, 2655 MB, 1.12 load
[runlim] sample:		51861.12 time, 49080.01 real, 2643 MB, 1.10 load
[runlim] sample:		51871.68 time, 49090.01 real, 2643 MB, 1.09 load
[runlim] sample:		51882.13 time, 49100.01 real, 2645 MB, 1.07 load
[runlim] sample:		51892.71 time, 49110.01 real, 2660 MB, 1.06 load
[runlim] sample:		51905.22 time, 49120.01 real, 2665 MB, 1.05 load
[runlim] sample:		51916.25 time, 49130.01 real, 2663 MB, 1.04 load
[runlim] sample:		51928.78 time, 49140.01 real, 2662 MB, 1.04 load
[runlim] sample:		51939.55 time, 49150.01 real, 2666 MB, 1.03 load
[runlim] sample:		51950.43 time, 49160.01 real, 2666 MB, 1.02 load
[runlim] sample:		51961.50 time, 49170.01 real, 2671 MB, 1.02 load
[runlim] sample:		51972.50 time, 49180.01 real, 2674 MB, 1.02 load
[runlim] sample:		51983.53 time, 49190.01 real, 2681 MB, 1.01 load
[runlim] sample:		51996.65 time, 49200.01 real, 2691 MB, 1.01 load
[runlim] sample:		52008.04 time, 49210.01 real, 2699 MB, 1.01 load
[runlim] sample:		52021.02 time, 49220.01 real, 2698 MB, 1.01 load
[runlim] sample:		52031.50 time, 49230.01 real, 2707 MB, 1.01 load
[runlim] sample:		52042.55 time, 49240.01 real, 2701 MB, 1.00 load
[runlim] sample:		52053.71 time, 49250.01 real, 2701 MB, 1.00 load
[runlim] sample:		52064.58 time, 49260.01 real, 2737 MB, 1.00 load
[runlim] sample:		52076.86 time, 49270.01 real, 2734 MB, 1.00 load
[runlim] sample:		52090.56 time, 49280.01 real, 2734 MB, 1.15 load

NN₁: mnist_relu_3_100_gemm.onnx
NN₂: mnist_relu_3_100_0.79_adam_1_stepsize.onnx
Prop: mnist_98_global_4.vnnlib

NN₁: mnist_relu_3_100_gemm.onnx
NN₂: mnist_relu_3_100_0.79_adam_1_stepsize.onnx
Prop: mnist_98_global_5.vnnlib
[runlim] sample:		52100.54 time, 49290.01 real, 2492 MB, 1.12 load
[runlim] sample:		52110.55 time, 49300.01 real, 2494 MB, 1.11 load
[runlim] sample:		52120.55 time, 49310.01 real, 2497 MB, 1.09 load
[runlim] sample:		52130.55 time, 49320.01 real, 2501 MB, 1.07 load
[runlim] sample:		52140.55 time, 49330.01 real, 2501 MB, 1.06 load
[runlim] sample:		52150.55 time, 49340.01 real, 2506 MB, 1.13 load
[runlim] sample:		52160.56 time, 49350.01 real, 2511 MB, 1.11 load
[runlim] sample:		52170.56 time, 49360.01 real, 2516 MB, 1.09 load
[runlim] sample:		52180.56 time, 49370.01 real, 2521 MB, 1.08 load
[runlim] sample:		52190.57 time, 49380.01 real, 2521 MB, 1.07 load
[runlim] sample:		52200.57 time, 49390.01 real, 2526 MB, 1.06 load
[runlim] sample:		52210.57 time, 49400.01 real, 2532 MB, 1.05 load
[runlim] sample:		52220.58 time, 49410.01 real, 2532 MB, 1.04 load
[runlim] sample:		52230.57 time, 49420.01 real, 2537 MB, 1.03 load
[runlim] sample:		52240.58 time, 49430.01 real, 2543 MB, 1.03 load
[runlim] sample:		52250.58 time, 49440.01 real, 2543 MB, 1.02 load
[runlim] sample:		52260.59 time, 49450.01 real, 2549 MB, 1.02 load
[runlim] sample:		52270.59 time, 49460.01 real, 2556 MB, 1.02 load
[runlim] sample:		52280.59 time, 49470.01 real, 2556 MB, 1.01 load
[runlim] sample:		52290.45 time, 49480.01 real, 2564 MB, 1.01 load
[runlim] sample:		52300.45 time, 49490.01 real, 2564 MB, 1.01 load
[runlim] sample:		52310.46 time, 49500.01 real, 2572 MB, 1.01 load
[runlim] sample:		52320.46 time, 49510.01 real, 2580 MB, 1.16 load
[runlim] sample:		52330.46 time, 49520.01 real, 2580 MB, 1.21 load
[runlim] sample:		52340.46 time, 49530.01 real, 2588 MB, 1.18 load
[runlim] sample:		52350.46 time, 49540.01 real, 2588 MB, 1.15 load
[runlim] sample:		52360.47 time, 49550.01 real, 2597 MB, 1.12 load
[runlim] sample:		52370.47 time, 49560.01 real, 2597 MB, 1.10 load
[runlim] sample:		52380.48 time, 49570.01 real, 2605 MB, 1.09 load
[runlim] sample:		52390.47 time, 49580.01 real, 2605 MB, 1.07 load
[runlim] sample:		52400.48 time, 49590.01 real, 2614 MB, 1.06 load
[runlim] sample:		52410.48 time, 49600.01 real, 2614 MB, 1.05 load
[runlim] sample:		52420.49 time, 49610.01 real, 2623 MB, 1.04 load
[runlim] sample:		52430.49 time, 49620.01 real, 2623 MB, 1.04 load
[runlim] sample:		52440.49 time, 49630.02 real, 2633 MB, 1.03 load
[runlim] sample:		52450.49 time, 49640.01 real, 2633 MB, 1.03 load
[runlim] sample:		52460.49 time, 49650.01 real, 2643 MB, 1.02 load
[runlim] sample:		52470.50 time, 49660.02 real, 2643 MB, 1.02 load
[runlim] sample:		52480.50 time, 49670.01 real, 2655 MB, 1.01 load
[runlim] sample:		52490.50 time, 49680.01 real, 2655 MB, 1.01 load
[runlim] sample:		52500.50 time, 49690.01 real, 2655 MB, 1.01 load
[runlim] sample:		52510.51 time, 49700.01 real, 2665 MB, 1.01 load
[runlim] sample:		52520.51 time, 49710.01 real, 2665 MB, 1.01 load
[runlim] sample:		52530.51 time, 49720.01 real, 2677 MB, 1.00 load
[runlim] sample:		52540.52 time, 49730.01 real, 2677 MB, 1.00 load
[runlim] sample:		52550.52 time, 49740.01 real, 2707 MB, 1.00 load
[runlim] sample:		52560.35 time, 49750.01 real, 2688 MB, 1.00 load
[runlim] sample:		52570.35 time, 49760.01 real, 2688 MB, 1.00 load
[runlim] sample:		52580.34 time, 49770.01 real, 2700 MB, 1.00 load
[runlim] sample:		52590.35 time, 49780.01 real, 2700 MB, 1.00 load
[runlim] sample:		52600.35 time, 49790.01 real, 2700 MB, 1.00 load
[runlim] sample:		52610.36 time, 49800.01 real, 2712 MB, 1.00 load
[runlim] sample:		52620.36 time, 49810.01 real, 2712 MB, 1.08 load
[runlim] sample:		52630.36 time, 49820.01 real, 2724 MB, 1.07 load
[runlim] sample:		52640.37 time, 49830.01 real, 2724 MB, 1.06 load
[runlim] sample:		52650.36 time, 49840.01 real, 2724 MB, 1.05 load
[runlim] sample:		52660.37 time, 49850.01 real, 2738 MB, 1.04 load
[runlim] sample:		52670.37 time, 49860.01 real, 2737 MB, 1.03 load
[runlim] sample:		52680.37 time, 49870.01 real, 2737 MB, 1.03 load
[runlim] sample:		52690.38 time, 49880.01 real, 2750 MB, 1.02 load

NN₁: mnist_relu_3_100_gemm.onnx
NN₂: mnist_relu_3_100_0.79_adam_1_stepsize.onnx
Prop: mnist_99_global_4.vnnlib

NN₁: mnist_relu_3_100_gemm.onnx
NN₂: mnist_relu_3_100_0.79_adam_1_stepsize.onnx
Prop: mnist_99_global_5.vnnlib
Configuration: LP-DU-DB

Warmup...

NN₁: mnist_relu_2_512_gemm.onnx
NN₂: mnist_relu_2_512_0.79.onnx
Prop: mnist_0_global_3.vnnlib
[runlim] sample:		52700.36 time, 49890.01 real, 2492 MB, 1.02 load
[runlim] sample:		52710.36 time, 49900.01 real, 2492 MB, 1.02 load
[runlim] sample:		52720.36 time, 49910.01 real, 2492 MB, 1.01 load
[runlim] sample:		52730.37 time, 49920.01 real, 2492 MB, 1.01 load
[runlim] sample:		52740.36 time, 49930.01 real, 2492 MB, 1.01 load
[runlim] sample:		52750.36 time, 49940.01 real, 2492 MB, 1.01 load
[runlim] sample:		52760.36 time, 49950.01 real, 2492 MB, 1.00 load
[runlim] sample:		52770.37 time, 49960.01 real, 2492 MB, 1.00 load
[runlim] sample:		52780.37 time, 49970.01 real, 2492 MB, 1.00 load
[runlim] sample:		52790.38 time, 49980.01 real, 2492 MB, 1.00 load
[runlim] sample:		52800.38 time, 49990.01 real, 2492 MB, 1.08 load
[runlim] sample:		52810.38 time, 50000.01 real, 2492 MB, 1.07 load

Warmup End

NN₁: mnist_relu_3_100_gemm.onnx
NN₂: mnist_relu_3_100_0.79_adam_1_stepsize.onnx
Prop: mnist_0_global_4.vnnlib

NN₁: mnist_relu_3_100_gemm.onnx
NN₂: mnist_relu_3_100_0.79_adam_1_stepsize.onnx
Prop: mnist_0_global_5.vnnlib
[runlim] sample:		52820.37 time, 50010.01 real, 2492 MB, 1.21 load
[runlim] sample:		52830.34 time, 50020.01 real, 2492 MB, 1.25 load
[runlim] sample:		52840.24 time, 50030.01 real, 2492 MB, 1.21 load
[runlim] sample:		52850.24 time, 50040.01 real, 2492 MB, 1.18 load
[runlim] sample:		52860.24 time, 50050.01 real, 2492 MB, 1.15 load
[runlim] sample:		52870.24 time, 50060.01 real, 2492 MB, 1.13 load
[runlim] sample:		52880.25 time, 50070.02 real, 2496 MB, 1.11 load
[runlim] sample:		52890.25 time, 50080.01 real, 2504 MB, 1.09 load
[runlim] sample:		52900.25 time, 50090.01 real, 2512 MB, 1.08 load
[runlim] sample:		52910.26 time, 50100.01 real, 2520 MB, 1.06 load
[runlim] sample:		52920.26 time, 50110.02 real, 2530 MB, 1.05 load
[runlim] sample:		52930.26 time, 50120.01 real, 2530 MB, 1.05 load
[runlim] sample:		52940.27 time, 50130.01 real, 2530 MB, 1.04 load
[runlim] sample:		52950.26 time, 50140.01 real, 2530 MB, 1.03 load
[runlim] sample:		52960.27 time, 50150.01 real, 2530 MB, 1.03 load
[runlim] sample:		52970.27 time, 50160.01 real, 2530 MB, 1.02 load
[runlim] sample:		52980.28 time, 50170.01 real, 2530 MB, 1.02 load
[runlim] sample:		52990.27 time, 50180.01 real, 2530 MB, 1.02 load
[runlim] sample:		53000.28 time, 50190.01 real, 2530 MB, 1.01 load
[runlim] sample:		53010.28 time, 50200.01 real, 2530 MB, 1.01 load
[runlim] sample:		53020.28 time, 50210.01 real, 2530 MB, 1.01 load
[runlim] sample:		53030.28 time, 50220.01 real, 2530 MB, 1.01 load
[runlim] sample:		53040.29 time, 50230.01 real, 2530 MB, 1.00 load
[runlim] sample:		53050.29 time, 50240.01 real, 2530 MB, 1.00 load
[runlim] sample:		53060.29 time, 50250.01 real, 2532 MB, 1.00 load
[runlim] sample:		53070.29 time, 50260.01 real, 2532 MB, 1.00 load
[runlim] sample:		53080.29 time, 50270.01 real, 2532 MB, 1.00 load
[runlim] sample:		53090.29 time, 50280.01 real, 2532 MB, 1.00 load
[runlim] sample:		53100.18 time, 50290.01 real, 2532 MB, 1.00 load
[runlim] sample:		53111.39 time, 50300.01 real, 2534 MB, 1.00 load
[runlim] sample:		53122.03 time, 50310.01 real, 2533 MB, 1.00 load
[runlim] sample:		53132.04 time, 50320.01 real, 2533 MB, 1.00 load
[runlim] sample:		53142.04 time, 50330.01 real, 2533 MB, 1.00 load
[runlim] sample:		53152.04 time, 50340.01 real, 2533 MB, 1.00 load
[runlim] sample:		53162.05 time, 50350.01 real, 2533 MB, 1.00 load
[runlim] sample:		53172.04 time, 50360.01 real, 2533 MB, 1.00 load
[runlim] sample:		53182.05 time, 50370.01 real, 2535 MB, 1.00 load
[runlim] sample:		53192.41 time, 50380.01 real, 2535 MB, 1.00 load
[runlim] sample:		53202.42 time, 50390.01 real, 2535 MB, 1.00 load
[runlim] sample:		53212.42 time, 50400.01 real, 2535 MB, 1.00 load
[runlim] sample:		53222.42 time, 50410.01 real, 2536 MB, 1.00 load
[runlim] sample:		53232.42 time, 50420.01 real, 2536 MB, 1.00 load
[runlim] sample:		53242.42 time, 50430.01 real, 2536 MB, 1.00 load
[runlim] sample:		53252.43 time, 50440.01 real, 2537 MB, 1.00 load
[runlim] sample:		53262.43 time, 50450.01 real, 2537 MB, 1.00 load
[runlim] sample:		53272.43 time, 50460.01 real, 2538 MB, 1.00 load
[runlim] sample:		53282.44 time, 50470.01 real, 2538 MB, 1.00 load
[runlim] sample:		53292.44 time, 50480.01 real, 2538 MB, 1.00 load
[runlim] sample:		53302.45 time, 50490.01 real, 2538 MB, 1.00 load
[runlim] sample:		53312.44 time, 50500.01 real, 2538 MB, 1.00 load
[runlim] sample:		53322.44 time, 50510.01 real, 2538 MB, 1.15 load
[runlim] sample:		53332.44 time, 50520.01 real, 2538 MB, 1.28 load
[runlim] sample:		53342.45 time, 50530.01 real, 2538 MB, 1.24 load
[runlim] sample:		53352.45 time, 50540.01 real, 2538 MB, 1.20 load
[runlim] sample:		53362.46 time, 50550.01 real, 2538 MB, 1.17 load
[runlim] sample:		53372.33 time, 50560.01 real, 2541 MB, 1.14 load
[runlim] sample:		53382.34 time, 50570.01 real, 2541 MB, 1.12 load
[runlim] sample:		53392.34 time, 50580.01 real, 2548 MB, 1.10 load
[runlim] sample:		53402.34 time, 50590.01 real, 2549 MB, 1.09 load
[runlim] sample:		53412.35 time, 50600.01 real, 2550 MB, 1.07 load

NN₁: mnist_relu_3_100_gemm.onnx
NN₂: mnist_relu_3_100_0.79_adam_1_stepsize.onnx
Prop: mnist_1_global_4.vnnlib

NN₁: mnist_relu_3_100_gemm.onnx
NN₂: mnist_relu_3_100_0.79_adam_1_stepsize.onnx
Prop: mnist_1_global_5.vnnlib
[runlim] sample:		53422.33 time, 50610.01 real, 2491 MB, 1.06 load
[runlim] sample:		53432.33 time, 50620.01 real, 2491 MB, 1.05 load
[runlim] sample:		53442.34 time, 50630.01 real, 2491 MB, 1.12 load
[runlim] sample:		53452.34 time, 50640.01 real, 2491 MB, 1.10 load

NN₁: mnist_relu_3_100_gemm.onnx
NN₂: mnist_relu_3_100_0.79_adam_1_stepsize.onnx
Prop: mnist_2_global_4.vnnlib
[runlim] sample:		53462.34 time, 50650.01 real, 2492 MB, 1.08 load
[runlim] sample:		53472.35 time, 50660.01 real, 2492 MB, 1.07 load
[runlim] sample:		53482.35 time, 50670.01 real, 2492 MB, 1.06 load
[runlim] sample:		53492.35 time, 50680.01 real, 2492 MB, 1.05 load
[runlim] sample:		53502.35 time, 50690.01 real, 2496 MB, 1.12 load
[runlim] sample:		53512.36 time, 50700.01 real, 2501 MB, 1.10 load
[runlim] sample:		53522.35 time, 50710.01 real, 2505 MB, 1.08 load
[runlim] sample:		53532.36 time, 50720.01 real, 2505 MB, 1.07 load
[runlim] sample:		53542.37 time, 50730.01 real, 2509 MB, 1.06 load
[runlim] sample:		53552.37 time, 50740.01 real, 2515 MB, 1.05 load
[runlim] sample:		53562.37 time, 50750.01 real, 2519 MB, 1.04 load
[runlim] sample:		53572.38 time, 50760.01 real, 2529 MB, 1.03 load
[runlim] sample:		53582.38 time, 50770.01 real, 2532 MB, 1.03 load
[runlim] sample:		53592.38 time, 50780.01 real, 2532 MB, 1.02 load
[runlim] sample:		53602.38 time, 50790.01 real, 2541 MB, 1.02 load
[runlim] sample:		53612.39 time, 50800.01 real, 2551 MB, 1.02 load
[runlim] sample:		53622.39 time, 50810.01 real, 2560 MB, 1.01 load
[runlim] sample:		53632.39 time, 50820.01 real, 2560 MB, 1.01 load
[runlim] sample:		53642.21 time, 50830.01 real, 2568 MB, 1.01 load
[runlim] sample:		53652.21 time, 50840.01 real, 2579 MB, 1.01 load
[runlim] sample:		53662.21 time, 50850.01 real, 2591 MB, 1.00 load
[runlim] sample:		53672.22 time, 50860.01 real, 2591 MB, 1.00 load
[runlim] sample:		53682.22 time, 50870.01 real, 2599 MB, 1.00 load
[runlim] sample:		53692.22 time, 50880.01 real, 2610 MB, 1.00 load
[runlim] sample:		53702.22 time, 50890.01 real, 2610 MB, 1.00 load
[runlim] sample:		53712.22 time, 50900.01 real, 2646 MB, 1.00 load
[runlim] sample:		53722.23 time, 50910.01 real, 2646 MB, 1.00 load
[runlim] sample:		53732.23 time, 50920.01 real, 2661 MB, 1.00 load
[runlim] sample:		53742.24 time, 50930.01 real, 2673 MB, 1.00 load
[runlim] sample:		53752.24 time, 50940.01 real, 2673 MB, 1.00 load
[runlim] sample:		53762.24 time, 50950.01 real, 2685 MB, 1.00 load
[runlim] sample:		53772.24 time, 50960.01 real, 2685 MB, 1.00 load
[runlim] sample:		53782.24 time, 50970.01 real, 2698 MB, 1.00 load
[runlim] sample:		53792.25 time, 50980.01 real, 2699 MB, 1.00 load
[runlim] sample:		53802.26 time, 50990.01 real, 2711 MB, 1.00 load
[runlim] sample:		53812.25 time, 51000.01 real, 2723 MB, 1.00 load
[runlim] sample:		53822.26 time, 51010.01 real, 2723 MB, 1.15 load
[runlim] sample:		53832.26 time, 51020.01 real, 2736 MB, 1.20 load
[runlim] sample:		53842.27 time, 51030.01 real, 2736 MB, 1.17 load
[runlim] sample:		53852.27 time, 51040.01 real, 2749 MB, 1.15 load
[runlim] sample:		53862.27 time, 51050.01 real, 2749 MB, 1.12 load
[runlim] sample:		53872.27 time, 51060.01 real, 2766 MB, 1.10 load
[runlim] sample:		53882.27 time, 51070.01 real, 2766 MB, 1.09 load
[runlim] sample:		53892.28 time, 51080.01 real, 2779 MB, 1.07 load
[runlim] sample:		53902.27 time, 51090.01 real, 2779 MB, 1.06 load
[runlim] sample:		53912.16 time, 51100.01 real, 2793 MB, 1.05 load
[runlim] sample:		53922.16 time, 51110.01 real, 2793 MB, 1.04 load
[runlim] sample:		53932.16 time, 51120.01 real, 2830 MB, 1.04 load
[runlim] sample:		53942.17 time, 51130.01 real, 2831 MB, 1.03 load
[runlim] sample:		53952.17 time, 51140.01 real, 2831 MB, 1.02 load
[runlim] sample:		53962.17 time, 51150.01 real, 2870 MB, 1.02 load
[runlim] sample:		53972.17 time, 51160.01 real, 2870 MB, 1.02 load
[runlim] sample:		53982.18 time, 51170.01 real, 2914 MB, 1.01 load
[runlim] sample:		53992.18 time, 51180.01 real, 2914 MB, 1.01 load
[runlim] sample:		54002.18 time, 51190.01 real, 2954 MB, 1.01 load
[runlim] sample:		54012.18 time, 51200.01 real, 2954 MB, 1.01 load
[runlim] sample:		54022.19 time, 51210.01 real, 2954 MB, 1.01 load
[runlim] sample:		54032.18 time, 51220.01 real, 2982 MB, 1.00 load
[runlim] sample:		54042.19 time, 51230.01 real, 2982 MB, 1.00 load
[runlim] sample:		54052.19 time, 51240.01 real, 3044 MB, 1.00 load

NN₁: mnist_relu_3_100_gemm.onnx
NN₂: mnist_relu_3_100_0.79_adam_1_stepsize.onnx
Prop: mnist_2_global_5.vnnlib
[runlim] sample:		54062.17 time, 51250.01 real, 2493 MB, 1.00 load
[runlim] sample:		54072.17 time, 51260.01 real, 2494 MB, 1.07 load
[runlim] sample:		54082.17 time, 51270.01 real, 2498 MB, 1.06 load
[runlim] sample:		54092.17 time, 51280.01 real, 2501 MB, 1.05 load
[runlim] sample:		54102.17 time, 51290.01 real, 2501 MB, 1.04 load
[runlim] sample:		54112.18 time, 51300.01 real, 2505 MB, 1.04 load
[runlim] sample:		54122.18 time, 51310.01 real, 2509 MB, 1.03 load
[runlim] sample:		54132.18 time, 51320.01 real, 2512 MB, 1.03 load
[runlim] sample:		54142.18 time, 51330.01 real, 2517 MB, 1.02 load
[runlim] sample:		54152.19 time, 51340.01 real, 2517 MB, 1.02 load
[runlim] sample:		54162.19 time, 51350.01 real, 2522 MB, 1.01 load
[runlim] sample:		54172.20 time, 51360.01 real, 2527 MB, 1.01 load
[runlim] sample:		54182.20 time, 51370.01 real, 2531 MB, 1.01 load
[runlim] sample:		54192.07 time, 51380.01 real, 2531 MB, 1.01 load
[runlim] sample:		54202.07 time, 51390.01 real, 2537 MB, 1.01 load
[runlim] sample:		54212.07 time, 51400.01 real, 2543 MB, 1.00 load
[runlim] sample:		54222.07 time, 51410.01 real, 2543 MB, 1.00 load
[runlim] sample:		54232.08 time, 51420.01 real, 2548 MB, 1.00 load
[runlim] sample:		54242.09 time, 51430.01 real, 2548 MB, 1.00 load
[runlim] sample:		54252.08 time, 51440.01 real, 2554 MB, 1.00 load
[runlim] sample:		54262.09 time, 51450.01 real, 2561 MB, 1.00 load
[runlim] sample:		54272.09 time, 51460.01 real, 2561 MB, 1.00 load
[runlim] sample:		54282.10 time, 51470.01 real, 2568 MB, 1.00 load
[runlim] sample:		54292.09 time, 51480.01 real, 2568 MB, 1.00 load
[runlim] sample:		54302.10 time, 51490.01 real, 2575 MB, 1.00 load
[runlim] sample:		54312.10 time, 51500.01 real, 2575 MB, 1.00 load
[runlim] sample:		54322.10 time, 51510.01 real, 2582 MB, 1.15 load
[runlim] sample:		54332.11 time, 51520.01 real, 2590 MB, 1.20 load
[runlim] sample:		54342.11 time, 51530.01 real, 2590 MB, 1.17 load
[runlim] sample:		54352.11 time, 51540.01 real, 2598 MB, 1.15 load
[runlim] sample:		54362.11 time, 51550.01 real, 2598 MB, 1.12 load
[runlim] sample:		54372.11 time, 51560.01 real, 2606 MB, 1.10 load
[runlim] sample:		54382.12 time, 51570.01 real, 2606 MB, 1.09 load
[runlim] sample:		54392.12 time, 51580.01 real, 2614 MB, 1.07 load
[runlim] sample:		54402.12 time, 51590.01 real, 2614 MB, 1.06 load
[runlim] sample:		54412.13 time, 51600.01 real, 2620 MB, 1.05 load
[runlim] sample:		54422.13 time, 51610.01 real, 2623 MB, 1.04 load
[runlim] sample:		54432.13 time, 51620.01 real, 2623 MB, 1.04 load
[runlim] sample:		54442.14 time, 51630.01 real, 2631 MB, 1.03 load
[runlim] sample:		54452.13 time, 51640.01 real, 2631 MB, 1.02 load
[runlim] sample:		54461.94 time, 51650.01 real, 2640 MB, 1.02 load
[runlim] sample:		54471.95 time, 51660.01 real, 2640 MB, 1.02 load
[runlim] sample:		54481.95 time, 51670.01 real, 2651 MB, 1.01 load
[runlim] sample:		54491.95 time, 51680.01 real, 2651 MB, 1.01 load
[runlim] sample:		54501.96 time, 51690.01 real, 2651 MB, 1.01 load
[runlim] sample:		54511.96 time, 51700.01 real, 2661 MB, 1.01 load
[runlim] sample:		54521.96 time, 51710.01 real, 2661 MB, 1.01 load
[runlim] sample:		54531.96 time, 51720.01 real, 2670 MB, 1.00 load
[runlim] sample:		54541.97 time, 51730.01 real, 2670 MB, 1.00 load
[runlim] sample:		54551.97 time, 51740.01 real, 2670 MB, 1.00 load
[runlim] sample:		54561.98 time, 51750.01 real, 2681 MB, 1.00 load
[runlim] sample:		54571.97 time, 51760.01 real, 2681 MB, 1.00 load
[runlim] sample:		54581.97 time, 51770.01 real, 2691 MB, 1.00 load
[runlim] sample:		54591.98 time, 51780.01 real, 2691 MB, 1.00 load
[runlim] sample:		54601.98 time, 51790.01 real, 2691 MB, 1.00 load
[runlim] sample:		54611.99 time, 51800.01 real, 2702 MB, 1.00 load
[runlim] sample:		54621.98 time, 51810.01 real, 2702 MB, 1.00 load
[runlim] sample:		54631.99 time, 51820.01 real, 2702 MB, 1.00 load
[runlim] sample:		54641.99 time, 51830.01 real, 2713 MB, 1.00 load
[runlim] sample:		54652.00 time, 51840.01 real, 2713 MB, 1.00 load

NN₁: mnist_relu_3_100_gemm.onnx
NN₂: mnist_relu_3_100_0.79_adam_1_stepsize.onnx
Prop: mnist_3_global_4.vnnlib

NN₁: mnist_relu_3_100_gemm.onnx
NN₂: mnist_relu_3_100_0.79_adam_1_stepsize.onnx
Prop: mnist_3_global_5.vnnlib

NN₁: mnist_relu_3_100_gemm.onnx
NN₂: mnist_relu_3_100_0.79_adam_1_stepsize.onnx
Prop: mnist_4_global_4.vnnlib

NN₁: mnist_relu_3_100_gemm.onnx
NN₂: mnist_relu_3_100_0.79_adam_1_stepsize.onnx
Prop: mnist_4_global_5.vnnlib
[runlim] sample:		54661.98 time, 51850.01 real, 2493 MB, 1.00 load
[runlim] sample:		54671.98 time, 51860.01 real, 2493 MB, 1.00 load

NN₁: mnist_relu_3_100_gemm.onnx
NN₂: mnist_relu_3_100_0.79_adam_1_stepsize.onnx
Prop: mnist_5_global_4.vnnlib

NN₁: mnist_relu_3_100_gemm.onnx
NN₂: mnist_relu_3_100_0.79_adam_1_stepsize.onnx
Prop: mnist_5_global_5.vnnlib
[runlim] sample:		54681.98 time, 51870.01 real, 2494 MB, 1.00 load
[runlim] sample:		54691.99 time, 51880.01 real, 2494 MB, 1.00 load
[runlim] sample:		54701.99 time, 51890.01 real, 2494 MB, 1.00 load
[runlim] sample:		54711.99 time, 51900.01 real, 2497 MB, 1.00 load
[runlim] sample:		54722.00 time, 51910.01 real, 2502 MB, 1.00 load
[runlim] sample:		54731.85 time, 51920.01 real, 2503 MB, 1.00 load
[runlim] sample:		54741.86 time, 51930.01 real, 2506 MB, 1.00 load
[runlim] sample:		54754.91 time, 51940.01 real, 2511 MB, 1.00 load
[runlim] sample:		54768.50 time, 51950.01 real, 2516 MB, 1.00 load
[runlim] sample:		54782.66 time, 51960.01 real, 2514 MB, 1.00 load
[runlim] sample:		54794.96 time, 51970.01 real, 2511 MB, 1.00 load
[runlim] sample:		54807.21 time, 51980.01 real, 2508 MB, 1.00 load
[runlim] sample:		54821.11 time, 51990.01 real, 2508 MB, 1.00 load
[runlim] sample:		54835.15 time, 52000.01 real, 2511 MB, 1.00 load
[runlim] sample:		54846.99 time, 52010.01 real, 2507 MB, 1.15 load
[runlim] sample:		54858.42 time, 52020.01 real, 2505 MB, 1.28 load
[runlim] sample:		54870.33 time, 52030.01 real, 2510 MB, 1.24 load
[runlim] sample:		54882.48 time, 52040.01 real, 2511 MB, 1.35 load
[runlim] sample:		54896.03 time, 52050.01 real, 2509 MB, 1.30 load
[runlim] sample:		54910.59 time, 52060.01 real, 2507 MB, 1.25 load
[runlim] sample:		54921.81 time, 52070.01 real, 2505 MB, 1.21 load
[runlim] sample:		54933.03 time, 52080.01 real, 2501 MB, 1.18 load
[runlim] sample:		54943.62 time, 52090.01 real, 2527 MB, 1.15 load
[runlim] sample:		54954.65 time, 52100.01 real, 2530 MB, 1.13 load
[runlim] sample:		54964.75 time, 52110.01 real, 2529 MB, 1.11 load
[runlim] sample:		54975.36 time, 52120.01 real, 2540 MB, 1.09 load
[runlim] sample:		54985.63 time, 52130.01 real, 2542 MB, 1.08 load
[runlim] sample:		54995.80 time, 52140.01 real, 2545 MB, 1.06 load
[runlim] sample:		55005.89 time, 52150.01 real, 2546 MB, 1.05 load
[runlim] sample:		55016.05 time, 52160.01 real, 2547 MB, 1.04 load
[runlim] sample:		55026.31 time, 52170.01 real, 2566 MB, 1.04 load
[runlim] sample:		55036.62 time, 52180.01 real, 2568 MB, 1.03 load
[runlim] sample:		55047.25 time, 52190.01 real, 2571 MB, 1.03 load
[runlim] sample:		55057.37 time, 52200.01 real, 2584 MB, 1.02 load
[runlim] sample:		55067.41 time, 52210.01 real, 2584 MB, 1.02 load
[runlim] sample:		55077.73 time, 52220.01 real, 2587 MB, 1.01 load
[runlim] sample:		55087.90 time, 52230.01 real, 2589 MB, 1.01 load
[runlim] sample:		55098.06 time, 52240.01 real, 2589 MB, 1.01 load
[runlim] sample:		55108.12 time, 52250.01 real, 2589 MB, 1.01 load
[runlim] sample:		55118.12 time, 52260.01 real, 2607 MB, 1.01 load
[runlim] sample:		55128.33 time, 52270.01 real, 2608 MB, 1.00 load
[runlim] sample:		55138.94 time, 52280.01 real, 2616 MB, 1.00 load
[runlim] sample:		55148.94 time, 52290.01 real, 2616 MB, 1.00 load
[runlim] sample:		55158.94 time, 52300.01 real, 2616 MB, 1.00 load
[runlim] sample:		55172.94 time, 52310.01 real, 2617 MB, 1.00 load
[runlim] sample:		55186.89 time, 52320.01 real, 2614 MB, 1.00 load
[runlim] sample:		55196.89 time, 52330.01 real, 2614 MB, 1.00 load
[runlim] sample:		55207.32 time, 52340.01 real, 2614 MB, 1.00 load
[runlim] sample:		55217.33 time, 52350.01 real, 2614 MB, 1.00 load
[runlim] sample:		55227.75 time, 52360.01 real, 2635 MB, 1.00 load
[runlim] sample:		55237.75 time, 52370.01 real, 2635 MB, 1.00 load
[runlim] sample:		55253.21 time, 52380.01 real, 2635 MB, 1.00 load
[runlim] sample:		55268.44 time, 52390.01 real, 2634 MB, 1.00 load
[runlim] sample:		55281.89 time, 52400.01 real, 2636 MB, 1.00 load
[runlim] sample:		55295.12 time, 52410.01 real, 2631 MB, 1.00 load
[runlim] sample:		55310.61 time, 52420.01 real, 2634 MB, 1.00 load
[runlim] sample:		55325.56 time, 52430.01 real, 2641 MB, 1.00 load
[runlim] sample:		55342.90 time, 52440.01 real, 2647 MB, 1.00 load
[runlim] sample:		55357.43 time, 52450.01 real, 2645 MB, 1.00 load
[runlim] sample:		55371.95 time, 52460.01 real, 2644 MB, 1.00 load

NN₁: mnist_relu_3_100_gemm.onnx
NN₂: mnist_relu_3_100_0.79_adam_1_stepsize.onnx
Prop: mnist_6_global_4.vnnlib

NN₁: mnist_relu_3_100_gemm.onnx
NN₂: mnist_relu_3_100_0.79_adam_1_stepsize.onnx
Prop: mnist_6_global_5.vnnlib
[runlim] sample:		55382.87 time, 52470.01 real, 2493 MB, 1.00 load
[runlim] sample:		55392.88 time, 52480.01 real, 2493 MB, 1.00 load
[runlim] sample:		55402.87 time, 52490.01 real, 2493 MB, 1.00 load
[runlim] sample:		55412.88 time, 52500.01 real, 2493 MB, 1.00 load
[runlim] sample:		55422.88 time, 52510.01 real, 2493 MB, 1.15 load
[runlim] sample:		55432.89 time, 52520.01 real, 2497 MB, 1.28 load
[runlim] sample:		55442.89 time, 52530.01 real, 2502 MB, 1.24 load
[runlim] sample:		55452.89 time, 52540.01 real, 2508 MB, 1.20 load
[runlim] sample:		55462.89 time, 52550.01 real, 2515 MB, 1.17 load
[runlim] sample:		55472.90 time, 52560.01 real, 2519 MB, 1.14 load
[runlim] sample:		55483.13 time, 52570.01 real, 2522 MB, 1.12 load
[runlim] sample:		55493.39 time, 52580.01 real, 2521 MB, 1.10 load
[runlim] sample:		55503.48 time, 52590.01 real, 2525 MB, 1.09 load
[runlim] sample:		55513.47 time, 52600.01 real, 2527 MB, 1.07 load
[runlim] sample:		55523.64 time, 52610.01 real, 2534 MB, 1.06 load
[runlim] sample:		55533.85 time, 52620.01 real, 2536 MB, 1.05 load
[runlim] sample:		55543.86 time, 52630.01 real, 2540 MB, 1.04 load
[runlim] sample:		55554.07 time, 52640.01 real, 2545 MB, 1.04 load
[runlim] sample:		55564.42 time, 52650.01 real, 2547 MB, 1.03 load
[runlim] sample:		55574.46 time, 52660.01 real, 2551 MB, 1.02 load
[runlim] sample:		55584.69 time, 52670.01 real, 2554 MB, 1.02 load
[runlim] sample:		55595.01 time, 52680.01 real, 2557 MB, 1.02 load
[runlim] sample:		55605.36 time, 52690.01 real, 2561 MB, 1.01 load
[runlim] sample:		55615.47 time, 52700.01 real, 2562 MB, 1.01 load
[runlim] sample:		55625.47 time, 52710.01 real, 2566 MB, 1.01 load
[runlim] sample:		55635.48 time, 52720.01 real, 2571 MB, 1.01 load
[runlim] sample:		55645.50 time, 52730.01 real, 2575 MB, 1.01 load
[runlim] sample:		55655.50 time, 52740.01 real, 2575 MB, 1.00 load
[runlim] sample:		55665.62 time, 52750.01 real, 2581 MB, 1.00 load
[runlim] sample:		55675.63 time, 52760.01 real, 2586 MB, 1.00 load
[runlim] sample:		55685.64 time, 52770.01 real, 2592 MB, 1.00 load
[runlim] sample:		55695.63 time, 52780.01 real, 2592 MB, 1.00 load
[runlim] sample:		55705.64 time, 52790.01 real, 2597 MB, 1.00 load
[runlim] sample:		55715.64 time, 52800.01 real, 2602 MB, 1.00 load
[runlim] sample:		55725.65 time, 52810.01 real, 2602 MB, 1.00 load
[runlim] sample:		55735.78 time, 52820.01 real, 2610 MB, 1.00 load
[runlim] sample:		55746.20 time, 52830.01 real, 2633 MB, 1.08 load
[runlim] sample:		55756.32 time, 52840.01 real, 2634 MB, 1.07 load
[runlim] sample:		55766.32 time, 52850.01 real, 2634 MB, 1.06 load
[runlim] sample:		55776.33 time, 52860.01 real, 2640 MB, 1.05 load
[runlim] sample:		55786.33 time, 52870.01 real, 2640 MB, 1.04 load
[runlim] sample:		55796.33 time, 52880.01 real, 2647 MB, 1.03 load
[runlim] sample:		55806.33 time, 52890.01 real, 2653 MB, 1.03 load
[runlim] sample:		55816.34 time, 52900.01 real, 2653 MB, 1.02 load
[runlim] sample:		55826.34 time, 52910.01 real, 2659 MB, 1.10 load
[runlim] sample:		55836.34 time, 52920.01 real, 2659 MB, 1.08 load
[runlim] sample:		55846.35 time, 52930.01 real, 2666 MB, 1.07 load
[runlim] sample:		55856.34 time, 52940.01 real, 2674 MB, 1.06 load
[runlim] sample:		55866.35 time, 52950.01 real, 2674 MB, 1.05 load
[runlim] sample:		55876.36 time, 52960.01 real, 2682 MB, 1.04 load
[runlim] sample:		55886.36 time, 52970.01 real, 2682 MB, 1.03 load
[runlim] sample:		55896.36 time, 52980.01 real, 2691 MB, 1.03 load
[runlim] sample:		55906.36 time, 52990.01 real, 2698 MB, 1.02 load
[runlim] sample:		55916.22 time, 53000.01 real, 2698 MB, 1.02 load
[runlim] sample:		55926.22 time, 53010.01 real, 2705 MB, 1.17 load
[runlim] sample:		55936.22 time, 53020.01 real, 2705 MB, 1.22 load
[runlim] sample:		55946.22 time, 53030.01 real, 2711 MB, 1.18 load
[runlim] sample:		55956.22 time, 53040.01 real, 2711 MB, 1.16 load
[runlim] sample:		55966.23 time, 53050.01 real, 2718 MB, 1.13 load
[runlim] sample:		55976.24 time, 53060.01 real, 2718 MB, 1.11 load

NN₁: mnist_relu_3_100_gemm.onnx
NN₂: mnist_relu_3_100_0.79_adam_1_stepsize.onnx
Prop: mnist_7_global_4.vnnlib
[runlim] sample:		55986.21 time, 53070.01 real, 2490 MB, 1.09 load
[runlim] sample:		55996.21 time, 53080.01 real, 2490 MB, 1.08 load
[runlim] sample:		56006.22 time, 53090.01 real, 2494 MB, 1.07 load
[runlim] sample:		56016.22 time, 53100.01 real, 2497 MB, 1.06 load
[runlim] sample:		56026.23 time, 53110.01 real, 2497 MB, 1.05 load
[runlim] sample:		56036.23 time, 53120.01 real, 2500 MB, 1.04 load
[runlim] sample:		56046.23 time, 53130.01 real, 2504 MB, 1.03 load
[runlim] sample:		56056.23 time, 53140.01 real, 2505 MB, 1.03 load
[runlim] sample:		56066.23 time, 53150.01 real, 2505 MB, 1.02 load
[runlim] sample:		56076.24 time, 53160.01 real, 2513 MB, 1.02 load
[runlim] sample:		56086.24 time, 53170.01 real, 2514 MB, 1.02 load
[runlim] sample:		56096.24 time, 53180.01 real, 2514 MB, 1.01 load
[runlim] sample:		56106.25 time, 53190.01 real, 2522 MB, 1.01 load
[runlim] sample:		56116.25 time, 53200.01 real, 2526 MB, 1.01 load
[runlim] sample:		56126.26 time, 53210.01 real, 2526 MB, 1.01 load
[runlim] sample:		56136.26 time, 53220.01 real, 2530 MB, 1.00 load
[runlim] sample:		56146.25 time, 53230.01 real, 2537 MB, 1.00 load
[runlim] sample:		56156.26 time, 53240.01 real, 2537 MB, 1.00 load
[runlim] sample:		56166.26 time, 53250.01 real, 2544 MB, 1.08 load
[runlim] sample:		56176.26 time, 53260.01 real, 2547 MB, 1.07 load
[runlim] sample:		56186.13 time, 53270.01 real, 2547 MB, 1.06 load
[runlim] sample:		56196.14 time, 53280.01 real, 2554 MB, 1.05 load
[runlim] sample:		56206.14 time, 53290.02 real, 2555 MB, 1.04 load
[runlim] sample:		56216.14 time, 53300.01 real, 2555 MB, 1.03 load
[runlim] sample:		56226.15 time, 53310.02 real, 2565 MB, 1.03 load
[runlim] sample:		56236.15 time, 53320.01 real, 2565 MB, 1.02 load
[runlim] sample:		56246.15 time, 53330.01 real, 2572 MB, 1.02 load
[runlim] sample:		56256.16 time, 53340.01 real, 2572 MB, 1.02 load
[runlim] sample:		56266.15 time, 53350.02 real, 2578 MB, 1.01 load
[runlim] sample:		56276.16 time, 53360.01 real, 2588 MB, 1.01 load
[runlim] sample:		56286.16 time, 53370.01 real, 2588 MB, 1.01 load
[runlim] sample:		56296.17 time, 53380.01 real, 2588 MB, 1.01 load
[runlim] sample:		56306.16 time, 53390.01 real, 2588 MB, 1.00 load
[runlim] sample:		56316.17 time, 53400.01 real, 2601 MB, 1.00 load
[runlim] sample:		56326.17 time, 53410.01 real, 2601 MB, 1.00 load
[runlim] sample:		56336.17 time, 53420.01 real, 2601 MB, 1.00 load
[runlim] sample:		56346.17 time, 53430.01 real, 2601 MB, 1.00 load
[runlim] sample:		56356.18 time, 53440.01 real, 2614 MB, 1.00 load
[runlim] sample:		56366.18 time, 53450.01 real, 2614 MB, 1.00 load
[runlim] sample:		56376.18 time, 53460.01 real, 2621 MB, 1.00 load
[runlim] sample:		56386.18 time, 53470.01 real, 2621 MB, 1.00 load
[runlim] sample:		56396.19 time, 53480.01 real, 2628 MB, 1.00 load
[runlim] sample:		56406.19 time, 53490.01 real, 2628 MB, 1.00 load
[runlim] sample:		56416.19 time, 53500.01 real, 2644 MB, 1.00 load
[runlim] sample:		56426.20 time, 53510.01 real, 2644 MB, 1.15 load
[runlim] sample:		56436.20 time, 53520.01 real, 2654 MB, 1.20 load
[runlim] sample:		56446.21 time, 53530.01 real, 2653 MB, 1.17 load
[runlim] sample:		56456.06 time, 53540.01 real, 2653 MB, 1.15 load
[runlim] sample:		56466.07 time, 53550.01 real, 2662 MB, 1.12 load
[runlim] sample:		56476.07 time, 53560.01 real, 2662 MB, 1.10 load
[runlim] sample:		56486.07 time, 53570.01 real, 2670 MB, 1.09 load
[runlim] sample:		56496.08 time, 53580.01 real, 2670 MB, 1.07 load
[runlim] sample:		56506.08 time, 53590.01 real, 2679 MB, 1.06 load
[runlim] sample:		56516.08 time, 53600.01 real, 2679 MB, 1.05 load
[runlim] sample:		56526.08 time, 53610.01 real, 2688 MB, 1.04 load
[runlim] sample:		56536.08 time, 53620.01 real, 2687 MB, 1.04 load
[runlim] sample:		56546.09 time, 53630.01 real, 2687 MB, 1.03 load
[runlim] sample:		56556.09 time, 53640.01 real, 2695 MB, 1.02 load
[runlim] sample:		56566.09 time, 53650.01 real, 2695 MB, 1.02 load
[runlim] sample:		56576.09 time, 53660.01 real, 2703 MB, 1.02 load

NN₁: mnist_relu_3_100_gemm.onnx
NN₂: mnist_relu_3_100_0.79_adam_1_stepsize.onnx
Prop: mnist_7_global_5.vnnlib
[runlim] sample:		56586.10 time, 53670.01 real, 2490 MB, 1.01 load
[runlim] sample:		56596.10 time, 53680.01 real, 2493 MB, 1.01 load
[runlim] sample:		56606.10 time, 53690.01 real, 2493 MB, 1.01 load
[runlim] sample:		56616.10 time, 53700.01 real, 2493 MB, 1.08 load
[runlim] sample:		56626.10 time, 53710.01 real, 2498 MB, 1.07 load
[runlim] sample:		56636.10 time, 53720.01 real, 2501 MB, 1.06 load
[runlim] sample:		56646.11 time, 53730.01 real, 2503 MB, 1.05 load
[runlim] sample:		56656.11 time, 53740.01 real, 2505 MB, 1.04 load
[runlim] sample:		56666.12 time, 53750.01 real, 2505 MB, 1.03 load
[runlim] sample:		56676.11 time, 53760.01 real, 2508 MB, 1.03 load
[runlim] sample:		56686.12 time, 53770.01 real, 2511 MB, 1.02 load
[runlim] sample:		56696.12 time, 53780.01 real, 2517 MB, 1.02 load
[runlim] sample:		56706.12 time, 53790.01 real, 2517 MB, 1.09 load
[runlim] sample:		56716.13 time, 53800.01 real, 2520 MB, 1.08 load
[runlim] sample:		56726.01 time, 53810.01 real, 2528 MB, 1.06 load
[runlim] sample:		56736.01 time, 53820.01 real, 2528 MB, 1.05 load
[runlim] sample:		56746.01 time, 53830.01 real, 2528 MB, 1.04 load
[runlim] sample:		56756.02 time, 53840.01 real, 2534 MB, 1.04 load
[runlim] sample:		56766.02 time, 53850.01 real, 2534 MB, 1.03 load
[runlim] sample:		56776.02 time, 53860.01 real, 2538 MB, 1.03 load
[runlim] sample:		56786.02 time, 53870.01 real, 2544 MB, 1.02 load
[runlim] sample:		56796.03 time, 53880.01 real, 2544 MB, 1.10 load
[runlim] sample:		56806.02 time, 53890.01 real, 2546 MB, 1.08 load
[runlim] sample:		56816.03 time, 53900.01 real, 2550 MB, 1.07 load
[runlim] sample:		56826.03 time, 53910.01 real, 2556 MB, 1.06 load
[runlim] sample:		56836.04 time, 53920.01 real, 2560 MB, 1.05 load
[runlim] sample:		56846.04 time, 53930.01 real, 2560 MB, 1.04 load
[runlim] sample:		56856.04 time, 53940.01 real, 2567 MB, 1.03 load
[runlim] sample:		56866.05 time, 53950.01 real, 2567 MB, 1.03 load
[runlim] sample:		56876.05 time, 53960.01 real, 2575 MB, 1.02 load
[runlim] sample:		56886.04 time, 53970.01 real, 2575 MB, 1.02 load
[runlim] sample:		56896.05 time, 53980.01 real, 2577 MB, 1.02 load
[runlim] sample:		56906.05 time, 53990.01 real, 2582 MB, 1.01 load
[runlim] sample:		56916.05 time, 54000.01 real, 2588 MB, 1.01 load
[runlim] sample:		56926.06 time, 54010.01 real, 2593 MB, 1.16 load
[runlim] sample:		56936.06 time, 54020.01 real, 2593 MB, 1.21 load
[runlim] sample:		56946.07 time, 54030.01 real, 2601 MB, 1.18 load
[runlim] sample:		56956.07 time, 54040.01 real, 2601 MB, 1.15 load
[runlim] sample:		56966.08 time, 54050.01 real, 2610 MB, 1.13 load
[runlim] sample:		56976.08 time, 54060.01 real, 2610 MB, 1.11 load
[runlim] sample:		56986.08 time, 54070.01 real, 2612 MB, 1.09 load
[runlim] sample:		56995.93 time, 54080.01 real, 2612 MB, 1.08 load
[runlim] sample:		57005.92 time, 54090.01 real, 2612 MB, 1.06 load
[runlim] sample:		57015.93 time, 54100.01 real, 2622 MB, 1.05 load
[runlim] sample:		57025.93 time, 54110.01 real, 2622 MB, 1.05 load
[runlim] sample:		57035.93 time, 54120.01 real, 2628 MB, 1.12 load
[runlim] sample:		57045.94 time, 54130.01 real, 2628 MB, 1.10 load
[runlim] sample:		57055.94 time, 54140.01 real, 2633 MB, 1.08 load
[runlim] sample:		57065.94 time, 54150.01 real, 2633 MB, 1.07 load
[runlim] sample:		57075.94 time, 54160.01 real, 2651 MB, 1.06 load
[runlim] sample:		57085.95 time, 54170.01 real, 2651 MB, 1.05 load
[runlim] sample:		57095.95 time, 54180.01 real, 2669 MB, 1.04 load
[runlim] sample:		57105.95 time, 54190.01 real, 2658 MB, 1.04 load
[runlim] sample:		57115.95 time, 54200.01 real, 2658 MB, 1.03 load
[runlim] sample:		57125.95 time, 54210.01 real, 2667 MB, 1.02 load
[runlim] sample:		57135.96 time, 54220.01 real, 2667 MB, 1.02 load
[runlim] sample:		57145.96 time, 54230.01 real, 2676 MB, 1.02 load
[runlim] sample:		57155.97 time, 54240.01 real, 2676 MB, 1.01 load
[runlim] sample:		57165.96 time, 54250.01 real, 2676 MB, 1.01 load
[runlim] sample:		57175.97 time, 54260.01 real, 2684 MB, 1.01 load

NN₁: mnist_relu_3_100_gemm.onnx
NN₂: mnist_relu_3_100_0.79_adam_1_stepsize.onnx
Prop: mnist_8_global_4.vnnlib

NN₁: mnist_relu_3_100_gemm.onnx
NN₂: mnist_relu_3_100_0.79_adam_1_stepsize.onnx
Prop: mnist_8_global_5.vnnlib
[runlim] sample:		57185.96 time, 54270.01 real, 2490 MB, 1.01 load
[runlim] sample:		57195.96 time, 54280.01 real, 2491 MB, 1.01 load
[runlim] sample:		57205.96 time, 54290.01 real, 2494 MB, 1.00 load
[runlim] sample:		57215.97 time, 54300.01 real, 2494 MB, 1.00 load
[runlim] sample:		57225.96 time, 54310.01 real, 2494 MB, 1.00 load
[runlim] sample:		57235.97 time, 54320.01 real, 2494 MB, 1.00 load
[runlim] sample:		57245.98 time, 54330.01 real, 2495 MB, 1.00 load
[runlim] sample:		57255.98 time, 54340.01 real, 2496 MB, 1.00 load
[runlim] sample:		57265.69 time, 54350.01 real, 2498 MB, 1.00 load
[runlim] sample:		57275.69 time, 54360.01 real, 2498 MB, 1.00 load
[runlim] sample:		57285.69 time, 54370.01 real, 2504 MB, 1.00 load
[runlim] sample:		57295.70 time, 54380.01 real, 2504 MB, 1.00 load
[runlim] sample:		57305.70 time, 54390.01 real, 2506 MB, 1.00 load
[runlim] sample:		57315.70 time, 54400.01 real, 2510 MB, 1.00 load
[runlim] sample:		57325.71 time, 54410.01 real, 2514 MB, 1.00 load
[runlim] sample:		57335.70 time, 54420.01 real, 2519 MB, 1.00 load
[runlim] sample:		57345.71 time, 54430.01 real, 2519 MB, 1.00 load
[runlim] sample:		57355.71 time, 54440.01 real, 2520 MB, 1.00 load
[runlim] sample:		57365.72 time, 54450.01 real, 2523 MB, 1.00 load
[runlim] sample:		57375.71 time, 54460.01 real, 2533 MB, 1.00 load
[runlim] sample:		57385.72 time, 54470.01 real, 2533 MB, 1.00 load
[runlim] sample:		57395.72 time, 54480.01 real, 2534 MB, 1.00 load
[runlim] sample:		57405.73 time, 54490.01 real, 2544 MB, 1.00 load
[runlim] sample:		57415.72 time, 54500.01 real, 2544 MB, 1.00 load
[runlim] sample:		57425.73 time, 54510.01 real, 2545 MB, 1.15 load
[runlim] sample:		57435.73 time, 54520.01 real, 2550 MB, 1.20 load
[runlim] sample:		57445.73 time, 54530.01 real, 2556 MB, 1.17 load
[runlim] sample:		57455.74 time, 54540.01 real, 2556 MB, 1.15 load
[runlim] sample:		57465.74 time, 54550.01 real, 2561 MB, 1.12 load
[runlim] sample:		57475.74 time, 54560.01 real, 2569 MB, 1.10 load
[runlim] sample:		57485.75 time, 54570.01 real, 2569 MB, 1.09 load
[runlim] sample:		57495.75 time, 54580.01 real, 2574 MB, 1.07 load
[runlim] sample:		57505.75 time, 54590.01 real, 2574 MB, 1.06 load
[runlim] sample:		57515.75 time, 54600.01 real, 2580 MB, 1.05 load
[runlim] sample:		57525.75 time, 54610.01 real, 2586 MB, 1.04 load
[runlim] sample:		57535.62 time, 54620.01 real, 2586 MB, 1.04 load
[runlim] sample:		57545.62 time, 54630.01 real, 2598 MB, 1.03 load
[runlim] sample:		57555.63 time, 54640.01 real, 2605 MB, 1.02 load
[runlim] sample:		57565.63 time, 54650.01 real, 2605 MB, 1.02 load
[runlim] sample:		57575.63 time, 54660.01 real, 2605 MB, 1.02 load
[runlim] sample:		57585.63 time, 54670.01 real, 2605 MB, 1.01 load
[runlim] sample:		57595.64 time, 54680.01 real, 2611 MB, 1.01 load
[runlim] sample:		57605.64 time, 54690.01 real, 2611 MB, 1.01 load
[runlim] sample:		57615.65 time, 54700.01 real, 2618 MB, 1.01 load
[runlim] sample:		57625.64 time, 54710.01 real, 2652 MB, 1.08 load
[runlim] sample:		57635.65 time, 54720.01 real, 2650 MB, 1.07 load
[runlim] sample:		57645.65 time, 54730.01 real, 2658 MB, 1.06 load
[runlim] sample:		57655.65 time, 54740.01 real, 2658 MB, 1.05 load
[runlim] sample:		57665.65 time, 54750.01 real, 2666 MB, 1.04 load
[runlim] sample:		57675.66 time, 54760.01 real, 2666 MB, 1.03 load
[runlim] sample:		57685.66 time, 54770.01 real, 2673 MB, 1.03 load
[runlim] sample:		57695.67 time, 54780.01 real, 2673 MB, 1.02 load
[runlim] sample:		57705.66 time, 54790.01 real, 2681 MB, 1.02 load
[runlim] sample:		57715.66 time, 54800.01 real, 2681 MB, 1.02 load
[runlim] sample:		57725.67 time, 54810.01 real, 2689 MB, 1.01 load
[runlim] sample:		57735.67 time, 54820.01 real, 2689 MB, 1.01 load
[runlim] sample:		57745.68 time, 54830.01 real, 2697 MB, 1.01 load
[runlim] sample:		57755.68 time, 54840.01 real, 2697 MB, 1.01 load
[runlim] sample:		57765.68 time, 54850.01 real, 2706 MB, 1.00 load
[runlim] sample:		57775.68 time, 54860.01 real, 2706 MB, 1.00 load

NN₁: mnist_relu_3_100_gemm.onnx
NN₂: mnist_relu_3_100_0.79_adam_1_stepsize.onnx
Prop: mnist_9_global_4.vnnlib

NN₁: mnist_relu_3_100_gemm.onnx
NN₂: mnist_relu_3_100_0.79_adam_1_stepsize.onnx
Prop: mnist_9_global_5.vnnlib
[runlim] sample:		57785.67 time, 54870.01 real, 2493 MB, 1.00 load
[runlim] sample:		57795.66 time, 54880.01 real, 2493 MB, 1.00 load
[runlim] sample:		57805.52 time, 54890.01 real, 2493 MB, 1.00 load
[runlim] sample:		57815.51 time, 54900.01 real, 2493 MB, 1.00 load
[runlim] sample:		57825.52 time, 54910.01 real, 2493 MB, 1.00 load
[runlim] sample:		57835.53 time, 54920.01 real, 2494 MB, 1.00 load
[runlim] sample:		57845.53 time, 54930.01 real, 2501 MB, 1.00 load
[runlim] sample:		57855.53 time, 54940.01 real, 2508 MB, 1.00 load
[runlim] sample:		57865.53 time, 54950.01 real, 2513 MB, 1.00 load
[runlim] sample:		57875.53 time, 54960.01 real, 2513 MB, 1.00 load
[runlim] sample:		57885.54 time, 54970.01 real, 2520 MB, 1.00 load
[runlim] sample:		57895.54 time, 54980.01 real, 2529 MB, 1.00 load
[runlim] sample:		57905.54 time, 54990.01 real, 2537 MB, 1.00 load
[runlim] sample:		57915.54 time, 55000.01 real, 2546 MB, 1.00 load
[runlim] sample:		57925.55 time, 55010.01 real, 2554 MB, 1.15 load
[runlim] sample:		57935.55 time, 55020.01 real, 2554 MB, 1.20 load
[runlim] sample:		57945.55 time, 55030.01 real, 2565 MB, 1.17 load
[runlim] sample:		57955.56 time, 55040.01 real, 2576 MB, 1.15 load
[runlim] sample:		57965.55 time, 55050.01 real, 2584 MB, 1.12 load
[runlim] sample:		57975.56 time, 55060.01 real, 2584 MB, 1.10 load
[runlim] sample:		57985.56 time, 55070.01 real, 2594 MB, 1.09 load
[runlim] sample:		57995.56 time, 55080.01 real, 2604 MB, 1.07 load
[runlim] sample:		58005.57 time, 55090.01 real, 2604 MB, 1.06 load
[runlim] sample:		58015.57 time, 55100.01 real, 2639 MB, 1.05 load
[runlim] sample:		58025.57 time, 55110.01 real, 2649 MB, 1.04 load
[runlim] sample:		58035.57 time, 55120.01 real, 2649 MB, 1.04 load
[runlim] sample:		58045.57 time, 55130.01 real, 2658 MB, 1.03 load
[runlim] sample:		58055.57 time, 55140.01 real, 2658 MB, 1.02 load
[runlim] sample:		58065.58 time, 55150.01 real, 2669 MB, 1.02 load
[runlim] sample:		58075.43 time, 55160.01 real, 2681 MB, 1.02 load
[runlim] sample:		58085.43 time, 55170.01 real, 2681 MB, 1.01 load
[runlim] sample:		58095.43 time, 55180.01 real, 2691 MB, 1.01 load
[runlim] sample:		58105.43 time, 55190.01 real, 2691 MB, 1.08 load
[runlim] sample:		58115.43 time, 55200.01 real, 2704 MB, 1.07 load
[runlim] sample:		58125.44 time, 55210.01 real, 2717 MB, 1.06 load
[runlim] sample:		58135.45 time, 55220.01 real, 2717 MB, 1.05 load
[runlim] sample:		58145.44 time, 55230.01 real, 2727 MB, 1.04 load
[runlim] sample:		58155.44 time, 55240.01 real, 2727 MB, 1.03 load
[runlim] sample:		58165.45 time, 55250.01 real, 2738 MB, 1.03 load
[runlim] sample:		58175.45 time, 55260.01 real, 2738 MB, 1.02 load
[runlim] sample:		58185.45 time, 55270.01 real, 2751 MB, 1.02 load
[runlim] sample:		58195.46 time, 55280.01 real, 2751 MB, 1.02 load
[runlim] sample:		58205.45 time, 55290.01 real, 2767 MB, 1.01 load
[runlim] sample:		58215.46 time, 55300.01 real, 2767 MB, 1.01 load
[runlim] sample:		58225.47 time, 55310.01 real, 2778 MB, 1.01 load
[runlim] sample:		58235.47 time, 55320.01 real, 2778 MB, 1.01 load
[runlim] sample:		58245.47 time, 55330.01 real, 2804 MB, 1.01 load
[runlim] sample:		58255.47 time, 55340.01 real, 2804 MB, 1.00 load
[runlim] sample:		58265.47 time, 55350.01 real, 2809 MB, 1.00 load
[runlim] sample:		58275.48 time, 55360.01 real, 2840 MB, 1.00 load
[runlim] sample:		58285.48 time, 55370.01 real, 2840 MB, 1.00 load
[runlim] sample:		58295.48 time, 55380.01 real, 2875 MB, 1.00 load
[runlim] sample:		58305.48 time, 55390.01 real, 2875 MB, 1.00 load
[runlim] sample:		58315.48 time, 55400.01 real, 2915 MB, 1.00 load
[runlim] sample:		58325.49 time, 55410.01 real, 2915 MB, 1.00 load
[runlim] sample:		58335.49 time, 55420.01 real, 2953 MB, 1.00 load
[runlim] sample:		58345.35 time, 55430.01 real, 2953 MB, 1.07 load
[runlim] sample:		58355.35 time, 55440.01 real, 2953 MB, 1.06 load
[runlim] sample:		58365.35 time, 55450.01 real, 2990 MB, 1.05 load
[runlim] sample:		58375.35 time, 55460.01 real, 2990 MB, 1.04 load
[runlim] sample:		58385.36 time, 55470.01 real, 3015 MB, 1.04 load

NN₁: mnist_relu_3_100_gemm.onnx
NN₂: mnist_relu_3_100_0.79_adam_1_stepsize.onnx
Prop: mnist_10_global_4.vnnlib

NN₁: mnist_relu_3_100_gemm.onnx
NN₂: mnist_relu_3_100_0.79_adam_1_stepsize.onnx
Prop: mnist_10_global_5.vnnlib

NN₁: mnist_relu_3_100_gemm.onnx
NN₂: mnist_relu_3_100_0.79_adam_1_stepsize.onnx
Prop: mnist_11_global_4.vnnlib

NN₁: mnist_relu_3_100_gemm.onnx
NN₂: mnist_relu_3_100_0.79_adam_1_stepsize.onnx
Prop: mnist_11_global_5.vnnlib
[runlim] sample:		58395.34 time, 55480.01 real, 2490 MB, 1.03 load
[runlim] sample:		58405.35 time, 55490.01 real, 2490 MB, 1.02 load
[runlim] sample:		58415.35 time, 55500.01 real, 2490 MB, 1.02 load
[runlim] sample:		58425.35 time, 55510.01 real, 2490 MB, 1.17 load
[runlim] sample:		58435.35 time, 55520.01 real, 2490 MB, 1.22 load
[runlim] sample:		58445.35 time, 55530.01 real, 2490 MB, 1.19 load
[runlim] sample:		58455.36 time, 55540.01 real, 2495 MB, 1.16 load
[runlim] sample:		58465.36 time, 55550.01 real, 2499 MB, 1.13 load
[runlim] sample:		58475.36 time, 55560.01 real, 2504 MB, 1.11 load
[runlim] sample:		58485.37 time, 55570.01 real, 2507 MB, 1.09 load
[runlim] sample:		58495.36 time, 55580.01 real, 2510 MB, 1.08 load
[runlim] sample:		58505.37 time, 55590.01 real, 2516 MB, 1.07 load
[runlim] sample:		58515.37 time, 55600.01 real, 2516 MB, 1.06 load
[runlim] sample:		58525.38 time, 55610.01 real, 2522 MB, 1.05 load
[runlim] sample:		58535.38 time, 55620.01 real, 2528 MB, 1.04 load
[runlim] sample:		58545.38 time, 55630.01 real, 2533 MB, 1.03 load
[runlim] sample:		58555.39 time, 55640.01 real, 2533 MB, 1.03 load
[runlim] sample:		58565.39 time, 55650.01 real, 2539 MB, 1.02 load
[runlim] sample:		58575.38 time, 55660.01 real, 2548 MB, 1.02 load
[runlim] sample:		58585.39 time, 55670.01 real, 2551 MB, 1.02 load
[runlim] sample:		58595.39 time, 55680.01 real, 2551 MB, 1.01 load
[runlim] sample:		58605.40 time, 55690.01 real, 2558 MB, 1.09 load
[runlim] sample:		58615.25 time, 55700.01 real, 2565 MB, 1.08 load
[runlim] sample:		58625.26 time, 55710.01 real, 2565 MB, 1.06 load
[runlim] sample:		58635.27 time, 55720.01 real, 2573 MB, 1.05 load
[runlim] sample:		58645.26 time, 55730.01 real, 2575 MB, 1.04 load
[runlim] sample:		58655.26 time, 55740.01 real, 2575 MB, 1.04 load
[runlim] sample:		58665.27 time, 55750.01 real, 2585 MB, 1.03 load
[runlim] sample:		58675.27 time, 55760.01 real, 2594 MB, 1.03 load
[runlim] sample:		58685.28 time, 55770.01 real, 2594 MB, 1.02 load
[runlim] sample:		58695.28 time, 55780.01 real, 2596 MB, 1.02 load
[runlim] sample:		58705.28 time, 55790.01 real, 2596 MB, 1.01 load
[runlim] sample:		58715.28 time, 55800.01 real, 2604 MB, 1.75 load
[runlim] sample:		58725.28 time, 55810.01 real, 2616 MB, 1.63 load
[runlim] sample:		58735.28 time, 55820.01 real, 2616 MB, 1.54 load
[runlim] sample:		58745.29 time, 55830.01 real, 2646 MB, 1.45 load
[runlim] sample:		58755.29 time, 55840.01 real, 2646 MB, 1.38 load
[runlim] sample:		58765.30 time, 55850.01 real, 2653 MB, 1.32 load
[runlim] sample:		58775.29 time, 55860.01 real, 2653 MB, 1.27 load
[runlim] sample:		58785.30 time, 55870.01 real, 2662 MB, 1.23 load
[runlim] sample:		58795.31 time, 55880.01 real, 2671 MB, 1.20 load
[runlim] sample:		58805.30 time, 55890.01 real, 2670 MB, 1.17 load
[runlim] sample:		58815.31 time, 55900.01 real, 2678 MB, 1.14 load
[runlim] sample:		58825.31 time, 55910.01 real, 2678 MB, 1.12 load
[runlim] sample:		58835.31 time, 55920.01 real, 2685 MB, 1.10 load
[runlim] sample:		58845.31 time, 55930.01 real, 2685 MB, 1.08 load
[runlim] sample:		58855.32 time, 55940.01 real, 2694 MB, 1.07 load
[runlim] sample:		58865.32 time, 55950.01 real, 2694 MB, 1.06 load
[runlim] sample:		58875.32 time, 55960.01 real, 2703 MB, 1.05 load
[runlim] sample:		58885.20 time, 55970.01 real, 2703 MB, 1.04 load
[runlim] sample:		58895.20 time, 55980.01 real, 2712 MB, 1.03 load
[runlim] sample:		58905.20 time, 55990.01 real, 2712 MB, 1.03 load
[runlim] sample:		58915.20 time, 56000.01 real, 2721 MB, 1.02 load
[runlim] sample:		58925.21 time, 56010.01 real, 2721 MB, 1.17 load
[runlim] sample:		58935.21 time, 56020.01 real, 2730 MB, 1.22 load
[runlim] sample:		58945.22 time, 56030.01 real, 2730 MB, 1.19 load
[runlim] sample:		58955.22 time, 56040.01 real, 2738 MB, 1.16 load
[runlim] sample:		58965.22 time, 56050.01 real, 2738 MB, 1.13 load
[runlim] sample:		58975.22 time, 56060.01 real, 2738 MB, 1.11 load
[runlim] sample:		58985.22 time, 56070.01 real, 2749 MB, 1.09 load

NN₁: mnist_relu_3_100_gemm.onnx
NN₂: mnist_relu_3_100_0.79_adam_1_stepsize.onnx
Prop: mnist_12_global_4.vnnlib
[runlim] sample:		58995.20 time, 56080.01 real, 2492 MB, 1.08 load
[runlim] sample:		59005.21 time, 56090.01 real, 2492 MB, 1.07 load

NN₁: mnist_relu_3_100_gemm.onnx
NN₂: mnist_relu_3_100_0.79_adam_1_stepsize.onnx
Prop: mnist_12_global_5.vnnlib
[runlim] sample:		59015.21 time, 56100.01 real, 2493 MB, 1.06 load
[runlim] sample:		59025.21 time, 56110.01 real, 2495 MB, 1.05 load
[runlim] sample:		59035.21 time, 56120.01 real, 2498 MB, 1.04 load
[runlim] sample:		59045.21 time, 56130.01 real, 2501 MB, 1.03 load
[runlim] sample:		59055.22 time, 56140.01 real, 2501 MB, 1.03 load
[runlim] sample:		59065.23 time, 56150.01 real, 2506 MB, 1.02 load
[runlim] sample:		59075.22 time, 56160.01 real, 2507 MB, 1.02 load
[runlim] sample:		59085.22 time, 56170.02 real, 2514 MB, 1.02 load
[runlim] sample:		59095.23 time, 56180.01 real, 2519 MB, 1.01 load
[runlim] sample:		59105.23 time, 56190.02 real, 2519 MB, 1.01 load
[runlim] sample:		59115.24 time, 56200.01 real, 2523 MB, 1.01 load
[runlim] sample:		59125.24 time, 56210.01 real, 2528 MB, 1.01 load
[runlim] sample:		59135.24 time, 56220.01 real, 2528 MB, 1.00 load
[runlim] sample:		59145.24 time, 56230.01 real, 2533 MB, 1.00 load
[runlim] sample:		59155.13 time, 56240.01 real, 2537 MB, 1.00 load
[runlim] sample:		59165.12 time, 56250.01 real, 2537 MB, 1.00 load
[runlim] sample:		59175.13 time, 56260.01 real, 2543 MB, 1.00 load
[runlim] sample:		59185.13 time, 56270.01 real, 2550 MB, 1.00 load
[runlim] sample:		59195.13 time, 56280.01 real, 2550 MB, 1.00 load
[runlim] sample:		59205.13 time, 56290.01 real, 2553 MB, 1.00 load
[runlim] sample:		59215.14 time, 56300.01 real, 2553 MB, 1.00 load
[runlim] sample:		59225.14 time, 56310.01 real, 2562 MB, 1.00 load
[runlim] sample:		59235.14 time, 56320.01 real, 2562 MB, 1.00 load
[runlim] sample:		59245.14 time, 56330.01 real, 2569 MB, 1.00 load
[runlim] sample:		59255.15 time, 56340.01 real, 2576 MB, 1.00 load
[runlim] sample:		59265.15 time, 56350.01 real, 2576 MB, 1.00 load
[runlim] sample:		59275.16 time, 56360.01 real, 2583 MB, 1.00 load
[runlim] sample:		59285.16 time, 56370.01 real, 2583 MB, 1.00 load
[runlim] sample:		59295.15 time, 56380.01 real, 2592 MB, 1.00 load
[runlim] sample:		59305.16 time, 56390.01 real, 2592 MB, 1.00 load
[runlim] sample:		59315.16 time, 56400.01 real, 2593 MB, 1.00 load
[runlim] sample:		59325.16 time, 56410.01 real, 2593 MB, 1.00 load
[runlim] sample:		59335.17 time, 56420.01 real, 2607 MB, 1.00 load
[runlim] sample:		59345.17 time, 56430.01 real, 2607 MB, 1.00 load
[runlim] sample:		59355.17 time, 56440.01 real, 2615 MB, 1.00 load
[runlim] sample:		59365.18 time, 56450.01 real, 2615 MB, 1.00 load
[runlim] sample:		59375.18 time, 56460.01 real, 2624 MB, 1.00 load
[runlim] sample:		59385.18 time, 56470.01 real, 2624 MB, 1.00 load
[runlim] sample:		59395.19 time, 56480.01 real, 2624 MB, 1.00 load
[runlim] sample:		59405.18 time, 56490.01 real, 2633 MB, 1.00 load
[runlim] sample:		59415.19 time, 56500.01 real, 2633 MB, 1.00 load
[runlim] sample:		59425.05 time, 56510.01 real, 2644 MB, 1.08 load
[runlim] sample:		59435.05 time, 56520.01 real, 2644 MB, 1.22 load
[runlim] sample:		59445.06 time, 56530.01 real, 2655 MB, 1.26 load
[runlim] sample:		59455.06 time, 56540.01 real, 2654 MB, 1.22 load
[runlim] sample:		59465.06 time, 56550.01 real, 2654 MB, 1.19 load
[runlim] sample:		59475.07 time, 56560.01 real, 2664 MB, 1.16 load
[runlim] sample:		59485.07 time, 56570.01 real, 2664 MB, 1.13 load
[runlim] sample:		59495.07 time, 56580.01 real, 2674 MB, 1.11 load
[runlim] sample:		59505.07 time, 56590.01 real, 2674 MB, 1.09 load
[runlim] sample:		59515.07 time, 56600.01 real, 2674 MB, 1.08 load
[runlim] sample:		59525.08 time, 56610.01 real, 2683 MB, 1.07 load
[runlim] sample:		59535.08 time, 56620.01 real, 2683 MB, 1.06 load
[runlim] sample:		59545.09 time, 56630.01 real, 2693 MB, 1.05 load
[runlim] sample:		59555.09 time, 56640.01 real, 2693 MB, 1.04 load
[runlim] sample:		59565.09 time, 56650.01 real, 2693 MB, 1.03 load
[runlim] sample:		59575.09 time, 56660.01 real, 2703 MB, 1.03 load
[runlim] sample:		59585.09 time, 56670.01 real, 2703 MB, 1.02 load
[runlim] sample:		59595.09 time, 56680.01 real, 2703 MB, 1.02 load
[runlim] sample:		59605.10 time, 56690.01 real, 2713 MB, 1.02 load

NN₁: mnist_relu_3_100_gemm.onnx
NN₂: mnist_relu_3_100_0.79_adam_1_stepsize.onnx
Prop: mnist_13_global_4.vnnlib

NN₁: mnist_relu_3_100_gemm.onnx
NN₂: mnist_relu_3_100_0.79_adam_1_stepsize.onnx
Prop: mnist_13_global_5.vnnlib

NN₁: mnist_relu_3_100_gemm.onnx
NN₂: mnist_relu_3_100_0.79_adam_1_stepsize.onnx
Prop: mnist_14_global_4.vnnlib

NN₁: mnist_relu_3_100_gemm.onnx
NN₂: mnist_relu_3_100_0.79_adam_1_stepsize.onnx
Prop: mnist_14_global_5.vnnlib

NN₁: mnist_relu_3_100_gemm.onnx
NN₂: mnist_relu_3_100_0.79_adam_1_stepsize.onnx
Prop: mnist_15_global_4.vnnlib

NN₁: mnist_relu_3_100_gemm.onnx
NN₂: mnist_relu_3_100_0.79_adam_1_stepsize.onnx
Prop: mnist_15_global_5.vnnlib
[runlim] sample:		59615.08 time, 56700.01 real, 2494 MB, 1.01 load
[runlim] sample:		59625.08 time, 56710.01 real, 2492 MB, 1.01 load
[runlim] sample:		59635.09 time, 56720.01 real, 2492 MB, 1.01 load
[runlim] sample:		59645.08 time, 56730.01 real, 2492 MB, 1.01 load
[runlim] sample:		59655.09 time, 56740.02 real, 2494 MB, 1.00 load
[runlim] sample:		59665.09 time, 56750.01 real, 2497 MB, 1.00 load
[runlim] sample:		59675.10 time, 56760.01 real, 2502 MB, 1.00 load
[runlim] sample:		59685.10 time, 56770.01 real, 2508 MB, 1.00 load
[runlim] sample:		59694.95 time, 56780.01 real, 2513 MB, 1.00 load
[runlim] sample:		59704.95 time, 56790.01 real, 2513 MB, 1.00 load
[runlim] sample:		59714.95 time, 56800.01 real, 2519 MB, 1.00 load
[runlim] sample:		59724.95 time, 56810.01 real, 2526 MB, 1.00 load
[runlim] sample:		59734.95 time, 56820.01 real, 2532 MB, 1.00 load
[runlim] sample:		59744.96 time, 56830.01 real, 2532 MB, 1.00 load
[runlim] sample:		59754.96 time, 56840.01 real, 2539 MB, 1.00 load
[runlim] sample:		59764.97 time, 56850.01 real, 2547 MB, 1.00 load
[runlim] sample:		59774.96 time, 56860.01 real, 2547 MB, 1.00 load
[runlim] sample:		59784.96 time, 56870.01 real, 2554 MB, 1.00 load
[runlim] sample:		59794.97 time, 56880.01 real, 2564 MB, 1.00 load
[runlim] sample:		59804.97 time, 56890.01 real, 2564 MB, 1.00 load
[runlim] sample:		59814.98 time, 56900.01 real, 2564 MB, 1.00 load
[runlim] sample:		59824.98 time, 56910.01 real, 2564 MB, 1.00 load
[runlim] sample:		59834.98 time, 56920.01 real, 2564 MB, 1.00 load
[runlim] sample:		59844.98 time, 56930.01 real, 2564 MB, 1.00 load
[runlim] sample:		59854.99 time, 56940.01 real, 2577 MB, 1.00 load
[runlim] sample:		59864.99 time, 56950.01 real, 2587 MB, 1.00 load
[runlim] sample:		59874.99 time, 56960.01 real, 2587 MB, 1.00 load
[runlim] sample:		59884.99 time, 56970.01 real, 2593 MB, 1.00 load
[runlim] sample:		59895.00 time, 56980.01 real, 2593 MB, 1.00 load
[runlim] sample:		59905.00 time, 56990.01 real, 2593 MB, 1.00 load
[runlim] sample:		59915.00 time, 57000.01 real, 2593 MB, 1.00 load
[runlim] sample:		59925.01 time, 57010.01 real, 2598 MB, 1.08 load
[runlim] sample:		59935.01 time, 57020.01 real, 2598 MB, 1.22 load
[runlim] sample:		59945.01 time, 57030.01 real, 2598 MB, 1.26 load
[runlim] sample:		59955.01 time, 57040.01 real, 2598 MB, 1.22 load
[runlim] sample:		59964.78 time, 57050.01 real, 2598 MB, 1.19 load
[runlim] sample:		59974.79 time, 57060.01 real, 2598 MB, 1.16 load
[runlim] sample:		59984.79 time, 57070.01 real, 2598 MB, 1.13 load
[runlim] sample:		59994.79 time, 57080.01 real, 2598 MB, 1.11 load
[runlim] sample:		60004.79 time, 57090.01 real, 2598 MB, 1.09 load
[runlim] sample:		60014.80 time, 57100.01 real, 2598 MB, 1.08 load
[runlim] sample:		60024.80 time, 57110.01 real, 2598 MB, 1.07 load
[runlim] sample:		60034.80 time, 57120.01 real, 2609 MB, 1.06 load
[runlim] sample:		60044.80 time, 57130.01 real, 2609 MB, 1.05 load
[runlim] sample:		60054.81 time, 57140.01 real, 2609 MB, 1.04 load
[runlim] sample:		60064.80 time, 57150.02 real, 2609 MB, 1.03 load
[runlim] sample:		60074.82 time, 57160.01 real, 2609 MB, 1.03 load
[runlim] sample:		60084.81 time, 57170.01 real, 2609 MB, 1.02 load
[runlim] sample:		60094.81 time, 57180.01 real, 2609 MB, 1.02 load
[runlim] sample:		60104.82 time, 57190.02 real, 2609 MB, 1.02 load
[runlim] sample:		60114.82 time, 57200.01 real, 2623 MB, 1.01 load
[runlim] sample:		60124.83 time, 57210.01 real, 2623 MB, 1.01 load
[runlim] sample:		60134.82 time, 57220.01 real, 2633 MB, 1.01 load
[runlim] sample:		60144.83 time, 57230.01 real, 2633 MB, 1.01 load
[runlim] sample:		60154.83 time, 57240.01 real, 2633 MB, 1.00 load
[runlim] sample:		60164.83 time, 57250.01 real, 2633 MB, 1.00 load
[runlim] sample:		60174.84 time, 57260.01 real, 2633 MB, 1.00 load
[runlim] sample:		60184.84 time, 57270.01 real, 2656 MB, 1.00 load
[runlim] sample:		60194.84 time, 57280.01 real, 2656 MB, 1.00 load
[runlim] sample:		60204.84 time, 57290.01 real, 2656 MB, 1.00 load

NN₁: mnist_relu_3_100_gemm.onnx
NN₂: mnist_relu_3_100_0.79_adam_1_stepsize.onnx
Prop: mnist_16_global_4.vnnlib
[runlim] sample:		60214.84 time, 57300.01 real, 2492 MB, 1.00 load

NN₁: mnist_relu_3_100_gemm.onnx
NN₂: mnist_relu_3_100_0.79_adam_1_stepsize.onnx
Prop: mnist_16_global_5.vnnlib
[runlim] sample:		60225.19 time, 57310.01 real, 2494 MB, 1.00 load
[runlim] sample:		60235.64 time, 57320.01 real, 2494 MB, 0.92 load
[runlim] sample:		60247.44 time, 57330.01 real, 2493 MB, 0.93 load
[runlim] sample:		60257.44 time, 57340.01 real, 2493 MB, 0.94 load
[runlim] sample:		60268.13 time, 57350.01 real, 2493 MB, 0.95 load
[runlim] sample:		60278.60 time, 57360.01 real, 2496 MB, 0.96 load
[runlim] sample:		60289.77 time, 57370.01 real, 2496 MB, 0.97 load
[runlim] sample:		60300.83 time, 57380.01 real, 2495 MB, 1.12 load
[runlim] sample:		60310.83 time, 57390.01 real, 2495 MB, 1.10 load
[runlim] sample:		60321.97 time, 57400.01 real, 2495 MB, 1.08 load
[runlim] sample:		60334.35 time, 57410.01 real, 2494 MB, 1.07 load
[runlim] sample:		60345.06 time, 57420.01 real, 2493 MB, 1.06 load
[runlim] sample:		60355.06 time, 57430.01 real, 2493 MB, 1.05 load
[runlim] sample:		60365.18 time, 57440.01 real, 2492 MB, 1.04 load
[runlim] sample:		60375.32 time, 57450.01 real, 2497 MB, 1.04 load
[runlim] sample:		60385.60 time, 57460.01 real, 2502 MB, 1.03 load
[runlim] sample:		60395.97 time, 57470.01 real, 2508 MB, 1.02 load
[runlim] sample:		60405.98 time, 57480.01 real, 2512 MB, 1.02 load
[runlim] sample:		60416.05 time, 57490.01 real, 2517 MB, 1.02 load
[runlim] sample:		60428.49 time, 57500.01 real, 2524 MB, 1.01 load
[runlim] sample:		60440.31 time, 57510.01 real, 2530 MB, 1.09 load
[runlim] sample:		60451.34 time, 57520.02 real, 2539 MB, 1.23 load
[runlim] sample:		60463.06 time, 57530.01 real, 2538 MB, 1.27 load
[runlim] sample:		60474.02 time, 57540.01 real, 2538 MB, 1.23 load
[runlim] sample:		60484.02 time, 57550.01 real, 2540 MB, 1.19 load
[runlim] sample:		60494.03 time, 57560.01 real, 2544 MB, 1.16 load
[runlim] sample:		60504.03 time, 57570.01 real, 2547 MB, 1.14 load
[runlim] sample:		60515.01 time, 57580.01 real, 2550 MB, 1.12 load
[runlim] sample:		60525.37 time, 57590.01 real, 2550 MB, 1.10 load
[runlim] sample:		60538.43 time, 57600.01 real, 2556 MB, 1.08 load
[runlim] sample:		60549.06 time, 57610.01 real, 2560 MB, 1.07 load
[runlim] sample:		60559.07 time, 57620.01 real, 2565 MB, 1.06 load
[runlim] sample:		60569.07 time, 57630.01 real, 2565 MB, 1.05 load
[runlim] sample:		60579.63 time, 57640.01 real, 2573 MB, 1.04 load
[runlim] sample:		60590.01 time, 57650.01 real, 2577 MB, 1.03 load
[runlim] sample:		60600.39 time, 57660.01 real, 2576 MB, 1.03 load
[runlim] sample:		60610.40 time, 57670.01 real, 2582 MB, 1.02 load
[runlim] sample:		60620.40 time, 57680.01 real, 2588 MB, 1.02 load
[runlim] sample:		60630.47 time, 57690.01 real, 2588 MB, 1.02 load
[runlim] sample:		60640.48 time, 57700.01 real, 2596 MB, 1.01 load
[runlim] sample:		60651.90 time, 57710.01 real, 2596 MB, 1.01 load
[runlim] sample:		60662.37 time, 57720.01 real, 2594 MB, 1.01 load
[runlim] sample:		60672.45 time, 57730.01 real, 2599 MB, 1.01 load
[runlim] sample:		60682.51 time, 57740.01 real, 2600 MB, 1.00 load
[runlim] sample:		60692.51 time, 57750.01 real, 2607 MB, 1.00 load
[runlim] sample:		60702.51 time, 57760.01 real, 2615 MB, 1.00 load
[runlim] sample:		60712.52 time, 57770.01 real, 2615 MB, 1.00 load
[runlim] sample:		60722.53 time, 57780.01 real, 2622 MB, 1.00 load
[runlim] sample:		60732.73 time, 57790.01 real, 2623 MB, 1.00 load
[runlim] sample:		60742.99 time, 57800.01 real, 2627 MB, 1.00 load
[runlim] sample:		60753.87 time, 57810.01 real, 2628 MB, 1.00 load
[runlim] sample:		60764.12 time, 57820.01 real, 2642 MB, 1.00 load
[runlim] sample:		60774.86 time, 57830.01 real, 2652 MB, 1.00 load
[runlim] sample:		60786.51 time, 57840.01 real, 2646 MB, 1.00 load
[runlim] sample:		60800.52 time, 57850.01 real, 2654 MB, 1.16 load
[runlim] sample:		60814.63 time, 57860.01 real, 2646 MB, 1.13 load
[runlim] sample:		60826.52 time, 57870.01 real, 2650 MB, 1.11 load
[runlim] sample:		60836.52 time, 57880.01 real, 2654 MB, 1.10 load
[runlim] sample:		60846.52 time, 57890.01 real, 2654 MB, 1.08 load
[runlim] sample:		60856.53 time, 57900.01 real, 2659 MB, 1.15 load

NN₁: mnist_relu_3_100_gemm.onnx
NN₂: mnist_relu_3_100_0.79_adam_1_stepsize.onnx
Prop: mnist_17_global_4.vnnlib

NN₁: mnist_relu_3_100_gemm.onnx
NN₂: mnist_relu_3_100_0.79_adam_1_stepsize.onnx
Prop: mnist_17_global_5.vnnlib

NN₁: mnist_relu_3_100_gemm.onnx
NN₂: mnist_relu_3_100_0.79_adam_1_stepsize.onnx
Prop: mnist_18_global_4.vnnlib

NN₁: mnist_relu_3_100_gemm.onnx
NN₂: mnist_relu_3_100_0.79_adam_1_stepsize.onnx
Prop: mnist_18_global_5.vnnlib
[runlim] sample:		60866.51 time, 57910.01 real, 2489 MB, 1.12 load
[runlim] sample:		60876.52 time, 57920.01 real, 2489 MB, 1.47 load
[runlim] sample:		60886.51 time, 57930.01 real, 2489 MB, 1.40 load
[runlim] sample:		60896.53 time, 57940.01 real, 2489 MB, 1.34 load
[runlim] sample:		60906.53 time, 57950.01 real, 2490 MB, 1.29 load
[runlim] sample:		60916.53 time, 57960.01 real, 2491 MB, 1.24 load
[runlim] sample:		60926.53 time, 57970.01 real, 2495 MB, 1.20 load
[runlim] sample:		60936.53 time, 57980.01 real, 2497 MB, 1.17 load
[runlim] sample:		60946.54 time, 57990.01 real, 2504 MB, 1.15 load
[runlim] sample:		60956.54 time, 58000.01 real, 2508 MB, 1.12 load
[runlim] sample:		60966.53 time, 58010.01 real, 2510 MB, 1.18 load
[runlim] sample:		60976.54 time, 58020.01 real, 2515 MB, 1.31 load
[runlim] sample:		60986.55 time, 58030.01 real, 2520 MB, 1.34 load
[runlim] sample:		60996.54 time, 58040.01 real, 2520 MB, 1.28 load
[runlim] sample:		61006.55 time, 58050.01 real, 2526 MB, 1.24 load
[runlim] sample:		61016.55 time, 58060.01 real, 2531 MB, 1.20 load
[runlim] sample:		61026.55 time, 58070.01 real, 2538 MB, 1.17 load
[runlim] sample:		61036.56 time, 58080.01 real, 2545 MB, 1.14 load
[runlim] sample:		61046.56 time, 58090.01 real, 2545 MB, 1.12 load
[runlim] sample:		61056.56 time, 58100.01 real, 2549 MB, 1.10 load
[runlim] sample:		61066.56 time, 58110.01 real, 2556 MB, 1.09 load
[runlim] sample:		61076.56 time, 58120.01 real, 2559 MB, 1.07 load
[runlim] sample:		61086.44 time, 58130.01 real, 2567 MB, 1.06 load
[runlim] sample:		61096.44 time, 58140.01 real, 2567 MB, 1.05 load
[runlim] sample:		61106.44 time, 58150.01 real, 2569 MB, 1.04 load
[runlim] sample:		61116.45 time, 58160.01 real, 2575 MB, 1.04 load
[runlim] sample:		61126.45 time, 58170.01 real, 2575 MB, 1.03 load
[runlim] sample:		61136.46 time, 58180.02 real, 2580 MB, 1.02 load
[runlim] sample:		61146.46 time, 58190.01 real, 2584 MB, 1.02 load
[runlim] sample:		61156.46 time, 58200.01 real, 2584 MB, 1.02 load
[runlim] sample:		61166.46 time, 58210.01 real, 2590 MB, 1.01 load
[runlim] sample:		61176.47 time, 58220.01 real, 2595 MB, 1.01 load
[runlim] sample:		61186.46 time, 58230.01 real, 2606 MB, 1.01 load
[runlim] sample:		61196.47 time, 58240.01 real, 2620 MB, 1.01 load
[runlim] sample:		61206.47 time, 58250.01 real, 2628 MB, 1.01 load
[runlim] sample:		61216.47 time, 58260.01 real, 2628 MB, 1.08 load
[runlim] sample:		61226.47 time, 58270.01 real, 2630 MB, 1.14 load
[runlim] sample:		61236.47 time, 58280.01 real, 2634 MB, 1.12 load
[runlim] sample:		61246.48 time, 58290.01 real, 2634 MB, 1.10 load
[runlim] sample:		61256.48 time, 58300.01 real, 2640 MB, 1.08 load
[runlim] sample:		61266.49 time, 58310.01 real, 2644 MB, 1.07 load
[runlim] sample:		61276.49 time, 58320.01 real, 2644 MB, 1.06 load
[runlim] sample:		61286.50 time, 58330.01 real, 2648 MB, 1.12 load
[runlim] sample:		61296.49 time, 58340.01 real, 2648 MB, 1.10 load
[runlim] sample:		61306.49 time, 58350.01 real, 2653 MB, 1.09 load
[runlim] sample:		61316.50 time, 58360.01 real, 2658 MB, 1.07 load
[runlim] sample:		61326.50 time, 58370.01 real, 2658 MB, 1.06 load
[runlim] sample:		61336.50 time, 58380.01 real, 2664 MB, 1.05 load
[runlim] sample:		61346.51 time, 58390.01 real, 2664 MB, 1.04 load
[runlim] sample:		61356.37 time, 58400.01 real, 2669 MB, 1.04 load
[runlim] sample:		61366.38 time, 58410.01 real, 2672 MB, 1.03 load
[runlim] sample:		61376.38 time, 58420.01 real, 2672 MB, 1.02 load
[runlim] sample:		61386.38 time, 58430.01 real, 2680 MB, 1.02 load
[runlim] sample:		61396.38 time, 58440.01 real, 2680 MB, 1.02 load
[runlim] sample:		61406.39 time, 58450.01 real, 2683 MB, 1.01 load
[runlim] sample:		61416.39 time, 58460.01 real, 2683 MB, 1.01 load
[runlim] sample:		61426.39 time, 58470.01 real, 2688 MB, 1.01 load
[runlim] sample:		61436.40 time, 58480.01 real, 2691 MB, 1.01 load
[runlim] sample:		61446.40 time, 58490.01 real, 2691 MB, 1.01 load
[runlim] sample:		61456.40 time, 58500.01 real, 2694 MB, 1.00 load

NN₁: mnist_relu_3_100_gemm.onnx
NN₂: mnist_relu_3_100_0.79_adam_1_stepsize.onnx
Prop: mnist_19_global_4.vnnlib

NN₁: mnist_relu_3_100_gemm.onnx
NN₂: mnist_relu_3_100_0.79_adam_1_stepsize.onnx
Prop: mnist_19_global_5.vnnlib
[runlim] sample:		61466.39 time, 58510.01 real, 2490 MB, 1.08 load
[runlim] sample:		61476.39 time, 58520.01 real, 2491 MB, 1.23 load
[runlim] sample:		61486.40 time, 58530.01 real, 2495 MB, 1.26 load
[runlim] sample:		61496.40 time, 58540.01 real, 2498 MB, 1.22 load
[runlim] sample:		61506.40 time, 58550.01 real, 2502 MB, 1.19 load
[runlim] sample:		61516.40 time, 58560.01 real, 2502 MB, 1.16 load
[runlim] sample:		61526.40 time, 58570.01 real, 2506 MB, 1.13 load
[runlim] sample:		61536.40 time, 58580.01 real, 2510 MB, 1.11 load
[runlim] sample:		61546.41 time, 58590.01 real, 2515 MB, 1.10 load
[runlim] sample:		61556.41 time, 58600.01 real, 2515 MB, 1.08 load
[runlim] sample:		61566.41 time, 58610.01 real, 2520 MB, 1.07 load
[runlim] sample:		61576.42 time, 58620.01 real, 2525 MB, 1.06 load
[runlim] sample:		61586.54 time, 58630.01 real, 2526 MB, 1.05 load
[runlim] sample:		61597.19 time, 58640.01 real, 2527 MB, 1.19 load
[runlim] sample:		61607.70 time, 58650.01 real, 2527 MB, 1.16 load
[runlim] sample:		61618.48 time, 58660.01 real, 2528 MB, 1.13 load
[runlim] sample:		61629.28 time, 58670.01 real, 2529 MB, 1.11 load
[runlim] sample:		61639.33 time, 58680.01 real, 2528 MB, 1.09 load
[runlim] sample:		61649.40 time, 58690.01 real, 2529 MB, 1.08 load
[runlim] sample:		61659.41 time, 58700.01 real, 2529 MB, 1.07 load
[runlim] sample:		61669.70 time, 58710.01 real, 2527 MB, 1.06 load
[runlim] sample:		61679.73 time, 58720.01 real, 2527 MB, 1.05 load
[runlim] sample:		61689.92 time, 58730.01 real, 2526 MB, 1.04 load
[runlim] sample:		61700.38 time, 58740.01 real, 2533 MB, 1.03 load
[runlim] sample:		61710.88 time, 58750.02 real, 2533 MB, 1.03 load
[runlim] sample:		61720.89 time, 58760.01 real, 2533 MB, 1.02 load
[runlim] sample:		61730.89 time, 58770.01 real, 2533 MB, 1.02 load
[runlim] sample:		61740.90 time, 58780.02 real, 2537 MB, 1.02 load
[runlim] sample:		61750.90 time, 58790.01 real, 2537 MB, 1.01 load
[runlim] sample:		61761.52 time, 58800.01 real, 2548 MB, 1.01 load
[runlim] sample:		61772.43 time, 58810.01 real, 2551 MB, 1.01 load
[runlim] sample:		61782.63 time, 58820.01 real, 2555 MB, 1.01 load
[runlim] sample:		61793.23 time, 58830.01 real, 2556 MB, 1.00 load
[runlim] sample:		61803.36 time, 58840.01 real, 2572 MB, 1.00 load
[runlim] sample:		61813.36 time, 58850.01 real, 2572 MB, 1.00 load
[runlim] sample:		61823.37 time, 58860.01 real, 2572 MB, 1.00 load
[runlim] sample:		61833.37 time, 58870.01 real, 2580 MB, 1.00 load
[runlim] sample:		61843.37 time, 58880.01 real, 2580 MB, 1.00 load
[runlim] sample:		61853.38 time, 58890.01 real, 2580 MB, 1.00 load
[runlim] sample:		61864.11 time, 58900.01 real, 2580 MB, 1.00 load
[runlim] sample:		61875.53 time, 58910.01 real, 2590 MB, 1.00 load
[runlim] sample:		61886.76 time, 58920.01 real, 2589 MB, 1.00 load
[runlim] sample:		61898.34 time, 58930.01 real, 2588 MB, 1.00 load
[runlim] sample:		61909.26 time, 58940.01 real, 2592 MB, 1.00 load
[runlim] sample:		61920.87 time, 58950.01 real, 2594 MB, 1.00 load
[runlim] sample:		61931.89 time, 58960.01 real, 2603 MB, 1.00 load
[runlim] sample:		61942.00 time, 58970.01 real, 2605 MB, 1.00 load
[runlim] sample:		61952.00 time, 58980.01 real, 2615 MB, 1.00 load
[runlim] sample:		61962.52 time, 58990.01 real, 2616 MB, 1.00 load
[runlim] sample:		61972.93 time, 59000.01 real, 2617 MB, 1.00 load
[runlim] sample:		61983.66 time, 59010.01 real, 2620 MB, 1.08 load
[runlim] sample:		61993.84 time, 59020.01 real, 2630 MB, 1.22 load
[runlim] sample:		62004.07 time, 59030.01 real, 2630 MB, 1.26 load
[runlim] sample:		62014.50 time, 59040.01 real, 2649 MB, 1.22 load
[runlim] sample:		62024.83 time, 59050.01 real, 2648 MB, 1.19 load
[runlim] sample:		62035.52 time, 59060.01 real, 2651 MB, 1.16 load
[runlim] sample:		62045.72 time, 59070.02 real, 2653 MB, 1.13 load
[runlim] sample:		62056.01 time, 59080.01 real, 2663 MB, 1.11 load
[runlim] sample:		62066.78 time, 59090.01 real, 2663 MB, 1.09 load
[runlim] sample:		62076.98 time, 59100.01 real, 2662 MB, 1.08 load

NN₁: mnist_relu_3_100_gemm.onnx
NN₂: mnist_relu_3_100_0.79_adam_1_stepsize.onnx
Prop: mnist_20_global_4.vnnlib

NN₁: mnist_relu_3_100_gemm.onnx
NN₂: mnist_relu_3_100_0.79_adam_1_stepsize.onnx
Prop: mnist_20_global_5.vnnlib
[runlim] sample:		62087.13 time, 59110.02 real, 2501 MB, 1.07 load
[runlim] sample:		62097.12 time, 59120.01 real, 2501 MB, 1.06 load
[runlim] sample:		62107.13 time, 59130.01 real, 2501 MB, 1.05 load
[runlim] sample:		62117.12 time, 59140.01 real, 2501 MB, 1.04 load
[runlim] sample:		62127.13 time, 59150.01 real, 2501 MB, 1.03 load
[runlim] sample:		62137.13 time, 59160.01 real, 2501 MB, 1.03 load
[runlim] sample:		62147.12 time, 59170.01 real, 2501 MB, 1.02 load
[runlim] sample:		62157.13 time, 59180.01 real, 2501 MB, 1.02 load
[runlim] sample:		62167.13 time, 59190.01 real, 2501 MB, 1.02 load
[runlim] sample:		62177.14 time, 59200.01 real, 2501 MB, 1.01 load
[runlim] sample:		62186.99 time, 59210.01 real, 2501 MB, 1.01 load
[runlim] sample:		62196.99 time, 59220.01 real, 2501 MB, 1.01 load
[runlim] sample:		62206.99 time, 59230.01 real, 2501 MB, 1.01 load
[runlim] sample:		62217.00 time, 59240.01 real, 2501 MB, 1.00 load
[runlim] sample:		62226.99 time, 59250.01 real, 2501 MB, 1.00 load
[runlim] sample:		62237.00 time, 59260.01 real, 2501 MB, 1.00 load
[runlim] sample:		62247.00 time, 59270.01 real, 2501 MB, 1.00 load
[runlim] sample:		62257.01 time, 59280.01 real, 2501 MB, 1.00 load
[runlim] sample:		62267.01 time, 59290.01 real, 2501 MB, 1.00 load
[runlim] sample:		62277.01 time, 59300.01 real, 2501 MB, 1.00 load
[runlim] sample:		62287.01 time, 59310.01 real, 2501 MB, 1.00 load
[runlim] sample:		62297.02 time, 59320.01 real, 2501 MB, 1.00 load
[runlim] sample:		62307.01 time, 59330.01 real, 2501 MB, 1.00 load
[runlim] sample:		62317.02 time, 59340.01 real, 2501 MB, 1.00 load
[runlim] sample:		62327.01 time, 59350.01 real, 2501 MB, 1.00 load
[runlim] sample:		62337.02 time, 59360.01 real, 2501 MB, 1.00 load
[runlim] sample:		62347.02 time, 59370.01 real, 2501 MB, 1.00 load
[runlim] sample:		62357.02 time, 59380.01 real, 2501 MB, 1.00 load
[runlim] sample:		62367.02 time, 59390.01 real, 2501 MB, 1.00 load
[runlim] sample:		62377.02 time, 59400.01 real, 2501 MB, 1.00 load
[runlim] sample:		62387.03 time, 59410.01 real, 2501 MB, 1.00 load
[runlim] sample:		62397.02 time, 59420.01 real, 2501 MB, 1.00 load
[runlim] sample:		62407.03 time, 59430.01 real, 2501 MB, 1.00 load
[runlim] sample:		62417.03 time, 59440.01 real, 2501 MB, 1.00 load
[runlim] sample:		62427.03 time, 59450.01 real, 2501 MB, 1.00 load
[runlim] sample:		62437.03 time, 59460.01 real, 2501 MB, 1.00 load
[runlim] sample:		62447.04 time, 59470.01 real, 2501 MB, 1.00 load
[runlim] sample:		62456.89 time, 59480.01 real, 2501 MB, 1.00 load
[runlim] sample:		62466.89 time, 59490.01 real, 2501 MB, 1.00 load
[runlim] sample:		62476.90 time, 59500.01 real, 2501 MB, 1.00 load
[runlim] sample:		62486.90 time, 59510.01 real, 2501 MB, 1.15 load
[runlim] sample:		62496.91 time, 59520.01 real, 2501 MB, 1.28 load
[runlim] sample:		62506.91 time, 59530.01 real, 2501 MB, 1.39 load
[runlim] sample:		62516.91 time, 59540.01 real, 2501 MB, 1.33 load
[runlim] sample:		62526.91 time, 59550.01 real, 2501 MB, 1.28 load
[runlim] sample:		62536.92 time, 59560.01 real, 2501 MB, 1.23 load
[runlim] sample:		62546.93 time, 59570.01 real, 2501 MB, 1.20 load
[runlim] sample:		62556.94 time, 59580.01 real, 2501 MB, 1.17 load
[runlim] sample:		62566.94 time, 59590.01 real, 2501 MB, 1.14 load
[runlim] sample:		62576.94 time, 59600.01 real, 2501 MB, 1.12 load
[runlim] sample:		62586.95 time, 59610.01 real, 2501 MB, 1.10 load
[runlim] sample:		62596.95 time, 59620.01 real, 2501 MB, 1.08 load
[runlim] sample:		62606.96 time, 59630.01 real, 2501 MB, 1.07 load
[runlim] sample:		62616.95 time, 59640.01 real, 2501 MB, 1.06 load
[runlim] sample:		62626.96 time, 59650.01 real, 2501 MB, 1.05 load
[runlim] sample:		62636.96 time, 59660.01 real, 2501 MB, 1.04 load
[runlim] sample:		62646.96 time, 59670.01 real, 2501 MB, 1.04 load
[runlim] sample:		62656.97 time, 59680.01 real, 2501 MB, 1.03 load
[runlim] sample:		62666.98 time, 59690.01 real, 2501 MB, 1.02 load
[runlim] sample:		62676.97 time, 59700.01 real, 2501 MB, 1.02 load

NN₁: mnist_relu_3_100_gemm.onnx
NN₂: mnist_relu_3_100_0.79_adam_1_stepsize.onnx
Prop: mnist_21_global_4.vnnlib
[runlim] sample:		62686.98 time, 59710.01 real, 2502 MB, 1.02 load
[runlim] sample:		62696.98 time, 59720.01 real, 2502 MB, 1.01 load
[runlim] sample:		62706.98 time, 59730.01 real, 2502 MB, 1.01 load
[runlim] sample:		62716.98 time, 59740.01 real, 2502 MB, 1.01 load
[runlim] sample:		62726.78 time, 59750.01 real, 2502 MB, 0.93 load
[runlim] sample:		62736.79 time, 59760.01 real, 2502 MB, 0.94 load
[runlim] sample:		62746.79 time, 59770.01 real, 2508 MB, 0.95 load
[runlim] sample:		62756.80 time, 59780.01 real, 2508 MB, 0.96 load
[runlim] sample:		62766.81 time, 59790.01 real, 2515 MB, 1.04 load
[runlim] sample:		62776.81 time, 59800.01 real, 2522 MB, 1.04 load
[runlim] sample:		62786.82 time, 59810.01 real, 2530 MB, 1.03 load
[runlim] sample:		62796.82 time, 59820.01 real, 2539 MB, 1.10 load
[runlim] sample:		62806.82 time, 59830.01 real, 2539 MB, 1.08 load
[runlim] sample:		62816.84 time, 59840.01 real, 2549 MB, 1.07 load
[runlim] sample:		62826.85 time, 59850.01 real, 2557 MB, 1.06 load
[runlim] sample:		62836.85 time, 59860.01 real, 2557 MB, 1.05 load
[runlim] sample:		62846.86 time, 59870.01 real, 2568 MB, 1.04 load
[runlim] sample:		62856.86 time, 59880.01 real, 2578 MB, 1.04 load
[runlim] sample:		62866.86 time, 59890.01 real, 2578 MB, 1.03 load
[runlim] sample:		62876.88 time, 59900.01 real, 2590 MB, 1.02 load
[runlim] sample:		62886.87 time, 59910.01 real, 2599 MB, 1.02 load
[runlim] sample:		62896.89 time, 59920.01 real, 2599 MB, 1.02 load
[runlim] sample:		62906.89 time, 59930.01 real, 2610 MB, 1.01 load
[runlim] sample:		62916.89 time, 59940.01 real, 2610 MB, 1.01 load
[runlim] sample:		62926.90 time, 59950.01 real, 2644 MB, 1.01 load
[runlim] sample:		62936.90 time, 59960.01 real, 2656 MB, 1.01 load
[runlim] sample:		62946.90 time, 59970.01 real, 2656 MB, 1.01 load
[runlim] sample:		62956.91 time, 59980.01 real, 2671 MB, 1.00 load
[runlim] sample:		62966.91 time, 59990.01 real, 2671 MB, 1.00 load
[runlim] sample:		62976.91 time, 60000.01 real, 2682 MB, 1.00 load
[runlim] sample:		62986.90 time, 60010.01 real, 2682 MB, 1.08 load
[runlim] sample:		62996.78 time, 60020.01 real, 2696 MB, 1.22 load
[runlim] sample:		63006.78 time, 60030.01 real, 2696 MB, 1.19 load
[runlim] sample:		63016.78 time, 60040.01 real, 2708 MB, 1.16 load
[runlim] sample:		63026.78 time, 60050.01 real, 2708 MB, 1.13 load
[runlim] sample:		63036.79 time, 60060.01 real, 2720 MB, 1.11 load
[runlim] sample:		63046.79 time, 60070.01 real, 2720 MB, 1.10 load
[runlim] sample:		63056.78 time, 60080.01 real, 2735 MB, 1.08 load
[runlim] sample:		63066.79 time, 60090.01 real, 2735 MB, 1.07 load
[runlim] sample:		63076.80 time, 60100.01 real, 2751 MB, 1.06 load
[runlim] sample:		63086.80 time, 60110.01 real, 2751 MB, 1.05 load
[runlim] sample:		63096.81 time, 60120.01 real, 2763 MB, 1.04 load
[runlim] sample:		63106.82 time, 60130.01 real, 2763 MB, 1.03 load
[runlim] sample:		63116.82 time, 60140.01 real, 2763 MB, 1.03 load
[runlim] sample:		63126.83 time, 60150.01 real, 2778 MB, 1.02 load
[runlim] sample:		63136.83 time, 60160.01 real, 2778 MB, 1.02 load
[runlim] sample:		63146.83 time, 60170.01 real, 2797 MB, 1.02 load
[runlim] sample:		63156.83 time, 60180.01 real, 2797 MB, 1.01 load
[runlim] sample:		63166.83 time, 60190.01 real, 2835 MB, 1.01 load
[runlim] sample:		63176.83 time, 60200.01 real, 2835 MB, 1.01 load
[runlim] sample:		63186.84 time, 60210.01 real, 2835 MB, 1.01 load
[runlim] sample:		63196.84 time, 60220.01 real, 2878 MB, 1.00 load
[runlim] sample:		63206.84 time, 60230.01 real, 2878 MB, 1.00 load
[runlim] sample:		63216.84 time, 60240.01 real, 2878 MB, 1.00 load
[runlim] sample:		63226.84 time, 60250.01 real, 2921 MB, 1.00 load
[runlim] sample:		63236.84 time, 60260.01 real, 2921 MB, 1.00 load
[runlim] sample:		63246.84 time, 60270.01 real, 2959 MB, 1.00 load
[runlim] sample:		63256.86 time, 60280.01 real, 2959 MB, 1.00 load
[runlim] sample:		63266.71 time, 60290.01 real, 2959 MB, 1.00 load
[runlim] sample:		63276.72 time, 60300.01 real, 3000 MB, 1.00 load

NN₁: mnist_relu_3_100_gemm.onnx
NN₂: mnist_relu_3_100_0.79_adam_1_stepsize.onnx
Prop: mnist_21_global_5.vnnlib
[runlim] sample:		63286.72 time, 60310.01 real, 2506 MB, 1.00 load
[runlim] sample:		63296.72 time, 60320.01 real, 2508 MB, 1.00 load
[runlim] sample:		63306.72 time, 60330.01 real, 2508 MB, 1.00 load
[runlim] sample:		63316.72 time, 60340.01 real, 2513 MB, 1.00 load
[runlim] sample:		63326.72 time, 60350.01 real, 2515 MB, 1.00 load
[runlim] sample:		63336.72 time, 60360.01 real, 2521 MB, 1.00 load
[runlim] sample:		63346.73 time, 60370.01 real, 2521 MB, 1.00 load
[runlim] sample:		63356.73 time, 60380.01 real, 2523 MB, 1.00 load
[runlim] sample:		63366.73 time, 60390.01 real, 2526 MB, 1.00 load
[runlim] sample:		63376.73 time, 60400.01 real, 2526 MB, 1.00 load
[runlim] sample:		63386.73 time, 60410.01 real, 2532 MB, 1.00 load
[runlim] sample:		63396.73 time, 60420.01 real, 2532 MB, 1.00 load
[runlim] sample:		63406.74 time, 60430.01 real, 2537 MB, 1.00 load
[runlim] sample:		63416.74 time, 60440.01 real, 2542 MB, 1.00 load
[runlim] sample:		63426.74 time, 60450.01 real, 2542 MB, 1.00 load
[runlim] sample:		63436.74 time, 60460.01 real, 2545 MB, 1.00 load
[runlim] sample:		63446.74 time, 60470.01 real, 2545 MB, 1.00 load
[runlim] sample:		63456.75 time, 60480.01 real, 2550 MB, 1.00 load
[runlim] sample:		63466.75 time, 60490.01 real, 2550 MB, 1.00 load
[runlim] sample:		63476.75 time, 60500.01 real, 2557 MB, 1.00 load
[runlim] sample:		63486.74 time, 60510.01 real, 2563 MB, 1.08 load
[runlim] sample:		63496.75 time, 60520.01 real, 2563 MB, 1.22 load
[runlim] sample:		63506.75 time, 60530.01 real, 2570 MB, 1.26 load
[runlim] sample:		63516.76 time, 60540.01 real, 2570 MB, 1.22 load
[runlim] sample:		63526.76 time, 60550.01 real, 2576 MB, 1.19 load
[runlim] sample:		63536.61 time, 60560.01 real, 2576 MB, 1.16 load
[runlim] sample:		63546.61 time, 60570.01 real, 2585 MB, 1.13 load
[runlim] sample:		63556.61 time, 60580.01 real, 2585 MB, 1.11 load
[runlim] sample:		63566.61 time, 60590.01 real, 2585 MB, 1.09 load
[runlim] sample:		63576.61 time, 60600.01 real, 2593 MB, 1.08 load
[runlim] sample:		63586.62 time, 60610.01 real, 2593 MB, 1.07 load
[runlim] sample:		63596.62 time, 60620.01 real, 2600 MB, 1.06 load
[runlim] sample:		63606.63 time, 60630.02 real, 2600 MB, 1.05 load
[runlim] sample:		63616.62 time, 60640.01 real, 2608 MB, 1.04 load
[runlim] sample:		63626.63 time, 60650.01 real, 2608 MB, 1.03 load
[runlim] sample:		63636.63 time, 60660.01 real, 2616 MB, 1.03 load
[runlim] sample:		63646.63 time, 60670.02 real, 2616 MB, 1.02 load
[runlim] sample:		63656.63 time, 60680.01 real, 2616 MB, 1.02 load
[runlim] sample:		63666.63 time, 60690.01 real, 2623 MB, 1.02 load
[runlim] sample:		63676.64 time, 60700.01 real, 2623 MB, 1.01 load
[runlim] sample:		63686.63 time, 60710.01 real, 2635 MB, 1.01 load
[runlim] sample:		63696.63 time, 60720.01 real, 2635 MB, 1.01 load
[runlim] sample:		63706.64 time, 60730.01 real, 2645 MB, 1.01 load
[runlim] sample:		63716.65 time, 60740.01 real, 2645 MB, 1.00 load
[runlim] sample:		63726.64 time, 60750.01 real, 2645 MB, 1.00 load
[runlim] sample:		63736.65 time, 60760.01 real, 2656 MB, 1.00 load
[runlim] sample:		63746.65 time, 60770.01 real, 2656 MB, 1.00 load
[runlim] sample:		63756.65 time, 60780.01 real, 2656 MB, 1.00 load
[runlim] sample:		63766.66 time, 60790.01 real, 2666 MB, 1.00 load
[runlim] sample:		63776.66 time, 60800.01 real, 2666 MB, 1.00 load
[runlim] sample:		63786.66 time, 60810.01 real, 2666 MB, 1.00 load
[runlim] sample:		63796.66 time, 60820.01 real, 2678 MB, 1.00 load
[runlim] sample:		63806.52 time, 60830.01 real, 2678 MB, 1.00 load
[runlim] sample:		63816.52 time, 60840.01 real, 2691 MB, 1.00 load
[runlim] sample:		63826.52 time, 60850.01 real, 2689 MB, 1.00 load
[runlim] sample:		63836.52 time, 60860.01 real, 2689 MB, 1.00 load
[runlim] sample:		63846.52 time, 60870.01 real, 2699 MB, 1.00 load
[runlim] sample:		63856.52 time, 60880.01 real, 2699 MB, 1.00 load
[runlim] sample:		63866.52 time, 60890.01 real, 2699 MB, 1.00 load
[runlim] sample:		63876.52 time, 60900.01 real, 2710 MB, 1.00 load

NN₁: mnist_relu_3_100_gemm.onnx
NN₂: mnist_relu_3_100_0.79_adam_1_stepsize.onnx
Prop: mnist_22_global_4.vnnlib

NN₁: mnist_relu_3_100_gemm.onnx
NN₂: mnist_relu_3_100_0.79_adam_1_stepsize.onnx
Prop: mnist_22_global_5.vnnlib
[runlim] sample:		63886.52 time, 60910.01 real, 2506 MB, 1.00 load

NN₁: mnist_relu_3_100_gemm.onnx
NN₂: mnist_relu_3_100_0.79_adam_1_stepsize.onnx
Prop: mnist_23_global_4.vnnlib

NN₁: mnist_relu_3_100_gemm.onnx
NN₂: mnist_relu_3_100_0.79_adam_1_stepsize.onnx
Prop: mnist_23_global_5.vnnlib
[runlim] sample:		63896.51 time, 60920.01 real, 2508 MB, 1.00 load
[runlim] sample:		63906.50 time, 60930.01 real, 2508 MB, 1.00 load
[runlim] sample:		63916.51 time, 60940.01 real, 2508 MB, 1.00 load
[runlim] sample:		63926.51 time, 60950.01 real, 2509 MB, 1.00 load
[runlim] sample:		63936.51 time, 60960.01 real, 2512 MB, 1.00 load
[runlim] sample:		63946.51 time, 60970.01 real, 2517 MB, 1.00 load
[runlim] sample:		63956.52 time, 60980.01 real, 2517 MB, 1.00 load
[runlim] sample:		63966.51 time, 60990.01 real, 2519 MB, 1.00 load
[runlim] sample:		63976.52 time, 61000.01 real, 2525 MB, 1.00 load
[runlim] sample:		63986.52 time, 61010.01 real, 2525 MB, 1.08 load
[runlim] sample:		63996.52 time, 61020.01 real, 2529 MB, 1.22 load
[runlim] sample:		64006.52 time, 61030.01 real, 2534 MB, 1.19 load
[runlim] sample:		64016.52 time, 61040.01 real, 2534 MB, 1.16 load
[runlim] sample:		64026.53 time, 61050.01 real, 2540 MB, 1.13 load
[runlim] sample:		64036.53 time, 61060.01 real, 2543 MB, 1.11 load
[runlim] sample:		64046.53 time, 61070.01 real, 2545 MB, 1.09 load
[runlim] sample:		64056.53 time, 61080.01 real, 2551 MB, 1.08 load
[runlim] sample:		64066.53 time, 61090.01 real, 2551 MB, 1.07 load
[runlim] sample:		64076.39 time, 61100.01 real, 2559 MB, 1.06 load
[runlim] sample:		64086.38 time, 61110.01 real, 2559 MB, 1.05 load
[runlim] sample:		64096.39 time, 61120.01 real, 2566 MB, 1.04 load
[runlim] sample:		64106.39 time, 61130.01 real, 2566 MB, 1.03 load
[runlim] sample:		64118.98 time, 61140.01 real, 2564 MB, 1.03 load
[runlim] sample:		64138.25 time, 61150.01 real, 2566 MB, 1.02 load
[runlim] sample:		64158.75 time, 61160.01 real, 2565 MB, 1.18 load
[runlim] sample:		64179.69 time, 61170.01 real, 2557 MB, 1.31 load
[runlim] sample:		64199.08 time, 61180.01 real, 2564 MB, 1.26 load
[runlim] sample:		64219.05 time, 61190.01 real, 2572 MB, 1.22 load
[runlim] sample:		64236.70 time, 61200.01 real, 2566 MB, 1.19 load
[runlim] sample:		64255.09 time, 61210.01 real, 2561 MB, 1.32 load
[runlim] sample:		64273.77 time, 61220.02 real, 2561 MB, 1.27 load
[runlim] sample:		64293.58 time, 61230.01 real, 2567 MB, 1.23 load
[runlim] sample:		64313.71 time, 61240.01 real, 2563 MB, 1.19 load
[runlim] sample:		64332.71 time, 61250.01 real, 2582 MB, 1.16 load
[runlim] sample:		64352.62 time, 61260.01 real, 2590 MB, 1.28 load
[runlim] sample:		64371.61 time, 61270.01 real, 2584 MB, 1.39 load
[runlim] sample:		64391.21 time, 61280.01 real, 2595 MB, 1.49 load
[runlim] sample:		64408.59 time, 61290.01 real, 2600 MB, 1.41 load
[runlim] sample:		64428.57 time, 61300.01 real, 2603 MB, 1.35 load
[runlim] sample:		64445.07 time, 61310.01 real, 2605 MB, 1.44 load
[runlim] sample:		64458.84 time, 61320.01 real, 2600 MB, 1.37 load
[runlim] sample:		64477.37 time, 61330.01 real, 2615 MB, 1.32 load
[runlim] sample:		64494.74 time, 61340.01 real, 2612 MB, 1.43 load
[runlim] sample:		64511.20 time, 61350.01 real, 2620 MB, 1.36 load
[runlim] sample:		64530.26 time, 61360.01 real, 2621 MB, 1.31 load
[runlim] sample:		64550.02 time, 61370.01 real, 2623 MB, 1.26 load
[runlim] sample:		64569.62 time, 61380.01 real, 2645 MB, 1.22 load
[runlim] sample:		64587.67 time, 61390.01 real, 2638 MB, 1.18 load
[runlim] sample:		64607.29 time, 61400.01 real, 2640 MB, 1.16 load
[runlim] sample:		64625.48 time, 61410.02 real, 2644 MB, 1.13 load
[runlim] sample:		64644.31 time, 61420.01 real, 2652 MB, 1.11 load
[runlim] sample:		64659.72 time, 61430.01 real, 2651 MB, 1.09 load
[runlim] sample:		64678.66 time, 61440.01 real, 2654 MB, 2.11 load
[runlim] sample:		64698.51 time, 61450.01 real, 2655 MB, 1.94 load
[runlim] sample:		64714.71 time, 61460.01 real, 2663 MB, 1.79 load
[runlim] sample:		64732.93 time, 61470.01 real, 2664 MB, 1.67 load
[runlim] sample:		64750.35 time, 61480.01 real, 2675 MB, 1.65 load
[runlim] sample:		64769.14 time, 61490.01 real, 2663 MB, 1.55 load
[runlim] sample:		64787.07 time, 61500.02 real, 2664 MB, 1.46 load
[runlim] sample:		64804.33 time, 61510.01 real, 2665 MB, 1.47 load

NN₁: mnist_relu_3_100_gemm.onnx
NN₂: mnist_relu_3_100_0.79_adam_1_stepsize.onnx
Prop: mnist_24_global_4.vnnlib
[runlim] sample:		64818.55 time, 61520.01 real, 2498 MB, 1.63 load
[runlim] sample:		64828.56 time, 61530.01 real, 2499 MB, 1.54 load
[runlim] sample:		64838.55 time, 61540.01 real, 2499 MB, 1.45 load
[runlim] sample:		64848.56 time, 61550.01 real, 2499 MB, 1.38 load
[runlim] sample:		64858.56 time, 61560.01 real, 2499 MB, 1.32 load
[runlim] sample:		64868.56 time, 61570.01 real, 2499 MB, 1.27 load
[runlim] sample:		64878.57 time, 61580.01 real, 2499 MB, 1.23 load
[runlim] sample:		64888.56 time, 61590.01 real, 2499 MB, 1.20 load
[runlim] sample:		64898.57 time, 61600.01 real, 2499 MB, 1.17 load
[runlim] sample:		64908.57 time, 61610.01 real, 2499 MB, 1.14 load
[runlim] sample:		64918.58 time, 61620.01 real, 2504 MB, 1.12 load
[runlim] sample:		64928.58 time, 61630.01 real, 2504 MB, 1.10 load
[runlim] sample:		64938.46 time, 61640.01 real, 2504 MB, 1.08 load
[runlim] sample:		64948.46 time, 61650.01 real, 2504 MB, 1.07 load
[runlim] sample:		64958.46 time, 61660.01 real, 2507 MB, 1.06 load
[runlim] sample:		64968.47 time, 61670.01 real, 2512 MB, 1.05 load
[runlim] sample:		64978.47 time, 61680.01 real, 2512 MB, 1.04 load
[runlim] sample:		64988.48 time, 61690.01 real, 2518 MB, 1.03 load
[runlim] sample:		64998.48 time, 61700.01 real, 2522 MB, 1.03 load
[runlim] sample:		65008.48 time, 61710.01 real, 2522 MB, 1.02 load
[runlim] sample:		65018.49 time, 61720.01 real, 2524 MB, 1.02 load
[runlim] sample:		65028.49 time, 61730.01 real, 2528 MB, 1.02 load
[runlim] sample:		65040.49 time, 61740.01 real, 2532 MB, 1.01 load
[runlim] sample:		65054.09 time, 61750.01 real, 2536 MB, 1.01 load
[runlim] sample:		65064.15 time, 61760.01 real, 2539 MB, 1.01 load
[runlim] sample:		65074.26 time, 61770.01 real, 2549 MB, 1.01 load
[runlim] sample:		65084.25 time, 61780.02 real, 2549 MB, 1.01 load
[runlim] sample:		65098.41 time, 61790.01 real, 2546 MB, 1.00 load
[runlim] sample:		65115.19 time, 61800.01 real, 2547 MB, 1.00 load
[runlim] sample:		65126.28 time, 61810.01 real, 2552 MB, 1.00 load
[runlim] sample:		65139.64 time, 61820.01 real, 2559 MB, 1.00 load
[runlim] sample:		65157.44 time, 61830.01 real, 2553 MB, 1.00 load
[runlim] sample:		65172.71 time, 61840.01 real, 2555 MB, 1.00 load
[runlim] sample:		65192.93 time, 61850.01 real, 2555 MB, 1.00 load
[runlim] sample:		65211.71 time, 61860.01 real, 2551 MB, 1.22 load
[runlim] sample:		65227.82 time, 61870.01 real, 2558 MB, 2.87 load
[runlim] sample:		65243.02 time, 61880.01 real, 2555 MB, 3.69 load
[runlim] sample:		65253.42 time, 61890.01 real, 2565 MB, 3.27 load
[runlim] sample:		65271.31 time, 61900.01 real, 2561 MB, 5.13 load
[runlim] sample:		65285.70 time, 61910.01 real, 2559 MB, 4.50 load
[runlim] sample:		65301.68 time, 61920.01 real, 2558 MB, 3.96 load
[runlim] sample:		65321.29 time, 61930.01 real, 2562 MB, 3.50 load
[runlim] sample:		65332.19 time, 61940.01 real, 2560 MB, 3.12 load
[runlim] sample:		65346.70 time, 61950.01 real, 2557 MB, 2.79 load
[runlim] sample:		65365.83 time, 61960.01 real, 2564 MB, 2.52 load
[runlim] sample:		65380.16 time, 61970.01 real, 2562 MB, 2.28 load
[runlim] sample:		65395.59 time, 61980.01 real, 2566 MB, 2.09 load
[runlim] sample:		65412.54 time, 61990.01 real, 2567 MB, 1.92 load
[runlim] sample:		65431.02 time, 62000.01 real, 2567 MB, 1.94 load
[runlim] sample:		65448.43 time, 62010.01 real, 2565 MB, 1.87 load
[runlim] sample:		65467.43 time, 62020.01 real, 2566 MB, 1.89 load
[runlim] sample:		65484.23 time, 62030.01 real, 2577 MB, 1.76 load
[runlim] sample:		65499.86 time, 62040.01 real, 2588 MB, 1.64 load
[runlim] sample:		65517.17 time, 62050.01 real, 2587 MB, 1.69 load
[runlim] sample:		65533.57 time, 62060.01 real, 2587 MB, 1.58 load
[runlim] sample:		65551.95 time, 62070.01 real, 2588 MB, 1.49 load
[runlim] sample:		65567.27 time, 62080.01 real, 2592 MB, 3.19 load
[runlim] sample:		65581.78 time, 62090.01 real, 2589 MB, 3.00 load
[runlim] sample:		65592.34 time, 62100.01 real, 2598 MB, 2.69 load
[runlim] sample:		65607.40 time, 62110.01 real, 2597 MB, 4.91 load
[runlim] sample:		65621.01 time, 62120.01 real, 2493 MB, 4.31 load

NN₁: mnist_relu_3_100_gemm.onnx
NN₂: mnist_relu_3_100_0.79_adam_1_stepsize.onnx
Prop: mnist_24_global_5.vnnlib
[runlim] sample:		65631.00 time, 62130.01 real, 2494 MB, 3.80 load
[runlim] sample:		65641.00 time, 62140.01 real, 2497 MB, 3.37 load
[runlim] sample:		65651.00 time, 62150.01 real, 2501 MB, 3.00 load
[runlim] sample:		65661.00 time, 62160.01 real, 2506 MB, 2.70 load
[runlim] sample:		65671.00 time, 62170.01 real, 2506 MB, 2.43 load
[runlim] sample:		65680.83 time, 62180.01 real, 2509 MB, 2.21 load
[runlim] sample:		65690.83 time, 62190.01 real, 2513 MB, 2.03 load
[runlim] sample:		65700.84 time, 62200.01 real, 2513 MB, 1.87 load
[runlim] sample:		65710.83 time, 62210.01 real, 2517 MB, 1.73 load
[runlim] sample:		65720.84 time, 62220.01 real, 2522 MB, 1.62 load
[runlim] sample:		65730.84 time, 62230.01 real, 2522 MB, 1.53 load
[runlim] sample:		65740.84 time, 62240.01 real, 2527 MB, 1.44 load
[runlim] sample:		65750.85 time, 62250.01 real, 2532 MB, 1.38 load
[runlim] sample:		65760.84 time, 62260.01 real, 2532 MB, 1.32 load
[runlim] sample:		65770.84 time, 62270.01 real, 2535 MB, 1.27 load
[runlim] sample:		65780.85 time, 62280.01 real, 2535 MB, 1.23 load
[runlim] sample:		65790.84 time, 62290.01 real, 2540 MB, 1.19 load
[runlim] sample:		65800.85 time, 62300.01 real, 2540 MB, 1.16 load
[runlim] sample:		65810.85 time, 62310.02 real, 2546 MB, 1.14 load
[runlim] sample:		65820.85 time, 62320.01 real, 2546 MB, 1.11 load
[runlim] sample:		65830.86 time, 62330.01 real, 2551 MB, 1.10 load
[runlim] sample:		65840.86 time, 62340.01 real, 2554 MB, 1.08 load
[runlim] sample:		65850.86 time, 62350.02 real, 2554 MB, 1.07 load
[runlim] sample:		65860.86 time, 62360.01 real, 2561 MB, 1.06 load
[runlim] sample:		65870.86 time, 62370.01 real, 2561 MB, 1.05 load
[runlim] sample:		65880.86 time, 62380.01 real, 2569 MB, 1.04 load
[runlim] sample:		65890.86 time, 62390.01 real, 2569 MB, 1.03 load
[runlim] sample:		65900.87 time, 62400.01 real, 2576 MB, 1.03 load
[runlim] sample:		65910.87 time, 62410.01 real, 2576 MB, 1.02 load
[runlim] sample:		65920.87 time, 62420.01 real, 2582 MB, 1.02 load
[runlim] sample:		65930.87 time, 62430.01 real, 2582 MB, 1.02 load
[runlim] sample:		65940.87 time, 62440.01 real, 2589 MB, 1.01 load
[runlim] sample:		65950.73 time, 62450.01 real, 2589 MB, 1.01 load
[runlim] sample:		65960.74 time, 62460.01 real, 2589 MB, 1.01 load
[runlim] sample:		65970.73 time, 62470.01 real, 2596 MB, 1.01 load
[runlim] sample:		65980.74 time, 62480.01 real, 2596 MB, 1.00 load
[runlim] sample:		65990.74 time, 62490.01 real, 2603 MB, 1.00 load
[runlim] sample:		66000.74 time, 62500.01 real, 2603 MB, 1.00 load
[runlim] sample:		66010.75 time, 62510.01 real, 2610 MB, 1.08 load
[runlim] sample:		66020.75 time, 62520.01 real, 2610 MB, 1.22 load
[runlim] sample:		66030.75 time, 62530.01 real, 2610 MB, 1.19 load
[runlim] sample:		66040.75 time, 62540.01 real, 2617 MB, 1.16 load
[runlim] sample:		66050.75 time, 62550.01 real, 2617 MB, 1.13 load
[runlim] sample:		66060.76 time, 62560.01 real, 2625 MB, 1.11 load
[runlim] sample:		66070.76 time, 62570.01 real, 2625 MB, 1.10 load
[runlim] sample:		66080.76 time, 62580.01 real, 2632 MB, 1.08 load
[runlim] sample:		66090.76 time, 62590.01 real, 2632 MB, 1.07 load
[runlim] sample:		66100.76 time, 62600.01 real, 2632 MB, 1.06 load
[runlim] sample:		66110.76 time, 62610.01 real, 2637 MB, 1.05 load
[runlim] sample:		66120.76 time, 62620.01 real, 2637 MB, 1.04 load
[runlim] sample:		66130.76 time, 62630.01 real, 2637 MB, 1.03 load
[runlim] sample:		66140.77 time, 62640.01 real, 2647 MB, 1.03 load
[runlim] sample:		66150.77 time, 62650.01 real, 2647 MB, 1.02 load
[runlim] sample:		66160.77 time, 62660.01 real, 2656 MB, 1.02 load
[runlim] sample:		66170.77 time, 62670.01 real, 2655 MB, 1.02 load
[runlim] sample:		66180.78 time, 62680.01 real, 2655 MB, 1.01 load
[runlim] sample:		66190.78 time, 62690.01 real, 2664 MB, 1.01 load
[runlim] sample:		66200.79 time, 62700.01 real, 2664 MB, 1.01 load
[runlim] sample:		66210.79 time, 62710.01 real, 2664 MB, 1.01 load
[runlim] sample:		66220.67 time, 62720.01 real, 2673 MB, 1.00 load

NN₁: mnist_relu_3_100_gemm.onnx
NN₂: mnist_relu_3_100_0.79_adam_1_stepsize.onnx
Prop: mnist_25_global_4.vnnlib

NN₁: mnist_relu_3_100_gemm.onnx
NN₂: mnist_relu_3_100_0.79_adam_1_stepsize.onnx
Prop: mnist_25_global_5.vnnlib

NN₁: mnist_relu_3_100_gemm.onnx
NN₂: mnist_relu_3_100_0.79_adam_1_stepsize.onnx
Prop: mnist_26_global_4.vnnlib
[runlim] sample:		66230.66 time, 62730.01 real, 2498 MB, 1.00 load
[runlim] sample:		66240.67 time, 62740.01 real, 2498 MB, 1.00 load
[runlim] sample:		66250.67 time, 62750.01 real, 2498 MB, 1.00 load
[runlim] sample:		66260.67 time, 62760.01 real, 2498 MB, 1.00 load
[runlim] sample:		66270.67 time, 62770.01 real, 2498 MB, 1.00 load
[runlim] sample:		66280.67 time, 62780.01 real, 2498 MB, 1.00 load
[runlim] sample:		66290.68 time, 62790.01 real, 2498 MB, 1.00 load
[runlim] sample:		66300.68 time, 62800.01 real, 2498 MB, 1.00 load
[runlim] sample:		66310.68 time, 62810.01 real, 2498 MB, 1.00 load
[runlim] sample:		66320.69 time, 62820.01 real, 2498 MB, 1.00 load
[runlim] sample:		66330.69 time, 62830.02 real, 2498 MB, 1.00 load
[runlim] sample:		66340.70 time, 62840.01 real, 2498 MB, 1.00 load
[runlim] sample:		66350.70 time, 62850.01 real, 2498 MB, 1.00 load
[runlim] sample:		66360.71 time, 62860.02 real, 2498 MB, 1.00 load
[runlim] sample:		66370.71 time, 62870.01 real, 2498 MB, 1.00 load
[runlim] sample:		66380.71 time, 62880.01 real, 2498 MB, 1.00 load
[runlim] sample:		66390.71 time, 62890.01 real, 2498 MB, 1.00 load
[runlim] sample:		66400.72 time, 62900.01 real, 2498 MB, 1.00 load
[runlim] sample:		66410.71 time, 62910.01 real, 2498 MB, 1.00 load
[runlim] sample:		66420.72 time, 62920.01 real, 2498 MB, 1.00 load
[runlim] sample:		66430.72 time, 62930.01 real, 2498 MB, 1.00 load
[runlim] sample:		66440.73 time, 62940.01 real, 2498 MB, 1.00 load
[runlim] sample:		66450.74 time, 62950.01 real, 2498 MB, 1.08 load
[runlim] sample:		66460.74 time, 62960.01 real, 2498 MB, 1.07 load
[runlim] sample:		66470.75 time, 62970.01 real, 2498 MB, 1.06 load
[runlim] sample:		66480.76 time, 62980.01 real, 2498 MB, 1.05 load
[runlim] sample:		66490.64 time, 62990.01 real, 2498 MB, 1.04 load
[runlim] sample:		66500.63 time, 63000.01 real, 2498 MB, 1.03 load
[runlim] sample:		66510.64 time, 63010.01 real, 2498 MB, 1.11 load
[runlim] sample:		66520.64 time, 63020.01 real, 2498 MB, 1.25 load
[runlim] sample:		66530.64 time, 63030.01 real, 2498 MB, 1.28 load
[runlim] sample:		66540.64 time, 63040.01 real, 2498 MB, 1.24 load
[runlim] sample:		66550.65 time, 63050.01 real, 2498 MB, 1.20 load
[runlim] sample:		66560.64 time, 63060.01 real, 2498 MB, 1.17 load
[runlim] sample:		66570.64 time, 63070.01 real, 2498 MB, 1.14 load
[runlim] sample:		66580.65 time, 63080.01 real, 2498 MB, 1.12 load
[runlim] sample:		66590.65 time, 63090.01 real, 2498 MB, 1.10 load
[runlim] sample:		66600.65 time, 63100.01 real, 2498 MB, 1.09 load
[runlim] sample:		66610.65 time, 63110.01 real, 2499 MB, 1.07 load
[runlim] sample:		66620.65 time, 63120.01 real, 2502 MB, 1.06 load
[runlim] sample:		66630.66 time, 63130.01 real, 2502 MB, 1.05 load
[runlim] sample:		66640.66 time, 63140.01 real, 2503 MB, 1.04 load
[runlim] sample:		66650.66 time, 63150.01 real, 2503 MB, 1.04 load
[runlim] sample:		66660.66 time, 63160.01 real, 2504 MB, 1.03 load
[runlim] sample:		66670.66 time, 63170.01 real, 2504 MB, 1.02 load
[runlim] sample:		66680.66 time, 63180.01 real, 2505 MB, 1.02 load
[runlim] sample:		66690.68 time, 63190.01 real, 2505 MB, 1.02 load
[runlim] sample:		66700.68 time, 63200.01 real, 2505 MB, 1.01 load
[runlim] sample:		66710.68 time, 63210.01 real, 2507 MB, 1.01 load
[runlim] sample:		66720.69 time, 63220.01 real, 2507 MB, 1.01 load
[runlim] sample:		66730.69 time, 63230.01 real, 2507 MB, 1.01 load
[runlim] sample:		66740.69 time, 63240.01 real, 2509 MB, 1.01 load
[runlim] sample:		66750.69 time, 63250.01 real, 2510 MB, 1.00 load
[runlim] sample:		66760.57 time, 63260.01 real, 2510 MB, 1.08 load
[runlim] sample:		66770.58 time, 63270.01 real, 2511 MB, 1.07 load
[runlim] sample:		66780.58 time, 63280.01 real, 2512 MB, 1.06 load
[runlim] sample:		66790.58 time, 63290.01 real, 2513 MB, 1.05 load
[runlim] sample:		66800.58 time, 63300.01 real, 2513 MB, 1.04 load
[runlim] sample:		66810.59 time, 63310.02 real, 2513 MB, 1.03 load
[runlim] sample:		66820.59 time, 63320.01 real, 2514 MB, 1.03 load

NN₁: mnist_relu_3_100_gemm.onnx
NN₂: mnist_relu_3_100_0.79_adam_1_stepsize.onnx
Prop: mnist_26_global_5.vnnlib
[runlim] sample:		66830.58 time, 63330.01 real, 2496 MB, 1.02 load
[runlim] sample:		66840.58 time, 63340.02 real, 2496 MB, 1.02 load
[runlim] sample:		66850.58 time, 63350.01 real, 2496 MB, 1.02 load
[runlim] sample:		66861.32 time, 63360.01 real, 2499 MB, 1.01 load
[runlim] sample:		66871.32 time, 63370.01 real, 2499 MB, 1.01 load
[runlim] sample:		66881.33 time, 63380.01 real, 2499 MB, 1.01 load
[runlim] sample:		66891.41 time, 63390.01 real, 2499 MB, 1.01 load
[runlim] sample:		66901.86 time, 63400.01 real, 2499 MB, 1.00 load
[runlim] sample:		66912.46 time, 63410.01 real, 2500 MB, 1.00 load
[runlim] sample:		66925.53 time, 63420.01 real, 2502 MB, 1.48 load
[runlim] sample:		66937.81 time, 63430.01 real, 2500 MB, 1.41 load
[runlim] sample:		66949.85 time, 63440.01 real, 2501 MB, 1.35 load
[runlim] sample:		66961.44 time, 63450.01 real, 2502 MB, 1.29 load
[runlim] sample:		66972.22 time, 63460.01 real, 2505 MB, 1.25 load
[runlim] sample:		66982.22 time, 63470.01 real, 2505 MB, 1.21 load
[runlim] sample:		66992.35 time, 63480.01 real, 2506 MB, 1.18 load
[runlim] sample:		67002.49 time, 63490.01 real, 2509 MB, 1.15 load
[runlim] sample:		67014.25 time, 63500.01 real, 2513 MB, 1.12 load
[runlim] sample:		67027.21 time, 63510.01 real, 2515 MB, 1.19 load
[runlim] sample:		67039.88 time, 63520.01 real, 2517 MB, 1.30 load
[runlim] sample:		67052.09 time, 63530.01 real, 2518 MB, 1.33 load
[runlim] sample:		67063.06 time, 63540.01 real, 2523 MB, 1.28 load
[runlim] sample:		67074.21 time, 63550.01 real, 2530 MB, 1.24 load
[runlim] sample:		67085.98 time, 63560.01 real, 2524 MB, 1.20 load
[runlim] sample:		67097.79 time, 63570.01 real, 2522 MB, 1.17 load
[runlim] sample:		67110.54 time, 63580.01 real, 2522 MB, 1.14 load
[runlim] sample:		67124.47 time, 63590.01 real, 2529 MB, 1.12 load
[runlim] sample:		67138.01 time, 63600.01 real, 2533 MB, 1.10 load
[runlim] sample:		67149.27 time, 63610.01 real, 2536 MB, 1.08 load
[runlim] sample:		67159.52 time, 63620.01 real, 2538 MB, 1.07 load
[runlim] sample:		67169.54 time, 63630.01 real, 2544 MB, 1.06 load
[runlim] sample:		67179.98 time, 63640.01 real, 2550 MB, 1.05 load
[runlim] sample:		67190.15 time, 63650.01 real, 2555 MB, 1.04 load
[runlim] sample:		67201.20 time, 63660.01 real, 2556 MB, 1.04 load
[runlim] sample:		67212.46 time, 63670.01 real, 2557 MB, 1.18 load
[runlim] sample:		67223.74 time, 63680.01 real, 2559 MB, 1.15 load
[runlim] sample:		67237.02 time, 63690.01 real, 2564 MB, 1.13 load
[runlim] sample:		67248.98 time, 63700.01 real, 2570 MB, 1.11 load
[runlim] sample:		67261.34 time, 63710.01 real, 2568 MB, 1.09 load
[runlim] sample:		67273.31 time, 63720.01 real, 2570 MB, 1.08 load
[runlim] sample:		67283.77 time, 63730.01 real, 2572 MB, 1.06 load
[runlim] sample:		67296.18 time, 63740.01 real, 2577 MB, 1.05 load
[runlim] sample:		67308.50 time, 63750.01 real, 2580 MB, 1.12 load
[runlim] sample:		67320.88 time, 63760.01 real, 2583 MB, 1.11 load
[runlim] sample:		67332.88 time, 63770.01 real, 2584 MB, 1.09 load
[runlim] sample:		67343.44 time, 63780.01 real, 2584 MB, 1.15 load
[runlim] sample:		67354.58 time, 63790.01 real, 2587 MB, 1.13 load
[runlim] sample:		67367.94 time, 63800.01 real, 2596 MB, 1.11 load
[runlim] sample:		67382.12 time, 63810.01 real, 2591 MB, 1.09 load
[runlim] sample:		67395.06 time, 63820.01 real, 2598 MB, 1.08 load
[runlim] sample:		67407.90 time, 63830.01 real, 2601 MB, 1.06 load
[runlim] sample:		67420.34 time, 63840.01 real, 2601 MB, 1.05 load
[runlim] sample:		67433.08 time, 63850.01 real, 2605 MB, 1.04 load
[runlim] sample:		67445.23 time, 63860.01 real, 2608 MB, 1.04 load
[runlim] sample:		67457.10 time, 63870.01 real, 2606 MB, 1.03 load
[runlim] sample:		67468.53 time, 63880.01 real, 2616 MB, 1.03 load
[runlim] sample:		67479.76 time, 63890.01 real, 2613 MB, 1.02 load
[runlim] sample:		67490.63 time, 63900.01 real, 2617 MB, 1.02 load
[runlim] sample:		67501.89 time, 63910.02 real, 2619 MB, 1.01 load
[runlim] sample:		67513.11 time, 63920.01 real, 2626 MB, 1.01 load

NN₁: mnist_relu_3_100_gemm.onnx
NN₂: mnist_relu_3_100_0.79_adam_1_stepsize.onnx
Prop: mnist_27_global_4.vnnlib

NN₁: mnist_relu_3_100_gemm.onnx
NN₂: mnist_relu_3_100_0.79_adam_1_stepsize.onnx
Prop: mnist_27_global_5.vnnlib
[runlim] sample:		67523.33 time, 63930.01 real, 2502 MB, 1.01 load
[runlim] sample:		67533.33 time, 63940.02 real, 2502 MB, 1.01 load
[runlim] sample:		67543.34 time, 63950.01 real, 2502 MB, 1.01 load
[runlim] sample:		67553.34 time, 63960.01 real, 2502 MB, 1.00 load
[runlim] sample:		67563.34 time, 63970.01 real, 2502 MB, 1.00 load
[runlim] sample:		67573.34 time, 63980.01 real, 2502 MB, 1.00 load
[runlim] sample:		67583.35 time, 63990.01 real, 2504 MB, 1.00 load
[runlim] sample:		67593.34 time, 64000.01 real, 2512 MB, 1.00 load
[runlim] sample:		67603.35 time, 64010.01 real, 2519 MB, 1.08 load
[runlim] sample:		67613.35 time, 64020.01 real, 2526 MB, 1.22 load
[runlim] sample:		67623.35 time, 64030.01 real, 2526 MB, 1.26 load
[runlim] sample:		67633.35 time, 64040.01 real, 2533 MB, 1.22 load
[runlim] sample:		67643.36 time, 64050.01 real, 2543 MB, 1.19 load
[runlim] sample:		67653.36 time, 64060.01 real, 2543 MB, 1.16 load
[runlim] sample:		67663.21 time, 64070.01 real, 2552 MB, 1.13 load
[runlim] sample:		67673.21 time, 64080.01 real, 2562 MB, 1.11 load
[runlim] sample:		67683.21 time, 64090.01 real, 2562 MB, 1.09 load
[runlim] sample:		67693.22 time, 64100.01 real, 2571 MB, 1.08 load
[runlim] sample:		67703.21 time, 64110.01 real, 2571 MB, 1.07 load
[runlim] sample:		67713.61 time, 64120.01 real, 2571 MB, 1.06 load
[runlim] sample:		67723.64 time, 64130.01 real, 2584 MB, 1.05 load
[runlim] sample:		67733.73 time, 64140.01 real, 2585 MB, 1.04 load
[runlim] sample:		67745.02 time, 64150.01 real, 2587 MB, 1.03 load
[runlim] sample:		67755.51 time, 64160.01 real, 2593 MB, 1.03 load
[runlim] sample:		67768.14 time, 64170.01 real, 2592 MB, 1.02 load
[runlim] sample:		67778.33 time, 64180.01 real, 2605 MB, 1.02 load
[runlim] sample:		67788.33 time, 64190.01 real, 2609 MB, 1.02 load
[runlim] sample:		67798.53 time, 64200.01 real, 2614 MB, 1.01 load
[runlim] sample:		67809.13 time, 64210.01 real, 2625 MB, 1.01 load
[runlim] sample:		67819.98 time, 64220.01 real, 2628 MB, 1.01 load
[runlim] sample:		67830.43 time, 64230.01 real, 2651 MB, 1.01 load
[runlim] sample:		67840.60 time, 64240.01 real, 2652 MB, 1.00 load
[runlim] sample:		67850.73 time, 64250.01 real, 2666 MB, 1.00 load
[runlim] sample:		67860.92 time, 64260.01 real, 2667 MB, 1.00 load
[runlim] sample:		67870.98 time, 64270.01 real, 2667 MB, 1.00 load
[runlim] sample:		67881.12 time, 64280.01 real, 2669 MB, 1.00 load
[runlim] sample:		67891.25 time, 64290.01 real, 2692 MB, 1.00 load
[runlim] sample:		67901.61 time, 64300.01 real, 2692 MB, 1.00 load
[runlim] sample:		67911.78 time, 64310.01 real, 2699 MB, 1.00 load
[runlim] sample:		67923.02 time, 64320.01 real, 2700 MB, 1.00 load
[runlim] sample:		67934.57 time, 64330.01 real, 2704 MB, 1.08 load
[runlim] sample:		67944.83 time, 64340.01 real, 2703 MB, 1.07 load
[runlim] sample:		67955.07 time, 64350.02 real, 2702 MB, 1.06 load
[runlim] sample:		67966.88 time, 64360.01 real, 2703 MB, 1.05 load
[runlim] sample:		67977.24 time, 64370.01 real, 2720 MB, 1.04 load
[runlim] sample:		67987.47 time, 64380.01 real, 2721 MB, 1.03 load
[runlim] sample:		67997.62 time, 64390.01 real, 2720 MB, 1.03 load
[runlim] sample:		68007.76 time, 64400.01 real, 2721 MB, 1.02 load
[runlim] sample:		68018.25 time, 64410.01 real, 2726 MB, 1.02 load
[runlim] sample:		68029.99 time, 64420.01 real, 2718 MB, 1.02 load
[runlim] sample:		68040.02 time, 64430.01 real, 2718 MB, 1.01 load
[runlim] sample:		68051.22 time, 64440.01 real, 2720 MB, 1.01 load
[runlim] sample:		68062.27 time, 64450.01 real, 2720 MB, 1.01 load
[runlim] sample:		68072.45 time, 64460.01 real, 2728 MB, 1.01 load
[runlim] sample:		68083.44 time, 64470.01 real, 2729 MB, 1.00 load
[runlim] sample:		68094.70 time, 64480.01 real, 2738 MB, 1.00 load
[runlim] sample:		68105.07 time, 64490.01 real, 2738 MB, 1.00 load
[runlim] sample:		68115.29 time, 64500.01 real, 2738 MB, 1.00 load
[runlim] sample:		68125.69 time, 64510.01 real, 2746 MB, 1.08 load
[runlim] sample:		68136.75 time, 64520.01 real, 2747 MB, 1.22 load

NN₁: mnist_relu_3_100_gemm.onnx
NN₂: mnist_relu_3_100_0.79_adam_1_stepsize.onnx
Prop: mnist_28_global_4.vnnlib

NN₁: mnist_relu_3_100_gemm.onnx
NN₂: mnist_relu_3_100_0.79_adam_1_stepsize.onnx
Prop: mnist_28_global_5.vnnlib

NN₁: mnist_relu_3_100_gemm.onnx
NN₂: mnist_relu_3_100_0.79_adam_1_stepsize.onnx
Prop: mnist_29_global_4.vnnlib
[runlim] sample:		68147.08 time, 64530.01 real, 2512 MB, 1.26 load

NN₁: mnist_relu_3_100_gemm.onnx
NN₂: mnist_relu_3_100_0.79_adam_1_stepsize.onnx
Prop: mnist_29_global_5.vnnlib
[runlim] sample:		68157.07 time, 64540.01 real, 2513 MB, 1.22 load
[runlim] sample:		68167.07 time, 64550.01 real, 2515 MB, 1.19 load
[runlim] sample:		68177.08 time, 64560.01 real, 2518 MB, 1.16 load
[runlim] sample:		68187.09 time, 64570.01 real, 2518 MB, 1.13 load
[runlim] sample:		68197.09 time, 64580.01 real, 2521 MB, 1.11 load
[runlim] sample:		68207.08 time, 64590.01 real, 2525 MB, 1.09 load
[runlim] sample:		68217.09 time, 64600.01 real, 2528 MB, 1.08 load
[runlim] sample:		68226.96 time, 64610.01 real, 2528 MB, 1.07 load
[runlim] sample:		68236.96 time, 64620.01 real, 2535 MB, 1.06 load
[runlim] sample:		68246.96 time, 64630.01 real, 2535 MB, 1.05 load
[runlim] sample:		68256.96 time, 64640.01 real, 2539 MB, 1.04 load
[runlim] sample:		68266.96 time, 64650.01 real, 2546 MB, 1.03 load
[runlim] sample:		68276.96 time, 64660.01 real, 2546 MB, 1.03 load
[runlim] sample:		68286.96 time, 64670.01 real, 2550 MB, 1.02 load
[runlim] sample:		68296.97 time, 64680.01 real, 2550 MB, 1.02 load
[runlim] sample:		68306.97 time, 64690.01 real, 2557 MB, 1.02 load
[runlim] sample:		68316.98 time, 64700.01 real, 2557 MB, 1.01 load
[runlim] sample:		68326.98 time, 64710.01 real, 2560 MB, 1.01 load
[runlim] sample:		68336.97 time, 64720.01 real, 2560 MB, 1.01 load
[runlim] sample:		68346.98 time, 64730.01 real, 2569 MB, 1.01 load
[runlim] sample:		68356.97 time, 64740.01 real, 2576 MB, 1.00 load
[runlim] sample:		68366.99 time, 64750.01 real, 2576 MB, 1.00 load
[runlim] sample:		68376.98 time, 64760.01 real, 2583 MB, 1.08 load
[runlim] sample:		68386.98 time, 64770.01 real, 2583 MB, 1.06 load
[runlim] sample:		68396.99 time, 64780.01 real, 2583 MB, 1.05 load
[runlim] sample:		68406.98 time, 64790.01 real, 2591 MB, 1.05 load
[runlim] sample:		68416.99 time, 64800.01 real, 2591 MB, 1.04 load
[runlim] sample:		68426.99 time, 64810.01 real, 2599 MB, 1.03 load
[runlim] sample:		68436.99 time, 64820.01 real, 2599 MB, 1.03 load
[runlim] sample:		68446.99 time, 64830.01 real, 2609 MB, 1.02 load
[runlim] sample:		68456.99 time, 64840.01 real, 2609 MB, 1.02 load
[runlim] sample:		68466.99 time, 64850.01 real, 2617 MB, 1.02 load
[runlim] sample:		68477.00 time, 64860.01 real, 2617 MB, 1.09 load
[runlim] sample:		68487.00 time, 64870.01 real, 2617 MB, 1.08 load
[runlim] sample:		68496.87 time, 64880.01 real, 2626 MB, 1.07 load
[runlim] sample:		68506.86 time, 64890.01 real, 2626 MB, 1.06 load
[runlim] sample:		68516.87 time, 64900.02 real, 2636 MB, 1.05 load
[runlim] sample:		68526.87 time, 64910.01 real, 2636 MB, 1.04 load
[runlim] sample:		68536.87 time, 64920.01 real, 2636 MB, 1.03 load
[runlim] sample:		68546.88 time, 64930.01 real, 2645 MB, 1.03 load
[runlim] sample:		68556.88 time, 64940.01 real, 2645 MB, 1.02 load
[runlim] sample:		68566.88 time, 64950.01 real, 2655 MB, 1.02 load
[runlim] sample:		68576.88 time, 64960.01 real, 2655 MB, 1.02 load
[runlim] sample:		68586.88 time, 64970.01 real, 2655 MB, 1.01 load
[runlim] sample:		68596.88 time, 64980.01 real, 2666 MB, 1.01 load
[runlim] sample:		68606.88 time, 64990.01 real, 2666 MB, 1.01 load
[runlim] sample:		68616.89 time, 65000.01 real, 2666 MB, 1.01 load
[runlim] sample:		68626.89 time, 65010.01 real, 2677 MB, 1.09 load
[runlim] sample:		68636.89 time, 65020.01 real, 2677 MB, 1.23 load
[runlim] sample:		68646.89 time, 65030.01 real, 2677 MB, 1.26 load
[runlim] sample:		68656.89 time, 65040.01 real, 2688 MB, 1.22 load
[runlim] sample:		68666.89 time, 65050.01 real, 2688 MB, 1.19 load
[runlim] sample:		68676.90 time, 65060.01 real, 2688 MB, 1.16 load
[runlim] sample:		68686.90 time, 65070.01 real, 2699 MB, 1.13 load
[runlim] sample:		68696.90 time, 65080.01 real, 2699 MB, 1.11 load
[runlim] sample:		68706.90 time, 65090.01 real, 2699 MB, 1.10 load
[runlim] sample:		68716.91 time, 65100.01 real, 2710 MB, 1.08 load
[runlim] sample:		68726.91 time, 65110.01 real, 2710 MB, 1.07 load
[runlim] sample:		68736.91 time, 65120.01 real, 2710 MB, 1.06 load
[runlim] sample:		68746.91 time, 65130.01 real, 2721 MB, 1.05 load

NN₁: mnist_relu_3_100_gemm.onnx
NN₂: mnist_relu_3_100_0.79_adam_1_stepsize.onnx
Prop: mnist_30_global_4.vnnlib

NN₁: mnist_relu_3_100_gemm.onnx
NN₂: mnist_relu_3_100_0.79_adam_1_stepsize.onnx
Prop: mnist_30_global_5.vnnlib
[runlim] sample:		68756.91 time, 65140.01 real, 2513 MB, 1.04 load

NN₁: mnist_relu_3_100_gemm.onnx
NN₂: mnist_relu_3_100_0.79_adam_1_stepsize.onnx
Prop: mnist_31_global_4.vnnlib

NN₁: mnist_relu_3_100_gemm.onnx
NN₂: mnist_relu_3_100_0.79_adam_1_stepsize.onnx
Prop: mnist_31_global_5.vnnlib
[runlim] sample:		68766.90 time, 65150.01 real, 2513 MB, 1.03 load
[runlim] sample:		68776.91 time, 65160.01 real, 2514 MB, 1.03 load
[runlim] sample:		68786.91 time, 65170.01 real, 2514 MB, 1.02 load
[runlim] sample:		68796.91 time, 65180.01 real, 2518 MB, 1.02 load
[runlim] sample:		68806.92 time, 65190.01 real, 2521 MB, 1.02 load
[runlim] sample:		68816.91 time, 65200.01 real, 2521 MB, 1.01 load
[runlim] sample:		68826.92 time, 65210.01 real, 2524 MB, 1.01 load
[runlim] sample:		68836.92 time, 65220.01 real, 2528 MB, 1.01 load
[runlim] sample:		68846.92 time, 65230.01 real, 2528 MB, 1.01 load
[runlim] sample:		68856.92 time, 65240.01 real, 2532 MB, 1.00 load
[runlim] sample:		68866.92 time, 65250.01 real, 2532 MB, 1.00 load
[runlim] sample:		68876.93 time, 65260.01 real, 2539 MB, 1.00 load
[runlim] sample:		68886.92 time, 65270.01 real, 2542 MB, 1.00 load
[runlim] sample:		68896.93 time, 65280.01 real, 2542 MB, 1.00 load
[runlim] sample:		68906.93 time, 65290.01 real, 2549 MB, 1.00 load
[runlim] sample:		68916.94 time, 65300.01 real, 2549 MB, 1.00 load
[runlim] sample:		68926.94 time, 65310.01 real, 2554 MB, 1.00 load
[runlim] sample:		68936.94 time, 65320.01 real, 2554 MB, 1.00 load
[runlim] sample:		68946.94 time, 65330.01 real, 2563 MB, 1.00 load
[runlim] sample:		68956.94 time, 65340.01 real, 2563 MB, 1.00 load
[runlim] sample:		68966.94 time, 65350.02 real, 2570 MB, 1.00 load
[runlim] sample:		68976.95 time, 65360.01 real, 2570 MB, 1.00 load
[runlim] sample:		68986.95 time, 65370.01 real, 2576 MB, 1.00 load
[runlim] sample:		68996.95 time, 65380.01 real, 2576 MB, 1.00 load
[runlim] sample:		69006.95 time, 65390.01 real, 2583 MB, 1.00 load
[runlim] sample:		69016.96 time, 65400.01 real, 2583 MB, 1.00 load
[runlim] sample:		69026.95 time, 65410.01 real, 2594 MB, 1.07 load
[runlim] sample:		69036.95 time, 65420.01 real, 2594 MB, 1.06 load
[runlim] sample:		69046.83 time, 65430.01 real, 2603 MB, 1.05 load
[runlim] sample:		69056.82 time, 65440.01 real, 2603 MB, 1.04 load
[runlim] sample:		69072.78 time, 65450.01 real, 2594 MB, 2.48 load
[runlim] sample:		69090.55 time, 65460.01 real, 2593 MB, 2.25 load
[runlim] sample:		69108.36 time, 65470.01 real, 2587 MB, 2.06 load
[runlim] sample:		69127.10 time, 65480.01 real, 2595 MB, 1.89 load
[runlim] sample:		69145.08 time, 65490.01 real, 2599 MB, 1.76 load
[runlim] sample:		69163.86 time, 65500.01 real, 2587 MB, 1.64 load
[runlim] sample:		69182.40 time, 65510.01 real, 2597 MB, 1.62 load
[runlim] sample:		69196.95 time, 65520.01 real, 2593 MB, 3.96 load
[runlim] sample:		69214.49 time, 65530.01 real, 2591 MB, 3.51 load
[runlim] sample:		69232.63 time, 65540.01 real, 2594 MB, 3.12 load
[runlim] sample:		69251.03 time, 65550.01 real, 2589 MB, 2.79 load
[runlim] sample:		69269.54 time, 65560.01 real, 2593 MB, 3.16 load
[runlim] sample:		69287.22 time, 65570.01 real, 2594 MB, 2.83 load
[runlim] sample:		69304.97 time, 65580.01 real, 2597 MB, 2.55 load
[runlim] sample:		69323.03 time, 65590.01 real, 2604 MB, 4.37 load
[runlim] sample:		69341.21 time, 65600.01 real, 2603 MB, 3.85 load
[runlim] sample:		69359.05 time, 65610.01 real, 2611 MB, 3.57 load
[runlim] sample:		69375.35 time, 65620.01 real, 2600 MB, 3.18 load
[runlim] sample:		69392.84 time, 65630.01 real, 2610 MB, 2.84 load
[runlim] sample:		69410.74 time, 65640.01 real, 2607 MB, 4.69 load
[runlim] sample:		69428.27 time, 65650.02 real, 2609 MB, 4.35 load
[runlim] sample:		69447.06 time, 65660.01 real, 2615 MB, 3.83 load
[runlim] sample:		69465.45 time, 65670.01 real, 2625 MB, 3.40 load
[runlim] sample:		69483.99 time, 65680.02 real, 2615 MB, 3.03 load
[runlim] sample:		69502.69 time, 65690.02 real, 2641 MB, 2.72 load
[runlim] sample:		69520.57 time, 65700.01 real, 2642 MB, 2.45 load
[runlim] sample:		69538.38 time, 65710.01 real, 2642 MB, 2.23 load
[runlim] sample:		69555.98 time, 65720.01 real, 2638 MB, 2.04 load
[runlim] sample:		69574.29 time, 65730.01 real, 2643 MB, 1.88 load
[runlim] sample:		69592.94 time, 65740.01 real, 2644 MB, 1.74 load
[runlim] sample:		69611.08 time, 65750.01 real, 2641 MB, 1.63 load

NN₁: mnist_relu_3_100_gemm.onnx
NN₂: mnist_relu_3_100_0.79_adam_1_stepsize.onnx
Prop: mnist_32_global_4.vnnlib

NN₁: mnist_relu_3_100_gemm.onnx
NN₂: mnist_relu_3_100_0.79_adam_1_stepsize.onnx
Prop: mnist_32_global_5.vnnlib

NN₁: mnist_relu_3_100_gemm.onnx
NN₂: mnist_relu_3_100_0.79_adam_1_stepsize.onnx
Prop: mnist_33_global_4.vnnlib

NN₁: mnist_relu_3_100_gemm.onnx
NN₂: mnist_relu_3_100_0.79_adam_1_stepsize.onnx
Prop: mnist_33_global_5.vnnlib
[runlim] sample:		69621.07 time, 65760.01 real, 2494 MB, 1.53 load
[runlim] sample:		69631.07 time, 65770.01 real, 2494 MB, 1.45 load
[runlim] sample:		69641.07 time, 65780.01 real, 2494 MB, 1.38 load
[runlim] sample:		69651.07 time, 65790.01 real, 2494 MB, 1.32 load
[runlim] sample:		69661.07 time, 65800.01 real, 2494 MB, 1.27 load
[runlim] sample:		69671.08 time, 65810.01 real, 2494 MB, 1.23 load
[runlim] sample:		69681.08 time, 65820.01 real, 2494 MB, 1.19 load
[runlim] sample:		69691.08 time, 65830.01 real, 2494 MB, 1.16 load
[runlim] sample:		69701.09 time, 65840.01 real, 2494 MB, 1.14 load
[runlim] sample:		69711.08 time, 65850.01 real, 2494 MB, 1.12 load
[runlim] sample:		69721.09 time, 65860.01 real, 2494 MB, 1.10 load
[runlim] sample:		69731.09 time, 65870.01 real, 2494 MB, 1.08 load
[runlim] sample:		69741.09 time, 65880.01 real, 2494 MB, 1.07 load
[runlim] sample:		69751.10 time, 65890.01 real, 2494 MB, 1.06 load
[runlim] sample:		69761.10 time, 65900.01 real, 2494 MB, 1.05 load
[runlim] sample:		69771.10 time, 65910.01 real, 2494 MB, 1.04 load
[runlim] sample:		69781.10 time, 65920.01 real, 2494 MB, 1.03 load
[runlim] sample:		69791.11 time, 65930.01 real, 2494 MB, 1.03 load
[runlim] sample:		69801.11 time, 65940.01 real, 2494 MB, 1.02 load
[runlim] sample:		69811.11 time, 65950.01 real, 2494 MB, 1.02 load
[runlim] sample:		69821.12 time, 65960.01 real, 2494 MB, 1.02 load
[runlim] sample:		69830.99 time, 65970.01 real, 2494 MB, 1.01 load
[runlim] sample:		69841.00 time, 65980.01 real, 2494 MB, 1.01 load
[runlim] sample:		69851.00 time, 65990.01 real, 2494 MB, 1.01 load
[runlim] sample:		69861.00 time, 66000.01 real, 2494 MB, 1.01 load
[runlim] sample:		69871.01 time, 66010.01 real, 2494 MB, 1.09 load
[runlim] sample:		69881.01 time, 66020.01 real, 2494 MB, 1.23 load
[runlim] sample:		69891.01 time, 66030.01 real, 2494 MB, 1.26 load
[runlim] sample:		69901.02 time, 66040.01 real, 2494 MB, 1.22 load
[runlim] sample:		69911.01 time, 66050.01 real, 2494 MB, 1.19 load
[runlim] sample:		69921.02 time, 66060.01 real, 2494 MB, 1.16 load
[runlim] sample:		69931.02 time, 66070.01 real, 2494 MB, 1.13 load
[runlim] sample:		69941.02 time, 66080.01 real, 2494 MB, 1.11 load
[runlim] sample:		69951.03 time, 66090.01 real, 2494 MB, 1.10 load
[runlim] sample:		69961.03 time, 66100.01 real, 2494 MB, 1.08 load
[runlim] sample:		69971.03 time, 66110.01 real, 2494 MB, 1.07 load
[runlim] sample:		69981.03 time, 66120.01 real, 2494 MB, 1.06 load
[runlim] sample:		69991.04 time, 66130.01 real, 2494 MB, 1.05 load
[runlim] sample:		70001.03 time, 66140.01 real, 2494 MB, 1.04 load
[runlim] sample:		70011.04 time, 66150.01 real, 2494 MB, 1.03 load
[runlim] sample:		70021.05 time, 66160.01 real, 2494 MB, 1.03 load
[runlim] sample:		70031.04 time, 66170.01 real, 2494 MB, 1.02 load
[runlim] sample:		70041.05 time, 66180.01 real, 2494 MB, 1.02 load
[runlim] sample:		70051.05 time, 66190.01 real, 2494 MB, 1.02 load
[runlim] sample:		70061.05 time, 66200.01 real, 2494 MB, 1.01 load
[runlim] sample:		70071.06 time, 66210.01 real, 2494 MB, 1.01 load
[runlim] sample:		70081.05 time, 66220.01 real, 2494 MB, 1.01 load
[runlim] sample:		70091.06 time, 66230.01 real, 2494 MB, 1.01 load
[runlim] sample:		70100.93 time, 66240.01 real, 2494 MB, 1.00 load
[runlim] sample:		70110.93 time, 66250.01 real, 2494 MB, 1.00 load
[runlim] sample:		70120.94 time, 66260.01 real, 2494 MB, 1.00 load
[runlim] sample:		70130.93 time, 66270.01 real, 2494 MB, 1.00 load
[runlim] sample:		70140.94 time, 66280.01 real, 2494 MB, 1.00 load
[runlim] sample:		70150.94 time, 66290.01 real, 2494 MB, 1.00 load
[runlim] sample:		70160.94 time, 66300.01 real, 2494 MB, 1.00 load
[runlim] sample:		70170.95 time, 66310.01 real, 2494 MB, 1.00 load
[runlim] sample:		70180.95 time, 66320.01 real, 2494 MB, 1.00 load
[runlim] sample:		70190.95 time, 66330.01 real, 2494 MB, 1.00 load
[runlim] sample:		70200.95 time, 66340.01 real, 2494 MB, 1.00 load
[runlim] sample:		70210.95 time, 66350.01 real, 2494 MB, 1.00 load

NN₁: mnist_relu_3_100_gemm.onnx
NN₂: mnist_relu_3_100_0.79_adam_1_stepsize.onnx
Prop: mnist_34_global_4.vnnlib

NN₁: mnist_relu_3_100_gemm.onnx
NN₂: mnist_relu_3_100_0.79_adam_1_stepsize.onnx
Prop: mnist_34_global_5.vnnlib
[runlim] sample:		70220.95 time, 66360.01 real, 2494 MB, 1.00 load
[runlim] sample:		70230.95 time, 66370.02 real, 2494 MB, 1.00 load
[runlim] sample:		70240.95 time, 66380.01 real, 2494 MB, 1.00 load

NN₁: mnist_relu_3_100_gemm.onnx
NN₂: mnist_relu_3_100_0.79_adam_1_stepsize.onnx
Prop: mnist_35_global_4.vnnlib

NN₁: mnist_relu_3_100_gemm.onnx
NN₂: mnist_relu_3_100_0.79_adam_1_stepsize.onnx
Prop: mnist_35_global_5.vnnlib
[runlim] sample:		70250.91 time, 66390.02 real, 2494 MB, 1.00 load
[runlim] sample:		70260.91 time, 66400.01 real, 2494 MB, 1.00 load
[runlim] sample:		70270.91 time, 66410.01 real, 2494 MB, 1.00 load
[runlim] sample:		70280.92 time, 66420.01 real, 2494 MB, 1.00 load
[runlim] sample:		70290.92 time, 66430.01 real, 2494 MB, 1.00 load
[runlim] sample:		70300.92 time, 66440.01 real, 2494 MB, 1.00 load
[runlim] sample:		70310.92 time, 66450.01 real, 2494 MB, 1.00 load
[runlim] sample:		70320.92 time, 66460.01 real, 2494 MB, 1.00 load
[runlim] sample:		70330.93 time, 66470.01 real, 2494 MB, 1.00 load
[runlim] sample:		70340.94 time, 66480.01 real, 2494 MB, 1.00 load
[runlim] sample:		70350.93 time, 66490.01 real, 2498 MB, 1.00 load
[runlim] sample:		70360.93 time, 66500.01 real, 2503 MB, 1.00 load
[runlim] sample:		70370.82 time, 66510.01 real, 2510 MB, 1.08 load
[runlim] sample:		70380.82 time, 66520.01 real, 2515 MB, 1.22 load
[runlim] sample:		70390.82 time, 66530.01 real, 2520 MB, 1.26 load
[runlim] sample:		70400.83 time, 66540.01 real, 2523 MB, 1.22 load
[runlim] sample:		70410.83 time, 66550.01 real, 2526 MB, 1.19 load
[runlim] sample:		70420.83 time, 66560.01 real, 2531 MB, 1.16 load
[runlim] sample:		70430.83 time, 66570.01 real, 2531 MB, 1.13 load
[runlim] sample:		70440.84 time, 66580.01 real, 2538 MB, 1.11 load
[runlim] sample:		70450.83 time, 66590.01 real, 2538 MB, 1.09 load
[runlim] sample:		70460.84 time, 66600.01 real, 2542 MB, 1.08 load
[runlim] sample:		70470.84 time, 66610.01 real, 2546 MB, 1.07 load
[runlim] sample:		70480.85 time, 66620.01 real, 2550 MB, 1.06 load
[runlim] sample:		70490.85 time, 66630.01 real, 2550 MB, 1.05 load
[runlim] sample:		70500.85 time, 66640.01 real, 2557 MB, 1.04 load
[runlim] sample:		70510.85 time, 66650.01 real, 2561 MB, 1.03 load
[runlim] sample:		70520.86 time, 66660.01 real, 2566 MB, 1.03 load
[runlim] sample:		70530.86 time, 66670.01 real, 2569 MB, 1.02 load
[runlim] sample:		70540.87 time, 66680.01 real, 2569 MB, 1.02 load
[runlim] sample:		70550.86 time, 66690.01 real, 2574 MB, 1.02 load
[runlim] sample:		70560.86 time, 66700.01 real, 2580 MB, 1.01 load
[runlim] sample:		70570.86 time, 66710.01 real, 2585 MB, 1.01 load
[runlim] sample:		70580.87 time, 66720.01 real, 2585 MB, 1.01 load
[runlim] sample:		70590.87 time, 66730.01 real, 2589 MB, 1.01 load
[runlim] sample:		70600.88 time, 66740.01 real, 2594 MB, 1.00 load
[runlim] sample:		70610.88 time, 66750.01 real, 2601 MB, 1.00 load
[runlim] sample:		70620.87 time, 66760.01 real, 2601 MB, 1.00 load
[runlim] sample:		70630.88 time, 66770.01 real, 2604 MB, 1.00 load
[runlim] sample:		70640.76 time, 66780.01 real, 2607 MB, 1.00 load
[runlim] sample:		70650.77 time, 66790.01 real, 2607 MB, 1.00 load
[runlim] sample:		70660.76 time, 66800.01 real, 2613 MB, 1.00 load
[runlim] sample:		70670.77 time, 66810.01 real, 2633 MB, 1.00 load
[runlim] sample:		70680.77 time, 66820.01 real, 2633 MB, 1.00 load
[runlim] sample:		70690.77 time, 66830.01 real, 2634 MB, 1.00 load
[runlim] sample:		70700.77 time, 66840.01 real, 2642 MB, 1.00 load
[runlim] sample:		70710.77 time, 66850.01 real, 2642 MB, 1.00 load
[runlim] sample:		70720.78 time, 66860.01 real, 2644 MB, 1.00 load
[runlim] sample:		70730.78 time, 66870.01 real, 2648 MB, 1.00 load
[runlim] sample:		70740.78 time, 66880.01 real, 2648 MB, 1.00 load
[runlim] sample:		70750.78 time, 66890.01 real, 2652 MB, 1.00 load
[runlim] sample:		70760.79 time, 66900.01 real, 2652 MB, 1.00 load
[runlim] sample:		70770.79 time, 66910.01 real, 2655 MB, 1.00 load
[runlim] sample:		70780.79 time, 66920.01 real, 2661 MB, 1.00 load
[runlim] sample:		70790.79 time, 66930.01 real, 2661 MB, 1.00 load
[runlim] sample:		70800.79 time, 66940.01 real, 2665 MB, 1.00 load
[runlim] sample:		70810.80 time, 66950.01 real, 2665 MB, 1.00 load
[runlim] sample:		70820.80 time, 66960.01 real, 2675 MB, 1.00 load
[runlim] sample:		70830.80 time, 66970.01 real, 2675 MB, 1.00 load
[runlim] sample:		70840.81 time, 66980.01 real, 2675 MB, 1.00 load

NN₁: mnist_relu_3_100_gemm.onnx
NN₂: mnist_relu_3_100_0.79_adam_1_stepsize.onnx
Prop: mnist_36_global_4.vnnlib

NN₁: mnist_relu_3_100_gemm.onnx
NN₂: mnist_relu_3_100_0.79_adam_1_stepsize.onnx
Prop: mnist_36_global_5.vnnlib

NN₁: mnist_relu_3_100_gemm.onnx
NN₂: mnist_relu_3_100_0.79_adam_1_stepsize.onnx
Prop: mnist_37_global_4.vnnlib

NN₁: mnist_relu_3_100_gemm.onnx
NN₂: mnist_relu_3_100_0.79_adam_1_stepsize.onnx
Prop: mnist_37_global_5.vnnlib
[runlim] sample:		70850.79 time, 66990.01 real, 2497 MB, 1.00 load
[runlim] sample:		70860.79 time, 67000.01 real, 2497 MB, 1.00 load
[runlim] sample:		70870.79 time, 67010.01 real, 2497 MB, 1.08 load
[runlim] sample:		70880.81 time, 67020.01 real, 2497 MB, 1.22 load
[runlim] sample:		70890.80 time, 67030.01 real, 2497 MB, 1.26 load
[runlim] sample:		70900.81 time, 67040.01 real, 2497 MB, 1.22 load
[runlim] sample:		70910.66 time, 67050.01 real, 2498 MB, 1.11 load
[runlim] sample:		70920.66 time, 67060.01 real, 2504 MB, 1.09 load
[runlim] sample:		70930.67 time, 67070.01 real, 2510 MB, 1.08 load
[runlim] sample:		70940.67 time, 67080.01 real, 2514 MB, 1.07 load
[runlim] sample:		70950.67 time, 67090.01 real, 2514 MB, 1.06 load
[runlim] sample:		70960.68 time, 67100.01 real, 2524 MB, 1.05 load
[runlim] sample:		70970.68 time, 67110.01 real, 2530 MB, 1.04 load
[runlim] sample:		70980.67 time, 67120.01 real, 2540 MB, 1.03 load
[runlim] sample:		70990.68 time, 67130.01 real, 2548 MB, 1.03 load
[runlim] sample:		71000.69 time, 67140.01 real, 2548 MB, 1.02 load
[runlim] sample:		71010.68 time, 67150.01 real, 2557 MB, 1.02 load
[runlim] sample:		71020.69 time, 67160.01 real, 2566 MB, 1.02 load
[runlim] sample:		71030.69 time, 67170.01 real, 2566 MB, 1.01 load
[runlim] sample:		71040.69 time, 67180.01 real, 2571 MB, 1.01 load
[runlim] sample:		71050.69 time, 67190.01 real, 2582 MB, 1.01 load
[runlim] sample:		71060.70 time, 67200.01 real, 2591 MB, 1.01 load
[runlim] sample:		71070.70 time, 67210.01 real, 2591 MB, 1.00 load
[runlim] sample:		71080.70 time, 67220.01 real, 2598 MB, 1.00 load
[runlim] sample:		71090.70 time, 67230.01 real, 2598 MB, 1.00 load
[runlim] sample:		71100.71 time, 67240.01 real, 2606 MB, 1.00 load
[runlim] sample:		71110.71 time, 67250.01 real, 2640 MB, 1.00 load
[runlim] sample:		71120.72 time, 67260.01 real, 2640 MB, 1.00 load
[runlim] sample:		71130.72 time, 67270.01 real, 2650 MB, 1.00 load
[runlim] sample:		71140.72 time, 67280.01 real, 2650 MB, 1.00 load
[runlim] sample:		71150.72 time, 67290.01 real, 2655 MB, 1.00 load
[runlim] sample:		71160.72 time, 67300.01 real, 2663 MB, 1.00 load
[runlim] sample:		71170.72 time, 67310.01 real, 2663 MB, 1.00 load
[runlim] sample:		71180.58 time, 67320.01 real, 2673 MB, 1.00 load
[runlim] sample:		71190.59 time, 67330.02 real, 2673 MB, 1.00 load
[runlim] sample:		71200.59 time, 67340.01 real, 2684 MB, 1.00 load
[runlim] sample:		71210.59 time, 67350.01 real, 2684 MB, 1.00 load
[runlim] sample:		71220.60 time, 67360.01 real, 2692 MB, 1.00 load
[runlim] sample:		71230.60 time, 67370.01 real, 2703 MB, 1.00 load
[runlim] sample:		71240.59 time, 67380.01 real, 2703 MB, 1.00 load
[runlim] sample:		71250.60 time, 67390.01 real, 2711 MB, 1.00 load
[runlim] sample:		71260.61 time, 67400.01 real, 2711 MB, 1.00 load
[runlim] sample:		71270.61 time, 67410.01 real, 2720 MB, 1.00 load
[runlim] sample:		71280.61 time, 67420.01 real, 2720 MB, 1.00 load
[runlim] sample:		71290.61 time, 67430.01 real, 2732 MB, 1.00 load
[runlim] sample:		71300.61 time, 67440.01 real, 2732 MB, 1.00 load
[runlim] sample:		71310.61 time, 67450.01 real, 2739 MB, 1.00 load
[runlim] sample:		71320.62 time, 67460.01 real, 2739 MB, 1.00 load
[runlim] sample:		71330.62 time, 67470.01 real, 2749 MB, 1.00 load
[runlim] sample:		71340.62 time, 67480.01 real, 2749 MB, 1.00 load
[runlim] sample:		71350.62 time, 67490.01 real, 2763 MB, 1.00 load
[runlim] sample:		71360.62 time, 67500.01 real, 2763 MB, 1.00 load
[runlim] sample:		71370.63 time, 67510.01 real, 2763 MB, 1.08 load
[runlim] sample:		71380.62 time, 67520.01 real, 2772 MB, 1.22 load
[runlim] sample:		71390.63 time, 67530.01 real, 2772 MB, 1.26 load
[runlim] sample:		71400.63 time, 67540.01 real, 2779 MB, 1.22 load
[runlim] sample:		71410.63 time, 67550.01 real, 2779 MB, 1.19 load
[runlim] sample:		71420.64 time, 67560.01 real, 2791 MB, 1.16 load
[runlim] sample:		71430.64 time, 67570.01 real, 2791 MB, 1.13 load
[runlim] sample:		71440.64 time, 67580.01 real, 2806 MB, 1.11 load

NN₁: mnist_relu_3_100_gemm.onnx
NN₂: mnist_relu_3_100_0.79_adam_1_stepsize.onnx
Prop: mnist_38_global_4.vnnlib

NN₁: mnist_relu_3_100_gemm.onnx
NN₂: mnist_relu_3_100_0.79_adam_1_stepsize.onnx
Prop: mnist_38_global_5.vnnlib
[runlim] sample:		71450.49 time, 67590.01 real, 2496 MB, 1.09 load
[runlim] sample:		71460.49 time, 67600.01 real, 2496 MB, 1.08 load
[runlim] sample:		71470.49 time, 67610.01 real, 2499 MB, 1.07 load
[runlim] sample:		71480.49 time, 67620.01 real, 2504 MB, 1.06 load
[runlim] sample:		71490.49 time, 67630.01 real, 2504 MB, 1.05 load
[runlim] sample:		71500.50 time, 67640.01 real, 2510 MB, 1.04 load
[runlim] sample:		71510.50 time, 67650.01 real, 2512 MB, 1.03 load
[runlim] sample:		71520.50 time, 67660.01 real, 2519 MB, 1.03 load
[runlim] sample:		71530.51 time, 67670.01 real, 2519 MB, 1.02 load
[runlim] sample:		71540.50 time, 67680.01 real, 2523 MB, 1.02 load
[runlim] sample:		71550.51 time, 67690.01 real, 2528 MB, 1.02 load
[runlim] sample:		71560.52 time, 67700.01 real, 2528 MB, 1.01 load
[runlim] sample:		71570.52 time, 67710.01 real, 2536 MB, 1.01 load
[runlim] sample:		71580.51 time, 67720.01 real, 2540 MB, 1.01 load
[runlim] sample:		71590.52 time, 67730.01 real, 2540 MB, 1.01 load
[runlim] sample:		71600.52 time, 67740.01 real, 2545 MB, 1.00 load
[runlim] sample:		71610.53 time, 67750.01 real, 2552 MB, 1.00 load
[runlim] sample:		71620.53 time, 67760.01 real, 2552 MB, 1.00 load
[runlim] sample:		71630.53 time, 67770.01 real, 2559 MB, 1.00 load
[runlim] sample:		71640.53 time, 67780.01 real, 2559 MB, 1.00 load
[runlim] sample:		71650.53 time, 67790.01 real, 2568 MB, 1.00 load
[runlim] sample:		71660.53 time, 67800.01 real, 2568 MB, 1.00 load
[runlim] sample:		71670.54 time, 67810.01 real, 2577 MB, 1.00 load
[runlim] sample:		71680.54 time, 67820.01 real, 2585 MB, 1.00 load
[runlim] sample:		71690.54 time, 67830.01 real, 2585 MB, 1.00 load
[runlim] sample:		71700.54 time, 67840.01 real, 2593 MB, 1.00 load
[runlim] sample:		71710.54 time, 67850.01 real, 2593 MB, 1.00 load
[runlim] sample:		71720.41 time, 67860.01 real, 2604 MB, 1.00 load
[runlim] sample:		71730.42 time, 67870.01 real, 2604 MB, 1.00 load
[runlim] sample:		71740.42 time, 67880.01 real, 2611 MB, 1.00 load
[runlim] sample:		71750.42 time, 67890.01 real, 2611 MB, 1.00 load
[runlim] sample:		71760.42 time, 67900.01 real, 2620 MB, 1.00 load
[runlim] sample:		71770.43 time, 67910.01 real, 2620 MB, 1.00 load
[runlim] sample:		71780.42 time, 67920.01 real, 2631 MB, 1.00 load
[runlim] sample:		71790.43 time, 67930.01 real, 2631 MB, 1.00 load
[runlim] sample:		71800.42 time, 67940.01 real, 2631 MB, 1.00 load
[runlim] sample:		71810.43 time, 67950.01 real, 2641 MB, 1.00 load
[runlim] sample:		71820.43 time, 67960.01 real, 2641 MB, 1.00 load
[runlim] sample:		71830.44 time, 67970.01 real, 2656 MB, 1.00 load
[runlim] sample:		71840.43 time, 67980.01 real, 2656 MB, 1.00 load
[runlim] sample:		71853.11 time, 67990.01 real, 2666 MB, 1.00 load
[runlim] sample:		71875.45 time, 68000.01 real, 2655 MB, 1.00 load
[runlim] sample:		71895.88 time, 68010.01 real, 2652 MB, 1.08 load
[runlim] sample:		71917.57 time, 68020.01 real, 2661 MB, 1.22 load
[runlim] sample:		71941.36 time, 68030.01 real, 2664 MB, 1.19 load
[runlim] sample:		71963.54 time, 68040.01 real, 2657 MB, 1.16 load
[runlim] sample:		71985.26 time, 68050.01 real, 2660 MB, 1.13 load
[runlim] sample:		72007.39 time, 68060.01 real, 2660 MB, 1.11 load
[runlim] sample:		72027.81 time, 68070.01 real, 2671 MB, 1.09 load
[runlim] sample:		72048.45 time, 68080.01 real, 2673 MB, 1.08 load
[runlim] sample:		72070.31 time, 68090.01 real, 2680 MB, 1.07 load
[runlim] sample:		72092.95 time, 68100.01 real, 2669 MB, 1.30 load
[runlim] sample:		72113.31 time, 68110.01 real, 2672 MB, 1.25 load
[runlim] sample:		72134.33 time, 68120.01 real, 2676 MB, 1.21 load
[runlim] sample:		72154.20 time, 68130.01 real, 2682 MB, 1.18 load
[runlim] sample:		72174.61 time, 68140.01 real, 2687 MB, 1.15 load
[runlim] sample:		72196.05 time, 68150.01 real, 2688 MB, 1.29 load
[runlim] sample:		72216.48 time, 68160.01 real, 2691 MB, 1.24 load
[runlim] sample:		72237.13 time, 68170.01 real, 2689 MB, 1.21 load
[runlim] sample:		72258.06 time, 68180.01 real, 2695 MB, 1.17 load

NN₁: mnist_relu_3_100_gemm.onnx
NN₂: mnist_relu_3_100_0.79_adam_1_stepsize.onnx
Prop: mnist_39_global_4.vnnlib

NN₁: mnist_relu_3_100_gemm.onnx
NN₂: mnist_relu_3_100_0.79_adam_1_stepsize.onnx
Prop: mnist_39_global_5.vnnlib
[runlim] sample:		72275.21 time, 68190.01 real, 2502 MB, 1.15 load
[runlim] sample:		72285.21 time, 68200.01 real, 2502 MB, 1.12 load
[runlim] sample:		72295.22 time, 68210.01 real, 2502 MB, 1.10 load
[runlim] sample:		72305.22 time, 68220.01 real, 2502 MB, 1.09 load
[runlim] sample:		72315.21 time, 68230.01 real, 2502 MB, 1.07 load
[runlim] sample:		72325.22 time, 68240.01 real, 2502 MB, 1.06 load
[runlim] sample:		72335.22 time, 68250.01 real, 2502 MB, 1.05 load
[runlim] sample:		72345.22 time, 68260.01 real, 2502 MB, 1.12 load
[runlim] sample:		72355.23 time, 68270.01 real, 2502 MB, 1.10 load
[runlim] sample:		72365.22 time, 68280.01 real, 2502 MB, 1.08 load
[runlim] sample:		72375.23 time, 68290.02 real, 2502 MB, 1.07 load
[runlim] sample:		72385.23 time, 68300.01 real, 2502 MB, 1.06 load
[runlim] sample:		72395.23 time, 68310.02 real, 2502 MB, 1.05 load
[runlim] sample:		72405.23 time, 68320.01 real, 2502 MB, 1.04 load
[runlim] sample:		72415.24 time, 68330.01 real, 2502 MB, 1.03 load
[runlim] sample:		72425.24 time, 68340.01 real, 2502 MB, 1.03 load
[runlim] sample:		72435.23 time, 68350.02 real, 2502 MB, 1.02 load
[runlim] sample:		72445.24 time, 68360.01 real, 2502 MB, 1.02 load
[runlim] sample:		72455.24 time, 68370.01 real, 2502 MB, 1.02 load
[runlim] sample:		72465.24 time, 68380.01 real, 2502 MB, 1.01 load
[runlim] sample:		72475.24 time, 68390.01 real, 2502 MB, 1.01 load
[runlim] sample:		72485.25 time, 68400.01 real, 2502 MB, 1.01 load

NN₁: mnist_relu_3_100_gemm.onnx
NN₂: mnist_relu_3_100_0.79_adam_1_stepsize.onnx
Prop: mnist_40_global_4.vnnlib
[runlim] sample:		72495.25 time, 68410.01 real, 2503 MB, 1.01 load
[runlim] sample:		72505.25 time, 68420.01 real, 2504 MB, 1.01 load
[runlim] sample:		72515.24 time, 68430.01 real, 2504 MB, 1.00 load
[runlim] sample:		72525.25 time, 68440.01 real, 2508 MB, 1.00 load
[runlim] sample:		72535.25 time, 68450.01 real, 2510 MB, 1.00 load
[runlim] sample:		72545.25 time, 68460.01 real, 2510 MB, 1.00 load
[runlim] sample:		72555.25 time, 68470.01 real, 2515 MB, 1.00 load
[runlim] sample:		72565.25 time, 68480.01 real, 2519 MB, 1.00 load
[runlim] sample:		72575.26 time, 68490.01 real, 2519 MB, 1.00 load
[runlim] sample:		72585.25 time, 68500.01 real, 2523 MB, 1.00 load
[runlim] sample:		72595.26 time, 68510.01 real, 2528 MB, 1.08 load
[runlim] sample:		72605.26 time, 68520.01 real, 2528 MB, 1.22 load
[runlim] sample:		72615.27 time, 68530.01 real, 2532 MB, 1.26 load
[runlim] sample:		72625.26 time, 68540.01 real, 2532 MB, 1.22 load
[runlim] sample:		72635.26 time, 68550.01 real, 2538 MB, 1.19 load
[runlim] sample:		72645.27 time, 68560.01 real, 2538 MB, 1.16 load
[runlim] sample:		72655.27 time, 68570.01 real, 2544 MB, 1.13 load
[runlim] sample:		72665.26 time, 68580.01 real, 2544 MB, 1.11 load
[runlim] sample:		72675.27 time, 68590.01 real, 2549 MB, 1.09 load
[runlim] sample:		72685.27 time, 68600.01 real, 2554 MB, 1.08 load
[runlim] sample:		72695.27 time, 68610.01 real, 2554 MB, 1.07 load
[runlim] sample:		72705.28 time, 68620.01 real, 2561 MB, 1.06 load
[runlim] sample:		72715.27 time, 68630.01 real, 2561 MB, 1.05 load
[runlim] sample:		72725.28 time, 68640.01 real, 2569 MB, 1.04 load
[runlim] sample:		72735.28 time, 68650.01 real, 2569 MB, 1.03 load
[runlim] sample:		72745.28 time, 68660.01 real, 2570 MB, 1.03 load
[runlim] sample:		72755.16 time, 68670.01 real, 2578 MB, 1.02 load
[runlim] sample:		72765.15 time, 68680.01 real, 2578 MB, 1.02 load
[runlim] sample:		72775.15 time, 68690.01 real, 2585 MB, 1.02 load
[runlim] sample:		72785.16 time, 68700.01 real, 2585 MB, 1.01 load
[runlim] sample:		72795.16 time, 68710.01 real, 2595 MB, 1.01 load
[runlim] sample:		72805.16 time, 68720.01 real, 2595 MB, 1.01 load
[runlim] sample:		72815.17 time, 68730.01 real, 2603 MB, 1.01 load
[runlim] sample:		72825.16 time, 68740.01 real, 2603 MB, 1.00 load
[runlim] sample:		72835.16 time, 68750.01 real, 2603 MB, 1.00 load
[runlim] sample:		72845.17 time, 68760.01 real, 2611 MB, 1.00 load
[runlim] sample:		72855.17 time, 68770.01 real, 2611 MB, 1.00 load
[runlim] sample:		72865.16 time, 68780.01 real, 2620 MB, 1.00 load
[runlim] sample:		72875.17 time, 68790.01 real, 2620 MB, 1.00 load
[runlim] sample:		72885.16 time, 68800.01 real, 2620 MB, 1.00 load
[runlim] sample:		72895.17 time, 68810.01 real, 2629 MB, 1.00 load
[runlim] sample:		72905.17 time, 68820.01 real, 2629 MB, 1.00 load
[runlim] sample:		72915.18 time, 68830.01 real, 2638 MB, 1.00 load
[runlim] sample:		72925.18 time, 68840.01 real, 2638 MB, 1.00 load
[runlim] sample:		72935.18 time, 68850.01 real, 2638 MB, 1.00 load
[runlim] sample:		72945.18 time, 68860.01 real, 2649 MB, 1.00 load
[runlim] sample:		72955.18 time, 68870.01 real, 2649 MB, 1.00 load
[runlim] sample:		72965.17 time, 68880.01 real, 2649 MB, 1.00 load
[runlim] sample:		72975.18 time, 68890.01 real, 2660 MB, 1.00 load
[runlim] sample:		72985.19 time, 68900.01 real, 2660 MB, 1.00 load
[runlim] sample:		72995.18 time, 68910.01 real, 2660 MB, 1.00 load
[runlim] sample:		73005.18 time, 68920.01 real, 2671 MB, 1.00 load
[runlim] sample:		73015.18 time, 68930.01 real, 2671 MB, 1.00 load
[runlim] sample:		73025.02 time, 68940.01 real, 2671 MB, 1.00 load
[runlim] sample:		73035.03 time, 68950.01 real, 2681 MB, 1.00 load
[runlim] sample:		73045.02 time, 68960.01 real, 2681 MB, 1.00 load
[runlim] sample:		73055.03 time, 68970.01 real, 2681 MB, 1.00 load
[runlim] sample:		73065.02 time, 68980.01 real, 2691 MB, 1.00 load
[runlim] sample:		73075.03 time, 68990.01 real, 2691 MB, 1.00 load
[runlim] sample:		73085.03 time, 69000.01 real, 2691 MB, 1.00 load

NN₁: mnist_relu_3_100_gemm.onnx
NN₂: mnist_relu_3_100_0.79_adam_1_stepsize.onnx
Prop: mnist_40_global_5.vnnlib
[runlim] sample:		73095.01 time, 69010.01 real, 2505 MB, 1.08 load
[runlim] sample:		73105.01 time, 69020.01 real, 2508 MB, 1.22 load
[runlim] sample:		73115.01 time, 69030.01 real, 2508 MB, 1.26 load
[runlim] sample:		73125.01 time, 69040.01 real, 2510 MB, 1.22 load
[runlim] sample:		73135.01 time, 69050.01 real, 2514 MB, 1.19 load
[runlim] sample:		73145.01 time, 69060.01 real, 2514 MB, 1.16 load
[runlim] sample:		73155.02 time, 69070.01 real, 2514 MB, 1.13 load
[runlim] sample:		73165.01 time, 69080.01 real, 2516 MB, 1.11 load
[runlim] sample:		73175.01 time, 69090.01 real, 2516 MB, 1.09 load
[runlim] sample:		73185.02 time, 69100.01 real, 2519 MB, 1.08 load
[runlim] sample:		73195.02 time, 69110.01 real, 2525 MB, 1.07 load
[runlim] sample:		73205.03 time, 69120.01 real, 2525 MB, 1.06 load
[runlim] sample:		73215.02 time, 69130.01 real, 2532 MB, 1.05 load
[runlim] sample:		73225.02 time, 69140.01 real, 2532 MB, 1.04 load
[runlim] sample:		73235.03 time, 69150.01 real, 2536 MB, 1.03 load
[runlim] sample:		73245.03 time, 69160.01 real, 2536 MB, 1.03 load
[runlim] sample:		73255.03 time, 69170.01 real, 2540 MB, 1.02 load
[runlim] sample:		73265.03 time, 69180.01 real, 2540 MB, 1.02 load
[runlim] sample:		73275.03 time, 69190.01 real, 2542 MB, 1.02 load
[runlim] sample:		73285.03 time, 69200.01 real, 2551 MB, 1.01 load
[runlim] sample:		73294.89 time, 69210.01 real, 2551 MB, 1.01 load
[runlim] sample:		73304.89 time, 69220.01 real, 2556 MB, 1.01 load
[runlim] sample:		73314.89 time, 69230.01 real, 2556 MB, 1.01 load
[runlim] sample:		73324.89 time, 69240.01 real, 2556 MB, 1.00 load
[runlim] sample:		73334.89 time, 69250.01 real, 2565 MB, 1.00 load
[runlim] sample:		73344.89 time, 69260.01 real, 2565 MB, 1.00 load
[runlim] sample:		73354.90 time, 69270.01 real, 2571 MB, 1.00 load
[runlim] sample:		73364.89 time, 69280.01 real, 2571 MB, 1.00 load
[runlim] sample:		73374.90 time, 69290.01 real, 2581 MB, 1.00 load
[runlim] sample:		73384.90 time, 69300.01 real, 2581 MB, 1.00 load
[runlim] sample:		73394.90 time, 69310.02 real, 2587 MB, 1.00 load
[runlim] sample:		73404.90 time, 69320.01 real, 2587 MB, 1.00 load
[runlim] sample:		73414.90 time, 69330.01 real, 2593 MB, 1.00 load
[runlim] sample:		73424.91 time, 69340.02 real, 2593 MB, 1.00 load
[runlim] sample:		73434.90 time, 69350.01 real, 2593 MB, 1.00 load
[runlim] sample:		73444.90 time, 69360.01 real, 2603 MB, 1.00 load
[runlim] sample:		73454.91 time, 69370.01 real, 2603 MB, 1.00 load
[runlim] sample:		73464.91 time, 69380.01 real, 2612 MB, 1.00 load
[runlim] sample:		73474.91 time, 69390.01 real, 2612 MB, 1.00 load
[runlim] sample:		73484.92 time, 69400.01 real, 2612 MB, 1.00 load
[runlim] sample:		73494.91 time, 69410.01 real, 2621 MB, 1.00 load
[runlim] sample:		73504.92 time, 69420.01 real, 2621 MB, 1.00 load
[runlim] sample:		73514.91 time, 69430.01 real, 2628 MB, 1.00 load
[runlim] sample:		73524.92 time, 69440.01 real, 2628 MB, 1.00 load
[runlim] sample:		73534.92 time, 69450.01 real, 2628 MB, 1.00 load
[runlim] sample:		73544.92 time, 69460.01 real, 2637 MB, 1.00 load
[runlim] sample:		73554.92 time, 69470.01 real, 2637 MB, 1.00 load
[runlim] sample:		73564.73 time, 69480.01 real, 2637 MB, 0.93 load
[runlim] sample:		73574.72 time, 69490.01 real, 2648 MB, 0.94 load
[runlim] sample:		73584.72 time, 69500.01 real, 2648 MB, 0.95 load
[runlim] sample:		73594.73 time, 69510.01 real, 2648 MB, 1.04 load
[runlim] sample:		73604.72 time, 69520.01 real, 2659 MB, 1.19 load
[runlim] sample:		73614.73 time, 69530.01 real, 2659 MB, 1.30 load
[runlim] sample:		73624.73 time, 69540.01 real, 2659 MB, 1.26 load
[runlim] sample:		73634.73 time, 69550.01 real, 2670 MB, 1.22 load
[runlim] sample:		73644.73 time, 69560.01 real, 2670 MB, 1.18 load
[runlim] sample:		73654.74 time, 69570.01 real, 2670 MB, 1.15 load
[runlim] sample:		73664.74 time, 69580.01 real, 2680 MB, 1.13 load
[runlim] sample:		73674.74 time, 69590.01 real, 2680 MB, 1.11 load
[runlim] sample:		73684.74 time, 69600.01 real, 2680 MB, 1.09 load

NN₁: mnist_relu_3_100_gemm.onnx
NN₂: mnist_relu_3_100_0.79_adam_1_stepsize.onnx
Prop: mnist_41_global_4.vnnlib
[runlim] sample:		73694.73 time, 69610.01 real, 2506 MB, 1.08 load

NN₁: mnist_relu_3_100_gemm.onnx
NN₂: mnist_relu_3_100_0.79_adam_1_stepsize.onnx
Prop: mnist_41_global_5.vnnlib
[runlim] sample:		73704.74 time, 69620.01 real, 2506 MB, 1.15 load
[runlim] sample:		73714.74 time, 69630.01 real, 2506 MB, 1.12 load
[runlim] sample:		73724.73 time, 69640.01 real, 2508 MB, 1.10 load
[runlim] sample:		73734.74 time, 69650.01 real, 2511 MB, 1.09 load
[runlim] sample:		73744.74 time, 69660.01 real, 2511 MB, 1.07 load
[runlim] sample:		73754.74 time, 69670.01 real, 2515 MB, 1.06 load
[runlim] sample:		73764.74 time, 69680.01 real, 2522 MB, 1.05 load
[runlim] sample:		73774.75 time, 69690.01 real, 2522 MB, 1.04 load
[runlim] sample:		73784.75 time, 69700.01 real, 2526 MB, 1.04 load
[runlim] sample:		73794.74 time, 69710.01 real, 2532 MB, 1.03 load
[runlim] sample:		73804.75 time, 69720.01 real, 2532 MB, 1.02 load
[runlim] sample:		73814.75 time, 69730.01 real, 2537 MB, 1.02 load
[runlim] sample:		73824.75 time, 69740.01 real, 2537 MB, 1.02 load
[runlim] sample:		73834.59 time, 69750.01 real, 2543 MB, 1.01 load
[runlim] sample:		73844.59 time, 69760.01 real, 2549 MB, 1.09 load
[runlim] sample:		73854.59 time, 69770.01 real, 2549 MB, 1.08 load
[runlim] sample:		73864.59 time, 69780.01 real, 2556 MB, 1.06 load
[runlim] sample:		73874.59 time, 69790.01 real, 2556 MB, 1.05 load
[runlim] sample:		73884.60 time, 69800.01 real, 2566 MB, 1.05 load
[runlim] sample:		73894.60 time, 69810.01 real, 2566 MB, 1.04 load
[runlim] sample:		73904.60 time, 69820.02 real, 2574 MB, 1.03 load
[runlim] sample:		73914.60 time, 69830.01 real, 2574 MB, 1.11 load
[runlim] sample:		73924.60 time, 69840.01 real, 2581 MB, 1.09 load
[runlim] sample:		73934.60 time, 69850.01 real, 2581 MB, 1.08 load
[runlim] sample:		73944.61 time, 69860.01 real, 2593 MB, 1.06 load
[runlim] sample:		73954.61 time, 69870.01 real, 2593 MB, 1.05 load
[runlim] sample:		73964.61 time, 69880.01 real, 2600 MB, 1.04 load
[runlim] sample:		73974.61 time, 69890.01 real, 2600 MB, 1.04 load
[runlim] sample:		73984.62 time, 69900.01 real, 2600 MB, 1.03 load
[runlim] sample:		73994.61 time, 69910.01 real, 2609 MB, 1.03 load
[runlim] sample:		74004.61 time, 69920.01 real, 2609 MB, 1.10 load
[runlim] sample:		74014.62 time, 69930.01 real, 2620 MB, 1.09 load
[runlim] sample:		74024.62 time, 69940.01 real, 2620 MB, 1.07 load
[runlim] sample:		74034.62 time, 69950.01 real, 2631 MB, 1.06 load
[runlim] sample:		74044.62 time, 69960.01 real, 2631 MB, 1.05 load
[runlim] sample:		74054.62 time, 69970.01 real, 2631 MB, 1.04 load
[runlim] sample:		74064.62 time, 69980.01 real, 2637 MB, 1.04 load
[runlim] sample:		74074.62 time, 69990.01 real, 2637 MB, 1.03 load
[runlim] sample:		74084.63 time, 70000.01 real, 2660 MB, 1.02 load
[runlim] sample:		74094.63 time, 70010.01 real, 2660 MB, 1.10 load
[runlim] sample:		74104.49 time, 70020.01 real, 2660 MB, 1.24 load
[runlim] sample:		74114.48 time, 70030.01 real, 2672 MB, 1.28 load
[runlim] sample:		74124.49 time, 70040.01 real, 2672 MB, 1.23 load
[runlim] sample:		74134.49 time, 70050.01 real, 2683 MB, 1.20 load
[runlim] sample:		74144.49 time, 70060.01 real, 2683 MB, 1.17 load
[runlim] sample:		74154.48 time, 70070.01 real, 2683 MB, 1.14 load
[runlim] sample:		74164.49 time, 70080.01 real, 2696 MB, 1.12 load
[runlim] sample:		74174.49 time, 70090.01 real, 2696 MB, 1.10 load
[runlim] sample:		74184.49 time, 70100.01 real, 2696 MB, 1.08 load
[runlim] sample:		74194.50 time, 70110.01 real, 2708 MB, 1.07 load
[runlim] sample:		74204.49 time, 70120.01 real, 2708 MB, 1.06 load
[runlim] sample:		74214.49 time, 70130.01 real, 2708 MB, 1.05 load
[runlim] sample:		74224.49 time, 70140.01 real, 2720 MB, 1.04 load
[runlim] sample:		74234.49 time, 70150.01 real, 2720 MB, 1.04 load
[runlim] sample:		74244.50 time, 70160.01 real, 2720 MB, 1.03 load
[runlim] sample:		74254.50 time, 70170.01 real, 2735 MB, 1.02 load
[runlim] sample:		74264.51 time, 70180.01 real, 2735 MB, 1.02 load
[runlim] sample:		74274.51 time, 70190.01 real, 2735 MB, 1.02 load
[runlim] sample:		74284.51 time, 70200.01 real, 2749 MB, 1.01 load
[runlim] sample:		74294.51 time, 70210.01 real, 2749 MB, 1.01 load

NN₁: mnist_relu_3_100_gemm.onnx
NN₂: mnist_relu_3_100_0.79_adam_1_stepsize.onnx
Prop: mnist_42_global_4.vnnlib

NN₁: mnist_relu_3_100_gemm.onnx
NN₂: mnist_relu_3_100_0.79_adam_1_stepsize.onnx
Prop: mnist_42_global_5.vnnlib
[runlim] sample:		74304.50 time, 70220.01 real, 2505 MB, 1.01 load
[runlim] sample:		74314.50 time, 70230.01 real, 2505 MB, 1.01 load
[runlim] sample:		74324.50 time, 70240.01 real, 2505 MB, 1.01 load
[runlim] sample:		74334.51 time, 70250.01 real, 2505 MB, 1.00 load
[runlim] sample:		74344.51 time, 70260.01 real, 2505 MB, 1.00 load
[runlim] sample:		74354.51 time, 70270.01 real, 2507 MB, 1.00 load
[runlim] sample:		74364.51 time, 70280.01 real, 2507 MB, 1.00 load
[runlim] sample:		74374.39 time, 70290.01 real, 2507 MB, 1.00 load
[runlim] sample:		74384.49 time, 70300.01 real, 2509 MB, 1.00 load
[runlim] sample:		74394.82 time, 70310.01 real, 2512 MB, 1.00 load
[runlim] sample:		74404.82 time, 70320.01 real, 2516 MB, 1.00 load
[runlim] sample:		74414.88 time, 70330.01 real, 2521 MB, 1.00 load
[runlim] sample:		74424.88 time, 70340.01 real, 2527 MB, 1.00 load
[runlim] sample:		74436.46 time, 70350.01 real, 2526 MB, 1.00 load
[runlim] sample:		74448.60 time, 70360.01 real, 2524 MB, 1.00 load
[runlim] sample:		74460.63 time, 70370.01 real, 2532 MB, 1.00 load
[runlim] sample:		74472.21 time, 70380.01 real, 2540 MB, 1.00 load
[runlim] sample:		74482.22 time, 70390.02 real, 2540 MB, 1.00 load
[runlim] sample:		74493.76 time, 70400.01 real, 2542 MB, 1.08 load
[runlim] sample:		74505.64 time, 70410.01 real, 2553 MB, 1.07 load
[runlim] sample:		74516.60 time, 70420.02 real, 2555 MB, 1.06 load
[runlim] sample:		74526.61 time, 70430.01 real, 2562 MB, 1.05 load
[runlim] sample:		74536.61 time, 70440.01 real, 2568 MB, 1.04 load
[runlim] sample:		74546.61 time, 70450.01 real, 2568 MB, 1.03 load
[runlim] sample:		74556.66 time, 70460.01 real, 2575 MB, 1.03 load
[runlim] sample:		74566.84 time, 70470.01 real, 2580 MB, 1.02 load
[runlim] sample:		74577.44 time, 70480.01 real, 2580 MB, 1.02 load
[runlim] sample:		74588.06 time, 70490.01 real, 2587 MB, 1.02 load
[runlim] sample:		74599.18 time, 70500.01 real, 2591 MB, 1.01 load
[runlim] sample:		74609.77 time, 70510.01 real, 2592 MB, 1.09 load
[runlim] sample:		74622.57 time, 70520.01 real, 2598 MB, 1.23 load
[runlim] sample:		74632.83 time, 70530.01 real, 2604 MB, 1.20 load
[runlim] sample:		74643.99 time, 70540.01 real, 2606 MB, 1.16 load
[runlim] sample:		74654.03 time, 70550.01 real, 2610 MB, 1.14 load
[runlim] sample:		74664.53 time, 70560.01 real, 2620 MB, 1.12 load
[runlim] sample:		74676.46 time, 70570.01 real, 2623 MB, 1.10 load
[runlim] sample:		74686.67 time, 70580.02 real, 2628 MB, 1.08 load
[runlim] sample:		74698.71 time, 70590.01 real, 2631 MB, 1.07 load
[runlim] sample:		74710.80 time, 70600.01 real, 2632 MB, 1.06 load
[runlim] sample:		74720.82 time, 70610.01 real, 2649 MB, 1.05 load
[runlim] sample:		74730.82 time, 70620.01 real, 2649 MB, 1.04 load
[runlim] sample:		74740.83 time, 70630.01 real, 2654 MB, 1.03 load
[runlim] sample:		74750.95 time, 70640.01 real, 2659 MB, 1.03 load
[runlim] sample:		74760.98 time, 70650.01 real, 2661 MB, 1.02 load
[runlim] sample:		74770.98 time, 70660.01 real, 2669 MB, 1.02 load
[runlim] sample:		74780.99 time, 70670.01 real, 2669 MB, 1.02 load
[runlim] sample:		74790.98 time, 70680.01 real, 2680 MB, 1.01 load
[runlim] sample:		74800.99 time, 70690.01 real, 2680 MB, 1.01 load
[runlim] sample:		74811.53 time, 70700.01 real, 2689 MB, 1.01 load
[runlim] sample:		74822.02 time, 70710.01 real, 2693 MB, 1.01 load
[runlim] sample:		74832.03 time, 70720.01 real, 2703 MB, 1.01 load
[runlim] sample:		74842.63 time, 70730.01 real, 2706 MB, 1.00 load
[runlim] sample:		74854.13 time, 70740.01 real, 2716 MB, 1.00 load
[runlim] sample:		74864.22 time, 70750.01 real, 2715 MB, 1.00 load
[runlim] sample:		74874.38 time, 70760.01 real, 2723 MB, 1.00 load
[runlim] sample:		74884.38 time, 70770.01 real, 2723 MB, 1.00 load
[runlim] sample:		74894.38 time, 70780.01 real, 2733 MB, 1.00 load
[runlim] sample:		74904.38 time, 70790.01 real, 2733 MB, 1.00 load
[runlim] sample:		74915.19 time, 70800.01 real, 2730 MB, 1.00 load
[runlim] sample:		74925.94 time, 70810.01 real, 2736 MB, 1.00 load

NN₁: mnist_relu_3_100_gemm.onnx
NN₂: mnist_relu_3_100_0.79_adam_1_stepsize.onnx
Prop: mnist_43_global_4.vnnlib
[runlim] sample:		74936.66 time, 70820.01 real, 2505 MB, 1.00 load
[runlim] sample:		74946.43 time, 70830.01 real, 2505 MB, 1.00 load
[runlim] sample:		74956.43 time, 70840.01 real, 2505 MB, 1.00 load
[runlim] sample:		74966.43 time, 70850.01 real, 2505 MB, 1.00 load
[runlim] sample:		74976.43 time, 70860.01 real, 2505 MB, 1.00 load
[runlim] sample:		74986.43 time, 70870.01 real, 2507 MB, 1.00 load
[runlim] sample:		74996.44 time, 70880.01 real, 2515 MB, 1.00 load
[runlim] sample:		75006.44 time, 70890.01 real, 2521 MB, 1.00 load
[runlim] sample:		75016.44 time, 70900.01 real, 2521 MB, 1.00 load
[runlim] sample:		75026.45 time, 70910.01 real, 2527 MB, 1.00 load
[runlim] sample:		75036.45 time, 70920.01 real, 2535 MB, 1.00 load
[runlim] sample:		75046.44 time, 70930.01 real, 2543 MB, 1.00 load
[runlim] sample:		75056.45 time, 70940.01 real, 2543 MB, 1.00 load
[runlim] sample:		75066.45 time, 70950.01 real, 2552 MB, 1.00 load
[runlim] sample:		75076.45 time, 70960.01 real, 2563 MB, 1.00 load
[runlim] sample:		75086.45 time, 70970.01 real, 2563 MB, 1.00 load
[runlim] sample:		75096.45 time, 70980.01 real, 2572 MB, 1.00 load
[runlim] sample:		75106.45 time, 70990.01 real, 2581 MB, 1.00 load
[runlim] sample:		75116.45 time, 71000.01 real, 2581 MB, 1.00 load
[runlim] sample:		75126.46 time, 71010.01 real, 2590 MB, 1.08 load
[runlim] sample:		75136.46 time, 71020.01 real, 2598 MB, 1.22 load
[runlim] sample:		75146.46 time, 71030.01 real, 2598 MB, 1.26 load
[runlim] sample:		75156.46 time, 71040.01 real, 2606 MB, 1.22 load
[runlim] sample:		75166.46 time, 71050.01 real, 2606 MB, 1.19 load
[runlim] sample:		75176.46 time, 71060.01 real, 2634 MB, 1.16 load
[runlim] sample:		75186.47 time, 71070.01 real, 2634 MB, 1.13 load
[runlim] sample:		75196.46 time, 71080.01 real, 2638 MB, 1.11 load
[runlim] sample:		75206.47 time, 71090.01 real, 2638 MB, 1.09 load
[runlim] sample:		75216.31 time, 71100.01 real, 2643 MB, 1.08 load
[runlim] sample:		75226.31 time, 71110.01 real, 2643 MB, 1.07 load
[runlim] sample:		75236.31 time, 71120.01 real, 2646 MB, 1.06 load
[runlim] sample:		75246.31 time, 71130.01 real, 2646 MB, 1.05 load
[runlim] sample:		75256.32 time, 71140.01 real, 2648 MB, 1.04 load
[runlim] sample:		75266.31 time, 71150.01 real, 2648 MB, 1.03 load
[runlim] sample:		75276.32 time, 71160.01 real, 2650 MB, 1.03 load
[runlim] sample:		75286.32 time, 71170.01 real, 2650 MB, 1.02 load
[runlim] sample:		75296.32 time, 71180.01 real, 2651 MB, 1.02 load
[runlim] sample:		75306.32 time, 71190.01 real, 2651 MB, 1.02 load
[runlim] sample:		75316.32 time, 71200.01 real, 2651 MB, 1.01 load
[runlim] sample:		75326.33 time, 71210.01 real, 2651 MB, 1.01 load
[runlim] sample:		75336.33 time, 71220.01 real, 2651 MB, 1.01 load
[runlim] sample:		75346.33 time, 71230.01 real, 2651 MB, 1.01 load
[runlim] sample:		75356.33 time, 71240.01 real, 2651 MB, 1.00 load
[runlim] sample:		75366.32 time, 71250.01 real, 2651 MB, 1.00 load
[runlim] sample:		75376.33 time, 71260.01 real, 2651 MB, 1.00 load
[runlim] sample:		75386.33 time, 71270.01 real, 2651 MB, 1.00 load
[runlim] sample:		75396.33 time, 71280.01 real, 2651 MB, 1.00 load
[runlim] sample:		75406.34 time, 71290.01 real, 2651 MB, 1.00 load
[runlim] sample:		75416.34 time, 71300.01 real, 2651 MB, 1.00 load
[runlim] sample:		75426.34 time, 71310.01 real, 2651 MB, 1.00 load
[runlim] sample:		75436.34 time, 71320.01 real, 2651 MB, 1.00 load
[runlim] sample:		75446.35 time, 71330.01 real, 2651 MB, 1.00 load
[runlim] sample:		75456.34 time, 71340.01 real, 2651 MB, 1.00 load
[runlim] sample:		75466.35 time, 71350.01 real, 2651 MB, 1.00 load
[runlim] sample:		75476.35 time, 71360.01 real, 2651 MB, 1.00 load
[runlim] sample:		75486.23 time, 71370.01 real, 2651 MB, 1.00 load
[runlim] sample:		75496.23 time, 71380.01 real, 2651 MB, 1.00 load
[runlim] sample:		75506.24 time, 71390.01 real, 2651 MB, 1.00 load
[runlim] sample:		75516.23 time, 71400.01 real, 2651 MB, 1.00 load
[runlim] sample:		75526.23 time, 71410.01 real, 2651 MB, 1.00 load

NN₁: mnist_relu_3_100_gemm.onnx
NN₂: mnist_relu_3_100_0.79_adam_1_stepsize.onnx
Prop: mnist_43_global_5.vnnlib
[runlim] sample:		75536.23 time, 71420.01 real, 2505 MB, 1.00 load
[runlim] sample:		75546.23 time, 71430.01 real, 2507 MB, 1.00 load
[runlim] sample:		75556.24 time, 71440.01 real, 2509 MB, 1.00 load
[runlim] sample:		75566.24 time, 71450.01 real, 2509 MB, 1.00 load
[runlim] sample:		75576.24 time, 71460.01 real, 2512 MB, 1.00 load
[runlim] sample:		75586.24 time, 71470.01 real, 2515 MB, 1.00 load
[runlim] sample:		75596.24 time, 71480.01 real, 2515 MB, 1.00 load
[runlim] sample:		75606.24 time, 71490.01 real, 2520 MB, 1.00 load
[runlim] sample:		75616.24 time, 71500.01 real, 2520 MB, 1.00 load
[runlim] sample:		75626.25 time, 71510.01 real, 2525 MB, 1.08 load
[runlim] sample:		75636.25 time, 71520.01 real, 2532 MB, 1.22 load
[runlim] sample:		75646.25 time, 71530.01 real, 2532 MB, 1.26 load
[runlim] sample:		75656.25 time, 71540.01 real, 2537 MB, 1.22 load
[runlim] sample:		75666.25 time, 71550.01 real, 2537 MB, 1.19 load
[runlim] sample:		75676.25 time, 71560.01 real, 2543 MB, 1.16 load
[runlim] sample:		75686.26 time, 71570.01 real, 2543 MB, 1.13 load
[runlim] sample:		75696.25 time, 71580.01 real, 2549 MB, 1.11 load
[runlim] sample:		75706.26 time, 71590.01 real, 2549 MB, 1.09 load
[runlim] sample:		75716.26 time, 71600.01 real, 2557 MB, 1.08 load
[runlim] sample:		75726.27 time, 71610.01 real, 2566 MB, 1.07 load
[runlim] sample:		75736.26 time, 71620.01 real, 2566 MB, 1.06 load
[runlim] sample:		75746.27 time, 71630.01 real, 2574 MB, 1.05 load
[runlim] sample:		75756.14 time, 71640.01 real, 2574 MB, 1.04 load
[runlim] sample:		75766.14 time, 71650.01 real, 2574 MB, 1.03 load
[runlim] sample:		75776.15 time, 71660.01 real, 2583 MB, 1.03 load
[runlim] sample:		75786.15 time, 71670.01 real, 2583 MB, 1.02 load
[runlim] sample:		75796.15 time, 71680.01 real, 2591 MB, 1.02 load
[runlim] sample:		75806.15 time, 71690.01 real, 2591 MB, 1.02 load
[runlim] sample:		75816.15 time, 71700.01 real, 2599 MB, 1.01 load
[runlim] sample:		75826.15 time, 71710.01 real, 2599 MB, 1.01 load
[runlim] sample:		75836.15 time, 71720.01 real, 2608 MB, 1.01 load
[runlim] sample:		75846.15 time, 71730.01 real, 2608 MB, 1.01 load
[runlim] sample:		75856.16 time, 71740.01 real, 2617 MB, 1.00 load
[runlim] sample:		75866.16 time, 71750.01 real, 2617 MB, 1.00 load
[runlim] sample:		75876.16 time, 71760.01 real, 2617 MB, 1.00 load
[runlim] sample:		75886.16 time, 71770.01 real, 2626 MB, 1.00 load
[runlim] sample:		75896.16 time, 71780.01 real, 2626 MB, 1.00 load
[runlim] sample:		75906.17 time, 71790.01 real, 2636 MB, 1.00 load
[runlim] sample:		75916.16 time, 71800.01 real, 2636 MB, 1.00 load
[runlim] sample:		75926.17 time, 71810.01 real, 2636 MB, 1.00 load
[runlim] sample:		75936.17 time, 71820.01 real, 2646 MB, 1.00 load
[runlim] sample:		75946.16 time, 71830.01 real, 2646 MB, 1.00 load
[runlim] sample:		75956.17 time, 71840.01 real, 2657 MB, 1.00 load
[runlim] sample:		75966.17 time, 71850.01 real, 2657 MB, 1.00 load
[runlim] sample:		75976.17 time, 71860.01 real, 2657 MB, 1.00 load
[runlim] sample:		75986.18 time, 71870.01 real, 2668 MB, 1.00 load
[runlim] sample:		75996.17 time, 71880.01 real, 2668 MB, 1.00 load
[runlim] sample:		76006.18 time, 71890.01 real, 2668 MB, 1.00 load
[runlim] sample:		76016.18 time, 71900.01 real, 2679 MB, 1.00 load
[runlim] sample:		76026.03 time, 71910.01 real, 2679 MB, 1.00 load
[runlim] sample:		76036.04 time, 71920.01 real, 2679 MB, 1.00 load
[runlim] sample:		76046.04 time, 71930.01 real, 2690 MB, 1.00 load
[runlim] sample:		76056.03 time, 71940.01 real, 2690 MB, 1.00 load
[runlim] sample:		76066.04 time, 71950.02 real, 2721 MB, 1.00 load
[runlim] sample:		76076.04 time, 71960.01 real, 2701 MB, 1.00 load
[runlim] sample:		76086.03 time, 71970.01 real, 2701 MB, 1.00 load
[runlim] sample:		76096.04 time, 71980.02 real, 2701 MB, 1.00 load
[runlim] sample:		76106.04 time, 71990.01 real, 2712 MB, 1.00 load
[runlim] sample:		76116.05 time, 72000.01 real, 2712 MB, 1.00 load
[runlim] sample:		76126.04 time, 72010.01 real, 2712 MB, 1.08 load

NN₁: mnist_relu_3_100_gemm.onnx
NN₂: mnist_relu_3_100_0.79_adam_1_stepsize.onnx
Prop: mnist_44_global_4.vnnlib
[runlim] sample:		76136.03 time, 72020.01 real, 2507 MB, 1.22 load
[runlim] sample:		76146.03 time, 72030.01 real, 2507 MB, 1.26 load
[runlim] sample:		76156.04 time, 72040.01 real, 2507 MB, 1.22 load
[runlim] sample:		76166.14 time, 72050.01 real, 2508 MB, 1.19 load
[runlim] sample:		76176.14 time, 72060.01 real, 2508 MB, 1.16 load
[runlim] sample:		76186.21 time, 72070.01 real, 2507 MB, 1.13 load
[runlim] sample:		76196.21 time, 72080.01 real, 2507 MB, 1.11 load
[runlim] sample:		76206.58 time, 72090.01 real, 2506 MB, 1.09 load
[runlim] sample:		76216.58 time, 72100.01 real, 2506 MB, 1.08 load
[runlim] sample:		76226.58 time, 72110.01 real, 2506 MB, 1.07 load
[runlim] sample:		76236.58 time, 72120.01 real, 2506 MB, 1.06 load
[runlim] sample:		76246.58 time, 72130.01 real, 2506 MB, 1.05 load
[runlim] sample:		76256.59 time, 72140.01 real, 2506 MB, 1.04 load
[runlim] sample:		76266.78 time, 72150.01 real, 2508 MB, 1.03 load
[runlim] sample:		76277.02 time, 72160.01 real, 2508 MB, 1.03 load
[runlim] sample:		76287.13 time, 72170.01 real, 2513 MB, 1.02 load
[runlim] sample:		76297.49 time, 72180.01 real, 2519 MB, 1.02 load
[runlim] sample:		76308.24 time, 72190.01 real, 2526 MB, 1.16 load
[runlim] sample:		76319.14 time, 72200.01 real, 2531 MB, 1.14 load
[runlim] sample:		76330.57 time, 72210.01 real, 2531 MB, 1.12 load
[runlim] sample:		76342.79 time, 72220.01 real, 2535 MB, 1.10 load
[runlim] sample:		76354.43 time, 72230.01 real, 2540 MB, 1.08 load
[runlim] sample:		76364.72 time, 72240.01 real, 2544 MB, 1.07 load
[runlim] sample:		76375.11 time, 72250.01 real, 2545 MB, 1.06 load
[runlim] sample:		76385.48 time, 72260.01 real, 2549 MB, 1.05 load
[runlim] sample:		76395.65 time, 72270.01 real, 2553 MB, 1.04 load
[runlim] sample:		76406.85 time, 72280.01 real, 2556 MB, 1.03 load
[runlim] sample:		76418.43 time, 72290.01 real, 2564 MB, 1.03 load
[runlim] sample:		76428.92 time, 72300.01 real, 2570 MB, 1.02 load
[runlim] sample:		76439.90 time, 72310.01 real, 2574 MB, 1.02 load
[runlim] sample:		76450.63 time, 72320.01 real, 2576 MB, 1.02 load
[runlim] sample:		76460.90 time, 72330.01 real, 2580 MB, 1.01 load
[runlim] sample:		76471.16 time, 72340.01 real, 2583 MB, 1.01 load
[runlim] sample:		76482.16 time, 72350.01 real, 2584 MB, 1.01 load
[runlim] sample:		76493.26 time, 72360.01 real, 2595 MB, 1.01 load
[runlim] sample:		76503.61 time, 72370.01 real, 2600 MB, 1.00 load
[runlim] sample:		76513.67 time, 72380.01 real, 2603 MB, 1.00 load
[runlim] sample:		76523.93 time, 72390.01 real, 2612 MB, 1.00 load
[runlim] sample:		76534.83 time, 72400.01 real, 2621 MB, 1.00 load
[runlim] sample:		76545.04 time, 72410.01 real, 2621 MB, 1.00 load
[runlim] sample:		76556.59 time, 72420.01 real, 2628 MB, 1.00 load
[runlim] sample:		76568.22 time, 72430.01 real, 2632 MB, 1.00 load
[runlim] sample:		76582.21 time, 72440.01 real, 2629 MB, 1.00 load
[runlim] sample:		76592.97 time, 72450.01 real, 2639 MB, 1.00 load
[runlim] sample:		76603.23 time, 72460.01 real, 2645 MB, 1.00 load
[runlim] sample:		76615.21 time, 72470.01 real, 2647 MB, 1.00 load
[runlim] sample:		76628.95 time, 72480.01 real, 2662 MB, 1.00 load
[runlim] sample:		76643.01 time, 72490.01 real, 2678 MB, 1.00 load
[runlim] sample:		76655.84 time, 72500.01 real, 2679 MB, 1.00 load
[runlim] sample:		76668.62 time, 72510.01 real, 2686 MB, 1.08 load
[runlim] sample:		76681.53 time, 72520.01 real, 2689 MB, 1.22 load
[runlim] sample:		76693.49 time, 72530.01 real, 2702 MB, 1.19 load
[runlim] sample:		76705.09 time, 72540.01 real, 2710 MB, 1.16 load
[runlim] sample:		76716.75 time, 72550.01 real, 2711 MB, 1.13 load
[runlim] sample:		76727.71 time, 72560.01 real, 2721 MB, 1.11 load
[runlim] sample:		76739.32 time, 72570.01 real, 2718 MB, 1.09 load
[runlim] sample:		76750.15 time, 72580.01 real, 2720 MB, 1.08 load
[runlim] sample:		76760.57 time, 72590.01 real, 2722 MB, 1.07 load
[runlim] sample:		76770.83 time, 72600.01 real, 2731 MB, 1.06 load
[runlim] sample:		76783.20 time, 72610.01 real, 2730 MB, 1.05 load

NN₁: mnist_relu_3_100_gemm.onnx
NN₂: mnist_relu_3_100_0.79_adam_1_stepsize.onnx
Prop: mnist_44_global_5.vnnlib
[runlim] sample:		76794.78 time, 72620.01 real, 2506 MB, 1.04 load
[runlim] sample:		76804.78 time, 72630.01 real, 2506 MB, 1.03 load
[runlim] sample:		76814.79 time, 72640.01 real, 2506 MB, 1.03 load
[runlim] sample:		76824.78 time, 72650.01 real, 2507 MB, 1.02 load
[runlim] sample:		76834.79 time, 72660.01 real, 2510 MB, 1.02 load
[runlim] sample:		76844.79 time, 72670.01 real, 2515 MB, 1.02 load
[runlim] sample:		76854.79 time, 72680.01 real, 2515 MB, 1.01 load
[runlim] sample:		76864.79 time, 72690.01 real, 2522 MB, 1.01 load
[runlim] sample:		76874.79 time, 72700.01 real, 2527 MB, 1.01 load
[runlim] sample:		76884.79 time, 72710.01 real, 2527 MB, 1.01 load
[runlim] sample:		76894.65 time, 72720.01 real, 2529 MB, 1.00 load
[runlim] sample:		76904.65 time, 72730.01 real, 2529 MB, 1.00 load
[runlim] sample:		76914.66 time, 72740.01 real, 2536 MB, 1.00 load
[runlim] sample:		76924.65 time, 72750.01 real, 2536 MB, 1.00 load
[runlim] sample:		76934.66 time, 72760.01 real, 2542 MB, 1.00 load
[runlim] sample:		76944.66 time, 72770.01 real, 2547 MB, 1.00 load
[runlim] sample:		76954.66 time, 72780.01 real, 2547 MB, 1.00 load
[runlim] sample:		76964.66 time, 72790.01 real, 2554 MB, 1.00 load
[runlim] sample:		76974.66 time, 72800.01 real, 2554 MB, 1.00 load
[runlim] sample:		76984.66 time, 72810.01 real, 2566 MB, 1.00 load
[runlim] sample:		76999.23 time, 72820.01 real, 2565 MB, 1.00 load
[runlim] sample:		77012.14 time, 72830.01 real, 2564 MB, 1.00 load
[runlim] sample:		77027.62 time, 72840.01 real, 2572 MB, 1.00 load
[runlim] sample:		77042.55 time, 72850.01 real, 2567 MB, 1.00 load
[runlim] sample:		77056.35 time, 72860.01 real, 2570 MB, 1.00 load
[runlim] sample:		77072.09 time, 72870.01 real, 2571 MB, 1.00 load
[runlim] sample:		77087.49 time, 72880.01 real, 2565 MB, 1.00 load
[runlim] sample:		77103.24 time, 72890.01 real, 2564 MB, 3.24 load
[runlim] sample:		77118.56 time, 72900.01 real, 2566 MB, 2.90 load
[runlim] sample:		77133.32 time, 72910.01 real, 2560 MB, 2.60 load
[runlim] sample:		77148.31 time, 72920.01 real, 2568 MB, 2.36 load
[runlim] sample:		77166.83 time, 72930.01 real, 2566 MB, 2.15 load
[runlim] sample:		77184.79 time, 72940.01 real, 2581 MB, 1.97 load
[runlim] sample:		77202.36 time, 72950.01 real, 2579 MB, 2.46 load
[runlim] sample:		77217.05 time, 72960.01 real, 2584 MB, 2.24 load
[runlim] sample:		77231.75 time, 72970.01 real, 2589 MB, 2.05 load
[runlim] sample:		77246.48 time, 72980.01 real, 2598 MB, 1.89 load
[runlim] sample:		77262.27 time, 72990.01 real, 2593 MB, 1.90 load
[runlim] sample:		77277.28 time, 73000.01 real, 2601 MB, 1.76 load
[runlim] sample:		77292.39 time, 73010.01 real, 2608 MB, 1.80 load
[runlim] sample:		77306.98 time, 73020.01 real, 2614 MB, 1.75 load
[runlim] sample:		77322.79 time, 73030.01 real, 2614 MB, 1.63 load
[runlim] sample:		77336.35 time, 73040.01 real, 2620 MB, 1.53 load
[runlim] sample:		77348.69 time, 73050.01 real, 2627 MB, 1.45 load
[runlim] sample:		77364.74 time, 73060.01 real, 2624 MB, 1.38 load
[runlim] sample:		77383.96 time, 73070.01 real, 2626 MB, 1.32 load
[runlim] sample:		77401.94 time, 73080.01 real, 2624 MB, 1.27 load
[runlim] sample:		77419.84 time, 73090.01 real, 2627 MB, 1.23 load
[runlim] sample:		77437.02 time, 73100.01 real, 2629 MB, 1.19 load
[runlim] sample:		77454.22 time, 73110.01 real, 2649 MB, 1.16 load
[runlim] sample:		77472.64 time, 73120.01 real, 2646 MB, 1.14 load
[runlim] sample:		77493.02 time, 73130.01 real, 2649 MB, 1.28 load
[runlim] sample:		77511.06 time, 73140.01 real, 2652 MB, 1.23 load
[runlim] sample:		77525.43 time, 73150.01 real, 2654 MB, 1.20 load
[runlim] sample:		77542.45 time, 73160.01 real, 2665 MB, 1.17 load
[runlim] sample:		77562.17 time, 73170.01 real, 2660 MB, 1.14 load
[runlim] sample:		77581.46 time, 73180.01 real, 2667 MB, 1.20 load
[runlim] sample:		77600.49 time, 73190.01 real, 2663 MB, 1.17 load
[runlim] sample:		77618.48 time, 73200.01 real, 2667 MB, 1.14 load
[runlim] sample:		77635.12 time, 73210.01 real, 2665 MB, 1.12 load

NN₁: mnist_relu_3_100_gemm.onnx
NN₂: mnist_relu_3_100_0.79_adam_1_stepsize.onnx
Prop: mnist_45_global_4.vnnlib
[runlim] sample:		77650.00 time, 73220.01 real, 2504 MB, 1.10 load
[runlim] sample:		77659.99 time, 73230.01 real, 2504 MB, 1.08 load

NN₁: mnist_relu_3_100_gemm.onnx
NN₂: mnist_relu_3_100_0.79_adam_1_stepsize.onnx
Prop: mnist_45_global_5.vnnlib
[runlim] sample:		77670.00 time, 73240.01 real, 2506 MB, 1.07 load
[runlim] sample:		77680.00 time, 73250.01 real, 2506 MB, 1.06 load
[runlim] sample:		77689.86 time, 73260.01 real, 2510 MB, 1.12 load
[runlim] sample:		77699.86 time, 73270.01 real, 2510 MB, 1.10 load
[runlim] sample:		77709.86 time, 73280.01 real, 2514 MB, 1.09 load
[runlim] sample:		77719.86 time, 73290.01 real, 2517 MB, 1.07 load
[runlim] sample:		77729.86 time, 73300.01 real, 2517 MB, 1.06 load
[runlim] sample:		77739.86 time, 73310.01 real, 2522 MB, 1.05 load
[runlim] sample:		77749.87 time, 73320.01 real, 2528 MB, 1.04 load
[runlim] sample:		77759.87 time, 73330.01 real, 2528 MB, 1.04 load
[runlim] sample:		77769.87 time, 73340.01 real, 2533 MB, 1.03 load
[runlim] sample:		77779.87 time, 73350.01 real, 2539 MB, 1.03 load
[runlim] sample:		77789.87 time, 73360.01 real, 2539 MB, 1.02 load
[runlim] sample:		77799.87 time, 73370.01 real, 2543 MB, 1.02 load
[runlim] sample:		77809.87 time, 73380.01 real, 2543 MB, 1.01 load
[runlim] sample:		77819.88 time, 73390.01 real, 2549 MB, 1.01 load
[runlim] sample:		77829.88 time, 73400.01 real, 2549 MB, 1.01 load
[runlim] sample:		77839.88 time, 73410.01 real, 2558 MB, 1.01 load
[runlim] sample:		77849.88 time, 73420.01 real, 2566 MB, 1.01 load
[runlim] sample:		77859.88 time, 73430.01 real, 2566 MB, 1.00 load
[runlim] sample:		77869.88 time, 73440.01 real, 2573 MB, 1.00 load
[runlim] sample:		77879.88 time, 73450.02 real, 2573 MB, 1.00 load
[runlim] sample:		77889.89 time, 73460.01 real, 2584 MB, 1.00 load
[runlim] sample:		77899.89 time, 73470.02 real, 2584 MB, 1.00 load
[runlim] sample:		77909.89 time, 73480.01 real, 2591 MB, 1.00 load
[runlim] sample:		77919.89 time, 73490.01 real, 2591 MB, 1.00 load
[runlim] sample:		77929.89 time, 73500.01 real, 2602 MB, 1.00 load
[runlim] sample:		77939.90 time, 73510.02 real, 2602 MB, 1.08 load
[runlim] sample:		77949.89 time, 73520.01 real, 2602 MB, 1.22 load
[runlim] sample:		77959.75 time, 73530.01 real, 2611 MB, 1.26 load
[runlim] sample:		77969.75 time, 73540.01 real, 2611 MB, 1.22 load
[runlim] sample:		77979.76 time, 73550.01 real, 2622 MB, 1.19 load
[runlim] sample:		77989.76 time, 73560.01 real, 2622 MB, 1.16 load
[runlim] sample:		77999.75 time, 73570.01 real, 2633 MB, 1.13 load
[runlim] sample:		78009.76 time, 73580.01 real, 2633 MB, 1.11 load
[runlim] sample:		78019.76 time, 73590.01 real, 2633 MB, 1.09 load
[runlim] sample:		78029.76 time, 73600.01 real, 2645 MB, 1.08 load
[runlim] sample:		78039.76 time, 73610.01 real, 2645 MB, 1.07 load
[runlim] sample:		78049.76 time, 73620.01 real, 2660 MB, 1.06 load
[runlim] sample:		78059.77 time, 73630.01 real, 2660 MB, 1.05 load
[runlim] sample:		78069.77 time, 73640.01 real, 2660 MB, 1.04 load
[runlim] sample:		78079.77 time, 73650.01 real, 2672 MB, 1.03 load
[runlim] sample:		78089.78 time, 73660.01 real, 2672 MB, 1.03 load
[runlim] sample:		78099.78 time, 73670.01 real, 2685 MB, 1.02 load
[runlim] sample:		78109.77 time, 73680.01 real, 2684 MB, 1.02 load
[runlim] sample:		78119.78 time, 73690.01 real, 2684 MB, 1.02 load
[runlim] sample:		78129.78 time, 73700.01 real, 2697 MB, 1.01 load
[runlim] sample:		78139.78 time, 73710.01 real, 2697 MB, 1.01 load
[runlim] sample:		78149.78 time, 73720.01 real, 2697 MB, 1.01 load
[runlim] sample:		78159.79 time, 73730.01 real, 2709 MB, 1.01 load
[runlim] sample:		78169.79 time, 73740.01 real, 2709 MB, 1.00 load
[runlim] sample:		78179.79 time, 73750.01 real, 2709 MB, 1.00 load
[runlim] sample:		78189.78 time, 73760.01 real, 2723 MB, 1.00 load
[runlim] sample:		78199.78 time, 73770.01 real, 2723 MB, 1.00 load
[runlim] sample:		78209.78 time, 73780.01 real, 2723 MB, 1.00 load
[runlim] sample:		78219.79 time, 73790.01 real, 2737 MB, 1.00 load
[runlim] sample:		78229.65 time, 73800.01 real, 2737 MB, 1.00 load
[runlim] sample:		78239.65 time, 73810.01 real, 2737 MB, 1.00 load
[runlim] sample:		78249.65 time, 73820.01 real, 2752 MB, 1.00 load
[runlim] sample:		78259.65 time, 73830.01 real, 2752 MB, 1.00 load

NN₁: mnist_relu_3_100_gemm.onnx
NN₂: mnist_relu_3_100_0.79_adam_1_stepsize.onnx
Prop: mnist_46_global_4.vnnlib

NN₁: mnist_relu_3_100_gemm.onnx
NN₂: mnist_relu_3_100_0.79_adam_1_stepsize.onnx
Prop: mnist_46_global_5.vnnlib
[runlim] sample:		78269.64 time, 73840.01 real, 2507 MB, 1.00 load
[runlim] sample:		78279.64 time, 73850.01 real, 2507 MB, 1.00 load
[runlim] sample:		78290.60 time, 73860.01 real, 2511 MB, 1.00 load
[runlim] sample:		78302.70 time, 73870.01 real, 2509 MB, 1.00 load
[runlim] sample:		78317.30 time, 73880.01 real, 2507 MB, 1.00 load
[runlim] sample:		78329.95 time, 73890.01 real, 2505 MB, 1.00 load
[runlim] sample:		78343.12 time, 73900.01 real, 2510 MB, 1.00 load
[runlim] sample:		78356.98 time, 73910.01 real, 2507 MB, 1.29 load
[runlim] sample:		78367.78 time, 73920.01 real, 2503 MB, 1.25 load
[runlim] sample:		78378.95 time, 73930.01 real, 2509 MB, 1.21 load
[runlim] sample:		78392.32 time, 73940.01 real, 2501 MB, 1.18 load
[runlim] sample:		78406.03 time, 73950.01 real, 2497 MB, 1.15 load
[runlim] sample:		78420.28 time, 73960.01 real, 2512 MB, 1.13 load
[runlim] sample:		78432.94 time, 73970.01 real, 2511 MB, 1.11 load
[runlim] sample:		78444.73 time, 73980.01 real, 2516 MB, 1.09 load
[runlim] sample:		78457.09 time, 73990.01 real, 2524 MB, 1.08 load
[runlim] sample:		78470.11 time, 74000.01 real, 2529 MB, 1.06 load
[runlim] sample:		78482.80 time, 74010.01 real, 2533 MB, 1.13 load
[runlim] sample:		78495.16 time, 74020.01 real, 2540 MB, 3.63 load
[runlim] sample:		78508.51 time, 74030.01 real, 2532 MB, 3.39 load
[runlim] sample:		78519.50 time, 74040.01 real, 2536 MB, 3.02 load
[runlim] sample:		78530.80 time, 74050.02 real, 2548 MB, 2.71 load
[runlim] sample:		78543.87 time, 74060.01 real, 2549 MB, 2.59 load
[runlim] sample:		78558.25 time, 74070.01 real, 2557 MB, 2.35 load
[runlim] sample:		78570.49 time, 74080.01 real, 2563 MB, 2.14 load
[runlim] sample:		78584.77 time, 74090.01 real, 2576 MB, 1.96 load
[runlim] sample:		78597.04 time, 74100.01 real, 2567 MB, 1.81 load
[runlim] sample:		78610.03 time, 74110.01 real, 2579 MB, 1.69 load
[runlim] sample:		78622.66 time, 74120.01 real, 2588 MB, 1.58 load
[runlim] sample:		78636.71 time, 74130.01 real, 2584 MB, 1.49 load
[runlim] sample:		78651.11 time, 74140.01 real, 2586 MB, 1.42 load
[runlim] sample:		78664.31 time, 74150.01 real, 2592 MB, 1.35 load
[runlim] sample:		78678.03 time, 74160.01 real, 2594 MB, 1.30 load
[runlim] sample:		78692.01 time, 74170.01 real, 2600 MB, 1.40 load
[runlim] sample:		78704.14 time, 74180.01 real, 2611 MB, 1.34 load
[runlim] sample:		78716.94 time, 74190.01 real, 2612 MB, 1.29 load
[runlim] sample:		78729.14 time, 74200.01 real, 2623 MB, 1.39 load
[runlim] sample:		78742.27 time, 74210.01 real, 2622 MB, 1.33 load
[runlim] sample:		78754.78 time, 74220.01 real, 2629 MB, 1.28 load
[runlim] sample:		78767.86 time, 74230.01 real, 2635 MB, 1.23 load
[runlim] sample:		78779.80 time, 74240.01 real, 2639 MB, 1.20 load
[runlim] sample:		78793.49 time, 74250.01 real, 2644 MB, 1.17 load
[runlim] sample:		78805.03 time, 74260.01 real, 2644 MB, 1.14 load
[runlim] sample:		78817.29 time, 74270.01 real, 2661 MB, 1.12 load
[runlim] sample:		78830.73 time, 74280.01 real, 2663 MB, 1.10 load
[runlim] sample:		78842.46 time, 74290.01 real, 2674 MB, 1.08 load
[runlim] sample:		78854.57 time, 74300.01 real, 2671 MB, 1.07 load
[runlim] sample:		78867.71 time, 74310.01 real, 2675 MB, 1.06 load
[runlim] sample:		78879.39 time, 74320.01 real, 2678 MB, 1.05 load
[runlim] sample:		78893.73 time, 74330.01 real, 2686 MB, 1.04 load
[runlim] sample:		78905.67 time, 74340.01 real, 2696 MB, 1.04 load
[runlim] sample:		78919.14 time, 74350.01 real, 2697 MB, 1.03 load
[runlim] sample:		78931.81 time, 74360.01 real, 2693 MB, 1.54 load
[runlim] sample:		78945.60 time, 74370.01 real, 2711 MB, 1.46 load
[runlim] sample:		78957.71 time, 74380.01 real, 2712 MB, 1.39 load
[runlim] sample:		78969.63 time, 74390.01 real, 2720 MB, 3.17 load
[runlim] sample:		78984.80 time, 74400.01 real, 2718 MB, 2.83 load
[runlim] sample:		78997.42 time, 74410.01 real, 2718 MB, 2.55 load
[runlim] sample:		79011.03 time, 74420.01 real, 2720 MB, 2.31 load
[runlim] sample:		79024.91 time, 74430.01 real, 2724 MB, 2.11 load

NN₁: mnist_relu_3_100_gemm.onnx
NN₂: mnist_relu_3_100_0.79_adam_1_stepsize.onnx
Prop: mnist_47_global_4.vnnlib

NN₁: mnist_relu_3_100_gemm.onnx
NN₂: mnist_relu_3_100_0.79_adam_1_stepsize.onnx
Prop: mnist_47_global_5.vnnlib
[runlim] sample:		79036.38 time, 74440.01 real, 2507 MB, 1.94 load
[runlim] sample:		79046.38 time, 74450.01 real, 2506 MB, 1.79 load
[runlim] sample:		79056.39 time, 74460.01 real, 2506 MB, 1.67 load
[runlim] sample:		79066.38 time, 74470.01 real, 2506 MB, 1.57 load
[runlim] sample:		79076.39 time, 74480.01 real, 2510 MB, 1.48 load
[runlim] sample:		79086.39 time, 74490.01 real, 2510 MB, 1.41 load
[runlim] sample:		79096.38 time, 74500.01 real, 2513 MB, 1.34 load
[runlim] sample:		79106.39 time, 74510.01 real, 2515 MB, 1.37 load
[runlim] sample:		79116.39 time, 74520.01 real, 2515 MB, 1.47 load
[runlim] sample:		79126.40 time, 74530.02 real, 2523 MB, 1.47 load
[runlim] sample:		79136.39 time, 74540.01 real, 2525 MB, 1.40 load
[runlim] sample:		79146.40 time, 74550.02 real, 2525 MB, 1.34 load
[runlim] sample:		79156.40 time, 74560.01 real, 2531 MB, 1.28 load
[runlim] sample:		79166.40 time, 74570.01 real, 2535 MB, 1.24 load
[runlim] sample:		79176.40 time, 74580.01 real, 2535 MB, 1.20 load
[runlim] sample:		79186.40 time, 74590.01 real, 2541 MB, 1.17 load
[runlim] sample:		79196.40 time, 74600.01 real, 2541 MB, 1.14 load
[runlim] sample:		79206.28 time, 74610.01 real, 2543 MB, 1.12 load
[runlim] sample:		79216.28 time, 74620.01 real, 2544 MB, 1.10 load
[runlim] sample:		79226.28 time, 74630.01 real, 2546 MB, 1.09 load
[runlim] sample:		79236.28 time, 74640.01 real, 2550 MB, 1.07 load
[runlim] sample:		79246.29 time, 74650.01 real, 2550 MB, 1.06 load
[runlim] sample:		79256.29 time, 74660.01 real, 2560 MB, 1.12 load
[runlim] sample:		79266.28 time, 74670.01 real, 2560 MB, 1.11 load
[runlim] sample:		79276.29 time, 74680.01 real, 2564 MB, 1.09 load
[runlim] sample:		79286.28 time, 74690.01 real, 2564 MB, 1.07 load
[runlim] sample:		79296.29 time, 74700.01 real, 2570 MB, 1.06 load
[runlim] sample:		79306.29 time, 74710.01 real, 2570 MB, 1.05 load
[runlim] sample:		79316.29 time, 74720.01 real, 2574 MB, 1.04 load
[runlim] sample:		79326.29 time, 74730.01 real, 2574 MB, 1.04 load
[runlim] sample:		79336.30 time, 74740.01 real, 2585 MB, 1.03 load
[runlim] sample:		79346.30 time, 74750.01 real, 2585 MB, 1.03 load
[runlim] sample:		79356.30 time, 74760.01 real, 2585 MB, 1.02 load
[runlim] sample:		79366.30 time, 74770.01 real, 2585 MB, 1.02 load
[runlim] sample:		79376.30 time, 74780.01 real, 2591 MB, 1.01 load
[runlim] sample:		79386.30 time, 74790.01 real, 2591 MB, 1.01 load
[runlim] sample:		79396.30 time, 74800.01 real, 2600 MB, 1.01 load
[runlim] sample:		79406.30 time, 74810.01 real, 2600 MB, 1.01 load
[runlim] sample:		79416.31 time, 74820.01 real, 2608 MB, 1.01 load
[runlim] sample:		79426.30 time, 74830.01 real, 2608 MB, 1.00 load
[runlim] sample:		79436.31 time, 74840.01 real, 2612 MB, 1.00 load
[runlim] sample:		79446.31 time, 74850.01 real, 2612 MB, 1.00 load
[runlim] sample:		79456.31 time, 74860.01 real, 2612 MB, 1.00 load
[runlim] sample:		79466.32 time, 74870.01 real, 2623 MB, 1.00 load
[runlim] sample:		79476.18 time, 74880.01 real, 2623 MB, 1.00 load
[runlim] sample:		79486.38 time, 74890.01 real, 2623 MB, 1.00 load
[runlim] sample:		79496.38 time, 74900.01 real, 2623 MB, 1.00 load
[runlim] sample:		79506.38 time, 74910.01 real, 2633 MB, 1.00 load
[runlim] sample:		79516.39 time, 74920.01 real, 2633 MB, 1.00 load
[runlim] sample:		79526.38 time, 74930.01 real, 2657 MB, 1.00 load
[runlim] sample:		79536.39 time, 74940.01 real, 2654 MB, 1.00 load
[runlim] sample:		79546.39 time, 74950.01 real, 2654 MB, 1.00 load
[runlim] sample:		79556.39 time, 74960.01 real, 2662 MB, 1.00 load
[runlim] sample:		79566.39 time, 74970.01 real, 2662 MB, 1.00 load
[runlim] sample:		79576.56 time, 74980.01 real, 2663 MB, 1.00 load
[runlim] sample:		79587.03 time, 74990.01 real, 2662 MB, 1.07 load
[runlim] sample:		79597.30 time, 75000.01 real, 2662 MB, 1.06 load
[runlim] sample:		79607.30 time, 75010.02 real, 2676 MB, 1.13 load
[runlim] sample:		79617.55 time, 75020.01 real, 2674 MB, 1.27 load
[runlim] sample:		79627.70 time, 75030.02 real, 2674 MB, 1.30 load

NN₁: mnist_relu_3_100_gemm.onnx
NN₂: mnist_relu_3_100_0.79_adam_1_stepsize.onnx
Prop: mnist_48_global_4.vnnlib
[runlim] sample:		79637.70 time, 75040.01 real, 2503 MB, 1.25 load

NN₁: mnist_relu_3_100_gemm.onnx
NN₂: mnist_relu_3_100_0.79_adam_1_stepsize.onnx
Prop: mnist_48_global_5.vnnlib

NN₁: mnist_relu_3_100_gemm.onnx
NN₂: mnist_relu_3_100_0.79_adam_1_stepsize.onnx
Prop: mnist_49_global_4.vnnlib

NN₁: mnist_relu_3_100_gemm.onnx
NN₂: mnist_relu_3_100_0.79_adam_1_stepsize.onnx
Prop: mnist_49_global_5.vnnlib
[runlim] sample:		79647.69 time, 75050.01 real, 2503 MB, 1.21 load
[runlim] sample:		79657.70 time, 75060.01 real, 2503 MB, 1.18 load
[runlim] sample:		79667.70 time, 75070.01 real, 2503 MB, 1.15 load
[runlim] sample:		79677.70 time, 75080.01 real, 2503 MB, 1.13 load
[runlim] sample:		79687.70 time, 75090.01 real, 2503 MB, 1.11 load
[runlim] sample:		79697.70 time, 75100.01 real, 2503 MB, 1.09 load
[runlim] sample:		79707.71 time, 75110.01 real, 2503 MB, 1.08 load
[runlim] sample:		79717.71 time, 75120.01 real, 2503 MB, 1.06 load
[runlim] sample:		79727.71 time, 75130.01 real, 2503 MB, 1.05 load
[runlim] sample:		79737.71 time, 75140.01 real, 2503 MB, 1.05 load
[runlim] sample:		79747.54 time, 75150.01 real, 2503 MB, 1.04 load
[runlim] sample:		79757.55 time, 75160.01 real, 2503 MB, 1.03 load
[runlim] sample:		79767.55 time, 75170.01 real, 2503 MB, 1.03 load
[runlim] sample:		79777.55 time, 75180.01 real, 2503 MB, 1.02 load
[runlim] sample:		79787.55 time, 75190.01 real, 2503 MB, 1.02 load

NN₁: mnist_relu_3_100_gemm.onnx
NN₂: mnist_relu_3_100_0.79_adam_1_stepsize.onnx
Prop: mnist_50_global_4.vnnlib

NN₁: mnist_relu_3_100_gemm.onnx
NN₂: mnist_relu_3_100_0.79_adam_1_stepsize.onnx
Prop: mnist_50_global_5.vnnlib
[runlim] sample:		79797.55 time, 75200.01 real, 2504 MB, 1.02 load
[runlim] sample:		79807.55 time, 75210.01 real, 2504 MB, 1.01 load
[runlim] sample:		79817.55 time, 75220.01 real, 2505 MB, 1.01 load
[runlim] sample:		79827.55 time, 75230.01 real, 2505 MB, 1.01 load
[runlim] sample:		79837.55 time, 75240.01 real, 2507 MB, 1.01 load
[runlim] sample:		79847.56 time, 75250.01 real, 2512 MB, 1.00 load
[runlim] sample:		79857.56 time, 75260.01 real, 2512 MB, 1.00 load
[runlim] sample:		79867.56 time, 75270.01 real, 2517 MB, 1.00 load
[runlim] sample:		79877.56 time, 75280.01 real, 2522 MB, 1.00 load
[runlim] sample:		79887.56 time, 75290.01 real, 2522 MB, 1.00 load
[runlim] sample:		79897.56 time, 75300.01 real, 2526 MB, 1.00 load
[runlim] sample:		79907.57 time, 75310.01 real, 2529 MB, 1.00 load
[runlim] sample:		79917.57 time, 75320.01 real, 2529 MB, 1.00 load
[runlim] sample:		79927.57 time, 75330.01 real, 2533 MB, 1.00 load
[runlim] sample:		79937.57 time, 75340.01 real, 2533 MB, 1.00 load
[runlim] sample:		79947.58 time, 75350.01 real, 2541 MB, 1.00 load
[runlim] sample:		79957.57 time, 75360.01 real, 2546 MB, 1.00 load
[runlim] sample:		79967.58 time, 75370.01 real, 2548 MB, 1.00 load
[runlim] sample:		79977.58 time, 75380.01 real, 2555 MB, 1.00 load
[runlim] sample:		79987.59 time, 75390.01 real, 2555 MB, 1.00 load
[runlim] sample:		79997.59 time, 75400.01 real, 2559 MB, 1.00 load
[runlim] sample:		80007.58 time, 75410.01 real, 2559 MB, 1.00 load
[runlim] sample:		80017.46 time, 75420.01 real, 2568 MB, 1.00 load
[runlim] sample:		80027.46 time, 75430.01 real, 2568 MB, 1.00 load
[runlim] sample:		80037.46 time, 75440.01 real, 2568 MB, 1.00 load
[runlim] sample:		80047.46 time, 75450.01 real, 2568 MB, 1.00 load
[runlim] sample:		80060.87 time, 75460.01 real, 2571 MB, 1.00 load
[runlim] sample:		80074.43 time, 75470.01 real, 2576 MB, 1.00 load
[runlim] sample:		80086.56 time, 75480.01 real, 2580 MB, 1.00 load
[runlim] sample:		80103.25 time, 75490.01 real, 2581 MB, 1.00 load
[runlim] sample:		80113.26 time, 75500.01 real, 2581 MB, 1.00 load
[runlim] sample:		80123.25 time, 75510.01 real, 2601 MB, 1.08 load
[runlim] sample:		80133.26 time, 75520.01 real, 2601 MB, 1.22 load
[runlim] sample:		80144.81 time, 75530.01 real, 2597 MB, 1.19 load
[runlim] sample:		80162.80 time, 75540.01 real, 2603 MB, 1.16 load
[runlim] sample:		80178.75 time, 75550.01 real, 2599 MB, 1.13 load
[runlim] sample:		80193.35 time, 75560.01 real, 2599 MB, 1.11 load
[runlim] sample:		80207.94 time, 75570.01 real, 2624 MB, 1.09 load
[runlim] sample:		80224.06 time, 75580.01 real, 2627 MB, 1.08 load
[runlim] sample:		80234.05 time, 75590.01 real, 2627 MB, 1.07 load
[runlim] sample:		80244.06 time, 75600.01 real, 2627 MB, 1.06 load
[runlim] sample:		80254.07 time, 75610.02 real, 2635 MB, 1.05 load
[runlim] sample:		80264.06 time, 75620.01 real, 2635 MB, 1.04 load
[runlim] sample:		80274.07 time, 75630.02 real, 2642 MB, 1.03 load
[runlim] sample:		80285.55 time, 75640.01 real, 2648 MB, 1.03 load
[runlim] sample:		80300.68 time, 75650.01 real, 2656 MB, 1.02 load
[runlim] sample:		80310.69 time, 75660.01 real, 2656 MB, 1.02 load
[runlim] sample:		80320.69 time, 75670.02 real, 2704 MB, 1.02 load
[runlim] sample:		80330.69 time, 75680.01 real, 2683 MB, 1.01 load
[runlim] sample:		80340.57 time, 75690.01 real, 2683 MB, 1.01 load
[runlim] sample:		80353.36 time, 75700.01 real, 2680 MB, 1.01 load
[runlim] sample:		80363.36 time, 75710.01 real, 2680 MB, 1.01 load
[runlim] sample:		80378.09 time, 75720.01 real, 2671 MB, 1.00 load
[runlim] sample:		80390.52 time, 75730.01 real, 2671 MB, 1.00 load
[runlim] sample:		80400.53 time, 75740.01 real, 2671 MB, 1.00 load
[runlim] sample:		80410.53 time, 75750.01 real, 2699 MB, 1.00 load
[runlim] sample:		80420.53 time, 75760.01 real, 2699 MB, 1.00 load
[runlim] sample:		80430.53 time, 75770.01 real, 2710 MB, 1.00 load
[runlim] sample:		80442.58 time, 75780.01 real, 2706 MB, 1.00 load
[runlim] sample:		80457.19 time, 75790.01 real, 2712 MB, 1.00 load

NN₁: mnist_relu_3_100_gemm.onnx
NN₂: mnist_relu_3_100_0.79_adam_1_stepsize.onnx
Prop: mnist_51_global_4.vnnlib

NN₁: mnist_relu_3_100_gemm.onnx
NN₂: mnist_relu_3_100_0.79_adam_1_stepsize.onnx
Prop: mnist_51_global_5.vnnlib
[runlim] sample:		80467.86 time, 75800.01 real, 2513 MB, 1.00 load
[runlim] sample:		80477.87 time, 75810.01 real, 2513 MB, 1.00 load
[runlim] sample:		80487.87 time, 75820.01 real, 2513 MB, 1.00 load
[runlim] sample:		80497.88 time, 75830.01 real, 2516 MB, 1.00 load
[runlim] sample:		80507.88 time, 75840.01 real, 2520 MB, 1.00 load
[runlim] sample:		80517.87 time, 75850.01 real, 2520 MB, 1.00 load
[runlim] sample:		80527.87 time, 75860.01 real, 2522 MB, 1.00 load
[runlim] sample:		80537.88 time, 75870.01 real, 2529 MB, 1.00 load
[runlim] sample:		80547.88 time, 75880.01 real, 2529 MB, 1.00 load
[runlim] sample:		80557.88 time, 75890.01 real, 2534 MB, 1.00 load
[runlim] sample:		80567.88 time, 75900.01 real, 2543 MB, 1.00 load
[runlim] sample:		80577.88 time, 75910.01 real, 2543 MB, 1.00 load
[runlim] sample:		80587.88 time, 75920.01 real, 2545 MB, 1.00 load
[runlim] sample:		80597.89 time, 75930.01 real, 2545 MB, 1.00 load
[runlim] sample:		80607.89 time, 75940.01 real, 2549 MB, 1.07 load
[runlim] sample:		80617.89 time, 75950.01 real, 2554 MB, 1.06 load
[runlim] sample:		80627.65 time, 75960.01 real, 2554 MB, 1.05 load
[runlim] sample:		80637.65 time, 75970.01 real, 2565 MB, 1.04 load
[runlim] sample:		80647.65 time, 75980.01 real, 2565 MB, 1.04 load
[runlim] sample:		80657.65 time, 75990.01 real, 2569 MB, 1.03 load
[runlim] sample:		80667.66 time, 76000.01 real, 2569 MB, 1.02 load
[runlim] sample:		80677.66 time, 76010.01 real, 2579 MB, 1.10 load
[runlim] sample:		80687.66 time, 76020.01 real, 2579 MB, 1.24 load
[runlim] sample:		80697.66 time, 76030.01 real, 2587 MB, 1.28 load
[runlim] sample:		80707.66 time, 76040.01 real, 2587 MB, 1.23 load
[runlim] sample:		80717.67 time, 76050.01 real, 2592 MB, 1.20 load
[runlim] sample:		80727.66 time, 76060.01 real, 2592 MB, 1.17 load
[runlim] sample:		80737.67 time, 76070.01 real, 2604 MB, 1.14 load
[runlim] sample:		80747.67 time, 76080.01 real, 2604 MB, 1.12 load
[runlim] sample:		80757.67 time, 76090.02 real, 2617 MB, 1.10 load
[runlim] sample:		80767.67 time, 76100.01 real, 2617 MB, 1.16 load
[runlim] sample:		80777.67 time, 76110.02 real, 2624 MB, 1.14 load
[runlim] sample:		80787.67 time, 76120.01 real, 2624 MB, 1.12 load
[runlim] sample:		80797.67 time, 76130.01 real, 2624 MB, 1.10 load
[runlim] sample:		80807.67 time, 76140.01 real, 2634 MB, 1.08 load
[runlim] sample:		80817.68 time, 76150.02 real, 2634 MB, 1.07 load
[runlim] sample:		80827.68 time, 76160.01 real, 2641 MB, 1.06 load
[runlim] sample:		80837.69 time, 76170.01 real, 2641 MB, 1.05 load
[runlim] sample:		80847.69 time, 76180.01 real, 2660 MB, 1.04 load
[runlim] sample:		80857.69 time, 76190.01 real, 2660 MB, 1.03 load
[runlim] sample:		80867.69 time, 76200.01 real, 2660 MB, 1.03 load
[runlim] sample:		80877.69 time, 76210.01 real, 2670 MB, 1.02 load
[runlim] sample:		80887.69 time, 76220.01 real, 2670 MB, 1.02 load
[runlim] sample:		80897.69 time, 76230.01 real, 2682 MB, 1.02 load
[runlim] sample:		80907.57 time, 76240.01 real, 2681 MB, 1.01 load
[runlim] sample:		80917.57 time, 76250.01 real, 2681 MB, 1.01 load
[runlim] sample:		80927.57 time, 76260.01 real, 2692 MB, 1.01 load
[runlim] sample:		80937.57 time, 76270.01 real, 2692 MB, 1.01 load
[runlim] sample:		80947.57 time, 76280.01 real, 2692 MB, 1.01 load
[runlim] sample:		80957.58 time, 76290.01 real, 2703 MB, 1.00 load
[runlim] sample:		80967.58 time, 76300.01 real, 2703 MB, 1.00 load
[runlim] sample:		80977.58 time, 76310.01 real, 2714 MB, 1.00 load
[runlim] sample:		80987.59 time, 76320.01 real, 2714 MB, 1.00 load
[runlim] sample:		80997.59 time, 76330.01 real, 2714 MB, 1.00 load
[runlim] sample:		81007.58 time, 76340.01 real, 2725 MB, 1.00 load
[runlim] sample:		81017.59 time, 76350.01 real, 2725 MB, 1.00 load
[runlim] sample:		81027.59 time, 76360.01 real, 2725 MB, 1.00 load
[runlim] sample:		81037.59 time, 76370.01 real, 2737 MB, 1.00 load
[runlim] sample:		81047.59 time, 76380.01 real, 2737 MB, 1.00 load
[runlim] sample:		81057.59 time, 76390.01 real, 2737 MB, 1.00 load

NN₁: mnist_relu_3_100_gemm.onnx
NN₂: mnist_relu_3_100_0.79_adam_1_stepsize.onnx
Prop: mnist_52_global_4.vnnlib

NN₁: mnist_relu_3_100_gemm.onnx
NN₂: mnist_relu_3_100_0.79_adam_1_stepsize.onnx
Prop: mnist_52_global_5.vnnlib
[runlim] sample:		81067.59 time, 76400.01 real, 2514 MB, 1.00 load
[runlim] sample:		81077.59 time, 76410.01 real, 2514 MB, 1.00 load
[runlim] sample:		81087.58 time, 76420.01 real, 2516 MB, 1.00 load
[runlim] sample:		81097.59 time, 76430.01 real, 2519 MB, 1.00 load
[runlim] sample:		81107.59 time, 76440.01 real, 2524 MB, 1.00 load
[runlim] sample:		81117.59 time, 76450.01 real, 2524 MB, 1.00 load
[runlim] sample:		81127.59 time, 76460.01 real, 2529 MB, 1.00 load
[runlim] sample:		81137.59 time, 76470.01 real, 2534 MB, 1.00 load
[runlim] sample:		81147.59 time, 76480.01 real, 2534 MB, 1.00 load
[runlim] sample:		81157.60 time, 76490.01 real, 2539 MB, 1.00 load
[runlim] sample:		81167.60 time, 76500.01 real, 2539 MB, 1.00 load
[runlim] sample:		81177.47 time, 76510.01 real, 2545 MB, 1.08 load
[runlim] sample:		81187.48 time, 76520.01 real, 2550 MB, 1.22 load
[runlim] sample:		81197.47 time, 76530.01 real, 2550 MB, 1.26 load
[runlim] sample:		81207.48 time, 76540.01 real, 2555 MB, 1.22 load
[runlim] sample:		81217.47 time, 76550.01 real, 2555 MB, 1.27 load
[runlim] sample:		81227.47 time, 76560.01 real, 2560 MB, 1.23 load
[runlim] sample:		81237.48 time, 76570.01 real, 2560 MB, 1.19 load
[runlim] sample:		81247.47 time, 76580.01 real, 2567 MB, 1.16 load
[runlim] sample:		81257.48 time, 76590.01 real, 2567 MB, 1.14 load
[runlim] sample:		81267.48 time, 76600.01 real, 2575 MB, 1.11 load
[runlim] sample:		81277.49 time, 76610.01 real, 2575 MB, 1.10 load
[runlim] sample:		81287.48 time, 76620.01 real, 2582 MB, 1.08 load
[runlim] sample:		81297.48 time, 76630.01 real, 2582 MB, 1.07 load
[runlim] sample:		81307.49 time, 76640.01 real, 2591 MB, 1.06 load
[runlim] sample:		81317.48 time, 76650.01 real, 2591 MB, 1.05 load
[runlim] sample:		81327.49 time, 76660.01 real, 2599 MB, 1.04 load
[runlim] sample:		81337.49 time, 76670.01 real, 2599 MB, 1.03 load
[runlim] sample:		81347.49 time, 76680.01 real, 2608 MB, 1.03 load
[runlim] sample:		81357.49 time, 76690.02 real, 2608 MB, 1.02 load
[runlim] sample:		81367.49 time, 76700.01 real, 2612 MB, 1.02 load
[runlim] sample:		81377.49 time, 76710.01 real, 2616 MB, 1.02 load
[runlim] sample:		81387.50 time, 76720.01 real, 2616 MB, 1.01 load
[runlim] sample:		81397.50 time, 76730.01 real, 2625 MB, 1.01 load
[runlim] sample:		81407.50 time, 76740.01 real, 2625 MB, 1.01 load
[runlim] sample:		81417.50 time, 76750.01 real, 2634 MB, 1.01 load
[runlim] sample:		81427.50 time, 76760.01 real, 2634 MB, 1.00 load
[runlim] sample:		81437.51 time, 76770.01 real, 2634 MB, 1.00 load
[runlim] sample:		81447.36 time, 76780.01 real, 2643 MB, 1.00 load
[runlim] sample:		81457.36 time, 76790.01 real, 2643 MB, 1.00 load
[runlim] sample:		81467.36 time, 76800.01 real, 2652 MB, 1.00 load
[runlim] sample:		81477.36 time, 76810.01 real, 2652 MB, 1.00 load
[runlim] sample:		81487.36 time, 76820.01 real, 2652 MB, 1.00 load
[runlim] sample:		81497.37 time, 76830.01 real, 2663 MB, 1.00 load
[runlim] sample:		81507.37 time, 76840.01 real, 2663 MB, 1.00 load
[runlim] sample:		81517.37 time, 76850.01 real, 2663 MB, 1.00 load
[runlim] sample:		81527.37 time, 76860.01 real, 2673 MB, 1.00 load
[runlim] sample:		81537.37 time, 76870.01 real, 2673 MB, 1.00 load
[runlim] sample:		81547.37 time, 76880.01 real, 2673 MB, 1.00 load
[runlim] sample:		81557.37 time, 76890.01 real, 2684 MB, 1.00 load
[runlim] sample:		81567.37 time, 76900.01 real, 2684 MB, 1.00 load
[runlim] sample:		81577.38 time, 76910.01 real, 2684 MB, 1.00 load
[runlim] sample:		81587.38 time, 76920.01 real, 2695 MB, 1.00 load
[runlim] sample:		81597.38 time, 76930.01 real, 2695 MB, 1.00 load
[runlim] sample:		81607.38 time, 76940.01 real, 2695 MB, 1.00 load
[runlim] sample:		81617.38 time, 76950.01 real, 2707 MB, 1.00 load
[runlim] sample:		81627.39 time, 76960.01 real, 2707 MB, 1.00 load
[runlim] sample:		81637.39 time, 76970.01 real, 2707 MB, 1.00 load
[runlim] sample:		81647.38 time, 76980.01 real, 2718 MB, 1.00 load
[runlim] sample:		81657.38 time, 76990.01 real, 2718 MB, 1.00 load
[runlim] sample:		81667.39 time, 77000.01 real, 2718 MB, 1.00 load

NN₁: mnist_relu_3_100_gemm.onnx
NN₂: mnist_relu_3_100_0.79_adam_1_stepsize.onnx
Prop: mnist_53_global_4.vnnlib

NN₁: mnist_relu_3_100_gemm.onnx
NN₂: mnist_relu_3_100_0.79_adam_1_stepsize.onnx
Prop: mnist_53_global_5.vnnlib
[runlim] sample:		81677.38 time, 77010.01 real, 2517 MB, 1.08 load
[runlim] sample:		81687.38 time, 77020.01 real, 2519 MB, 1.22 load
[runlim] sample:		81697.38 time, 77030.01 real, 2519 MB, 1.26 load
[runlim] sample:		81707.38 time, 77040.01 real, 2523 MB, 1.22 load
[runlim] sample:		81717.26 time, 77050.01 real, 2527 MB, 1.19 load
[runlim] sample:		81727.25 time, 77060.01 real, 2532 MB, 1.16 load
[runlim] sample:		81737.26 time, 77070.01 real, 2532 MB, 1.13 load
[runlim] sample:		81747.26 time, 77080.01 real, 2536 MB, 1.11 load
[runlim] sample:		81757.27 time, 77090.01 real, 2536 MB, 1.09 load
[runlim] sample:		81767.26 time, 77100.01 real, 2541 MB, 1.08 load
[runlim] sample:		81777.27 time, 77110.01 real, 2545 MB, 1.07 load
[runlim] sample:		81787.26 time, 77120.01 real, 2545 MB, 1.06 load
[runlim] sample:		81797.27 time, 77130.01 real, 2549 MB, 1.05 load
[runlim] sample:		81807.28 time, 77140.01 real, 2549 MB, 1.04 load
[runlim] sample:		81817.28 time, 77150.01 real, 2552 MB, 1.03 load
[runlim] sample:		81827.27 time, 77160.01 real, 2559 MB, 1.03 load
[runlim] sample:		81837.28 time, 77170.02 real, 2559 MB, 1.02 load
[runlim] sample:		81847.28 time, 77180.01 real, 2565 MB, 1.02 load
[runlim] sample:		81857.28 time, 77190.01 real, 2565 MB, 1.02 load
[runlim] sample:		81867.28 time, 77200.01 real, 2569 MB, 1.01 load
[runlim] sample:		81877.28 time, 77210.01 real, 2569 MB, 1.01 load
[runlim] sample:		81887.28 time, 77220.01 real, 2577 MB, 1.01 load
[runlim] sample:		81897.28 time, 77230.01 real, 2577 MB, 1.01 load
[runlim] sample:		81907.29 time, 77240.01 real, 2582 MB, 1.00 load
[runlim] sample:		81917.29 time, 77250.01 real, 2582 MB, 1.00 load
[runlim] sample:		81927.29 time, 77260.01 real, 2588 MB, 1.00 load
[runlim] sample:		81937.29 time, 77270.01 real, 2588 MB, 1.00 load
[runlim] sample:		81947.29 time, 77280.01 real, 2588 MB, 1.00 load
[runlim] sample:		81957.30 time, 77290.01 real, 2593 MB, 1.00 load
[runlim] sample:		81967.30 time, 77300.01 real, 2593 MB, 1.00 load
[runlim] sample:		81977.30 time, 77310.01 real, 2603 MB, 1.00 load
[runlim] sample:		81987.16 time, 77320.01 real, 2603 MB, 1.00 load
[runlim] sample:		81997.16 time, 77330.01 real, 2608 MB, 1.00 load
[runlim] sample:		82007.15 time, 77340.01 real, 2608 MB, 1.00 load
[runlim] sample:		82017.16 time, 77350.01 real, 2618 MB, 1.00 load
[runlim] sample:		82027.16 time, 77360.01 real, 2618 MB, 1.00 load
[runlim] sample:		82037.16 time, 77370.01 real, 2618 MB, 1.00 load
[runlim] sample:		82047.16 time, 77380.01 real, 2624 MB, 1.00 load
[runlim] sample:		82057.16 time, 77390.01 real, 2624 MB, 1.00 load
[runlim] sample:		82067.17 time, 77400.01 real, 2633 MB, 1.00 load
[runlim] sample:		82077.16 time, 77410.01 real, 2633 MB, 1.00 load
[runlim] sample:		82087.17 time, 77420.01 real, 2633 MB, 1.00 load
[runlim] sample:		82097.17 time, 77430.01 real, 2641 MB, 1.00 load
[runlim] sample:		82107.18 time, 77440.01 real, 2641 MB, 1.00 load
[runlim] sample:		82117.18 time, 77450.01 real, 2646 MB, 1.00 load
[runlim] sample:		82127.18 time, 77460.01 real, 2646 MB, 1.00 load
[runlim] sample:		82137.18 time, 77470.01 real, 2646 MB, 1.00 load
[runlim] sample:		82147.18 time, 77480.01 real, 2656 MB, 1.00 load
[runlim] sample:		82157.18 time, 77490.01 real, 2656 MB, 1.00 load
[runlim] sample:		82167.18 time, 77500.01 real, 2656 MB, 1.00 load
[runlim] sample:		82177.18 time, 77510.01 real, 2666 MB, 1.08 load
[runlim] sample:		82187.18 time, 77520.01 real, 2666 MB, 1.22 load
[runlim] sample:		82197.18 time, 77530.01 real, 2666 MB, 1.19 load
[runlim] sample:		82207.19 time, 77540.01 real, 2675 MB, 1.16 load
[runlim] sample:		82217.19 time, 77550.01 real, 2675 MB, 1.13 load
[runlim] sample:		82227.19 time, 77560.01 real, 2675 MB, 1.11 load
[runlim] sample:		82237.19 time, 77570.01 real, 2684 MB, 1.09 load
[runlim] sample:		82247.20 time, 77580.01 real, 2684 MB, 1.08 load
[runlim] sample:		82257.02 time, 77590.01 real, 2684 MB, 1.07 load
[runlim] sample:		82267.02 time, 77600.01 real, 2694 MB, 1.06 load

NN₁: mnist_relu_3_100_gemm.onnx
NN₂: mnist_relu_3_100_0.79_adam_1_stepsize.onnx
Prop: mnist_54_global_4.vnnlib

NN₁: mnist_relu_3_100_gemm.onnx
NN₂: mnist_relu_3_100_0.79_adam_1_stepsize.onnx
Prop: mnist_54_global_5.vnnlib

NN₁: mnist_relu_3_100_gemm.onnx
NN₂: mnist_relu_3_100_0.79_adam_1_stepsize.onnx
Prop: mnist_55_global_4.vnnlib

NN₁: mnist_relu_3_100_gemm.onnx
NN₂: mnist_relu_3_100_0.79_adam_1_stepsize.onnx
Prop: mnist_55_global_5.vnnlib
[runlim] sample:		82277.01 time, 77610.01 real, 2516 MB, 1.05 load
[runlim] sample:		82287.01 time, 77620.01 real, 2516 MB, 1.04 load
[runlim] sample:		82297.01 time, 77630.01 real, 2516 MB, 1.03 load
[runlim] sample:		82307.01 time, 77640.01 real, 2516 MB, 1.03 load
[runlim] sample:		82317.01 time, 77650.01 real, 2516 MB, 1.02 load
[runlim] sample:		82327.01 time, 77660.01 real, 2516 MB, 1.02 load
[runlim] sample:		82337.02 time, 77670.01 real, 2516 MB, 1.02 load
[runlim] sample:		82347.01 time, 77680.01 real, 2516 MB, 1.01 load
[runlim] sample:		82357.02 time, 77690.01 real, 2516 MB, 1.01 load
[runlim] sample:		82367.02 time, 77700.01 real, 2516 MB, 1.01 load
[runlim] sample:		82377.06 time, 77710.01 real, 2516 MB, 1.01 load
[runlim] sample:		82387.37 time, 77720.01 real, 2517 MB, 1.00 load
[runlim] sample:		82397.54 time, 77730.01 real, 2517 MB, 1.00 load

NN₁: mnist_relu_3_100_gemm.onnx
NN₂: mnist_relu_3_100_0.79_adam_1_stepsize.onnx
Prop: mnist_56_global_4.vnnlib

NN₁: mnist_relu_3_100_gemm.onnx
NN₂: mnist_relu_3_100_0.79_adam_1_stepsize.onnx
Prop: mnist_56_global_5.vnnlib
[runlim] sample:		82407.56 time, 77740.01 real, 2517 MB, 1.08 load

NN₁: mnist_relu_3_100_gemm.onnx
NN₂: mnist_relu_3_100_0.79_adam_1_stepsize.onnx
Prop: mnist_57_global_4.vnnlib
[runlim] sample:		82417.55 time, 77750.01 real, 2517 MB, 1.07 load
[runlim] sample:		82427.55 time, 77760.01 real, 2517 MB, 1.06 load
[runlim] sample:		82437.56 time, 77770.01 real, 2517 MB, 1.05 load
[runlim] sample:		82447.55 time, 77780.01 real, 2517 MB, 1.04 load
[runlim] sample:		82457.56 time, 77790.01 real, 2517 MB, 1.03 load
[runlim] sample:		82467.56 time, 77800.01 real, 2517 MB, 1.03 load
[runlim] sample:		82477.55 time, 77810.01 real, 2519 MB, 1.02 load
[runlim] sample:		82487.56 time, 77820.01 real, 2519 MB, 1.10 load
[runlim] sample:		82497.56 time, 77830.01 real, 2526 MB, 1.08 load
[runlim] sample:		82507.56 time, 77840.01 real, 2533 MB, 1.07 load
[runlim] sample:		82517.57 time, 77850.01 real, 2544 MB, 1.06 load
[runlim] sample:		82527.42 time, 77860.01 real, 2553 MB, 1.05 load
[runlim] sample:		82537.42 time, 77870.01 real, 2555 MB, 1.04 load
[runlim] sample:		82547.42 time, 77880.01 real, 2566 MB, 1.04 load
[runlim] sample:		82557.42 time, 77890.01 real, 2576 MB, 1.03 load
[runlim] sample:		82567.42 time, 77900.01 real, 2576 MB, 1.02 load
[runlim] sample:		82577.43 time, 77910.01 real, 2587 MB, 1.02 load
[runlim] sample:		82587.42 time, 77920.01 real, 2597 MB, 1.02 load
[runlim] sample:		82597.42 time, 77930.01 real, 2597 MB, 1.01 load
[runlim] sample:		82607.43 time, 77940.01 real, 2609 MB, 1.01 load
[runlim] sample:		82617.42 time, 77950.01 real, 2619 MB, 1.01 load
[runlim] sample:		82627.43 time, 77960.01 real, 2619 MB, 1.01 load
[runlim] sample:		82637.43 time, 77970.01 real, 2650 MB, 1.01 load
[runlim] sample:		82647.43 time, 77980.01 real, 2650 MB, 1.00 load
[runlim] sample:		82657.43 time, 77990.01 real, 2662 MB, 1.00 load
[runlim] sample:		82667.44 time, 78000.01 real, 2662 MB, 1.00 load
[runlim] sample:		82677.43 time, 78010.01 real, 2674 MB, 1.08 load
[runlim] sample:		82687.44 time, 78020.01 real, 2688 MB, 1.22 load
[runlim] sample:		82697.44 time, 78030.01 real, 2688 MB, 1.26 load
[runlim] sample:		82707.44 time, 78040.01 real, 2701 MB, 1.22 load
[runlim] sample:		82717.45 time, 78050.01 real, 2701 MB, 1.19 load
[runlim] sample:		82727.45 time, 78060.01 real, 2714 MB, 1.16 load
[runlim] sample:		82737.45 time, 78070.01 real, 2714 MB, 1.13 load
[runlim] sample:		82747.45 time, 78080.01 real, 2726 MB, 1.11 load
[runlim] sample:		82757.45 time, 78090.01 real, 2726 MB, 1.10 load
[runlim] sample:		82767.46 time, 78100.01 real, 2741 MB, 1.08 load
[runlim] sample:		82777.46 time, 78110.01 real, 2741 MB, 1.07 load
[runlim] sample:		82787.45 time, 78120.01 real, 2755 MB, 1.06 load
[runlim] sample:		82797.21 time, 78130.01 real, 2755 MB, 1.05 load
[runlim] sample:		82807.21 time, 78140.01 real, 2755 MB, 1.04 load
[runlim] sample:		82817.21 time, 78150.01 real, 2770 MB, 1.03 load
[runlim] sample:		82827.22 time, 78160.01 real, 2770 MB, 1.03 load
[runlim] sample:		82837.21 time, 78170.01 real, 2784 MB, 1.02 load
[runlim] sample:		82847.22 time, 78180.01 real, 2784 MB, 1.02 load
[runlim] sample:		82857.22 time, 78190.02 real, 2801 MB, 1.02 load
[runlim] sample:		82867.22 time, 78200.01 real, 2801 MB, 1.01 load
[runlim] sample:		82877.22 time, 78210.01 real, 2801 MB, 1.01 load
[runlim] sample:		82887.23 time, 78220.02 real, 2817 MB, 1.01 load
[runlim] sample:		82897.23 time, 78230.01 real, 2817 MB, 1.01 load
[runlim] sample:		82907.22 time, 78240.01 real, 2839 MB, 1.00 load
[runlim] sample:		82917.23 time, 78250.01 real, 2839 MB, 1.00 load
[runlim] sample:		82927.23 time, 78260.01 real, 2839 MB, 1.08 load
[runlim] sample:		82937.23 time, 78270.01 real, 2880 MB, 1.06 load
[runlim] sample:		82947.23 time, 78280.01 real, 2880 MB, 1.05 load
[runlim] sample:		82957.24 time, 78290.01 real, 2919 MB, 1.05 load
[runlim] sample:		82967.24 time, 78300.01 real, 2919 MB, 1.04 load
[runlim] sample:		82977.24 time, 78310.01 real, 2919 MB, 1.03 load
[runlim] sample:		82987.24 time, 78320.01 real, 2958 MB, 1.03 load
[runlim] sample:		82997.24 time, 78330.01 real, 2958 MB, 1.02 load
[runlim] sample:		83007.24 time, 78340.01 real, 2958 MB, 1.02 load
[runlim] sample:		83017.24 time, 78350.01 real, 2510 MB, 1.02 load

NN₁: mnist_relu_3_100_gemm.onnx
NN₂: mnist_relu_3_100_0.79_adam_1_stepsize.onnx
Prop: mnist_57_global_5.vnnlib
[runlim] sample:		83027.24 time, 78360.01 real, 2510 MB, 1.01 load
[runlim] sample:		83037.24 time, 78370.01 real, 2513 MB, 1.01 load
[runlim] sample:		83047.24 time, 78380.01 real, 2515 MB, 1.01 load
[runlim] sample:		83057.24 time, 78390.01 real, 2518 MB, 1.01 load
[runlim] sample:		83067.10 time, 78400.01 real, 2518 MB, 1.00 load
[runlim] sample:		83077.10 time, 78410.01 real, 2523 MB, 1.00 load
[runlim] sample:		83087.10 time, 78420.01 real, 2526 MB, 1.00 load
[runlim] sample:		83097.10 time, 78430.01 real, 2526 MB, 1.00 load
[runlim] sample:		83107.10 time, 78440.01 real, 2532 MB, 1.00 load
[runlim] sample:		83117.11 time, 78450.01 real, 2532 MB, 1.00 load
[runlim] sample:		83127.11 time, 78460.01 real, 2537 MB, 1.00 load
[runlim] sample:		83137.10 time, 78470.01 real, 2543 MB, 1.00 load
[runlim] sample:		83147.11 time, 78480.01 real, 2543 MB, 1.00 load
[runlim] sample:		83157.11 time, 78490.01 real, 2547 MB, 1.00 load
[runlim] sample:		83167.11 time, 78500.01 real, 2547 MB, 1.00 load
[runlim] sample:		83177.11 time, 78510.01 real, 2553 MB, 1.08 load
[runlim] sample:		83187.11 time, 78520.01 real, 2553 MB, 1.22 load
[runlim] sample:		83197.12 time, 78530.01 real, 2558 MB, 1.26 load
[runlim] sample:		83207.12 time, 78540.01 real, 2558 MB, 1.22 load
[runlim] sample:		83217.13 time, 78550.01 real, 2566 MB, 1.19 load
[runlim] sample:		83227.13 time, 78560.01 real, 2566 MB, 1.16 load
[runlim] sample:		83237.12 time, 78570.01 real, 2574 MB, 1.13 load
[runlim] sample:		83247.13 time, 78580.01 real, 2574 MB, 1.11 load
[runlim] sample:		83257.13 time, 78590.01 real, 2581 MB, 1.09 load
[runlim] sample:		83267.13 time, 78600.01 real, 2581 MB, 1.08 load
[runlim] sample:		83277.13 time, 78610.01 real, 2591 MB, 1.07 load
[runlim] sample:		83287.13 time, 78620.01 real, 2591 MB, 1.06 load
[runlim] sample:		83297.14 time, 78630.02 real, 2598 MB, 1.05 load
[runlim] sample:		83307.13 time, 78640.01 real, 2598 MB, 1.04 load
[runlim] sample:		83317.14 time, 78650.01 real, 2607 MB, 1.03 load
[runlim] sample:		83327.14 time, 78660.01 real, 2607 MB, 1.03 load
[runlim] sample:		83336.92 time, 78670.01 real, 2616 MB, 1.02 load
[runlim] sample:		83346.93 time, 78680.01 real, 2616 MB, 1.02 load
[runlim] sample:		83356.92 time, 78690.01 real, 2616 MB, 1.02 load
[runlim] sample:		83366.93 time, 78700.01 real, 2625 MB, 1.01 load
[runlim] sample:		83376.92 time, 78710.01 real, 2625 MB, 1.01 load
[runlim] sample:		83386.93 time, 78720.01 real, 2635 MB, 1.01 load
[runlim] sample:		83396.93 time, 78730.01 real, 2635 MB, 1.01 load
[runlim] sample:		83406.93 time, 78740.01 real, 2635 MB, 1.00 load
[runlim] sample:		83416.93 time, 78750.01 real, 2644 MB, 1.00 load
[runlim] sample:		83426.94 time, 78760.01 real, 2644 MB, 1.00 load
[runlim] sample:		83436.94 time, 78770.01 real, 2697 MB, 1.00 load
[runlim] sample:		83446.94 time, 78780.01 real, 2657 MB, 1.00 load
[runlim] sample:		83456.93 time, 78790.01 real, 2657 MB, 1.00 load
[runlim] sample:		83466.94 time, 78800.01 real, 2668 MB, 1.00 load
[runlim] sample:		83476.94 time, 78810.01 real, 2668 MB, 1.00 load
[runlim] sample:		83486.94 time, 78820.01 real, 2668 MB, 1.00 load
[runlim] sample:		83496.94 time, 78830.01 real, 2679 MB, 1.00 load
[runlim] sample:		83506.95 time, 78840.01 real, 2679 MB, 1.00 load
[runlim] sample:		83516.95 time, 78850.01 real, 2679 MB, 1.00 load
[runlim] sample:		83526.95 time, 78860.01 real, 2690 MB, 1.00 load
[runlim] sample:		83536.95 time, 78870.01 real, 2690 MB, 1.00 load
[runlim] sample:		83546.96 time, 78880.01 real, 2690 MB, 1.00 load
[runlim] sample:		83556.95 time, 78890.01 real, 2701 MB, 1.00 load
[runlim] sample:		83566.95 time, 78900.01 real, 2701 MB, 1.00 load
[runlim] sample:		83576.96 time, 78910.01 real, 2701 MB, 1.00 load
[runlim] sample:		83586.96 time, 78920.01 real, 2712 MB, 1.00 load
[runlim] sample:		83596.95 time, 78930.01 real, 2712 MB, 1.00 load
[runlim] sample:		83606.82 time, 78940.01 real, 2712 MB, 1.00 load
[runlim] sample:		83616.82 time, 78950.01 real, 2724 MB, 1.00 load

NN₁: mnist_relu_3_100_gemm.onnx
NN₂: mnist_relu_3_100_0.79_adam_1_stepsize.onnx
Prop: mnist_58_global_4.vnnlib

NN₁: mnist_relu_3_100_gemm.onnx
NN₂: mnist_relu_3_100_0.79_adam_1_stepsize.onnx
Prop: mnist_58_global_5.vnnlib
[runlim] sample:		83626.81 time, 78960.01 real, 2512 MB, 1.00 load
[runlim] sample:		83636.81 time, 78970.01 real, 2512 MB, 1.00 load
[runlim] sample:		83646.81 time, 78980.01 real, 2512 MB, 1.00 load
[runlim] sample:		83656.81 time, 78990.01 real, 2513 MB, 1.00 load
[runlim] sample:		83666.81 time, 79000.01 real, 2513 MB, 1.00 load
[runlim] sample:		83676.80 time, 79010.01 real, 2519 MB, 1.08 load
[runlim] sample:		83686.81 time, 79020.01 real, 2522 MB, 1.22 load
[runlim] sample:		83696.81 time, 79030.01 real, 2529 MB, 1.26 load
[runlim] sample:		83706.81 time, 79040.01 real, 2529 MB, 1.22 load
[runlim] sample:		83716.82 time, 79050.01 real, 2535 MB, 1.19 load
[runlim] sample:		83726.82 time, 79060.01 real, 2542 MB, 1.16 load
[runlim] sample:		83736.82 time, 79070.01 real, 2542 MB, 1.13 load
[runlim] sample:		83746.81 time, 79080.01 real, 2549 MB, 1.11 load
[runlim] sample:		83756.82 time, 79090.01 real, 2549 MB, 1.09 load
[runlim] sample:		83766.82 time, 79100.01 real, 2556 MB, 1.08 load
[runlim] sample:		83776.82 time, 79110.01 real, 2563 MB, 1.15 load
[runlim] sample:		83786.83 time, 79120.01 real, 2563 MB, 1.12 load
[runlim] sample:		83796.82 time, 79130.01 real, 2573 MB, 1.10 load
[runlim] sample:		83806.82 time, 79140.01 real, 2573 MB, 1.09 load
[runlim] sample:		83816.83 time, 79150.01 real, 2582 MB, 1.07 load
[runlim] sample:		83826.83 time, 79160.01 real, 2582 MB, 1.06 load
[runlim] sample:		83836.83 time, 79170.01 real, 2591 MB, 1.05 load
[runlim] sample:		83846.84 time, 79180.01 real, 2602 MB, 1.04 load
[runlim] sample:		83856.84 time, 79190.01 real, 2602 MB, 1.04 load
[runlim] sample:		83866.83 time, 79200.01 real, 2611 MB, 1.03 load
[runlim] sample:		83876.69 time, 79210.02 real, 2611 MB, 1.02 load
[runlim] sample:		83886.68 time, 79220.01 real, 2611 MB, 1.02 load
[runlim] sample:		83896.69 time, 79230.02 real, 2623 MB, 1.02 load
[runlim] sample:		83906.68 time, 79240.01 real, 2623 MB, 1.01 load
[runlim] sample:		83916.69 time, 79250.01 real, 2636 MB, 1.01 load
[runlim] sample:		83926.69 time, 79260.01 real, 2636 MB, 1.01 load
[runlim] sample:		83936.70 time, 79270.01 real, 2660 MB, 1.01 load
[runlim] sample:		83946.70 time, 79280.01 real, 2660 MB, 1.01 load
[runlim] sample:		83956.69 time, 79290.01 real, 2673 MB, 1.00 load
[runlim] sample:		83966.69 time, 79300.01 real, 2673 MB, 1.00 load
[runlim] sample:		83976.69 time, 79310.01 real, 2673 MB, 1.00 load
[runlim] sample:		83986.70 time, 79320.01 real, 2685 MB, 1.00 load
[runlim] sample:		83996.70 time, 79330.01 real, 2685 MB, 1.00 load
[runlim] sample:		84006.70 time, 79340.01 real, 2699 MB, 1.00 load
[runlim] sample:		84016.71 time, 79350.01 real, 2699 MB, 1.00 load
[runlim] sample:		84026.70 time, 79360.01 real, 2699 MB, 1.00 load
[runlim] sample:		84036.70 time, 79370.01 real, 2713 MB, 1.00 load
[runlim] sample:		84046.71 time, 79380.01 real, 2713 MB, 1.00 load
[runlim] sample:		84056.71 time, 79390.01 real, 2726 MB, 1.00 load
[runlim] sample:		84066.71 time, 79400.01 real, 2726 MB, 1.00 load
[runlim] sample:		84076.71 time, 79410.01 real, 2726 MB, 1.00 load
[runlim] sample:		84086.72 time, 79420.01 real, 2740 MB, 1.00 load
[runlim] sample:		84096.72 time, 79430.01 real, 2740 MB, 1.00 load
[runlim] sample:		84106.72 time, 79440.01 real, 2740 MB, 1.00 load
[runlim] sample:		84116.72 time, 79450.01 real, 2755 MB, 1.00 load
[runlim] sample:		84126.72 time, 79460.01 real, 2755 MB, 1.00 load
[runlim] sample:		84136.72 time, 79470.01 real, 2782 MB, 1.00 load
[runlim] sample:		84146.56 time, 79480.01 real, 2772 MB, 1.00 load
[runlim] sample:		84156.56 time, 79490.01 real, 2772 MB, 1.00 load
[runlim] sample:		84166.56 time, 79500.01 real, 2791 MB, 1.00 load
[runlim] sample:		84176.56 time, 79510.01 real, 2788 MB, 1.08 load
[runlim] sample:		84186.56 time, 79520.01 real, 2788 MB, 1.22 load
[runlim] sample:		84196.57 time, 79530.01 real, 2788 MB, 1.26 load
[runlim] sample:		84206.57 time, 79540.01 real, 2804 MB, 1.22 load
[runlim] sample:		84216.58 time, 79550.01 real, 2804 MB, 1.19 load

NN₁: mnist_relu_3_100_gemm.onnx
NN₂: mnist_relu_3_100_0.79_adam_1_stepsize.onnx
Prop: mnist_59_global_4.vnnlib
[runlim] sample:		84226.57 time, 79560.01 real, 2513 MB, 1.16 load
[runlim] sample:		84236.57 time, 79570.01 real, 2513 MB, 1.13 load
[runlim] sample:		84246.57 time, 79580.01 real, 2513 MB, 1.11 load
[runlim] sample:		84256.57 time, 79590.01 real, 2513 MB, 1.09 load
[runlim] sample:		84266.57 time, 79600.01 real, 2513 MB, 1.08 load
[runlim] sample:		84276.58 time, 79610.01 real, 2513 MB, 1.07 load
[runlim] sample:		84286.58 time, 79620.01 real, 2518 MB, 1.06 load
[runlim] sample:		84296.58 time, 79630.01 real, 2525 MB, 1.05 load
[runlim] sample:		84306.58 time, 79640.01 real, 2532 MB, 1.04 load
[runlim] sample:		84316.58 time, 79650.01 real, 2539 MB, 1.03 load
[runlim] sample:		84326.58 time, 79660.01 real, 2539 MB, 1.03 load
[runlim] sample:		84336.59 time, 79670.01 real, 2547 MB, 1.02 load
[runlim] sample:		84346.59 time, 79680.01 real, 2557 MB, 1.02 load
[runlim] sample:		84356.60 time, 79690.02 real, 2567 MB, 1.02 load
[runlim] sample:		84366.59 time, 79700.01 real, 2567 MB, 1.01 load
[runlim] sample:		84376.59 time, 79710.02 real, 2576 MB, 1.01 load
[runlim] sample:		84386.60 time, 79720.01 real, 2583 MB, 1.01 load
[runlim] sample:		84396.59 time, 79730.01 real, 2583 MB, 1.01 load
[runlim] sample:		84406.60 time, 79740.01 real, 2591 MB, 1.00 load
[runlim] sample:		84416.46 time, 79750.01 real, 2600 MB, 1.00 load
[runlim] sample:		84426.46 time, 79760.01 real, 2600 MB, 1.00 load
[runlim] sample:		84436.46 time, 79770.01 real, 2608 MB, 1.00 load
[runlim] sample:		84446.46 time, 79780.01 real, 2632 MB, 1.00 load
[runlim] sample:		84456.47 time, 79790.01 real, 2632 MB, 1.00 load
[runlim] sample:		84466.47 time, 79800.01 real, 2638 MB, 1.00 load
[runlim] sample:		84476.46 time, 79810.01 real, 2638 MB, 1.00 load
[runlim] sample:		84486.46 time, 79820.01 real, 2642 MB, 1.00 load
[runlim] sample:		84496.47 time, 79830.01 real, 2642 MB, 1.00 load
[runlim] sample:		84506.47 time, 79840.01 real, 2644 MB, 1.00 load
[runlim] sample:		84516.47 time, 79850.01 real, 2646 MB, 1.00 load
[runlim] sample:		84526.48 time, 79860.01 real, 2646 MB, 1.00 load
[runlim] sample:		84536.47 time, 79870.01 real, 2646 MB, 1.00 load
[runlim] sample:		84546.47 time, 79880.01 real, 2646 MB, 1.00 load
[runlim] sample:		84556.48 time, 79890.01 real, 2646 MB, 1.00 load
[runlim] sample:		84566.47 time, 79900.01 real, 2646 MB, 1.00 load
[runlim] sample:		84576.48 time, 79910.01 real, 2646 MB, 1.00 load
[runlim] sample:		84586.48 time, 79920.01 real, 2646 MB, 1.00 load
[runlim] sample:		84596.48 time, 79930.01 real, 2646 MB, 1.00 load
[runlim] sample:		84606.49 time, 79940.01 real, 2646 MB, 1.00 load
[runlim] sample:		84616.48 time, 79950.01 real, 2646 MB, 1.00 load
[runlim] sample:		84626.49 time, 79960.01 real, 2646 MB, 1.00 load
[runlim] sample:		84636.49 time, 79970.01 real, 2646 MB, 1.00 load
[runlim] sample:		84646.49 time, 79980.01 real, 2646 MB, 1.00 load
[runlim] sample:		84656.49 time, 79990.01 real, 2646 MB, 1.00 load
[runlim] sample:		84666.50 time, 80000.01 real, 2646 MB, 1.00 load
[runlim] sample:		84676.49 time, 80010.01 real, 2646 MB, 1.08 load
[runlim] sample:		84686.36 time, 80020.01 real, 2646 MB, 1.22 load
[runlim] sample:		84696.36 time, 80030.01 real, 2646 MB, 1.26 load
[runlim] sample:		84706.36 time, 80040.01 real, 2646 MB, 1.22 load
[runlim] sample:		84716.37 time, 80050.01 real, 2646 MB, 1.19 load
[runlim] sample:		84726.36 time, 80060.01 real, 2646 MB, 1.16 load
[runlim] sample:		84736.37 time, 80070.01 real, 2646 MB, 1.13 load
[runlim] sample:		84746.37 time, 80080.01 real, 2635 MB, 1.11 load
[runlim] sample:		84756.36 time, 80090.01 real, 2617 MB, 1.09 load
[runlim] sample:		84766.37 time, 80100.01 real, 2617 MB, 1.08 load
[runlim] sample:		84776.38 time, 80110.01 real, 2588 MB, 1.07 load
[runlim] sample:		84786.37 time, 80120.01 real, 2540 MB, 1.06 load

NN₁: mnist_relu_3_100_gemm.onnx
NN₂: mnist_relu_3_100_0.79_adam_1_stepsize.onnx
Prop: mnist_59_global_5.vnnlib
[runlim] sample:		84796.37 time, 80130.01 real, 2513 MB, 1.05 load
[runlim] sample:		84806.37 time, 80140.01 real, 2515 MB, 1.04 load
[runlim] sample:		84816.37 time, 80150.01 real, 2518 MB, 1.03 load
[runlim] sample:		84826.37 time, 80160.01 real, 2523 MB, 1.03 load
[runlim] sample:		84836.37 time, 80170.01 real, 2523 MB, 1.02 load
[runlim] sample:		84846.38 time, 80180.01 real, 2527 MB, 1.02 load
[runlim] sample:		84856.38 time, 80190.01 real, 2527 MB, 1.02 load
[runlim] sample:		84866.38 time, 80200.01 real, 2532 MB, 1.01 load
[runlim] sample:		84876.38 time, 80210.01 real, 2537 MB, 1.01 load
[runlim] sample:		84886.38 time, 80220.01 real, 2537 MB, 1.01 load
[runlim] sample:		84896.39 time, 80230.01 real, 2542 MB, 1.01 load
[runlim] sample:		84906.39 time, 80240.01 real, 2547 MB, 1.00 load
[runlim] sample:		84916.39 time, 80250.01 real, 2547 MB, 1.00 load
[runlim] sample:		84926.39 time, 80260.02 real, 2552 MB, 1.00 load
[runlim] sample:		84936.39 time, 80270.01 real, 2552 MB, 1.00 load
[runlim] sample:		84946.39 time, 80280.01 real, 2558 MB, 1.00 load
[runlim] sample:		84956.27 time, 80290.01 real, 2558 MB, 1.00 load
[runlim] sample:		84966.26 time, 80300.01 real, 2563 MB, 1.00 load
[runlim] sample:		84976.26 time, 80310.01 real, 2563 MB, 1.00 load
[runlim] sample:		84986.27 time, 80320.01 real, 2568 MB, 1.00 load
[runlim] sample:		84996.27 time, 80330.01 real, 2568 MB, 1.00 load
[runlim] sample:		85006.28 time, 80340.01 real, 2574 MB, 1.00 load
[runlim] sample:		85016.27 time, 80350.01 real, 2574 MB, 1.00 load
[runlim] sample:		85026.28 time, 80360.01 real, 2581 MB, 1.07 load
[runlim] sample:		85036.28 time, 80370.01 real, 2581 MB, 1.06 load
[runlim] sample:		85046.28 time, 80380.01 real, 2589 MB, 1.05 load
[runlim] sample:		85056.28 time, 80390.01 real, 2589 MB, 1.04 load
[runlim] sample:		85066.28 time, 80400.01 real, 2596 MB, 1.04 load
[runlim] sample:		85076.29 time, 80410.01 real, 2596 MB, 1.03 load
[runlim] sample:		85086.28 time, 80420.01 real, 2604 MB, 1.02 load
[runlim] sample:		85096.29 time, 80430.01 real, 2604 MB, 1.02 load
[runlim] sample:		85106.29 time, 80440.01 real, 2604 MB, 1.02 load
[runlim] sample:		85116.29 time, 80450.01 real, 2613 MB, 1.01 load
[runlim] sample:		85126.29 time, 80460.01 real, 2613 MB, 1.01 load
[runlim] sample:		85136.29 time, 80470.01 real, 2621 MB, 1.01 load
[runlim] sample:		85146.29 time, 80480.01 real, 2621 MB, 1.01 load
[runlim] sample:		85156.30 time, 80490.01 real, 2621 MB, 1.01 load
[runlim] sample:		85166.30 time, 80500.01 real, 2630 MB, 1.00 load
[runlim] sample:		85176.30 time, 80510.01 real, 2630 MB, 1.08 load
[runlim] sample:		85186.30 time, 80520.01 real, 2639 MB, 1.23 load
[runlim] sample:		85196.30 time, 80530.01 real, 2639 MB, 1.26 load
[runlim] sample:		85206.30 time, 80540.01 real, 2639 MB, 1.22 load
[runlim] sample:		85216.31 time, 80550.01 real, 2648 MB, 1.19 load
[runlim] sample:		85226.17 time, 80560.01 real, 2648 MB, 1.16 load
[runlim] sample:		85236.17 time, 80570.01 real, 2692 MB, 1.13 load
[runlim] sample:		85246.18 time, 80580.01 real, 2659 MB, 1.11 load
[runlim] sample:		85256.17 time, 80590.01 real, 2659 MB, 1.10 load
[runlim] sample:		85266.18 time, 80600.01 real, 2670 MB, 1.08 load
[runlim] sample:		85276.18 time, 80610.01 real, 2669 MB, 1.07 load
[runlim] sample:		85286.18 time, 80620.01 real, 2669 MB, 1.06 load
[runlim] sample:		85296.18 time, 80630.01 real, 2680 MB, 1.05 load
[runlim] sample:		85306.18 time, 80640.01 real, 2680 MB, 1.04 load
[runlim] sample:		85316.19 time, 80650.01 real, 2680 MB, 1.03 load
[runlim] sample:		85326.18 time, 80660.01 real, 2691 MB, 1.03 load
[runlim] sample:		85336.18 time, 80670.01 real, 2691 MB, 1.10 load
[runlim] sample:		85346.19 time, 80680.01 real, 2691 MB, 1.09 load
[runlim] sample:		85356.19 time, 80690.01 real, 2702 MB, 1.07 load
[runlim] sample:		85366.19 time, 80700.01 real, 2702 MB, 1.06 load
[runlim] sample:		85376.19 time, 80710.01 real, 2702 MB, 1.05 load
[runlim] sample:		85386.20 time, 80720.01 real, 2714 MB, 1.04 load

NN₁: mnist_relu_3_100_gemm.onnx
NN₂: mnist_relu_3_100_0.79_adam_1_stepsize.onnx
Prop: mnist_60_global_4.vnnlib

NN₁: mnist_relu_3_100_gemm.onnx
NN₂: mnist_relu_3_100_0.79_adam_1_stepsize.onnx
Prop: mnist_60_global_5.vnnlib

NN₁: mnist_relu_3_100_gemm.onnx
NN₂: mnist_relu_3_100_0.79_adam_1_stepsize.onnx
Prop: mnist_61_global_4.vnnlib

NN₁: mnist_relu_3_100_gemm.onnx
NN₂: mnist_relu_3_100_0.79_adam_1_stepsize.onnx
Prop: mnist_61_global_5.vnnlib
[runlim] sample:		85396.19 time, 80730.01 real, 2515 MB, 1.04 load
[runlim] sample:		85406.18 time, 80740.02 real, 2515 MB, 1.03 load
[runlim] sample:		85416.18 time, 80750.01 real, 2515 MB, 1.02 load
[runlim] sample:		85426.18 time, 80760.01 real, 2520 MB, 1.02 load
[runlim] sample:		85436.19 time, 80770.02 real, 2522 MB, 1.02 load
[runlim] sample:		85446.19 time, 80780.01 real, 2522 MB, 1.01 load
[runlim] sample:		85456.19 time, 80790.01 real, 2526 MB, 1.01 load
[runlim] sample:		85466.19 time, 80800.01 real, 2532 MB, 1.01 load
[runlim] sample:		85476.20 time, 80810.01 real, 2532 MB, 1.01 load
[runlim] sample:		85486.20 time, 80820.01 real, 2535 MB, 1.01 load
[runlim] sample:		85496.06 time, 80830.01 real, 2535 MB, 1.00 load
[runlim] sample:		85506.07 time, 80840.01 real, 2541 MB, 1.00 load
[runlim] sample:		85516.06 time, 80850.01 real, 2548 MB, 1.00 load
[runlim] sample:		85526.07 time, 80860.01 real, 2548 MB, 1.00 load
[runlim] sample:		85536.07 time, 80870.01 real, 2552 MB, 1.00 load
[runlim] sample:		85546.06 time, 80880.01 real, 2552 MB, 1.00 load
[runlim] sample:		85556.07 time, 80890.01 real, 2558 MB, 1.00 load
[runlim] sample:		85566.07 time, 80900.01 real, 2558 MB, 1.00 load
[runlim] sample:		85576.07 time, 80910.01 real, 2565 MB, 1.00 load
[runlim] sample:		85586.08 time, 80920.01 real, 2565 MB, 1.00 load
[runlim] sample:		85596.08 time, 80930.01 real, 2573 MB, 1.00 load
[runlim] sample:		85606.08 time, 80940.01 real, 2573 MB, 1.00 load
[runlim] sample:		85616.09 time, 80950.01 real, 2581 MB, 1.00 load
[runlim] sample:		85626.08 time, 80960.01 real, 2581 MB, 1.00 load
[runlim] sample:		85636.08 time, 80970.01 real, 2590 MB, 1.00 load
[runlim] sample:		85646.08 time, 80980.01 real, 2590 MB, 1.00 load
[runlim] sample:		85656.08 time, 80990.01 real, 2597 MB, 1.00 load
[runlim] sample:		85666.09 time, 81000.01 real, 2597 MB, 1.00 load
[runlim] sample:		85676.08 time, 81010.01 real, 2607 MB, 1.08 load
[runlim] sample:		85686.09 time, 81020.01 real, 2607 MB, 1.22 load
[runlim] sample:		85696.09 time, 81030.01 real, 2616 MB, 1.34 load
[runlim] sample:		85706.10 time, 81040.01 real, 2616 MB, 1.29 load
[runlim] sample:		85716.09 time, 81050.01 real, 2616 MB, 1.24 load
[runlim] sample:		85726.09 time, 81060.01 real, 2623 MB, 1.21 load
[runlim] sample:		85736.10 time, 81070.01 real, 2623 MB, 1.17 load
[runlim] sample:		85746.09 time, 81080.01 real, 2630 MB, 1.15 load
[runlim] sample:		85756.09 time, 81090.01 real, 2630 MB, 1.12 load
[runlim] sample:		85765.92 time, 81100.01 real, 2630 MB, 1.10 load
[runlim] sample:		85775.93 time, 81110.01 real, 2640 MB, 1.09 load
[runlim] sample:		85785.92 time, 81120.01 real, 2640 MB, 1.07 load
[runlim] sample:		85795.93 time, 81130.01 real, 2652 MB, 1.06 load
[runlim] sample:		85805.93 time, 81140.01 real, 2652 MB, 1.05 load
[runlim] sample:		85815.93 time, 81150.01 real, 2652 MB, 1.04 load
[runlim] sample:		85825.94 time, 81160.01 real, 2664 MB, 1.04 load
[runlim] sample:		85835.94 time, 81170.01 real, 2664 MB, 1.03 load
[runlim] sample:		85845.94 time, 81180.01 real, 2677 MB, 1.11 load
[runlim] sample:		85855.94 time, 81190.01 real, 2675 MB, 1.09 load
[runlim] sample:		85865.94 time, 81200.01 real, 2675 MB, 1.07 load
[runlim] sample:		85875.94 time, 81210.01 real, 2686 MB, 1.06 load
[runlim] sample:		85885.94 time, 81220.01 real, 2686 MB, 1.05 load
[runlim] sample:		85895.95 time, 81230.01 real, 2686 MB, 1.04 load
[runlim] sample:		85908.92 time, 81240.01 real, 2680 MB, 3.28 load
[runlim] sample:		85929.18 time, 81250.01 real, 2675 MB, 2.93 load
[runlim] sample:		85949.77 time, 81260.01 real, 2672 MB, 2.71 load
[runlim] sample:		85969.96 time, 81270.01 real, 2669 MB, 2.45 load
[runlim] sample:		85990.00 time, 81280.01 real, 2673 MB, 2.23 load
[runlim] sample:		86012.89 time, 81290.01 real, 2674 MB, 2.04 load
[runlim] sample:		86033.76 time, 81300.01 real, 2684 MB, 1.88 load
[runlim] sample:		86054.45 time, 81310.01 real, 2681 MB, 1.74 load
[runlim] sample:		86074.96 time, 81320.01 real, 2684 MB, 1.79 load

NN₁: mnist_relu_3_100_gemm.onnx
NN₂: mnist_relu_3_100_0.79_adam_1_stepsize.onnx
Prop: mnist_62_global_4.vnnlib
[runlim] sample:		86089.73 time, 81330.01 real, 2503 MB, 1.67 load
[runlim] sample:		86099.73 time, 81340.01 real, 2504 MB, 1.56 load
[runlim] sample:		86109.73 time, 81350.01 real, 2504 MB, 1.48 load
[runlim] sample:		86119.74 time, 81360.01 real, 2507 MB, 1.40 load
[runlim] sample:		86129.60 time, 81370.01 real, 2512 MB, 1.27 load
[runlim] sample:		86139.61 time, 81380.01 real, 2515 MB, 1.23 load
[runlim] sample:		86149.60 time, 81390.01 real, 2515 MB, 1.19 load
[runlim] sample:		86159.61 time, 81400.01 real, 2521 MB, 1.16 load
[runlim] sample:		86169.61 time, 81410.01 real, 2521 MB, 1.14 load
[runlim] sample:		86179.62 time, 81420.01 real, 2525 MB, 1.11 load
[runlim] sample:		86189.61 time, 81430.01 real, 2531 MB, 1.10 load
[runlim] sample:		86199.62 time, 81440.01 real, 2531 MB, 1.08 load
[runlim] sample:		86211.67 time, 81450.01 real, 2532 MB, 1.07 load
[runlim] sample:		86231.16 time, 81460.01 real, 2526 MB, 1.06 load
[runlim] sample:		86252.33 time, 81470.01 real, 2533 MB, 1.05 load
[runlim] sample:		86273.91 time, 81480.01 real, 2530 MB, 2.40 load
[runlim] sample:		86294.04 time, 81490.01 real, 2528 MB, 5.10 load
[runlim] sample:		86313.14 time, 81500.01 real, 2538 MB, 4.47 load
[runlim] sample:		86332.36 time, 81510.01 real, 2527 MB, 3.94 load
[runlim] sample:		86343.95 time, 81520.01 real, 2523 MB, 3.64 load
[runlim] sample:		86363.08 time, 81530.01 real, 2531 MB, 3.31 load
[runlim] sample:		86381.37 time, 81540.01 real, 2523 MB, 2.95 load
[runlim] sample:		86401.74 time, 81550.02 real, 2528 MB, 2.72 load
[runlim] sample:		86422.07 time, 81560.01 real, 2529 MB, 2.53 load
[runlim] sample:		86442.20 time, 81570.01 real, 2540 MB, 2.30 load
[runlim] sample:		86463.72 time, 81580.01 real, 2540 MB, 2.34 load
[runlim] sample:		86484.20 time, 81590.01 real, 2549 MB, 2.13 load
[runlim] sample:		86501.65 time, 81600.01 real, 2542 MB, 1.96 load
[runlim] sample:		86521.89 time, 81610.01 real, 2542 MB, 1.81 load
[runlim] sample:		86542.30 time, 81620.01 real, 2549 MB, 1.68 load
[runlim] sample:		86560.33 time, 81630.02 real, 2561 MB, 1.73 load
[runlim] sample:		86578.30 time, 81640.01 real, 2560 MB, 1.61 load
[runlim] sample:		86597.36 time, 81650.01 real, 2559 MB, 1.74 load
[runlim] sample:		86616.44 time, 81660.01 real, 2572 MB, 1.63 load
[runlim] sample:		86635.51 time, 81670.01 real, 2572 MB, 1.53 load
[runlim] sample:		86654.62 time, 81680.01 real, 2579 MB, 1.45 load
[runlim] sample:		86674.89 time, 81690.01 real, 2578 MB, 1.53 load
[runlim] sample:		86692.64 time, 81700.01 real, 2582 MB, 1.44 load
[runlim] sample:		86712.60 time, 81710.01 real, 2580 MB, 1.38 load
[runlim] sample:		86732.32 time, 81720.01 real, 2588 MB, 1.40 load
[runlim] sample:		86751.64 time, 81730.01 real, 2595 MB, 1.34 load
[runlim] sample:		86771.77 time, 81740.01 real, 2598 MB, 1.28 load
[runlim] sample:		86793.58 time, 81750.01 real, 2592 MB, 1.24 load
[runlim] sample:		86812.93 time, 81760.01 real, 2602 MB, 1.20 load
[runlim] sample:		86830.50 time, 81770.01 real, 2604 MB, 1.17 load
[runlim] sample:		86852.24 time, 81780.01 real, 2597 MB, 1.14 load
[runlim] sample:		86872.45 time, 81790.02 real, 2615 MB, 1.36 load
[runlim] sample:		86894.01 time, 81800.01 real, 2612 MB, 1.31 load
[runlim] sample:		86914.01 time, 81810.01 real, 2623 MB, 1.26 load
[runlim] sample:		86933.52 time, 81820.02 real, 2630 MB, 1.22 load
[runlim] sample:		86951.63 time, 81830.01 real, 2625 MB, 3.10 load
[runlim] sample:		86972.58 time, 81840.01 real, 2635 MB, 2.78 load
[runlim] sample:		86988.76 time, 81850.01 real, 2629 MB, 2.50 load
[runlim] sample:		87007.91 time, 81860.01 real, 2636 MB, 2.43 load
[runlim] sample:		87023.75 time, 81870.01 real, 2635 MB, 2.21 load
[runlim] sample:		87038.88 time, 81880.01 real, 2642 MB, 2.02 load
[runlim] sample:		87059.10 time, 81890.01 real, 2647 MB, 1.87 load
[runlim] sample:		87077.55 time, 81900.01 real, 2653 MB, 1.88 load
[runlim] sample:		87092.20 time, 81910.01 real, 2674 MB, 1.74 load
[runlim] sample:		87112.31 time, 81920.01 real, 2666 MB, 1.70 load

NN₁: mnist_relu_3_100_gemm.onnx
NN₂: mnist_relu_3_100_0.79_adam_1_stepsize.onnx
Prop: mnist_62_global_5.vnnlib
[runlim] sample:		87128.66 time, 81930.01 real, 2491 MB, 2.41 load
[runlim] sample:		87138.66 time, 81940.01 real, 2493 MB, 2.19 load
[runlim] sample:		87148.66 time, 81950.01 real, 2496 MB, 2.01 load
[runlim] sample:		87158.67 time, 81960.01 real, 2500 MB, 1.85 load
[runlim] sample:		87168.67 time, 81970.01 real, 2500 MB, 1.72 load
[runlim] sample:		87178.67 time, 81980.01 real, 2503 MB, 1.61 load
[runlim] sample:		87188.67 time, 81990.01 real, 2507 MB, 1.51 load
[runlim] sample:		87198.68 time, 82000.01 real, 2512 MB, 1.44 load
[runlim] sample:		87208.68 time, 82010.01 real, 2512 MB, 1.37 load
[runlim] sample:		87218.69 time, 82020.01 real, 2516 MB, 1.47 load
[runlim] sample:		87228.69 time, 82030.01 real, 2520 MB, 1.47 load
[runlim] sample:		87238.69 time, 82040.01 real, 2525 MB, 1.40 load
[runlim] sample:		87248.69 time, 82050.01 real, 2525 MB, 1.33 load
[runlim] sample:		87258.70 time, 82060.01 real, 2529 MB, 1.28 load
[runlim] sample:		87268.70 time, 82070.01 real, 2533 MB, 1.24 load
[runlim] sample:		87278.69 time, 82080.01 real, 2533 MB, 1.20 load
[runlim] sample:		87288.70 time, 82090.01 real, 2538 MB, 1.17 load
[runlim] sample:		87298.70 time, 82100.01 real, 2541 MB, 1.14 load
[runlim] sample:		87308.70 time, 82110.01 real, 2544 MB, 1.12 load
[runlim] sample:		87318.71 time, 82120.01 real, 2549 MB, 1.10 load
[runlim] sample:		87328.70 time, 82130.01 real, 2549 MB, 1.09 load
[runlim] sample:		87338.71 time, 82140.01 real, 2554 MB, 1.07 load
[runlim] sample:		87348.72 time, 82150.01 real, 2554 MB, 1.06 load
[runlim] sample:		87358.71 time, 82160.01 real, 2560 MB, 1.05 load
[runlim] sample:		87368.72 time, 82170.01 real, 2567 MB, 1.04 load
[runlim] sample:		87378.59 time, 82180.01 real, 2567 MB, 1.04 load
[runlim] sample:		87388.60 time, 82190.01 real, 2574 MB, 1.03 load
[runlim] sample:		87398.60 time, 82200.01 real, 2574 MB, 1.02 load
[runlim] sample:		87408.60 time, 82210.01 real, 2582 MB, 1.02 load
[runlim] sample:		87418.60 time, 82220.01 real, 2582 MB, 1.02 load
[runlim] sample:		87428.61 time, 82230.01 real, 2589 MB, 1.01 load
[runlim] sample:		87438.61 time, 82240.01 real, 2589 MB, 1.01 load
[runlim] sample:		87448.61 time, 82250.01 real, 2596 MB, 1.01 load
[runlim] sample:		87458.62 time, 82260.01 real, 2596 MB, 1.01 load
[runlim] sample:		87468.62 time, 82270.01 real, 2604 MB, 1.01 load
[runlim] sample:		87478.62 time, 82280.01 real, 2604 MB, 1.00 load
[runlim] sample:		87488.63 time, 82290.01 real, 2611 MB, 1.00 load
[runlim] sample:		87498.63 time, 82300.01 real, 2611 MB, 1.00 load
[runlim] sample:		87508.63 time, 82310.01 real, 2618 MB, 1.00 load
[runlim] sample:		87518.63 time, 82320.01 real, 2618 MB, 1.00 load
[runlim] sample:		87528.63 time, 82330.01 real, 2626 MB, 1.00 load
[runlim] sample:		87538.64 time, 82340.01 real, 2626 MB, 1.00 load
[runlim] sample:		87548.64 time, 82350.01 real, 2626 MB, 1.00 load
[runlim] sample:		87558.64 time, 82360.01 real, 2634 MB, 1.00 load
[runlim] sample:		87568.65 time, 82370.01 real, 2634 MB, 1.00 load
[runlim] sample:		87578.64 time, 82380.01 real, 2644 MB, 1.00 load
[runlim] sample:		87588.65 time, 82390.01 real, 2644 MB, 1.00 load
[runlim] sample:		87598.65 time, 82400.01 real, 2644 MB, 1.00 load
[runlim] sample:		87608.65 time, 82410.01 real, 2653 MB, 1.00 load
[runlim] sample:		87618.66 time, 82420.01 real, 2653 MB, 1.00 load
[runlim] sample:		87628.66 time, 82430.01 real, 2663 MB, 1.00 load
[runlim] sample:		87638.66 time, 82440.01 real, 2663 MB, 1.00 load
[runlim] sample:		87648.54 time, 82450.01 real, 2663 MB, 1.00 load
[runlim] sample:		87658.54 time, 82460.01 real, 2672 MB, 1.00 load
[runlim] sample:		87668.55 time, 82470.01 real, 2672 MB, 1.00 load
[runlim] sample:		87678.55 time, 82480.01 real, 2683 MB, 1.00 load
[runlim] sample:		87688.55 time, 82490.01 real, 2682 MB, 1.00 load
[runlim] sample:		87698.55 time, 82500.01 real, 2682 MB, 1.00 load
[runlim] sample:		87708.56 time, 82510.01 real, 2692 MB, 1.00 load
[runlim] sample:		87718.55 time, 82520.01 real, 2692 MB, 1.15 load

NN₁: mnist_relu_3_100_gemm.onnx
NN₂: mnist_relu_3_100_0.79_adam_1_stepsize.onnx
Prop: mnist_63_global_4.vnnlib

NN₁: mnist_relu_3_100_gemm.onnx
NN₂: mnist_relu_3_100_0.79_adam_1_stepsize.onnx
Prop: mnist_63_global_5.vnnlib
[runlim] sample:		87728.47 time, 82530.01 real, 2493 MB, 1.20 load
[runlim] sample:		87738.47 time, 82540.01 real, 2495 MB, 1.17 load
[runlim] sample:		87748.48 time, 82550.01 real, 2496 MB, 1.15 load
[runlim] sample:		87758.48 time, 82560.01 real, 2496 MB, 1.12 load
[runlim] sample:		87768.48 time, 82570.01 real, 2499 MB, 1.10 load
[runlim] sample:		87778.48 time, 82580.01 real, 2504 MB, 1.09 load
[runlim] sample:		87788.48 time, 82590.01 real, 2510 MB, 1.07 load
[runlim] sample:		87798.48 time, 82600.01 real, 2510 MB, 1.06 load
[runlim] sample:		87808.49 time, 82610.01 real, 2514 MB, 1.05 load
[runlim] sample:		87818.49 time, 82620.01 real, 2519 MB, 1.04 load
[runlim] sample:		87828.49 time, 82630.01 real, 2519 MB, 1.04 load
[runlim] sample:		87838.50 time, 82640.01 real, 2523 MB, 1.03 load
[runlim] sample:		87848.50 time, 82650.01 real, 2530 MB, 1.02 load
[runlim] sample:		87858.49 time, 82660.01 real, 2530 MB, 1.02 load
[runlim] sample:		87868.50 time, 82670.01 real, 2533 MB, 1.02 load
[runlim] sample:		87878.50 time, 82680.01 real, 2541 MB, 1.01 load
[runlim] sample:		87888.51 time, 82690.01 real, 2541 MB, 1.01 load
[runlim] sample:		87898.51 time, 82700.01 real, 2547 MB, 1.01 load
[runlim] sample:		87908.52 time, 82710.01 real, 2553 MB, 1.01 load
[runlim] sample:		87918.36 time, 82720.01 real, 2553 MB, 1.01 load
[runlim] sample:		87928.36 time, 82730.01 real, 2562 MB, 1.00 load
[runlim] sample:		87938.36 time, 82740.01 real, 2562 MB, 1.00 load
[runlim] sample:		87948.36 time, 82750.01 real, 2567 MB, 1.00 load
[runlim] sample:		87958.37 time, 82760.01 real, 2567 MB, 1.00 load
[runlim] sample:		87968.37 time, 82770.01 real, 2577 MB, 1.00 load
[runlim] sample:		87978.37 time, 82780.01 real, 2583 MB, 1.00 load
[runlim] sample:		87988.38 time, 82790.01 real, 2583 MB, 1.00 load
[runlim] sample:		87998.37 time, 82800.01 real, 2593 MB, 1.00 load
[runlim] sample:		88008.38 time, 82810.01 real, 2593 MB, 1.00 load
[runlim] sample:		88018.38 time, 82820.01 real, 2603 MB, 1.00 load
[runlim] sample:		88028.38 time, 82830.01 real, 2603 MB, 1.00 load
[runlim] sample:		88038.39 time, 82840.01 real, 2613 MB, 1.00 load
[runlim] sample:		88048.38 time, 82850.01 real, 2613 MB, 1.00 load
[runlim] sample:		88058.39 time, 82860.01 real, 2622 MB, 1.00 load
[runlim] sample:		88068.39 time, 82870.01 real, 2622 MB, 1.00 load
[runlim] sample:		88078.39 time, 82880.01 real, 2622 MB, 1.00 load
[runlim] sample:		88088.40 time, 82890.01 real, 2631 MB, 1.00 load
[runlim] sample:		88098.40 time, 82900.01 real, 2631 MB, 1.00 load
[runlim] sample:		88108.40 time, 82910.01 real, 2643 MB, 1.00 load
[runlim] sample:		88118.41 time, 82920.01 real, 2643 MB, 1.00 load
[runlim] sample:		88128.41 time, 82930.01 real, 2654 MB, 1.00 load
[runlim] sample:		88138.41 time, 82940.01 real, 2654 MB, 1.00 load
[runlim] sample:		88148.41 time, 82950.01 real, 2687 MB, 1.00 load
[runlim] sample:		88158.42 time, 82960.01 real, 2666 MB, 1.00 load
[runlim] sample:		88168.41 time, 82970.01 real, 2666 MB, 1.00 load
[runlim] sample:		88178.41 time, 82980.01 real, 2676 MB, 1.00 load
[runlim] sample:		88188.29 time, 82990.01 real, 2676 MB, 1.00 load
[runlim] sample:		88198.30 time, 83000.01 real, 2687 MB, 1.00 load
[runlim] sample:		88208.30 time, 83010.01 real, 2687 MB, 1.00 load
[runlim] sample:		88218.30 time, 83020.01 real, 2687 MB, 1.15 load
[runlim] sample:		88228.30 time, 83030.01 real, 2698 MB, 1.20 load
[runlim] sample:		88238.31 time, 83040.01 real, 2698 MB, 1.17 load
[runlim] sample:		88248.31 time, 83050.01 real, 2698 MB, 1.15 load
[runlim] sample:		88258.31 time, 83060.01 real, 2711 MB, 1.12 load
[runlim] sample:		88268.32 time, 83070.01 real, 2711 MB, 1.10 load
[runlim] sample:		88278.31 time, 83080.01 real, 2724 MB, 1.09 load
[runlim] sample:		88288.32 time, 83090.01 real, 2722 MB, 1.07 load
[runlim] sample:		88298.32 time, 83100.01 real, 2722 MB, 1.06 load
[runlim] sample:		88308.32 time, 83110.01 real, 2735 MB, 1.05 load
[runlim] sample:		88318.33 time, 83120.01 real, 2735 MB, 1.04 load

NN₁: mnist_relu_3_100_gemm.onnx
NN₂: mnist_relu_3_100_0.79_adam_1_stepsize.onnx
Prop: mnist_64_global_4.vnnlib

NN₁: mnist_relu_3_100_gemm.onnx
NN₂: mnist_relu_3_100_0.79_adam_1_stepsize.onnx
Prop: mnist_64_global_5.vnnlib
[runlim] sample:		88328.30 time, 83130.01 real, 2493 MB, 1.04 load
[runlim] sample:		88338.29 time, 83140.01 real, 2493 MB, 1.03 load
[runlim] sample:		88348.30 time, 83150.01 real, 2493 MB, 1.02 load
[runlim] sample:		88358.30 time, 83160.01 real, 2493 MB, 1.02 load
[runlim] sample:		88368.30 time, 83170.01 real, 2493 MB, 1.02 load
[runlim] sample:		88378.31 time, 83180.01 real, 2493 MB, 1.01 load
[runlim] sample:		88388.31 time, 83190.01 real, 2493 MB, 1.01 load
[runlim] sample:		88398.31 time, 83200.01 real, 2493 MB, 1.01 load
[runlim] sample:		88408.31 time, 83210.01 real, 2493 MB, 1.01 load
[runlim] sample:		88418.31 time, 83220.01 real, 2493 MB, 1.01 load
[runlim] sample:		88428.32 time, 83230.01 real, 2493 MB, 1.00 load
[runlim] sample:		88438.32 time, 83240.01 real, 2493 MB, 1.00 load
[runlim] sample:		88448.32 time, 83250.01 real, 2493 MB, 1.00 load
[runlim] sample:		88458.20 time, 83260.01 real, 2493 MB, 1.08 load
[runlim] sample:		88468.20 time, 83270.01 real, 2493 MB, 1.07 load
[runlim] sample:		88478.20 time, 83280.01 real, 2493 MB, 1.06 load
[runlim] sample:		88488.21 time, 83290.01 real, 2493 MB, 1.05 load
[runlim] sample:		88498.21 time, 83300.01 real, 2493 MB, 1.04 load
[runlim] sample:		88508.21 time, 83310.01 real, 2493 MB, 1.03 load
[runlim] sample:		88518.21 time, 83320.01 real, 2493 MB, 1.03 load
[runlim] sample:		88528.21 time, 83330.01 real, 2493 MB, 1.02 load
[runlim] sample:		88538.21 time, 83340.01 real, 2493 MB, 1.02 load
[runlim] sample:		88548.22 time, 83350.01 real, 2493 MB, 1.02 load
[runlim] sample:		88558.22 time, 83360.01 real, 2493 MB, 1.01 load
[runlim] sample:		88568.22 time, 83370.01 real, 2493 MB, 1.01 load
[runlim] sample:		88578.22 time, 83380.01 real, 2493 MB, 1.01 load
[runlim] sample:		88588.22 time, 83390.01 real, 2493 MB, 1.01 load
[runlim] sample:		88598.22 time, 83400.01 real, 2493 MB, 1.00 load
[runlim] sample:		88608.23 time, 83410.01 real, 2493 MB, 1.00 load
[runlim] sample:		88618.23 time, 83420.01 real, 2493 MB, 1.00 load
[runlim] sample:		88628.24 time, 83430.01 real, 2493 MB, 1.00 load
[runlim] sample:		88638.23 time, 83440.01 real, 2493 MB, 1.00 load
[runlim] sample:		88648.24 time, 83450.01 real, 2493 MB, 1.00 load
[runlim] sample:		88658.24 time, 83460.01 real, 2493 MB, 1.00 load
[runlim] sample:		88668.24 time, 83470.01 real, 2493 MB, 1.00 load
[runlim] sample:		88678.25 time, 83480.01 real, 2493 MB, 1.00 load
[runlim] sample:		88688.25 time, 83490.01 real, 2493 MB, 1.00 load
[runlim] sample:		88698.25 time, 83500.01 real, 2493 MB, 1.00 load
[runlim] sample:		88708.26 time, 83510.01 real, 2493 MB, 1.00 load
[runlim] sample:		88718.25 time, 83520.01 real, 2493 MB, 1.15 load
[runlim] sample:		88728.12 time, 83530.01 real, 2493 MB, 1.20 load
[runlim] sample:		88738.13 time, 83540.01 real, 2493 MB, 1.17 load
[runlim] sample:		88748.13 time, 83550.01 real, 2493 MB, 1.15 load
[runlim] sample:		88758.13 time, 83560.01 real, 2493 MB, 1.12 load
[runlim] sample:		88768.13 time, 83570.01 real, 2493 MB, 1.10 load
[runlim] sample:		88778.14 time, 83580.01 real, 2493 MB, 1.09 load
[runlim] sample:		88788.14 time, 83590.01 real, 2493 MB, 1.07 load
[runlim] sample:		88798.14 time, 83600.01 real, 2493 MB, 1.06 load
[runlim] sample:		88808.15 time, 83610.01 real, 2493 MB, 1.05 load
[runlim] sample:		88818.14 time, 83620.01 real, 2493 MB, 1.04 load
[runlim] sample:		88828.15 time, 83630.01 real, 2493 MB, 1.04 load
[runlim] sample:		88838.15 time, 83640.01 real, 2493 MB, 1.03 load
[runlim] sample:		88848.16 time, 83650.01 real, 2493 MB, 1.02 load
[runlim] sample:		88858.15 time, 83660.01 real, 2493 MB, 1.02 load
[runlim] sample:		88868.16 time, 83670.01 real, 2493 MB, 1.02 load
[runlim] sample:		88878.16 time, 83680.01 real, 2493 MB, 1.01 load
[runlim] sample:		88888.17 time, 83690.01 real, 2495 MB, 1.01 load
[runlim] sample:		88898.16 time, 83700.01 real, 2496 MB, 1.01 load
[runlim] sample:		88908.16 time, 83710.01 real, 2496 MB, 1.01 load
[runlim] sample:		88918.17 time, 83720.01 real, 2498 MB, 1.09 load
[runlim] sample:		88928.18 time, 83730.01 real, 2505 MB, 1.07 load

NN₁: mnist_relu_3_100_gemm.onnx
NN₂: mnist_relu_3_100_0.79_adam_1_stepsize.onnx
Prop: mnist_65_global_4.vnnlib
[runlim] sample:		88938.17 time, 83740.01 real, 2494 MB, 1.06 load
[runlim] sample:		88948.18 time, 83750.01 real, 2497 MB, 1.05 load
[runlim] sample:		88958.17 time, 83760.01 real, 2501 MB, 1.04 load
[runlim] sample:		88968.18 time, 83770.01 real, 2503 MB, 1.04 load
[runlim] sample:		88978.18 time, 83780.01 real, 2508 MB, 1.03 load
[runlim] sample:		88988.18 time, 83790.01 real, 2508 MB, 1.02 load
[runlim] sample:		88998.06 time, 83800.01 real, 2510 MB, 1.02 load
[runlim] sample:		89008.05 time, 83810.01 real, 2515 MB, 1.02 load
[runlim] sample:		89018.06 time, 83820.01 real, 2516 MB, 1.01 load
[runlim] sample:		89028.06 time, 83830.01 real, 2516 MB, 1.08 load
[runlim] sample:		89038.06 time, 83840.01 real, 2519 MB, 1.07 load
[runlim] sample:		89048.07 time, 83850.01 real, 2524 MB, 1.13 load
[runlim] sample:		89058.06 time, 83860.01 real, 2524 MB, 1.11 load
[runlim] sample:		89068.07 time, 83870.01 real, 2528 MB, 1.10 load
[runlim] sample:		89078.07 time, 83880.01 real, 2534 MB, 1.08 load
[runlim] sample:		89088.07 time, 83890.01 real, 2534 MB, 1.07 load
[runlim] sample:		89098.07 time, 83900.01 real, 2543 MB, 1.06 load
[runlim] sample:		89108.08 time, 83910.01 real, 2543 MB, 1.21 load
[runlim] sample:		89118.08 time, 83920.01 real, 2551 MB, 1.17 load
[runlim] sample:		89128.09 time, 83930.01 real, 2557 MB, 1.15 load
[runlim] sample:		89138.08 time, 83940.01 real, 2557 MB, 1.12 load
[runlim] sample:		89148.09 time, 83950.01 real, 2566 MB, 1.10 load
[runlim] sample:		89158.09 time, 83960.01 real, 2566 MB, 1.09 load
[runlim] sample:		89168.09 time, 83970.01 real, 2572 MB, 1.07 load
[runlim] sample:		89178.10 time, 83980.01 real, 2572 MB, 1.06 load
[runlim] sample:		89188.09 time, 83990.01 real, 2584 MB, 1.05 load
[runlim] sample:		89198.10 time, 84000.01 real, 2584 MB, 1.04 load
[runlim] sample:		89208.10 time, 84010.01 real, 2591 MB, 1.04 load
[runlim] sample:		89218.11 time, 84020.01 real, 2591 MB, 1.18 load
[runlim] sample:		89228.11 time, 84030.01 real, 2600 MB, 1.23 load
[runlim] sample:		89238.11 time, 84040.01 real, 2600 MB, 1.19 load
[runlim] sample:		89248.11 time, 84050.01 real, 2609 MB, 1.16 load
[runlim] sample:		89258.12 time, 84060.01 real, 2609 MB, 1.14 load
[runlim] sample:		89267.97 time, 84070.01 real, 2619 MB, 1.12 load
[runlim] sample:		89277.98 time, 84080.01 real, 2619 MB, 1.10 load
[runlim] sample:		89287.98 time, 84090.01 real, 2627 MB, 1.08 load
[runlim] sample:		89297.98 time, 84100.01 real, 2627 MB, 1.07 load
[runlim] sample:		89307.99 time, 84110.01 real, 2627 MB, 1.06 load
[runlim] sample:		89317.99 time, 84120.01 real, 2639 MB, 1.05 load
[runlim] sample:		89327.99 time, 84130.01 real, 2639 MB, 1.04 load
[runlim] sample:		89337.99 time, 84140.01 real, 2651 MB, 1.03 load
[runlim] sample:		89347.99 time, 84150.01 real, 2651 MB, 1.03 load
[runlim] sample:		89357.99 time, 84160.01 real, 2661 MB, 1.02 load
[runlim] sample:		89368.00 time, 84170.01 real, 2661 MB, 1.02 load
[runlim] sample:		89378.00 time, 84180.01 real, 2661 MB, 1.02 load
[runlim] sample:		89388.00 time, 84190.01 real, 2672 MB, 1.01 load
[runlim] sample:		89398.01 time, 84200.01 real, 2672 MB, 1.01 load
[runlim] sample:		89408.01 time, 84210.01 real, 2683 MB, 1.01 load
[runlim] sample:		89418.01 time, 84220.01 real, 2683 MB, 1.01 load
[runlim] sample:		89428.01 time, 84230.01 real, 2683 MB, 1.01 load
[runlim] sample:		89438.01 time, 84240.01 real, 2694 MB, 1.00 load
[runlim] sample:		89448.02 time, 84250.01 real, 2694 MB, 1.00 load
[runlim] sample:		89458.03 time, 84260.01 real, 2705 MB, 1.00 load
[runlim] sample:		89468.02 time, 84270.01 real, 2704 MB, 1.00 load
[runlim] sample:		89478.02 time, 84280.01 real, 2704 MB, 1.00 load
[runlim] sample:		89488.03 time, 84290.01 real, 2716 MB, 1.00 load
[runlim] sample:		89498.03 time, 84300.01 real, 2716 MB, 1.00 load
[runlim] sample:		89508.04 time, 84310.01 real, 2716 MB, 1.00 load
[runlim] sample:		89518.04 time, 84320.01 real, 2728 MB, 1.00 load
[runlim] sample:		89528.03 time, 84330.01 real, 2728 MB, 1.00 load

NN₁: mnist_relu_3_100_gemm.onnx
NN₂: mnist_relu_3_100_0.79_adam_1_stepsize.onnx
Prop: mnist_65_global_5.vnnlib
[runlim] sample:		89537.89 time, 84340.01 real, 2496 MB, 1.00 load
[runlim] sample:		89547.90 time, 84350.01 real, 2497 MB, 1.00 load
[runlim] sample:		89557.90 time, 84360.01 real, 2501 MB, 1.00 load
[runlim] sample:		89567.90 time, 84370.01 real, 2506 MB, 1.00 load
[runlim] sample:		89577.90 time, 84380.01 real, 2509 MB, 1.00 load
[runlim] sample:		89587.91 time, 84390.01 real, 2509 MB, 1.00 load
[runlim] sample:		89597.91 time, 84400.01 real, 2513 MB, 1.00 load
[runlim] sample:		89607.91 time, 84410.01 real, 2515 MB, 1.00 load
[runlim] sample:		89617.91 time, 84420.01 real, 2515 MB, 1.00 load
[runlim] sample:		89627.92 time, 84430.01 real, 2520 MB, 1.00 load
[runlim] sample:		89637.92 time, 84440.01 real, 2521 MB, 1.00 load
[runlim] sample:		89647.92 time, 84450.01 real, 2521 MB, 1.00 load
[runlim] sample:		89657.93 time, 84460.01 real, 2528 MB, 1.00 load
[runlim] sample:		89667.92 time, 84470.01 real, 2530 MB, 1.00 load
[runlim] sample:		89677.93 time, 84480.01 real, 2530 MB, 1.00 load
[runlim] sample:		89687.93 time, 84490.01 real, 2531 MB, 1.00 load
[runlim] sample:		89697.94 time, 84500.01 real, 2531 MB, 1.00 load
[runlim] sample:		89707.94 time, 84510.01 real, 2539 MB, 1.00 load
[runlim] sample:		89717.93 time, 84520.01 real, 2546 MB, 1.15 load
[runlim] sample:		89727.94 time, 84530.01 real, 2546 MB, 1.20 load
[runlim] sample:		89737.95 time, 84540.01 real, 2554 MB, 1.17 load
[runlim] sample:		89747.95 time, 84550.01 real, 2554 MB, 1.15 load
[runlim] sample:		89757.94 time, 84560.01 real, 2559 MB, 1.12 load
[runlim] sample:		89767.95 time, 84570.01 real, 2559 MB, 1.10 load
[runlim] sample:		89777.95 time, 84580.01 real, 2565 MB, 1.09 load
[runlim] sample:		89787.95 time, 84590.01 real, 2571 MB, 1.07 load
[runlim] sample:		89797.96 time, 84600.01 real, 2571 MB, 1.06 load
[runlim] sample:		89807.97 time, 84610.01 real, 2577 MB, 1.05 load
[runlim] sample:		89817.97 time, 84620.01 real, 2577 MB, 1.04 load
[runlim] sample:		89827.97 time, 84630.01 real, 2584 MB, 1.04 load
[runlim] sample:		89837.97 time, 84640.01 real, 2584 MB, 1.03 load
[runlim] sample:		89847.98 time, 84650.01 real, 2584 MB, 1.02 load
[runlim] sample:		89857.98 time, 84660.01 real, 2590 MB, 1.02 load
[runlim] sample:		89867.98 time, 84670.01 real, 2590 MB, 1.02 load
[runlim] sample:		89877.98 time, 84680.01 real, 2601 MB, 1.01 load
[runlim] sample:		89887.99 time, 84690.01 real, 2601 MB, 1.01 load
[runlim] sample:		89897.99 time, 84700.01 real, 2609 MB, 1.01 load
[runlim] sample:		89907.99 time, 84710.01 real, 2609 MB, 1.01 load
[runlim] sample:		89917.99 time, 84720.01 real, 2615 MB, 1.01 load
[runlim] sample:		89927.99 time, 84730.01 real, 2615 MB, 1.08 load
[runlim] sample:		89937.99 time, 84740.01 real, 2615 MB, 1.07 load
[runlim] sample:		89947.99 time, 84750.01 real, 2623 MB, 1.06 load
[runlim] sample:		89958.00 time, 84760.01 real, 2623 MB, 1.05 load
[runlim] sample:		89968.00 time, 84770.01 real, 2630 MB, 1.04 load
[runlim] sample:		89978.00 time, 84780.01 real, 2630 MB, 1.03 load
[runlim] sample:		89988.01 time, 84790.01 real, 2642 MB, 1.03 load
[runlim] sample:		89998.01 time, 84800.01 real, 2642 MB, 1.02 load
[runlim] sample:		90008.01 time, 84810.01 real, 2642 MB, 1.02 load
[runlim] sample:		90018.01 time, 84820.01 real, 2649 MB, 1.02 load
[runlim] sample:		90028.02 time, 84830.01 real, 2649 MB, 1.09 load
[runlim] sample:		90038.02 time, 84840.01 real, 2697 MB, 1.07 load
[runlim] sample:		90048.02 time, 84850.01 real, 2660 MB, 1.28 load
[runlim] sample:		90058.02 time, 84860.01 real, 2660 MB, 1.24 load
[runlim] sample:		90068.03 time, 84870.01 real, 2669 MB, 1.20 load
[runlim] sample:		90077.89 time, 84880.01 real, 2669 MB, 1.17 load
[runlim] sample:		90087.90 time, 84890.01 real, 2669 MB, 1.14 load
[runlim] sample:		90097.90 time, 84900.01 real, 2679 MB, 1.12 load
[runlim] sample:		90107.90 time, 84910.01 real, 2679 MB, 1.10 load
[runlim] sample:		90117.91 time, 84920.01 real, 2679 MB, 1.09 load
[runlim] sample:		90127.91 time, 84930.01 real, 2688 MB, 1.07 load

NN₁: mnist_relu_3_100_gemm.onnx
NN₂: mnist_relu_3_100_0.79_adam_1_stepsize.onnx
Prop: mnist_66_global_4.vnnlib
[runlim] sample:		90137.90 time, 84940.01 real, 2496 MB, 1.06 load
[runlim] sample:		90147.91 time, 84950.01 real, 2496 MB, 1.05 load
[runlim] sample:		90157.90 time, 84960.01 real, 2496 MB, 1.04 load
[runlim] sample:		90167.91 time, 84970.01 real, 2496 MB, 1.04 load
[runlim] sample:		90177.91 time, 84980.01 real, 2496 MB, 1.03 load
[runlim] sample:		90187.91 time, 84990.01 real, 2501 MB, 1.02 load
[runlim] sample:		90197.91 time, 85000.01 real, 2506 MB, 1.02 load
[runlim] sample:		90207.92 time, 85010.01 real, 2512 MB, 1.02 load
[runlim] sample:		90217.92 time, 85020.01 real, 2519 MB, 1.17 load
[runlim] sample:		90227.92 time, 85030.01 real, 2525 MB, 1.30 load
[runlim] sample:		90237.93 time, 85040.01 real, 2534 MB, 1.25 load
[runlim] sample:		90247.93 time, 85050.01 real, 2534 MB, 1.21 load
[runlim] sample:		90257.93 time, 85060.01 real, 2544 MB, 1.18 load
[runlim] sample:		90267.93 time, 85070.01 real, 2554 MB, 1.15 load
[runlim] sample:		90277.93 time, 85080.01 real, 2565 MB, 1.13 load
[runlim] sample:		90287.94 time, 85090.01 real, 2565 MB, 1.11 load
[runlim] sample:		90297.94 time, 85100.01 real, 2575 MB, 1.09 load
[runlim] sample:		90307.95 time, 85110.01 real, 2587 MB, 1.08 load
[runlim] sample:		90317.95 time, 85120.01 real, 2587 MB, 1.06 load
[runlim] sample:		90327.94 time, 85130.01 real, 2598 MB, 1.05 load
[runlim] sample:		90337.95 time, 85140.01 real, 2609 MB, 1.05 load
[runlim] sample:		90347.82 time, 85150.01 real, 2609 MB, 1.04 load
[runlim] sample:		90357.83 time, 85160.01 real, 2647 MB, 1.03 load
[runlim] sample:		90367.83 time, 85170.01 real, 2661 MB, 1.03 load
[runlim] sample:		90377.84 time, 85180.01 real, 2661 MB, 1.02 load
[runlim] sample:		90387.84 time, 85190.01 real, 2673 MB, 1.02 load
[runlim] sample:		90397.83 time, 85200.01 real, 2673 MB, 1.02 load
[runlim] sample:		90407.84 time, 85210.01 real, 2688 MB, 1.01 load
[runlim] sample:		90417.84 time, 85220.01 real, 2688 MB, 1.01 load
[runlim] sample:		90427.85 time, 85230.01 real, 2702 MB, 1.01 load
[runlim] sample:		90437.85 time, 85240.01 real, 2715 MB, 1.01 load
[runlim] sample:		90447.84 time, 85250.01 real, 2715 MB, 1.00 load
[runlim] sample:		90457.85 time, 85260.01 real, 2730 MB, 1.00 load
[runlim] sample:		90467.85 time, 85270.01 real, 2730 MB, 1.00 load
[runlim] sample:		90477.86 time, 85280.01 real, 2746 MB, 1.00 load
[runlim] sample:		90487.86 time, 85290.01 real, 2746 MB, 1.00 load
[runlim] sample:		90497.86 time, 85300.01 real, 2746 MB, 1.00 load
[runlim] sample:		90507.87 time, 85310.01 real, 2761 MB, 1.00 load
[runlim] sample:		90517.86 time, 85320.01 real, 2761 MB, 1.00 load
[runlim] sample:		90527.86 time, 85330.01 real, 2780 MB, 1.00 load
[runlim] sample:		90537.87 time, 85340.01 real, 2780 MB, 1.00 load
[runlim] sample:		90547.87 time, 85350.01 real, 2798 MB, 1.00 load
[runlim] sample:		90557.88 time, 85360.01 real, 2798 MB, 1.00 load
[runlim] sample:		90567.87 time, 85370.01 real, 2844 MB, 1.00 load
[runlim] sample:		90577.87 time, 85380.01 real, 2844 MB, 1.00 load
[runlim] sample:		90587.88 time, 85390.01 real, 2884 MB, 1.00 load
[runlim] sample:		90597.88 time, 85400.01 real, 2897 MB, 1.00 load
[runlim] sample:		90607.88 time, 85410.01 real, 2897 MB, 1.00 load
[runlim] sample:		90617.75 time, 85420.01 real, 2950 MB, 1.00 load
[runlim] sample:		90627.76 time, 85430.01 real, 2950 MB, 1.00 load
[runlim] sample:		90637.76 time, 85440.01 real, 3001 MB, 1.00 load
[runlim] sample:		90647.76 time, 85450.02 real, 3001 MB, 1.00 load
[runlim] sample:		90657.76 time, 85460.01 real, 3001 MB, 1.00 load
[runlim] sample:		90667.77 time, 85470.02 real, 3053 MB, 1.00 load
[runlim] sample:		90677.77 time, 85480.01 real, 3053 MB, 1.00 load
[runlim] sample:		90687.77 time, 85490.01 real, 3053 MB, 1.00 load
[runlim] sample:		90697.77 time, 85500.01 real, 3112 MB, 1.00 load
[runlim] sample:		90707.78 time, 85510.01 real, 3112 MB, 1.00 load
[runlim] sample:		90717.77 time, 85520.01 real, 3169 MB, 1.15 load
[runlim] sample:		90727.78 time, 85530.01 real, 3169 MB, 1.28 load

NN₁: mnist_relu_3_100_gemm.onnx
NN₂: mnist_relu_3_100_0.79_adam_1_stepsize.onnx
Prop: mnist_66_global_5.vnnlib
[runlim] sample:		90737.77 time, 85540.01 real, 2629 MB, 1.24 load
[runlim] sample:		90747.78 time, 85550.01 real, 2631 MB, 1.20 load
[runlim] sample:		90757.77 time, 85560.01 real, 2634 MB, 1.17 load
[runlim] sample:		90767.77 time, 85570.01 real, 2638 MB, 1.14 load
[runlim] sample:		90777.78 time, 85580.01 real, 2638 MB, 1.12 load
[runlim] sample:		90787.78 time, 85590.01 real, 2642 MB, 1.10 load
[runlim] sample:		90797.79 time, 85600.01 real, 2646 MB, 1.09 load
[runlim] sample:		90807.78 time, 85610.01 real, 2651 MB, 1.07 load
[runlim] sample:		90817.78 time, 85620.01 real, 2651 MB, 1.06 load
[runlim] sample:		90827.79 time, 85630.01 real, 2655 MB, 1.05 load
[runlim] sample:		90837.79 time, 85640.01 real, 2659 MB, 1.04 load
[runlim] sample:		90847.80 time, 85650.01 real, 2659 MB, 1.04 load
[runlim] sample:		90857.80 time, 85660.01 real, 2665 MB, 1.03 load
[runlim] sample:		90867.80 time, 85670.01 real, 2671 MB, 1.02 load
[runlim] sample:		90877.80 time, 85680.01 real, 2671 MB, 1.02 load
[runlim] sample:		90887.66 time, 85690.01 real, 2676 MB, 1.02 load
[runlim] sample:		90897.66 time, 85700.01 real, 2676 MB, 1.01 load
[runlim] sample:		90907.66 time, 85710.01 real, 2683 MB, 1.01 load
[runlim] sample:		90917.66 time, 85720.01 real, 2688 MB, 1.01 load
[runlim] sample:		90927.66 time, 85730.01 real, 2688 MB, 1.01 load
[runlim] sample:		90937.67 time, 85740.01 real, 2693 MB, 1.01 load
[runlim] sample:		90947.67 time, 85750.01 real, 2693 MB, 1.00 load
[runlim] sample:		90957.67 time, 85760.01 real, 2700 MB, 1.00 load
[runlim] sample:		90967.68 time, 85770.01 real, 2700 MB, 1.00 load
[runlim] sample:		90977.67 time, 85780.01 real, 2707 MB, 1.00 load
[runlim] sample:		90987.68 time, 85790.01 real, 2707 MB, 1.00 load
[runlim] sample:		90997.68 time, 85800.01 real, 2714 MB, 1.00 load
[runlim] sample:		91007.68 time, 85810.01 real, 2714 MB, 1.00 load
[runlim] sample:		91017.68 time, 85820.01 real, 2722 MB, 1.00 load
[runlim] sample:		91027.68 time, 85830.01 real, 2722 MB, 1.00 load
[runlim] sample:		91037.69 time, 85840.01 real, 2730 MB, 1.00 load
[runlim] sample:		91047.69 time, 85850.01 real, 2730 MB, 1.00 load
[runlim] sample:		91057.70 time, 85860.01 real, 2738 MB, 1.00 load
[runlim] sample:		91067.69 time, 85870.01 real, 2738 MB, 1.00 load
[runlim] sample:		91077.70 time, 85880.01 real, 2745 MB, 1.00 load
[runlim] sample:		91087.71 time, 85890.01 real, 2745 MB, 1.00 load
[runlim] sample:		91097.71 time, 85900.02 real, 2745 MB, 1.00 load
[runlim] sample:		91107.71 time, 85910.01 real, 2753 MB, 1.00 load
[runlim] sample:		91117.71 time, 85920.01 real, 2753 MB, 1.00 load
[runlim] sample:		91127.72 time, 85930.01 real, 2762 MB, 1.00 load
[runlim] sample:		91137.72 time, 85940.01 real, 2762 MB, 1.00 load
[runlim] sample:		91147.72 time, 85950.01 real, 2771 MB, 1.00 load
[runlim] sample:		91157.59 time, 85960.01 real, 2771 MB, 1.00 load
[runlim] sample:		91167.59 time, 85970.01 real, 2771 MB, 1.00 load
[runlim] sample:		91177.60 time, 85980.01 real, 2781 MB, 1.00 load
[runlim] sample:		91187.60 time, 85990.01 real, 2781 MB, 1.00 load
[runlim] sample:		91197.60 time, 86000.01 real, 2781 MB, 1.00 load
[runlim] sample:		91207.61 time, 86010.01 real, 2791 MB, 1.00 load
[runlim] sample:		91217.61 time, 86020.01 real, 2791 MB, 1.15 load
[runlim] sample:		91227.61 time, 86030.01 real, 2791 MB, 1.28 load
[runlim] sample:		91237.61 time, 86040.01 real, 2801 MB, 1.24 load
[runlim] sample:		91247.61 time, 86050.01 real, 2801 MB, 1.20 load
[runlim] sample:		91257.61 time, 86060.01 real, 2811 MB, 1.17 load
[runlim] sample:		91267.61 time, 86070.01 real, 2811 MB, 1.14 load
[runlim] sample:		91277.61 time, 86080.01 real, 2811 MB, 1.12 load
[runlim] sample:		91287.62 time, 86090.01 real, 2822 MB, 1.10 load
[runlim] sample:		91297.61 time, 86100.01 real, 2822 MB, 1.09 load
[runlim] sample:		91307.63 time, 86110.01 real, 2822 MB, 1.07 load
[runlim] sample:		91317.62 time, 86120.01 real, 2833 MB, 1.06 load
[runlim] sample:		91327.62 time, 86130.01 real, 2833 MB, 1.05 load

NN₁: mnist_relu_3_100_gemm.onnx
NN₂: mnist_relu_3_100_0.79_adam_1_stepsize.onnx
Prop: mnist_67_global_4.vnnlib

NN₁: mnist_relu_3_100_gemm.onnx
NN₂: mnist_relu_3_100_0.79_adam_1_stepsize.onnx
Prop: mnist_67_global_5.vnnlib
[runlim] sample:		91337.62 time, 86140.01 real, 2631 MB, 1.04 load
[runlim] sample:		91347.62 time, 86150.01 real, 2631 MB, 1.04 load
[runlim] sample:		91357.62 time, 86160.01 real, 2631 MB, 1.03 load
[runlim] sample:		91367.62 time, 86170.01 real, 2631 MB, 1.02 load
[runlim] sample:		91377.63 time, 86180.01 real, 2631 MB, 1.02 load
[runlim] sample:		91387.62 time, 86190.01 real, 2631 MB, 1.02 load
[runlim] sample:		91397.63 time, 86200.01 real, 2631 MB, 1.01 load
[runlim] sample:		91407.61 time, 86210.01 real, 2631 MB, 1.01 load
[runlim] sample:		91417.61 time, 86220.01 real, 2631 MB, 1.01 load
[runlim] sample:		91427.48 time, 86230.01 real, 2631 MB, 1.01 load
[runlim] sample:		91437.48 time, 86240.01 real, 2631 MB, 1.01 load
[runlim] sample:		91447.48 time, 86250.01 real, 2631 MB, 1.00 load
[runlim] sample:		91457.49 time, 86260.01 real, 2631 MB, 1.00 load
[runlim] sample:		91467.48 time, 86270.01 real, 2631 MB, 1.00 load
[runlim] sample:		91477.49 time, 86280.01 real, 2631 MB, 1.00 load
[runlim] sample:		91487.49 time, 86290.01 real, 2631 MB, 1.00 load
[runlim] sample:		91497.50 time, 86300.01 real, 2631 MB, 1.00 load
[runlim] sample:		91507.50 time, 86310.01 real, 2631 MB, 1.00 load
[runlim] sample:		91517.50 time, 86320.01 real, 2631 MB, 1.00 load
[runlim] sample:		91527.50 time, 86330.01 real, 2631 MB, 1.00 load
[runlim] sample:		91537.50 time, 86340.01 real, 2631 MB, 1.00 load
[runlim] sample:		91547.51 time, 86350.01 real, 2631 MB, 1.00 load
[runlim] sample:		91557.50 time, 86360.01 real, 2631 MB, 1.00 load
[runlim] sample:		91567.51 time, 86370.01 real, 2631 MB, 1.00 load
[runlim] sample:		91577.51 time, 86380.01 real, 2631 MB, 1.00 load
[runlim] sample:		91587.52 time, 86390.01 real, 2631 MB, 1.00 load
[runlim] sample:		91597.51 time, 86400.01 real, 2631 MB, 1.00 load
[runlim] sample:		91607.52 time, 86410.01 real, 2631 MB, 1.00 load
[runlim] sample:		91617.52 time, 86420.01 real, 2633 MB, 1.00 load
[runlim] sample:		91627.52 time, 86430.01 real, 2634 MB, 1.00 load
[runlim] sample:		91637.53 time, 86440.01 real, 2635 MB, 1.00 load
[runlim] sample:		91647.53 time, 86450.01 real, 2637 MB, 1.00 load
[runlim] sample:		91657.53 time, 86460.01 real, 2638 MB, 1.00 load
[runlim] sample:		91667.54 time, 86470.01 real, 2640 MB, 1.00 load
[runlim] sample:		91677.53 time, 86480.01 real, 2641 MB, 1.00 load
[runlim] sample:		91687.54 time, 86490.01 real, 2642 MB, 1.00 load
[runlim] sample:		91697.41 time, 86500.01 real, 2643 MB, 1.00 load
[runlim] sample:		91707.41 time, 86510.01 real, 2645 MB, 1.00 load
[runlim] sample:		91717.41 time, 86520.01 real, 2646 MB, 1.15 load
[runlim] sample:		91727.41 time, 86530.02 real, 2648 MB, 1.28 load
[runlim] sample:		91737.42 time, 86540.01 real, 2649 MB, 1.24 load
[runlim] sample:		91747.42 time, 86550.02 real, 2649 MB, 1.20 load
[runlim] sample:		91757.43 time, 86560.01 real, 2652 MB, 1.17 load
[runlim] sample:		91767.43 time, 86570.01 real, 2652 MB, 1.14 load
[runlim] sample:		91777.42 time, 86580.01 real, 2655 MB, 1.12 load
[runlim] sample:		91787.43 time, 86590.01 real, 2658 MB, 1.10 load
[runlim] sample:		91797.43 time, 86600.01 real, 2662 MB, 1.09 load
[runlim] sample:		91807.43 time, 86610.01 real, 2666 MB, 1.07 load
[runlim] sample:		91817.44 time, 86620.01 real, 2668 MB, 1.06 load
[runlim] sample:		91827.44 time, 86630.01 real, 2671 MB, 1.05 load
[runlim] sample:		91837.44 time, 86640.01 real, 2673 MB, 1.04 load
[runlim] sample:		91847.44 time, 86650.01 real, 2673 MB, 1.04 load
[runlim] sample:		91857.44 time, 86660.01 real, 2675 MB, 1.03 load
[runlim] sample:		91867.45 time, 86670.01 real, 2678 MB, 1.02 load
[runlim] sample:		91877.45 time, 86680.01 real, 2681 MB, 1.02 load
[runlim] sample:		91887.45 time, 86690.01 real, 2684 MB, 1.02 load
[runlim] sample:		91897.46 time, 86700.01 real, 2687 MB, 1.01 load
[runlim] sample:		91907.45 time, 86710.01 real, 2687 MB, 1.01 load
[runlim] sample:		91917.46 time, 86720.01 real, 2690 MB, 1.01 load
[runlim] sample:		91927.46 time, 86730.01 real, 2693 MB, 1.01 load

NN₁: mnist_relu_3_100_gemm.onnx
NN₂: mnist_relu_3_100_0.79_adam_1_stepsize.onnx
Prop: mnist_68_global_4.vnnlib

NN₁: mnist_relu_3_100_gemm.onnx
NN₂: mnist_relu_3_100_0.79_adam_1_stepsize.onnx
Prop: mnist_68_global_5.vnnlib

NN₁: mnist_relu_3_100_gemm.onnx
NN₂: mnist_relu_3_100_0.79_adam_1_stepsize.onnx
Prop: mnist_69_global_4.vnnlib

NN₁: mnist_relu_3_100_gemm.onnx
NN₂: mnist_relu_3_100_0.79_adam_1_stepsize.onnx
Prop: mnist_69_global_5.vnnlib
[runlim] sample:		91937.45 time, 86740.01 real, 2630 MB, 1.01 load
[runlim] sample:		91947.45 time, 86750.01 real, 2630 MB, 1.00 load
[runlim] sample:		91957.45 time, 86760.01 real, 2630 MB, 1.08 load

NN₁: mnist_relu_3_100_gemm.onnx
NN₂: mnist_relu_3_100_0.79_adam_1_stepsize.onnx
Prop: mnist_70_global_4.vnnlib

NN₁: mnist_relu_3_100_gemm.onnx
NN₂: mnist_relu_3_100_0.79_adam_1_stepsize.onnx
Prop: mnist_70_global_5.vnnlib

NN₁: mnist_relu_3_100_gemm.onnx
NN₂: mnist_relu_3_100_0.79_adam_1_stepsize.onnx
Prop: mnist_71_global_4.vnnlib

NN₁: mnist_relu_3_100_gemm.onnx
NN₂: mnist_relu_3_100_0.79_adam_1_stepsize.onnx
Prop: mnist_71_global_5.vnnlib

NN₁: mnist_relu_3_100_gemm.onnx
NN₂: mnist_relu_3_100_0.79_adam_1_stepsize.onnx
Prop: mnist_72_global_4.vnnlib

NN₁: mnist_relu_3_100_gemm.onnx
NN₂: mnist_relu_3_100_0.79_adam_1_stepsize.onnx
Prop: mnist_72_global_5.vnnlib

NN₁: mnist_relu_3_100_gemm.onnx
NN₂: mnist_relu_3_100_0.79_adam_1_stepsize.onnx
Prop: mnist_73_global_4.vnnlib

NN₁: mnist_relu_3_100_gemm.onnx
NN₂: mnist_relu_3_100_0.79_adam_1_stepsize.onnx
Prop: mnist_73_global_5.vnnlib
[runlim] sample:		91967.31 time, 86770.01 real, 2630 MB, 1.07 load
[runlim] sample:		91977.31 time, 86780.01 real, 2630 MB, 1.06 load
[runlim] sample:		91987.31 time, 86790.01 real, 2630 MB, 1.05 load
[runlim] sample:		91997.32 time, 86800.01 real, 2630 MB, 1.04 load
[runlim] sample:		92007.32 time, 86810.01 real, 2630 MB, 1.04 load
[runlim] sample:		92017.33 time, 86820.01 real, 2630 MB, 1.03 load
[runlim] sample:		92027.32 time, 86830.01 real, 2630 MB, 1.10 load
[runlim] sample:		92037.33 time, 86840.01 real, 2630 MB, 1.08 load
[runlim] sample:		92047.33 time, 86850.01 real, 2635 MB, 1.07 load
[runlim] sample:		92057.33 time, 86860.01 real, 2638 MB, 1.06 load
[runlim] sample:		92067.34 time, 86870.01 real, 2641 MB, 1.05 load
[runlim] sample:		92077.33 time, 86880.01 real, 2645 MB, 1.04 load
[runlim] sample:		92087.34 time, 86890.01 real, 2649 MB, 1.03 load
[runlim] sample:		92097.34 time, 86900.01 real, 2655 MB, 1.03 load
[runlim] sample:		92107.34 time, 86910.01 real, 2656 MB, 1.02 load
[runlim] sample:		92117.34 time, 86920.01 real, 2659 MB, 1.02 load
[runlim] sample:		92127.35 time, 86930.01 real, 2661 MB, 1.02 load
[runlim] sample:		92137.35 time, 86940.01 real, 2661 MB, 1.01 load
[runlim] sample:		92147.35 time, 86950.02 real, 2661 MB, 1.01 load
[runlim] sample:		92157.36 time, 86960.01 real, 2661 MB, 1.01 load
[runlim] sample:		92167.36 time, 86970.01 real, 2661 MB, 1.01 load
[runlim] sample:		92177.36 time, 86980.02 real, 2661 MB, 1.01 load
[runlim] sample:		92187.36 time, 86990.01 real, 2661 MB, 1.00 load
[runlim] sample:		92197.37 time, 87000.01 real, 2661 MB, 1.00 load
[runlim] sample:		92207.36 time, 87010.01 real, 2661 MB, 1.00 load
[runlim] sample:		92217.37 time, 87020.01 real, 2661 MB, 1.16 load
[runlim] sample:		92227.37 time, 87030.01 real, 2661 MB, 1.29 load
[runlim] sample:		92237.23 time, 87040.01 real, 2661 MB, 1.32 load
[runlim] sample:		92247.23 time, 87050.01 real, 2661 MB, 1.27 load
[runlim] sample:		92257.23 time, 87060.01 real, 2661 MB, 1.23 load
[runlim] sample:		92267.23 time, 87070.01 real, 2661 MB, 1.19 load
[runlim] sample:		92277.24 time, 87080.01 real, 2661 MB, 1.16 load
[runlim] sample:		92287.24 time, 87090.01 real, 2661 MB, 1.14 load
[runlim] sample:		92297.25 time, 87100.01 real, 2661 MB, 1.11 load
[runlim] sample:		92307.24 time, 87110.01 real, 2661 MB, 1.10 load
[runlim] sample:		92317.24 time, 87120.01 real, 2645 MB, 1.08 load

NN₁: mnist_relu_3_100_gemm.onnx
NN₂: mnist_relu_3_100_0.79_adam_1_stepsize.onnx
Prop: mnist_74_global_4.vnnlib

NN₁: mnist_relu_3_100_gemm.onnx
NN₂: mnist_relu_3_100_0.79_adam_1_stepsize.onnx
Prop: mnist_74_global_5.vnnlib
[runlim] sample:		92327.22 time, 87130.01 real, 2630 MB, 1.07 load
[runlim] sample:		92337.22 time, 87140.01 real, 2630 MB, 1.06 load
[runlim] sample:		92347.22 time, 87150.01 real, 2630 MB, 1.05 load
[runlim] sample:		92357.23 time, 87160.01 real, 2630 MB, 1.04 load
[runlim] sample:		92367.23 time, 87170.01 real, 2630 MB, 1.03 load
[runlim] sample:		92377.23 time, 87180.01 real, 2632 MB, 1.03 load
[runlim] sample:		92387.24 time, 87190.01 real, 2632 MB, 1.02 load
[runlim] sample:		92397.24 time, 87200.01 real, 2642 MB, 1.02 load
[runlim] sample:		92407.24 time, 87210.01 real, 2646 MB, 1.02 load
[runlim] sample:		92417.24 time, 87220.01 real, 2651 MB, 1.01 load
[runlim] sample:		92427.24 time, 87230.01 real, 2659 MB, 1.01 load
[runlim] sample:		92437.25 time, 87240.01 real, 2663 MB, 1.01 load
[runlim] sample:		92447.25 time, 87250.01 real, 2663 MB, 1.01 load
[runlim] sample:		92457.25 time, 87260.01 real, 2673 MB, 1.00 load
[runlim] sample:		92467.25 time, 87270.01 real, 2677 MB, 1.00 load
[runlim] sample:		92477.26 time, 87280.01 real, 2686 MB, 1.00 load
[runlim] sample:		92487.26 time, 87290.01 real, 2686 MB, 1.00 load
[runlim] sample:		92497.26 time, 87300.01 real, 2693 MB, 1.00 load
[runlim] sample:		92507.27 time, 87310.01 real, 2703 MB, 1.00 load
[runlim] sample:		92517.13 time, 87320.01 real, 2710 MB, 1.00 load
[runlim] sample:		92527.14 time, 87330.01 real, 2710 MB, 1.00 load
[runlim] sample:		92537.14 time, 87340.01 real, 2719 MB, 1.00 load
[runlim] sample:		92547.14 time, 87350.01 real, 2724 MB, 1.00 load
[runlim] sample:		92557.14 time, 87360.01 real, 2724 MB, 1.00 load
[runlim] sample:		92567.15 time, 87370.01 real, 2734 MB, 1.00 load
[runlim] sample:		92577.15 time, 87380.01 real, 2769 MB, 1.00 load
[runlim] sample:		92587.15 time, 87390.01 real, 2769 MB, 1.00 load
[runlim] sample:		92597.15 time, 87400.01 real, 2777 MB, 1.00 load
[runlim] sample:		92607.15 time, 87410.01 real, 2777 MB, 1.00 load
[runlim] sample:		92617.16 time, 87420.01 real, 2785 MB, 1.00 load
[runlim] sample:		92627.17 time, 87430.01 real, 2796 MB, 1.00 load
[runlim] sample:		92637.16 time, 87440.01 real, 2796 MB, 1.00 load
[runlim] sample:		92647.17 time, 87450.01 real, 2804 MB, 1.00 load
[runlim] sample:		92657.17 time, 87460.01 real, 2804 MB, 1.00 load
[runlim] sample:		92667.17 time, 87470.01 real, 2816 MB, 1.00 load
[runlim] sample:		92677.17 time, 87480.01 real, 2827 MB, 1.00 load
[runlim] sample:		92687.17 time, 87490.01 real, 2827 MB, 1.00 load
[runlim] sample:		92697.18 time, 87500.01 real, 2833 MB, 1.00 load
[runlim] sample:		92707.18 time, 87510.01 real, 2833 MB, 1.00 load
[runlim] sample:		92717.19 time, 87520.01 real, 2845 MB, 1.15 load
[runlim] sample:		92727.18 time, 87530.01 real, 2845 MB, 1.20 load
[runlim] sample:		92737.19 time, 87540.01 real, 2853 MB, 1.17 load
[runlim] sample:		92747.19 time, 87550.01 real, 2853 MB, 1.15 load
[runlim] sample:		92757.19 time, 87560.01 real, 2864 MB, 1.12 load
[runlim] sample:		92767.20 time, 87570.01 real, 2864 MB, 1.10 load
[runlim] sample:		92777.05 time, 87580.01 real, 2876 MB, 1.09 load
[runlim] sample:		92787.05 time, 87590.01 real, 2876 MB, 1.07 load
[runlim] sample:		92797.05 time, 87600.01 real, 2884 MB, 1.06 load
[runlim] sample:		92807.05 time, 87610.01 real, 2884 MB, 1.05 load
[runlim] sample:		92817.05 time, 87620.01 real, 2898 MB, 1.04 load
[runlim] sample:		92827.06 time, 87630.01 real, 2898 MB, 1.04 load
[runlim] sample:		92837.06 time, 87640.01 real, 2907 MB, 1.03 load
[runlim] sample:		92847.07 time, 87650.01 real, 2907 MB, 1.02 load
[runlim] sample:		92857.06 time, 87660.01 real, 2915 MB, 1.02 load
[runlim] sample:		92867.07 time, 87670.01 real, 2915 MB, 1.02 load
[runlim] sample:		92877.07 time, 87680.01 real, 2927 MB, 1.01 load
[runlim] sample:		92887.08 time, 87690.01 real, 2927 MB, 1.01 load
[runlim] sample:		92897.07 time, 87700.01 real, 2927 MB, 1.01 load
[runlim] sample:		92907.08 time, 87710.01 real, 2936 MB, 1.01 load
[runlim] sample:		92917.08 time, 87720.01 real, 2936 MB, 1.01 load

NN₁: mnist_relu_3_100_gemm.onnx
NN₂: mnist_relu_3_100_0.79_adam_1_stepsize.onnx
Prop: mnist_75_global_4.vnnlib

NN₁: mnist_relu_3_100_gemm.onnx
NN₂: mnist_relu_3_100_0.79_adam_1_stepsize.onnx
Prop: mnist_75_global_5.vnnlib
[runlim] sample:		92927.08 time, 87730.01 real, 2629 MB, 1.00 load
[runlim] sample:		92937.07 time, 87740.01 real, 2629 MB, 1.00 load
[runlim] sample:		92947.08 time, 87750.01 real, 2629 MB, 1.00 load
[runlim] sample:		92957.08 time, 87760.01 real, 2629 MB, 1.00 load
[runlim] sample:		92967.09 time, 87770.01 real, 2629 MB, 1.00 load
[runlim] sample:		92977.09 time, 87780.01 real, 2629 MB, 1.00 load
[runlim] sample:		92987.09 time, 87790.01 real, 2629 MB, 1.00 load
[runlim] sample:		92997.10 time, 87800.01 real, 2629 MB, 1.00 load
[runlim] sample:		93007.10 time, 87810.01 real, 2629 MB, 1.00 load
[runlim] sample:		93017.09 time, 87820.01 real, 2629 MB, 1.00 load
[runlim] sample:		93027.10 time, 87830.01 real, 2629 MB, 1.00 load
[runlim] sample:		93037.10 time, 87840.01 real, 2629 MB, 1.00 load
[runlim] sample:		93046.96 time, 87850.01 real, 2629 MB, 1.00 load
[runlim] sample:		93056.96 time, 87860.01 real, 2629 MB, 1.00 load
[runlim] sample:		93066.96 time, 87870.01 real, 2629 MB, 1.00 load
[runlim] sample:		93076.96 time, 87880.01 real, 2629 MB, 1.00 load
[runlim] sample:		93086.96 time, 87890.01 real, 2629 MB, 1.00 load
[runlim] sample:		93096.96 time, 87900.01 real, 2629 MB, 1.00 load
[runlim] sample:		93106.97 time, 87910.01 real, 2629 MB, 1.00 load
[runlim] sample:		93116.98 time, 87920.01 real, 2629 MB, 1.00 load
[runlim] sample:		93126.97 time, 87930.01 real, 2629 MB, 1.00 load
[runlim] sample:		93136.98 time, 87940.01 real, 2629 MB, 1.08 load
[runlim] sample:		93146.98 time, 87950.01 real, 2629 MB, 1.07 load
[runlim] sample:		93156.99 time, 87960.01 real, 2629 MB, 1.06 load
[runlim] sample:		93166.98 time, 87970.01 real, 2629 MB, 1.05 load
[runlim] sample:		93176.99 time, 87980.01 real, 2629 MB, 1.04 load
[runlim] sample:		93186.99 time, 87990.01 real, 2629 MB, 1.03 load
[runlim] sample:		93197.00 time, 88000.01 real, 2629 MB, 1.03 load
[runlim] sample:		93206.99 time, 88010.01 real, 2629 MB, 1.02 load
[runlim] sample:		93217.00 time, 88020.01 real, 2629 MB, 1.17 load
[runlim] sample:		93227.00 time, 88030.02 real, 2629 MB, 1.30 load
[runlim] sample:		93237.00 time, 88040.01 real, 2629 MB, 1.25 load
[runlim] sample:		93247.01 time, 88050.01 real, 2629 MB, 1.21 load
[runlim] sample:		93257.01 time, 88060.02 real, 2629 MB, 1.18 load
[runlim] sample:		93267.01 time, 88070.01 real, 2629 MB, 1.15 load
[runlim] sample:		93277.02 time, 88080.01 real, 2629 MB, 1.13 load
[runlim] sample:		93287.02 time, 88090.01 real, 2629 MB, 1.11 load
[runlim] sample:		93297.01 time, 88100.01 real, 2629 MB, 1.09 load
[runlim] sample:		93307.02 time, 88110.01 real, 2629 MB, 1.08 load
[runlim] sample:		93316.89 time, 88120.01 real, 2629 MB, 1.06 load
[runlim] sample:		93326.89 time, 88130.01 real, 2629 MB, 1.05 load
[runlim] sample:		93336.90 time, 88140.01 real, 2629 MB, 1.05 load
[runlim] sample:		93346.89 time, 88150.01 real, 2629 MB, 1.04 load
[runlim] sample:		93356.90 time, 88160.01 real, 2629 MB, 1.03 load
[runlim] sample:		93366.90 time, 88170.01 real, 2629 MB, 1.03 load
[runlim] sample:		93376.90 time, 88180.01 real, 2629 MB, 1.02 load
[runlim] sample:		93386.90 time, 88190.01 real, 2629 MB, 1.02 load
[runlim] sample:		93396.91 time, 88200.01 real, 2629 MB, 1.02 load
[runlim] sample:		93406.91 time, 88210.01 real, 2629 MB, 1.01 load
[runlim] sample:		93416.91 time, 88220.01 real, 2629 MB, 1.01 load
[runlim] sample:		93426.92 time, 88230.01 real, 2629 MB, 1.01 load
[runlim] sample:		93436.92 time, 88240.01 real, 2629 MB, 1.01 load
[runlim] sample:		93446.92 time, 88250.01 real, 2629 MB, 1.00 load
[runlim] sample:		93456.92 time, 88260.01 real, 2634 MB, 1.08 load
[runlim] sample:		93466.92 time, 88270.01 real, 2642 MB, 1.07 load
[runlim] sample:		93476.93 time, 88280.01 real, 2642 MB, 1.06 load
[runlim] sample:		93486.93 time, 88290.01 real, 2642 MB, 1.05 load
[runlim] sample:		93496.93 time, 88300.01 real, 2643 MB, 1.04 load
[runlim] sample:		93506.94 time, 88310.01 real, 2643 MB, 1.04 load
[runlim] sample:		93516.93 time, 88320.01 real, 2643 MB, 1.03 load

NN₁: mnist_relu_3_100_gemm.onnx
NN₂: mnist_relu_3_100_0.79_adam_1_stepsize.onnx
Prop: mnist_76_global_4.vnnlib

NN₁: mnist_relu_3_100_gemm.onnx
NN₂: mnist_relu_3_100_0.79_adam_1_stepsize.onnx
Prop: mnist_76_global_5.vnnlib
[runlim] sample:		93526.93 time, 88330.01 real, 2630 MB, 1.02 load
[runlim] sample:		93536.93 time, 88340.01 real, 2630 MB, 1.02 load
[runlim] sample:		93546.93 time, 88350.01 real, 2630 MB, 1.02 load
[runlim] sample:		93556.93 time, 88360.01 real, 2630 MB, 1.01 load
[runlim] sample:		93566.94 time, 88370.01 real, 2630 MB, 1.01 load
[runlim] sample:		93576.94 time, 88380.01 real, 2633 MB, 1.01 load
[runlim] sample:		93586.80 time, 88390.01 real, 2638 MB, 1.01 load
[runlim] sample:		93596.80 time, 88400.01 real, 2638 MB, 1.01 load
[runlim] sample:		93606.81 time, 88410.01 real, 2646 MB, 1.00 load
[runlim] sample:		93616.81 time, 88420.01 real, 2647 MB, 1.00 load
[runlim] sample:		93626.81 time, 88430.01 real, 2655 MB, 1.00 load
[runlim] sample:		93636.81 time, 88440.01 real, 2657 MB, 1.00 load
[runlim] sample:		93646.82 time, 88450.01 real, 2663 MB, 1.00 load
[runlim] sample:		93656.81 time, 88460.01 real, 2663 MB, 1.00 load
[runlim] sample:		93667.57 time, 88470.01 real, 2667 MB, 1.00 load
[runlim] sample:		93677.81 time, 88480.01 real, 2667 MB, 1.00 load
[runlim] sample:		93688.47 time, 88490.01 real, 2667 MB, 1.00 load
[runlim] sample:		93699.47 time, 88500.01 real, 2683 MB, 1.00 load
[runlim] sample:		93709.85 time, 88510.01 real, 2684 MB, 1.00 load
[runlim] sample:		93720.33 time, 88520.01 real, 2680 MB, 1.15 load
[runlim] sample:		93730.92 time, 88530.01 real, 2682 MB, 1.20 load
[runlim] sample:		93741.91 time, 88540.01 real, 2680 MB, 1.25 load
[runlim] sample:		93752.53 time, 88550.01 real, 2680 MB, 1.21 load
[runlim] sample:		93763.06 time, 88560.01 real, 2685 MB, 1.18 load
[runlim] sample:		93773.44 time, 88570.01 real, 2694 MB, 1.15 load
[runlim] sample:		93784.27 time, 88580.01 real, 2695 MB, 1.13 load
[runlim] sample:		93794.49 time, 88590.01 real, 2709 MB, 1.11 load
[runlim] sample:		93804.78 time, 88600.01 real, 2711 MB, 1.09 load
[runlim] sample:		93815.03 time, 88610.01 real, 2711 MB, 1.08 load
[runlim] sample:		93825.58 time, 88620.01 real, 2707 MB, 1.06 load
[runlim] sample:		93835.94 time, 88630.01 real, 2720 MB, 1.05 load
[runlim] sample:		93846.26 time, 88640.01 real, 2718 MB, 1.05 load
[runlim] sample:		93856.86 time, 88650.01 real, 2718 MB, 1.04 load
[runlim] sample:		93867.52 time, 88660.01 real, 2719 MB, 1.03 load
[runlim] sample:		93877.69 time, 88670.01 real, 2717 MB, 1.03 load
[runlim] sample:		93888.18 time, 88680.01 real, 2726 MB, 1.02 load
[runlim] sample:		93898.68 time, 88690.01 real, 2724 MB, 1.02 load
[runlim] sample:		93909.19 time, 88700.01 real, 2728 MB, 1.02 load
[runlim] sample:		93920.48 time, 88710.01 real, 2727 MB, 1.01 load
[runlim] sample:		93930.66 time, 88720.01 real, 2727 MB, 1.01 load
[runlim] sample:		93941.43 time, 88730.01 real, 2734 MB, 1.01 load
[runlim] sample:		93951.97 time, 88740.01 real, 2736 MB, 1.01 load
[runlim] sample:		93962.86 time, 88750.01 real, 2736 MB, 1.67 load
[runlim] sample:		93973.66 time, 88760.01 real, 2741 MB, 1.56 load
[runlim] sample:		93984.00 time, 88770.01 real, 2742 MB, 1.48 load
[runlim] sample:		93994.23 time, 88780.01 real, 2744 MB, 1.40 load
[runlim] sample:		94004.42 time, 88790.01 real, 2746 MB, 1.34 load
[runlim] sample:		94015.03 time, 88800.01 real, 2759 MB, 1.29 load
[runlim] sample:		94025.88 time, 88810.01 real, 2762 MB, 1.24 load
[runlim] sample:		94036.57 time, 88820.01 real, 2761 MB, 1.29 load
[runlim] sample:		94046.67 time, 88830.01 real, 2763 MB, 1.24 load
[runlim] sample:		94057.09 time, 88840.01 real, 2768 MB, 1.20 load
[runlim] sample:		94067.65 time, 88850.01 real, 2767 MB, 1.17 load
[runlim] sample:		94078.00 time, 88860.01 real, 2774 MB, 1.15 load
[runlim] sample:		94088.38 time, 88870.01 real, 2771 MB, 1.12 load
[runlim] sample:		94098.77 time, 88880.01 real, 2776 MB, 1.10 load
[runlim] sample:		94109.27 time, 88890.01 real, 2777 MB, 1.09 load
[runlim] sample:		94119.83 time, 88900.01 real, 2779 MB, 1.07 load
[runlim] sample:		94130.85 time, 88910.01 real, 2804 MB, 1.06 load
[runlim] sample:		94141.06 time, 88920.01 real, 2806 MB, 1.05 load

NN₁: mnist_relu_3_100_gemm.onnx
NN₂: mnist_relu_3_100_0.79_adam_1_stepsize.onnx
Prop: mnist_77_global_4.vnnlib

NN₁: mnist_relu_3_100_gemm.onnx
NN₂: mnist_relu_3_100_0.79_adam_1_stepsize.onnx
Prop: mnist_77_global_5.vnnlib
[runlim] sample:		94151.66 time, 88930.01 real, 2626 MB, 1.04 load
[runlim] sample:		94161.53 time, 88940.01 real, 2629 MB, 1.04 load
[runlim] sample:		94171.53 time, 88950.01 real, 2629 MB, 1.03 load
[runlim] sample:		94181.54 time, 88960.01 real, 2633 MB, 1.02 load
[runlim] sample:		94191.54 time, 88970.01 real, 2637 MB, 1.02 load
[runlim] sample:		94201.55 time, 88980.01 real, 2641 MB, 1.02 load
[runlim] sample:		94211.55 time, 88990.01 real, 2641 MB, 1.01 load
[runlim] sample:		94221.54 time, 89000.01 real, 2646 MB, 1.01 load
[runlim] sample:		94231.55 time, 89010.01 real, 2649 MB, 1.01 load
[runlim] sample:		94241.55 time, 89020.01 real, 2654 MB, 1.16 load
[runlim] sample:		94251.56 time, 89030.01 real, 2654 MB, 1.29 load
[runlim] sample:		94261.56 time, 89040.01 real, 2659 MB, 1.25 load
[runlim] sample:		94271.56 time, 89050.02 real, 2659 MB, 1.21 load
[runlim] sample:		94281.56 time, 89060.01 real, 2664 MB, 1.17 load
[runlim] sample:		94291.56 time, 89070.02 real, 2667 MB, 1.15 load
[runlim] sample:		94301.57 time, 89080.01 real, 2667 MB, 1.12 load
[runlim] sample:		94311.57 time, 89090.01 real, 2675 MB, 1.10 load
[runlim] sample:		94321.57 time, 89100.01 real, 2678 MB, 1.09 load
[runlim] sample:		94331.57 time, 89110.01 real, 2678 MB, 1.07 load
[runlim] sample:		94341.58 time, 89120.01 real, 2690 MB, 1.06 load
[runlim] sample:		94351.58 time, 89130.01 real, 2690 MB, 1.05 load
[runlim] sample:		94361.58 time, 89140.01 real, 2697 MB, 1.04 load
[runlim] sample:		94371.58 time, 89150.01 real, 2697 MB, 1.04 load
[runlim] sample:		94381.59 time, 89160.01 real, 2703 MB, 1.03 load
[runlim] sample:		94391.59 time, 89170.01 real, 2712 MB, 1.02 load
[runlim] sample:		94401.59 time, 89180.01 real, 2712 MB, 1.02 load
[runlim] sample:		94411.59 time, 89190.01 real, 2720 MB, 1.02 load
[runlim] sample:		94421.59 time, 89200.01 real, 2720 MB, 1.01 load
[runlim] sample:		94431.46 time, 89210.01 real, 2728 MB, 1.01 load
[runlim] sample:		94441.47 time, 89220.01 real, 2728 MB, 1.01 load
[runlim] sample:		94451.47 time, 89230.01 real, 2739 MB, 1.01 load
[runlim] sample:		94461.48 time, 89240.01 real, 2739 MB, 1.01 load
[runlim] sample:		94471.47 time, 89250.01 real, 2748 MB, 1.00 load
[runlim] sample:		94481.48 time, 89260.01 real, 2748 MB, 1.00 load
[runlim] sample:		94491.48 time, 89270.01 real, 2748 MB, 1.00 load
[runlim] sample:		94501.49 time, 89280.01 real, 2756 MB, 1.00 load
[runlim] sample:		94511.49 time, 89290.01 real, 2756 MB, 1.00 load
[runlim] sample:		94521.49 time, 89300.01 real, 2766 MB, 1.00 load
[runlim] sample:		94531.49 time, 89310.01 real, 2766 MB, 1.00 load
[runlim] sample:		94541.49 time, 89320.01 real, 2777 MB, 1.00 load
[runlim] sample:		94551.50 time, 89330.01 real, 2777 MB, 1.00 load
[runlim] sample:		94561.50 time, 89340.01 real, 2793 MB, 1.00 load
[runlim] sample:		94571.50 time, 89350.01 real, 2787 MB, 1.00 load
[runlim] sample:		94581.51 time, 89360.01 real, 2787 MB, 1.07 load
[runlim] sample:		94591.50 time, 89370.01 real, 2799 MB, 1.06 load
[runlim] sample:		94601.50 time, 89380.01 real, 2799 MB, 1.05 load
[runlim] sample:		94611.51 time, 89390.01 real, 2811 MB, 1.04 load
[runlim] sample:		94621.51 time, 89400.01 real, 2810 MB, 1.12 load
[runlim] sample:		94631.51 time, 89410.01 real, 2810 MB, 1.10 load
[runlim] sample:		94641.52 time, 89420.01 real, 2823 MB, 1.08 load
[runlim] sample:		94651.52 time, 89430.01 real, 2823 MB, 1.07 load
[runlim] sample:		94661.52 time, 89440.01 real, 2823 MB, 1.06 load
[runlim] sample:		94671.53 time, 89450.01 real, 2835 MB, 1.05 load
[runlim] sample:		94681.52 time, 89460.01 real, 2835 MB, 1.04 load
[runlim] sample:		94691.53 time, 89470.02 real, 2847 MB, 1.03 load
[runlim] sample:		94701.39 time, 89480.01 real, 2846 MB, 1.03 load
[runlim] sample:		94711.39 time, 89490.01 real, 2846 MB, 1.02 load
[runlim] sample:		94721.39 time, 89500.02 real, 2858 MB, 1.02 load
[runlim] sample:		94731.39 time, 89510.01 real, 2858 MB, 1.02 load
[runlim] sample:		94741.39 time, 89520.01 real, 2858 MB, 1.17 load
[runlim] sample:		94751.39 time, 89530.01 real, 2628 MB, 1.30 load

NN₁: mnist_relu_3_100_gemm.onnx
NN₂: mnist_relu_3_100_0.79_adam_1_stepsize.onnx
Prop: mnist_78_global_4.vnnlib
[runlim] sample:		94761.39 time, 89540.01 real, 2627 MB, 1.25 load
[runlim] sample:		94771.39 time, 89550.01 real, 2627 MB, 1.21 load
[runlim] sample:		94781.40 time, 89560.01 real, 2627 MB, 1.18 load
[runlim] sample:		94791.40 time, 89570.01 real, 2627 MB, 1.15 load
[runlim] sample:		94801.40 time, 89580.01 real, 2627 MB, 1.13 load
[runlim] sample:		94811.41 time, 89590.01 real, 2633 MB, 1.11 load
[runlim] sample:		94821.41 time, 89600.01 real, 2639 MB, 1.09 load
[runlim] sample:		94831.41 time, 89610.01 real, 2648 MB, 1.08 load
[runlim] sample:		94841.41 time, 89620.01 real, 2655 MB, 1.06 load
[runlim] sample:		94851.41 time, 89630.01 real, 2663 MB, 1.05 load
[runlim] sample:		94861.42 time, 89640.01 real, 2672 MB, 1.04 load
[runlim] sample:		94871.42 time, 89650.01 real, 2683 MB, 1.04 load
[runlim] sample:		94881.42 time, 89660.01 real, 2694 MB, 1.03 load
[runlim] sample:		94891.42 time, 89670.01 real, 2704 MB, 1.03 load
[runlim] sample:		94901.43 time, 89680.01 real, 2704 MB, 1.02 load
[runlim] sample:		94911.43 time, 89690.01 real, 2715 MB, 1.02 load
[runlim] sample:		94921.43 time, 89700.01 real, 2727 MB, 1.01 load
[runlim] sample:		94931.43 time, 89710.01 real, 2758 MB, 1.01 load
[runlim] sample:		94941.43 time, 89720.01 real, 2764 MB, 1.01 load
[runlim] sample:		94951.44 time, 89730.01 real, 2769 MB, 1.01 load
[runlim] sample:		94961.44 time, 89740.01 real, 2782 MB, 1.01 load
[runlim] sample:		94971.32 time, 89750.01 real, 2795 MB, 1.00 load
[runlim] sample:		94981.31 time, 89760.01 real, 2795 MB, 1.00 load
[runlim] sample:		94991.32 time, 89770.01 real, 2808 MB, 1.00 load
[runlim] sample:		95001.32 time, 89780.01 real, 2821 MB, 1.00 load
[runlim] sample:		95011.32 time, 89790.01 real, 2821 MB, 1.00 load
[runlim] sample:		95021.32 time, 89800.01 real, 2833 MB, 1.00 load
[runlim] sample:		95031.33 time, 89810.01 real, 2833 MB, 1.00 load
[runlim] sample:		95041.33 time, 89820.01 real, 2847 MB, 1.00 load
[runlim] sample:		95051.34 time, 89830.01 real, 2861 MB, 1.00 load
[runlim] sample:		95061.33 time, 89840.01 real, 2861 MB, 1.00 load
[runlim] sample:		95071.34 time, 89850.01 real, 2875 MB, 1.00 load
[runlim] sample:		95081.34 time, 89860.01 real, 2875 MB, 1.00 load
[runlim] sample:		95091.34 time, 89870.01 real, 2888 MB, 1.00 load
[runlim] sample:		95101.34 time, 89880.01 real, 2888 MB, 1.00 load
[runlim] sample:		95111.35 time, 89890.01 real, 2902 MB, 1.00 load
[runlim] sample:		95121.35 time, 89900.01 real, 2914 MB, 1.00 load
[runlim] sample:		95131.36 time, 89910.01 real, 2918 MB, 1.00 load
[runlim] sample:		95141.36 time, 89920.01 real, 2930 MB, 1.00 load
[runlim] sample:		95151.36 time, 89930.01 real, 2933 MB, 1.00 load
[runlim] sample:		95161.36 time, 89940.01 real, 2937 MB, 1.00 load
[runlim] sample:		95171.36 time, 89950.02 real, 2947 MB, 1.00 load
[runlim] sample:		95181.36 time, 89960.01 real, 2947 MB, 1.00 load
[runlim] sample:		95191.37 time, 89970.01 real, 2962 MB, 1.07 load
[runlim] sample:		95201.37 time, 89980.02 real, 2962 MB, 1.06 load
[runlim] sample:		95211.37 time, 89990.01 real, 2978 MB, 1.05 load
[runlim] sample:		95221.38 time, 90000.01 real, 2978 MB, 1.04 load
[runlim] sample:		95231.38 time, 90010.01 real, 3006 MB, 1.04 load
[runlim] sample:		95241.24 time, 90020.01 real, 3006 MB, 1.18 load
[runlim] sample:		95251.24 time, 90030.01 real, 3046 MB, 1.31 load
[runlim] sample:		95261.24 time, 90040.01 real, 3046 MB, 1.26 load
[runlim] sample:		95271.25 time, 90050.01 real, 3046 MB, 1.22 load
[runlim] sample:		95281.25 time, 90060.01 real, 3086 MB, 1.19 load
[runlim] sample:		95291.25 time, 90070.01 real, 3086 MB, 1.16 load
[runlim] sample:		95301.26 time, 90080.01 real, 3129 MB, 1.13 load
[runlim] sample:		95311.26 time, 90090.01 real, 3129 MB, 1.11 load
[runlim] sample:		95321.26 time, 90100.01 real, 3171 MB, 1.09 load
[runlim] sample:		95331.26 time, 90110.01 real, 3171 MB, 1.08 load
[runlim] sample:		95341.26 time, 90120.01 real, 3171 MB, 1.07 load
[runlim] sample:		95351.27 time, 90130.01 real, 3211 MB, 1.06 load

NN₁: mnist_relu_3_100_gemm.onnx
NN₂: mnist_relu_3_100_0.79_adam_1_stepsize.onnx
Prop: mnist_78_global_5.vnnlib
[runlim] sample:		95361.27 time, 90140.01 real, 2626 MB, 1.05 load
[runlim] sample:		95371.27 time, 90150.01 real, 2627 MB, 1.04 load
[runlim] sample:		95381.27 time, 90160.01 real, 2629 MB, 1.03 load
[runlim] sample:		95391.27 time, 90170.01 real, 2633 MB, 1.03 load
[runlim] sample:		95401.27 time, 90180.01 real, 2636 MB, 1.02 load
[runlim] sample:		95411.27 time, 90190.01 real, 2643 MB, 1.02 load
[runlim] sample:		95421.28 time, 90200.01 real, 2643 MB, 1.02 load
[runlim] sample:		95431.28 time, 90210.01 real, 2648 MB, 1.01 load
[runlim] sample:		95441.28 time, 90220.01 real, 2654 MB, 1.01 load
[runlim] sample:		95451.29 time, 90230.01 real, 2660 MB, 1.01 load
[runlim] sample:		95461.28 time, 90240.01 real, 2660 MB, 1.01 load
[runlim] sample:		95471.29 time, 90250.01 real, 2665 MB, 1.00 load
[runlim] sample:		95481.29 time, 90260.01 real, 2670 MB, 1.00 load
[runlim] sample:		95491.30 time, 90270.01 real, 2670 MB, 1.00 load
[runlim] sample:		95501.30 time, 90280.01 real, 2677 MB, 1.00 load
[runlim] sample:		95511.16 time, 90290.01 real, 2677 MB, 1.00 load
[runlim] sample:		95521.16 time, 90300.01 real, 2685 MB, 1.00 load
[runlim] sample:		95531.16 time, 90310.01 real, 2692 MB, 1.00 load
[runlim] sample:		95541.17 time, 90320.01 real, 2692 MB, 1.00 load
[runlim] sample:		95551.16 time, 90330.01 real, 2701 MB, 1.00 load
[runlim] sample:		95561.17 time, 90340.01 real, 2701 MB, 1.00 load
[runlim] sample:		95571.17 time, 90350.01 real, 2708 MB, 1.00 load
[runlim] sample:		95581.17 time, 90360.01 real, 2708 MB, 1.00 load
[runlim] sample:		95591.18 time, 90370.02 real, 2718 MB, 1.00 load
[runlim] sample:		95601.18 time, 90380.01 real, 2727 MB, 1.00 load
[runlim] sample:		95611.18 time, 90390.02 real, 2727 MB, 1.00 load
[runlim] sample:		95621.18 time, 90400.01 real, 2737 MB, 1.00 load
[runlim] sample:		95631.18 time, 90410.01 real, 2737 MB, 1.00 load
[runlim] sample:		95641.19 time, 90420.01 real, 2745 MB, 1.00 load
[runlim] sample:		95651.19 time, 90430.01 real, 2745 MB, 1.00 load
[runlim] sample:		95661.19 time, 90440.01 real, 2754 MB, 1.00 load
[runlim] sample:		95671.20 time, 90450.01 real, 2754 MB, 1.00 load
[runlim] sample:		95681.20 time, 90460.01 real, 2754 MB, 1.00 load
[runlim] sample:		95691.20 time, 90470.01 real, 2769 MB, 1.00 load
[runlim] sample:		95701.20 time, 90480.01 real, 2769 MB, 1.00 load
[runlim] sample:		95711.21 time, 90490.01 real, 2779 MB, 1.00 load
[runlim] sample:		95721.21 time, 90500.01 real, 2779 MB, 1.00 load
[runlim] sample:		95731.21 time, 90510.01 real, 2789 MB, 1.00 load
[runlim] sample:		95741.22 time, 90520.01 real, 2789 MB, 1.15 load
[runlim] sample:		95751.22 time, 90530.01 real, 2822 MB, 1.28 load
[runlim] sample:		95761.22 time, 90540.01 real, 2801 MB, 1.24 load
[runlim] sample:		95771.22 time, 90550.01 real, 2801 MB, 1.20 load
[runlim] sample:		95781.08 time, 90560.01 real, 2813 MB, 1.17 load
[runlim] sample:		95791.08 time, 90570.01 real, 2813 MB, 1.14 load
[runlim] sample:		95801.08 time, 90580.01 real, 2824 MB, 1.12 load
[runlim] sample:		95811.08 time, 90590.01 real, 2824 MB, 1.10 load
[runlim] sample:		95821.09 time, 90600.01 real, 2824 MB, 1.09 load
[runlim] sample:		95831.09 time, 90610.01 real, 2835 MB, 1.07 load
[runlim] sample:		95841.09 time, 90620.01 real, 2835 MB, 1.06 load
[runlim] sample:		95851.10 time, 90630.01 real, 2841 MB, 1.13 load
[runlim] sample:		95861.09 time, 90640.01 real, 2848 MB, 1.11 load
[runlim] sample:		95871.10 time, 90650.01 real, 2848 MB, 1.09 load
[runlim] sample:		95881.10 time, 90660.01 real, 2860 MB, 1.08 load
[runlim] sample:		95891.11 time, 90670.01 real, 2860 MB, 1.06 load
[runlim] sample:		95901.11 time, 90680.01 real, 2860 MB, 1.05 load
[runlim] sample:		95911.11 time, 90690.01 real, 2872 MB, 1.04 load
[runlim] sample:		95921.11 time, 90700.01 real, 2872 MB, 1.04 load
[runlim] sample:		95931.11 time, 90710.01 real, 2872 MB, 1.03 load
[runlim] sample:		95941.12 time, 90720.01 real, 2884 MB, 1.03 load
[runlim] sample:		95951.12 time, 90730.01 real, 2884 MB, 1.02 load

NN₁: mnist_relu_3_100_gemm.onnx
NN₂: mnist_relu_3_100_0.79_adam_1_stepsize.onnx
Prop: mnist_79_global_4.vnnlib

NN₁: mnist_relu_3_100_gemm.onnx
NN₂: mnist_relu_3_100_0.79_adam_1_stepsize.onnx
Prop: mnist_79_global_5.vnnlib

NN₁: mnist_relu_3_100_gemm.onnx
NN₂: mnist_relu_3_100_0.79_adam_1_stepsize.onnx
Prop: mnist_80_global_4.vnnlib

NN₁: mnist_relu_3_100_gemm.onnx
NN₂: mnist_relu_3_100_0.79_adam_1_stepsize.onnx
Prop: mnist_80_global_5.vnnlib
[runlim] sample:		95961.11 time, 90740.01 real, 2628 MB, 1.02 load
[runlim] sample:		95971.11 time, 90750.01 real, 2628 MB, 1.01 load
[runlim] sample:		95981.11 time, 90760.01 real, 2628 MB, 1.01 load
[runlim] sample:		95991.11 time, 90770.01 real, 2628 MB, 1.01 load
[runlim] sample:		96001.11 time, 90780.01 real, 2628 MB, 1.01 load
[runlim] sample:		96011.12 time, 90790.01 real, 2628 MB, 1.01 load
[runlim] sample:		96021.12 time, 90800.01 real, 2628 MB, 1.00 load

NN₁: mnist_relu_3_100_gemm.onnx
NN₂: mnist_relu_3_100_0.79_adam_1_stepsize.onnx
Prop: mnist_81_global_4.vnnlib

NN₁: mnist_relu_3_100_gemm.onnx
NN₂: mnist_relu_3_100_0.79_adam_1_stepsize.onnx
Prop: mnist_81_global_5.vnnlib
[runlim] sample:		96031.10 time, 90810.01 real, 2628 MB, 1.00 load
[runlim] sample:		96041.11 time, 90820.01 real, 2628 MB, 1.00 load
[runlim] sample:		96050.96 time, 90830.01 real, 2628 MB, 1.00 load
[runlim] sample:		96060.96 time, 90840.01 real, 2631 MB, 1.00 load
[runlim] sample:		96070.96 time, 90850.01 real, 2633 MB, 1.00 load
[runlim] sample:		96080.97 time, 90860.01 real, 2637 MB, 1.00 load
[runlim] sample:		96090.97 time, 90870.01 real, 2643 MB, 1.00 load
[runlim] sample:		96100.98 time, 90880.01 real, 2643 MB, 1.00 load
[runlim] sample:		96110.98 time, 90890.01 real, 2646 MB, 1.00 load
[runlim] sample:		96120.97 time, 90900.01 real, 2650 MB, 1.00 load
[runlim] sample:		96130.98 time, 90910.01 real, 2658 MB, 1.00 load
[runlim] sample:		96140.98 time, 90920.01 real, 2658 MB, 1.00 load
[runlim] sample:		96150.98 time, 90930.01 real, 2661 MB, 1.00 load
[runlim] sample:		96160.99 time, 90940.02 real, 2666 MB, 1.00 load
[runlim] sample:		96170.99 time, 90950.01 real, 2666 MB, 1.00 load
[runlim] sample:		96181.00 time, 90960.01 real, 2670 MB, 1.00 load
[runlim] sample:		96191.00 time, 90970.02 real, 2677 MB, 1.00 load
[runlim] sample:		96200.99 time, 90980.01 real, 2677 MB, 1.00 load
[runlim] sample:		96211.00 time, 90990.01 real, 2687 MB, 1.00 load
[runlim] sample:		96221.00 time, 91000.01 real, 2694 MB, 1.00 load
[runlim] sample:		96231.01 time, 91010.01 real, 2694 MB, 1.00 load
[runlim] sample:		96241.01 time, 91020.01 real, 2696 MB, 1.15 load
[runlim] sample:		96251.01 time, 91030.01 real, 2696 MB, 1.28 load
[runlim] sample:		96261.01 time, 91040.01 real, 2703 MB, 1.24 load
[runlim] sample:		96271.02 time, 91050.01 real, 2714 MB, 1.20 load
[runlim] sample:		96281.02 time, 91060.01 real, 2714 MB, 1.17 load
[runlim] sample:		96291.02 time, 91070.01 real, 2722 MB, 1.14 load
[runlim] sample:		96301.03 time, 91080.01 real, 2722 MB, 1.12 load
[runlim] sample:		96311.03 time, 91090.01 real, 2731 MB, 1.10 load
[runlim] sample:		96320.89 time, 91100.01 real, 2731 MB, 1.09 load
[runlim] sample:		96330.89 time, 91110.01 real, 2739 MB, 1.07 load
[runlim] sample:		96340.89 time, 91120.01 real, 2739 MB, 1.06 load
[runlim] sample:		96350.90 time, 91130.01 real, 2750 MB, 1.05 load
[runlim] sample:		96360.90 time, 91140.01 real, 2750 MB, 1.04 load
[runlim] sample:		96370.90 time, 91150.01 real, 2757 MB, 1.04 load
[runlim] sample:		96380.90 time, 91160.01 real, 2757 MB, 1.03 load
[runlim] sample:		96390.90 time, 91170.01 real, 2780 MB, 1.02 load
[runlim] sample:		96400.90 time, 91180.01 real, 2780 MB, 1.02 load
[runlim] sample:		96410.91 time, 91190.01 real, 2791 MB, 1.02 load
[runlim] sample:		96420.91 time, 91200.01 real, 2791 MB, 1.01 load
[runlim] sample:		96430.91 time, 91210.01 real, 2800 MB, 1.01 load
[runlim] sample:		96440.91 time, 91220.01 real, 2800 MB, 1.01 load
[runlim] sample:		96450.92 time, 91230.01 real, 2811 MB, 1.01 load
[runlim] sample:		96460.92 time, 91240.01 real, 2811 MB, 1.01 load
[runlim] sample:		96470.93 time, 91250.01 real, 2811 MB, 1.00 load
[runlim] sample:		96480.93 time, 91260.01 real, 2822 MB, 1.00 load
[runlim] sample:		96490.93 time, 91270.01 real, 2822 MB, 1.00 load
[runlim] sample:		96500.93 time, 91280.01 real, 2832 MB, 1.00 load
[runlim] sample:		96510.94 time, 91290.01 real, 2832 MB, 1.00 load
[runlim] sample:		96520.94 time, 91300.01 real, 2842 MB, 1.00 load
[runlim] sample:		96530.94 time, 91310.01 real, 2842 MB, 1.00 load
[runlim] sample:		96540.94 time, 91320.01 real, 2853 MB, 1.00 load
[runlim] sample:		96550.94 time, 91330.01 real, 2853 MB, 1.00 load
[runlim] sample:		96560.94 time, 91340.01 real, 2853 MB, 1.00 load
[runlim] sample:		96570.95 time, 91350.01 real, 2863 MB, 1.00 load
[runlim] sample:		96580.95 time, 91360.01 real, 2863 MB, 1.00 load
[runlim] sample:		96590.80 time, 91370.01 real, 2875 MB, 1.00 load
[runlim] sample:		96600.80 time, 91380.01 real, 2875 MB, 1.00 load
[runlim] sample:		96610.81 time, 91390.02 real, 2875 MB, 1.00 load
[runlim] sample:		96620.81 time, 91400.01 real, 2887 MB, 1.00 load

NN₁: mnist_relu_3_100_gemm.onnx
NN₂: mnist_relu_3_100_0.79_adam_1_stepsize.onnx
Prop: mnist_82_global_4.vnnlib

NN₁: mnist_relu_3_100_gemm.onnx
NN₂: mnist_relu_3_100_0.79_adam_1_stepsize.onnx
Prop: mnist_82_global_5.vnnlib

NN₁: mnist_relu_3_100_gemm.onnx
NN₂: mnist_relu_3_100_0.79_adam_1_stepsize.onnx
Prop: mnist_83_global_4.vnnlib
[runlim] sample:		96630.80 time, 91410.01 real, 2631 MB, 1.00 load

NN₁: mnist_relu_3_100_gemm.onnx
NN₂: mnist_relu_3_100_0.79_adam_1_stepsize.onnx
Prop: mnist_83_global_5.vnnlib
[runlim] sample:		96640.81 time, 91420.02 real, 2631 MB, 1.00 load
[runlim] sample:		96650.81 time, 91430.01 real, 2631 MB, 1.00 load
[runlim] sample:		96660.80 time, 91440.01 real, 2631 MB, 1.00 load
[runlim] sample:		96670.81 time, 91450.01 real, 2631 MB, 1.00 load
[runlim] sample:		96680.82 time, 91460.01 real, 2631 MB, 1.00 load
[runlim] sample:		96690.81 time, 91470.01 real, 2631 MB, 1.00 load
[runlim] sample:		96700.81 time, 91480.01 real, 2634 MB, 1.00 load
[runlim] sample:		96710.82 time, 91490.01 real, 2636 MB, 1.00 load
[runlim] sample:		96720.82 time, 91500.01 real, 2636 MB, 1.00 load
[runlim] sample:		96730.83 time, 91510.01 real, 2636 MB, 1.00 load
[runlim] sample:		96740.83 time, 91520.01 real, 2638 MB, 1.15 load
[runlim] sample:		96750.83 time, 91530.01 real, 2640 MB, 1.28 load
[runlim] sample:		96760.83 time, 91540.01 real, 2644 MB, 1.24 load
[runlim] sample:		96770.83 time, 91550.01 real, 2648 MB, 1.20 load
[runlim] sample:		96780.83 time, 91560.01 real, 2651 MB, 1.17 load
[runlim] sample:		96790.84 time, 91570.01 real, 2656 MB, 1.14 load
[runlim] sample:		96800.84 time, 91580.01 real, 2661 MB, 1.12 load
[runlim] sample:		96810.84 time, 91590.01 real, 2661 MB, 1.10 load
[runlim] sample:		96820.84 time, 91600.01 real, 2665 MB, 1.09 load
[runlim] sample:		96830.85 time, 91610.01 real, 2670 MB, 1.07 load
[runlim] sample:		96840.85 time, 91620.01 real, 2673 MB, 1.06 load
[runlim] sample:		96850.85 time, 91630.01 real, 2676 MB, 1.05 load
[runlim] sample:		96860.70 time, 91640.01 real, 2679 MB, 1.04 load
[runlim] sample:		96870.70 time, 91650.01 real, 2679 MB, 1.04 load
[runlim] sample:		96880.70 time, 91660.01 real, 2681 MB, 1.03 load
[runlim] sample:		96890.71 time, 91670.01 real, 2684 MB, 1.02 load
[runlim] sample:		96900.71 time, 91680.01 real, 2687 MB, 1.02 load
[runlim] sample:		96910.71 time, 91690.01 real, 2690 MB, 1.02 load
[runlim] sample:		96920.71 time, 91700.01 real, 2690 MB, 1.01 load
[runlim] sample:		96930.72 time, 91710.01 real, 2691 MB, 1.01 load
[runlim] sample:		96940.71 time, 91720.01 real, 2693 MB, 1.01 load
[runlim] sample:		96950.72 time, 91730.01 real, 2695 MB, 1.01 load
[runlim] sample:		96960.73 time, 91740.01 real, 2695 MB, 1.01 load
[runlim] sample:		96970.72 time, 91750.01 real, 2698 MB, 1.00 load
[runlim] sample:		96980.73 time, 91760.01 real, 2700 MB, 1.00 load
[runlim] sample:		96990.73 time, 91770.01 real, 2702 MB, 1.00 load
[runlim] sample:		97000.74 time, 91780.01 real, 2702 MB, 1.00 load
[runlim] sample:		97010.73 time, 91790.01 real, 2703 MB, 1.00 load
[runlim] sample:		97020.73 time, 91800.01 real, 2704 MB, 1.00 load
[runlim] sample:		97030.74 time, 91810.01 real, 2708 MB, 1.00 load
[runlim] sample:		97040.74 time, 91820.01 real, 2708 MB, 1.00 load
[runlim] sample:		97050.75 time, 91830.01 real, 2710 MB, 1.00 load
[runlim] sample:		97060.75 time, 91840.01 real, 2712 MB, 1.00 load
[runlim] sample:		97070.74 time, 91850.01 real, 2715 MB, 1.00 load
[runlim] sample:		97080.75 time, 91860.01 real, 2715 MB, 1.00 load
[runlim] sample:		97090.75 time, 91870.01 real, 2718 MB, 1.00 load
[runlim] sample:		97100.76 time, 91880.01 real, 2721 MB, 1.00 load
[runlim] sample:		97110.76 time, 91890.01 real, 2721 MB, 1.00 load
[runlim] sample:		97120.76 time, 91900.01 real, 2723 MB, 1.00 load
[runlim] sample:		97130.62 time, 91910.01 real, 2726 MB, 1.00 load
[runlim] sample:		97140.62 time, 91920.01 real, 2726 MB, 1.00 load
[runlim] sample:		97150.62 time, 91930.01 real, 2730 MB, 1.00 load
[runlim] sample:		97160.63 time, 91940.01 real, 2745 MB, 1.00 load
[runlim] sample:		97170.62 time, 91950.01 real, 2745 MB, 1.00 load
[runlim] sample:		97180.63 time, 91960.01 real, 2750 MB, 1.00 load
[runlim] sample:		97190.63 time, 91970.01 real, 2754 MB, 1.00 load
[runlim] sample:		97200.63 time, 91980.01 real, 2754 MB, 1.00 load
[runlim] sample:		97210.64 time, 91990.02 real, 2756 MB, 1.00 load
[runlim] sample:		97220.64 time, 92000.01 real, 2760 MB, 1.00 load
[runlim] sample:		97230.64 time, 92010.01 real, 2760 MB, 1.00 load

NN₁: mnist_relu_3_100_gemm.onnx
NN₂: mnist_relu_3_100_0.79_adam_1_stepsize.onnx
Prop: mnist_84_global_4.vnnlib
[runlim] sample:		97240.64 time, 92020.01 real, 2631 MB, 1.15 load
[runlim] sample:		97250.64 time, 92030.01 real, 2631 MB, 1.13 load
[runlim] sample:		97260.64 time, 92040.01 real, 2631 MB, 1.11 load
[runlim] sample:		97270.64 time, 92050.01 real, 2631 MB, 1.09 load
[runlim] sample:		97280.65 time, 92060.01 real, 2631 MB, 1.08 load
[runlim] sample:		97290.65 time, 92070.01 real, 2636 MB, 1.06 load
[runlim] sample:		97300.65 time, 92080.01 real, 2644 MB, 1.05 load
[runlim] sample:		97310.66 time, 92090.01 real, 2651 MB, 1.05 load
[runlim] sample:		97320.66 time, 92100.01 real, 2657 MB, 1.04 load
[runlim] sample:		97330.66 time, 92110.01 real, 2666 MB, 1.03 load
[runlim] sample:		97340.67 time, 92120.01 real, 2674 MB, 1.03 load
[runlim] sample:		97350.67 time, 92130.01 real, 2681 MB, 1.02 load
[runlim] sample:		97360.66 time, 92140.01 real, 2689 MB, 1.02 load
[runlim] sample:		97370.67 time, 92150.01 real, 2696 MB, 1.02 load
[runlim] sample:		97380.67 time, 92160.01 real, 2696 MB, 1.01 load
[runlim] sample:		97390.67 time, 92170.01 real, 2703 MB, 1.01 load
[runlim] sample:		97400.45 time, 92180.01 real, 2708 MB, 1.01 load
[runlim] sample:		97410.45 time, 92190.01 real, 2715 MB, 1.01 load
[runlim] sample:		97420.45 time, 92200.01 real, 2720 MB, 1.00 load
[runlim] sample:		97430.45 time, 92210.01 real, 2720 MB, 1.00 load
[runlim] sample:		97440.46 time, 92220.01 real, 2725 MB, 1.00 load
[runlim] sample:		97450.46 time, 92230.01 real, 2730 MB, 1.00 load
[runlim] sample:		97460.46 time, 92240.01 real, 2730 MB, 1.00 load
[runlim] sample:		97470.47 time, 92250.01 real, 2750 MB, 1.00 load
[runlim] sample:		97480.46 time, 92260.01 real, 2754 MB, 1.00 load
[runlim] sample:		97490.47 time, 92270.01 real, 2754 MB, 1.00 load
[runlim] sample:		97500.47 time, 92280.01 real, 2759 MB, 1.00 load
[runlim] sample:		97510.47 time, 92290.01 real, 2762 MB, 1.00 load
[runlim] sample:		97520.47 time, 92300.01 real, 2762 MB, 1.00 load
[runlim] sample:		97530.47 time, 92310.01 real, 2766 MB, 1.00 load
[runlim] sample:		97540.48 time, 92320.01 real, 2771 MB, 1.00 load
[runlim] sample:		97550.48 time, 92330.01 real, 2771 MB, 1.00 load
[runlim] sample:		97560.48 time, 92340.01 real, 2774 MB, 1.00 load
[runlim] sample:		97570.49 time, 92350.01 real, 2776 MB, 1.00 load
[runlim] sample:		97580.49 time, 92360.01 real, 2776 MB, 1.00 load
[runlim] sample:		97590.49 time, 92370.01 real, 2778 MB, 1.00 load
[runlim] sample:		97600.49 time, 92380.01 real, 2780 MB, 1.00 load
[runlim] sample:		97610.50 time, 92390.01 real, 2780 MB, 1.00 load
[runlim] sample:		97620.50 time, 92400.01 real, 2784 MB, 1.00 load
[runlim] sample:		97630.51 time, 92410.01 real, 2784 MB, 1.00 load
[runlim] sample:		97640.50 time, 92420.01 real, 2786 MB, 1.00 load
[runlim] sample:		97650.51 time, 92430.01 real, 2788 MB, 1.00 load
[runlim] sample:		97660.51 time, 92440.01 real, 2788 MB, 1.00 load
[runlim] sample:		97670.36 time, 92450.01 real, 2790 MB, 1.00 load
[runlim] sample:		97680.37 time, 92460.01 real, 2790 MB, 1.00 load
[runlim] sample:		97690.37 time, 92470.02 real, 2792 MB, 1.00 load
[runlim] sample:		97700.37 time, 92480.01 real, 2793 MB, 1.00 load
[runlim] sample:		97710.37 time, 92490.01 real, 2793 MB, 1.00 load
[runlim] sample:		97720.37 time, 92500.02 real, 2793 MB, 1.00 load
[runlim] sample:		97730.37 time, 92510.01 real, 2793 MB, 1.00 load
[runlim] sample:		97740.38 time, 92520.01 real, 2796 MB, 1.15 load
[runlim] sample:		97750.38 time, 92530.01 real, 2796 MB, 1.28 load
[runlim] sample:		97760.38 time, 92540.01 real, 2796 MB, 1.24 load
[runlim] sample:		97770.39 time, 92550.01 real, 2797 MB, 1.20 load
[runlim] sample:		97780.39 time, 92560.01 real, 2797 MB, 1.17 load
[runlim] sample:		97790.39 time, 92570.01 real, 2797 MB, 1.14 load
[runlim] sample:		97800.39 time, 92580.01 real, 2797 MB, 1.12 load
[runlim] sample:		97810.40 time, 92590.01 real, 2797 MB, 1.10 load
[runlim] sample:		97820.40 time, 92600.01 real, 2797 MB, 1.09 load
[runlim] sample:		97830.40 time, 92610.01 real, 2797 MB, 1.07 load

NN₁: mnist_relu_3_100_gemm.onnx
NN₂: mnist_relu_3_100_0.79_adam_1_stepsize.onnx
Prop: mnist_84_global_5.vnnlib
[runlim] sample:		97840.39 time, 92620.01 real, 2632 MB, 1.06 load
[runlim] sample:		97850.40 time, 92630.01 real, 2634 MB, 1.05 load
[runlim] sample:		97860.40 time, 92640.01 real, 2638 MB, 1.04 load
[runlim] sample:		97870.40 time, 92650.01 real, 2641 MB, 1.04 load
[runlim] sample:		97880.41 time, 92660.01 real, 2641 MB, 1.03 load
[runlim] sample:		97890.41 time, 92670.01 real, 2646 MB, 1.02 load
[runlim] sample:		97900.41 time, 92680.01 real, 2650 MB, 1.02 load
[runlim] sample:		97910.41 time, 92690.01 real, 2650 MB, 1.02 load
[runlim] sample:		97920.42 time, 92700.01 real, 2655 MB, 1.01 load
[runlim] sample:		97930.42 time, 92710.01 real, 2659 MB, 1.01 load
[runlim] sample:		97940.27 time, 92720.01 real, 2659 MB, 1.01 load
[runlim] sample:		97950.26 time, 92730.01 real, 2664 MB, 1.01 load
[runlim] sample:		97960.27 time, 92740.01 real, 2669 MB, 1.01 load
[runlim] sample:		97970.27 time, 92750.01 real, 2669 MB, 1.00 load
[runlim] sample:		97980.28 time, 92760.01 real, 2674 MB, 1.00 load
[runlim] sample:		97990.28 time, 92770.01 real, 2679 MB, 1.00 load
[runlim] sample:		98000.28 time, 92780.01 real, 2680 MB, 1.00 load
[runlim] sample:		98010.28 time, 92790.01 real, 2685 MB, 1.00 load
[runlim] sample:		98020.28 time, 92800.01 real, 2685 MB, 1.00 load
[runlim] sample:		98030.28 time, 92810.01 real, 2691 MB, 1.00 load
[runlim] sample:		98040.29 time, 92820.01 real, 2691 MB, 1.00 load
[runlim] sample:		98050.29 time, 92830.01 real, 2698 MB, 1.00 load
[runlim] sample:		98060.30 time, 92840.01 real, 2698 MB, 1.00 load
[runlim] sample:		98070.29 time, 92850.01 real, 2705 MB, 1.00 load
[runlim] sample:		98080.30 time, 92860.01 real, 2705 MB, 1.00 load
[runlim] sample:		98090.30 time, 92870.01 real, 2712 MB, 1.00 load
[runlim] sample:		98100.30 time, 92880.01 real, 2712 MB, 1.00 load
[runlim] sample:		98110.31 time, 92890.01 real, 2719 MB, 1.00 load
[runlim] sample:		98120.31 time, 92900.01 real, 2719 MB, 1.00 load
[runlim] sample:		98130.31 time, 92910.01 real, 2727 MB, 1.00 load
[runlim] sample:		98140.32 time, 92920.01 real, 2727 MB, 1.07 load
[runlim] sample:		98150.32 time, 92930.01 real, 2735 MB, 1.06 load
[runlim] sample:		98160.32 time, 92940.01 real, 2735 MB, 1.05 load
[runlim] sample:		98170.32 time, 92950.01 real, 2743 MB, 1.04 load
[runlim] sample:		98180.33 time, 92960.01 real, 2743 MB, 1.04 load
[runlim] sample:		98190.32 time, 92970.01 real, 2752 MB, 1.03 load
[runlim] sample:		98200.33 time, 92980.01 real, 2752 MB, 1.02 load
[runlim] sample:		98210.18 time, 92990.01 real, 2752 MB, 1.02 load
[runlim] sample:		98220.19 time, 93000.01 real, 2760 MB, 1.02 load
[runlim] sample:		98230.19 time, 93010.01 real, 2760 MB, 1.01 load
[runlim] sample:		98240.20 time, 93020.01 real, 2768 MB, 1.17 load
[runlim] sample:		98250.20 time, 93030.01 real, 2768 MB, 1.29 load
[runlim] sample:		98260.20 time, 93040.01 real, 2768 MB, 1.25 load
[runlim] sample:		98270.20 time, 93050.01 real, 2778 MB, 1.21 load
[runlim] sample:		98280.20 time, 93060.01 real, 2778 MB, 1.18 load
[runlim] sample:		98290.21 time, 93070.01 real, 2787 MB, 1.15 load
[runlim] sample:		98300.20 time, 93080.01 real, 2787 MB, 1.13 load
[runlim] sample:		98310.20 time, 93090.01 real, 2787 MB, 1.11 load
[runlim] sample:		98320.21 time, 93100.01 real, 2796 MB, 1.09 load
[runlim] sample:		98330.21 time, 93110.01 real, 2796 MB, 1.08 load
[runlim] sample:		98340.22 time, 93120.01 real, 2822 MB, 1.06 load
[runlim] sample:		98350.22 time, 93130.01 real, 2806 MB, 1.05 load
[runlim] sample:		98360.22 time, 93140.01 real, 2806 MB, 1.04 load
[runlim] sample:		98370.22 time, 93150.01 real, 2816 MB, 1.04 load
[runlim] sample:		98380.23 time, 93160.01 real, 2816 MB, 1.10 load
[runlim] sample:		98390.22 time, 93170.01 real, 2816 MB, 1.09 load
[runlim] sample:		98400.23 time, 93180.01 real, 2827 MB, 1.07 load
[runlim] sample:		98410.24 time, 93190.01 real, 2827 MB, 1.06 load
[runlim] sample:		98420.23 time, 93200.01 real, 2827 MB, 1.05 load
[runlim] sample:		98430.24 time, 93210.01 real, 2837 MB, 1.04 load

NN₁: mnist_relu_3_100_gemm.onnx
NN₂: mnist_relu_3_100_0.79_adam_1_stepsize.onnx
Prop: mnist_85_global_4.vnnlib

NN₁: mnist_relu_3_100_gemm.onnx
NN₂: mnist_relu_3_100_0.79_adam_1_stepsize.onnx
Prop: mnist_85_global_5.vnnlib

NN₁: mnist_relu_3_100_gemm.onnx
NN₂: mnist_relu_3_100_0.79_adam_1_stepsize.onnx
Prop: mnist_86_global_4.vnnlib

NN₁: mnist_relu_3_100_gemm.onnx
NN₂: mnist_relu_3_100_0.79_adam_1_stepsize.onnx
Prop: mnist_86_global_5.vnnlib

NN₁: mnist_relu_3_100_gemm.onnx
NN₂: mnist_relu_3_100_0.79_adam_1_stepsize.onnx
Prop: mnist_87_global_4.vnnlib

NN₁: mnist_relu_3_100_gemm.onnx
NN₂: mnist_relu_3_100_0.79_adam_1_stepsize.onnx
Prop: mnist_87_global_5.vnnlib
[runlim] sample:		98440.22 time, 93220.01 real, 2630 MB, 1.04 load
[runlim] sample:		98450.23 time, 93230.01 real, 2630 MB, 1.03 load
[runlim] sample:		98460.23 time, 93240.01 real, 2630 MB, 1.03 load
[runlim] sample:		98470.23 time, 93250.01 real, 2630 MB, 1.02 load
[runlim] sample:		98480.11 time, 93260.01 real, 2630 MB, 1.10 load
[runlim] sample:		98490.10 time, 93270.01 real, 2630 MB, 1.08 load
[runlim] sample:		98500.11 time, 93280.01 real, 2630 MB, 1.15 load

NN₁: mnist_relu_3_100_gemm.onnx
NN₂: mnist_relu_3_100_0.79_adam_1_stepsize.onnx
Prop: mnist_88_global_4.vnnlib

NN₁: mnist_relu_3_100_gemm.onnx
NN₂: mnist_relu_3_100_0.79_adam_1_stepsize.onnx
Prop: mnist_88_global_5.vnnlib
[runlim] sample:		98510.10 time, 93290.01 real, 2630 MB, 1.13 load
[runlim] sample:		98520.10 time, 93300.01 real, 2630 MB, 1.11 load
[runlim] sample:		98530.11 time, 93310.01 real, 2630 MB, 1.09 load
[runlim] sample:		98540.11 time, 93320.01 real, 2630 MB, 1.08 load
[runlim] sample:		98550.11 time, 93330.01 real, 2630 MB, 1.06 load
[runlim] sample:		98560.12 time, 93340.01 real, 2630 MB, 1.05 load
[runlim] sample:		98570.11 time, 93350.01 real, 2630 MB, 1.04 load
[runlim] sample:		98580.12 time, 93360.01 real, 2630 MB, 1.04 load
[runlim] sample:		98590.13 time, 93370.01 real, 2630 MB, 1.03 load
[runlim] sample:		98600.13 time, 93380.01 real, 2630 MB, 1.03 load
[runlim] sample:		98610.13 time, 93390.01 real, 2630 MB, 1.02 load
[runlim] sample:		98620.13 time, 93400.01 real, 2630 MB, 1.02 load
[runlim] sample:		98630.13 time, 93410.01 real, 2630 MB, 1.01 load
[runlim] sample:		98640.14 time, 93420.01 real, 2630 MB, 1.01 load
[runlim] sample:		98650.13 time, 93430.01 real, 2630 MB, 1.01 load
[runlim] sample:		98660.14 time, 93440.01 real, 2630 MB, 1.01 load
[runlim] sample:		98670.15 time, 93450.01 real, 2630 MB, 1.01 load
[runlim] sample:		98680.14 time, 93460.01 real, 2630 MB, 1.00 load
[runlim] sample:		98690.14 time, 93470.01 real, 2630 MB, 1.00 load
[runlim] sample:		98700.15 time, 93480.01 real, 2630 MB, 1.00 load
[runlim] sample:		98710.16 time, 93490.01 real, 2630 MB, 1.00 load
[runlim] sample:		98720.15 time, 93500.01 real, 2630 MB, 1.00 load
[runlim] sample:		98730.16 time, 93510.01 real, 2630 MB, 1.00 load
[runlim] sample:		98740.16 time, 93520.01 real, 2630 MB, 1.15 load
[runlim] sample:		98750.03 time, 93530.01 real, 2630 MB, 1.28 load
[runlim] sample:		98760.03 time, 93540.01 real, 2630 MB, 1.24 load
[runlim] sample:		98770.03 time, 93550.01 real, 2630 MB, 1.20 load
[runlim] sample:		98780.03 time, 93560.01 real, 2630 MB, 1.17 load
[runlim] sample:		98790.03 time, 93570.01 real, 2630 MB, 1.14 load
[runlim] sample:		98800.04 time, 93580.02 real, 2630 MB, 1.12 load
[runlim] sample:		98810.04 time, 93590.01 real, 2630 MB, 1.10 load
[runlim] sample:		98820.04 time, 93600.01 real, 2630 MB, 1.17 load
[runlim] sample:		98830.05 time, 93610.01 real, 2630 MB, 1.14 load
[runlim] sample:		98840.04 time, 93620.01 real, 2630 MB, 1.12 load
[runlim] sample:		98850.05 time, 93630.01 real, 2630 MB, 1.10 load
[runlim] sample:		98860.05 time, 93640.01 real, 2630 MB, 1.08 load
[runlim] sample:		98870.05 time, 93650.01 real, 2630 MB, 1.07 load
[runlim] sample:		98880.05 time, 93660.01 real, 2630 MB, 1.06 load
[runlim] sample:		98890.06 time, 93670.01 real, 2630 MB, 1.05 load
[runlim] sample:		98900.06 time, 93680.01 real, 2630 MB, 1.04 load
[runlim] sample:		98910.06 time, 93690.01 real, 2630 MB, 1.04 load
[runlim] sample:		98920.07 time, 93700.01 real, 2630 MB, 1.03 load
[runlim] sample:		98930.07 time, 93710.01 real, 2630 MB, 1.02 load
[runlim] sample:		98940.07 time, 93720.01 real, 2630 MB, 1.02 load
[runlim] sample:		98950.07 time, 93730.01 real, 2630 MB, 1.02 load
[runlim] sample:		98960.08 time, 93740.01 real, 2630 MB, 1.01 load
[runlim] sample:		98970.07 time, 93750.01 real, 2630 MB, 1.01 load
[runlim] sample:		98980.08 time, 93760.01 real, 2630 MB, 1.01 load
[runlim] sample:		98990.08 time, 93770.01 real, 2630 MB, 1.01 load
[runlim] sample:		99000.08 time, 93780.01 real, 2630 MB, 1.01 load
[runlim] sample:		99010.09 time, 93790.01 real, 2630 MB, 1.00 load
[runlim] sample:		99019.94 time, 93800.01 real, 2630 MB, 1.00 load
[runlim] sample:		99029.94 time, 93810.01 real, 2630 MB, 1.00 load
[runlim] sample:		99039.95 time, 93820.01 real, 2630 MB, 1.00 load
[runlim] sample:		99049.95 time, 93830.01 real, 2630 MB, 1.00 load
[runlim] sample:		99059.96 time, 93840.01 real, 2630 MB, 1.00 load
[runlim] sample:		99069.95 time, 93850.01 real, 2630 MB, 1.00 load
[runlim] sample:		99079.96 time, 93860.01 real, 2630 MB, 1.00 load
[runlim] sample:		99089.96 time, 93870.01 real, 2630 MB, 1.07 load
[runlim] sample:		99099.96 time, 93880.01 real, 2630 MB, 1.06 load

NN₁: mnist_relu_3_100_gemm.onnx
NN₂: mnist_relu_3_100_0.79_adam_1_stepsize.onnx
Prop: mnist_89_global_4.vnnlib

NN₁: mnist_relu_3_100_gemm.onnx
NN₂: mnist_relu_3_100_0.79_adam_1_stepsize.onnx
Prop: mnist_89_global_5.vnnlib
[runlim] sample:		99109.96 time, 93890.01 real, 2630 MB, 1.05 load
[runlim] sample:		99119.96 time, 93900.01 real, 2632 MB, 1.04 load
[runlim] sample:		99129.96 time, 93910.01 real, 2633 MB, 1.04 load
[runlim] sample:		99139.96 time, 93920.01 real, 2635 MB, 1.03 load
[runlim] sample:		99149.97 time, 93930.01 real, 2637 MB, 1.02 load
[runlim] sample:		99159.97 time, 93940.01 real, 2639 MB, 1.02 load
[runlim] sample:		99169.97 time, 93950.01 real, 2643 MB, 1.02 load
[runlim] sample:		99179.97 time, 93960.01 real, 2643 MB, 1.01 load
[runlim] sample:		99189.97 time, 93970.01 real, 2649 MB, 1.01 load
[runlim] sample:		99199.98 time, 93980.01 real, 2653 MB, 1.01 load
[runlim] sample:		99209.99 time, 93990.02 real, 2660 MB, 1.01 load
[runlim] sample:		99219.99 time, 94000.01 real, 2660 MB, 1.01 load
[runlim] sample:		99229.98 time, 94010.01 real, 2665 MB, 1.00 load
[runlim] sample:		99239.99 time, 94020.01 real, 2671 MB, 1.16 load
[runlim] sample:		99249.99 time, 94030.02 real, 2671 MB, 1.29 load
[runlim] sample:		99260.00 time, 94040.01 real, 2680 MB, 1.24 load
[runlim] sample:		99269.99 time, 94050.01 real, 2689 MB, 1.21 load
[runlim] sample:		99280.00 time, 94060.02 real, 2689 MB, 1.17 load
[runlim] sample:		99289.86 time, 94070.01 real, 2698 MB, 1.15 load
[runlim] sample:		99299.85 time, 94080.01 real, 2708 MB, 1.12 load
[runlim] sample:		99309.86 time, 94090.01 real, 2708 MB, 1.10 load
[runlim] sample:		99319.86 time, 94100.01 real, 2715 MB, 1.09 load
[runlim] sample:		99329.86 time, 94110.01 real, 2715 MB, 1.07 load
[runlim] sample:		99339.87 time, 94120.01 real, 2727 MB, 1.06 load
[runlim] sample:		99349.86 time, 94130.01 real, 2738 MB, 1.05 load
[runlim] sample:		99359.87 time, 94140.01 real, 2738 MB, 1.04 load
[runlim] sample:		99369.87 time, 94150.01 real, 2746 MB, 1.04 load
[runlim] sample:		99379.87 time, 94160.01 real, 2746 MB, 1.03 load
[runlim] sample:		99389.87 time, 94170.01 real, 2761 MB, 1.02 load
[runlim] sample:		99399.87 time, 94180.01 real, 2761 MB, 1.02 load
[runlim] sample:		99409.88 time, 94190.01 real, 2784 MB, 1.02 load
[runlim] sample:		99419.88 time, 94200.01 real, 2784 MB, 1.01 load
[runlim] sample:		99429.89 time, 94210.01 real, 2796 MB, 1.01 load
[runlim] sample:		99439.88 time, 94220.01 real, 2796 MB, 1.01 load
[runlim] sample:		99449.89 time, 94230.01 real, 2809 MB, 1.01 load
[runlim] sample:		99459.89 time, 94240.01 real, 2809 MB, 1.01 load
[runlim] sample:		99469.89 time, 94250.01 real, 2822 MB, 1.00 load
[runlim] sample:		99479.90 time, 94260.01 real, 2822 MB, 1.00 load
[runlim] sample:		99489.90 time, 94270.01 real, 2832 MB, 1.00 load
[runlim] sample:		99499.90 time, 94280.01 real, 2836 MB, 1.00 load
[runlim] sample:		99509.90 time, 94290.01 real, 2836 MB, 1.00 load
[runlim] sample:		99519.90 time, 94300.01 real, 2850 MB, 1.00 load
[runlim] sample:		99529.91 time, 94310.01 real, 2850 MB, 1.00 load
[runlim] sample:		99539.91 time, 94320.01 real, 2865 MB, 1.00 load
[runlim] sample:		99549.91 time, 94330.01 real, 2865 MB, 1.00 load
[runlim] sample:		99559.79 time, 94340.01 real, 2865 MB, 1.00 load
[runlim] sample:		99569.79 time, 94350.01 real, 2879 MB, 1.00 load
[runlim] sample:		99579.80 time, 94360.01 real, 2879 MB, 1.00 load
[runlim] sample:		99589.80 time, 94370.01 real, 2895 MB, 1.00 load
[runlim] sample:		99599.80 time, 94380.01 real, 2895 MB, 1.00 load
[runlim] sample:		99609.80 time, 94390.01 real, 2895 MB, 1.00 load
[runlim] sample:		99619.81 time, 94400.01 real, 2912 MB, 1.00 load
[runlim] sample:		99629.81 time, 94410.01 real, 2912 MB, 1.00 load
[runlim] sample:		99639.81 time, 94420.01 real, 2924 MB, 1.00 load
[runlim] sample:		99649.81 time, 94430.01 real, 2929 MB, 1.00 load
[runlim] sample:		99659.82 time, 94440.01 real, 2929 MB, 1.00 load
[runlim] sample:		99669.82 time, 94450.01 real, 2946 MB, 1.00 load
[runlim] sample:		99679.82 time, 94460.01 real, 2946 MB, 1.00 load
[runlim] sample:		99689.82 time, 94470.01 real, 2946 MB, 1.00 load
[runlim] sample:		99699.82 time, 94480.01 real, 2963 MB, 1.00 load
[runlim] sample:		99709.82 time, 94490.01 real, 2963 MB, 1.00 load

NN₁: mnist_relu_3_100_gemm.onnx
NN₂: mnist_relu_3_100_0.79_adam_1_stepsize.onnx
Prop: mnist_90_global_4.vnnlib

NN₁: mnist_relu_3_100_gemm.onnx
NN₂: mnist_relu_3_100_0.79_adam_1_stepsize.onnx
Prop: mnist_90_global_5.vnnlib
[runlim] sample:		99719.82 time, 94500.01 real, 2632 MB, 1.00 load
[runlim] sample:		99729.82 time, 94510.01 real, 2632 MB, 1.00 load
[runlim] sample:		99739.82 time, 94520.01 real, 2632 MB, 1.15 load
[runlim] sample:		99749.82 time, 94530.01 real, 2632 MB, 1.28 load
[runlim] sample:		99759.83 time, 94540.01 real, 2633 MB, 1.24 load
[runlim] sample:		99769.83 time, 94550.01 real, 2633 MB, 1.20 load
[runlim] sample:		99779.83 time, 94560.01 real, 2633 MB, 1.17 load
[runlim] sample:		99789.84 time, 94570.01 real, 2633 MB, 1.14 load
[runlim] sample:		99799.83 time, 94580.01 real, 2633 MB, 1.12 load
[runlim] sample:		99809.84 time, 94590.02 real, 2633 MB, 1.10 load
[runlim] sample:		99819.84 time, 94600.01 real, 2633 MB, 1.09 load
[runlim] sample:		99829.72 time, 94610.01 real, 2633 MB, 1.07 load
[runlim] sample:		99839.71 time, 94620.01 real, 2633 MB, 1.06 load
[runlim] sample:		99849.72 time, 94630.02 real, 2638 MB, 1.05 load
[runlim] sample:		99859.72 time, 94640.01 real, 2638 MB, 1.04 load
[runlim] sample:		99869.73 time, 94650.01 real, 2638 MB, 1.04 load
[runlim] sample:		99879.73 time, 94660.02 real, 2638 MB, 1.03 load
[runlim] sample:		99889.73 time, 94670.01 real, 2638 MB, 1.02 load
[runlim] sample:		99899.73 time, 94680.01 real, 2638 MB, 1.02 load
[runlim] sample:		99909.73 time, 94690.01 real, 2638 MB, 1.02 load
[runlim] sample:		99919.73 time, 94700.01 real, 2639 MB, 1.01 load
[runlim] sample:		99929.74 time, 94710.01 real, 2639 MB, 1.01 load
[runlim] sample:		99939.74 time, 94720.01 real, 2639 MB, 1.01 load
[runlim] sample:		99949.74 time, 94730.01 real, 2639 MB, 1.01 load
[runlim] sample:		99959.74 time, 94740.01 real, 2639 MB, 1.01 load
[runlim] sample:		99969.75 time, 94750.01 real, 2639 MB, 1.00 load
[runlim] sample:		99979.75 time, 94760.01 real, 2639 MB, 1.00 load
[runlim] sample:		99989.76 time, 94770.01 real, 2639 MB, 1.00 load
[runlim] sample:		99999.75 time, 94780.01 real, 2639 MB, 1.00 load
[runlim] sample:		100009.75 time, 94790.01 real, 2639 MB, 1.00 load
[runlim] sample:		100019.76 time, 94800.01 real, 2639 MB, 1.08 load
[runlim] sample:		100029.76 time, 94810.01 real, 2639 MB, 1.07 load
[runlim] sample:		100039.77 time, 94820.01 real, 2639 MB, 1.06 load
[runlim] sample:		100049.76 time, 94830.01 real, 2639 MB, 1.05 load
[runlim] sample:		100059.77 time, 94840.01 real, 2639 MB, 1.04 load
[runlim] sample:		100069.77 time, 94850.01 real, 2639 MB, 1.03 load
[runlim] sample:		100079.78 time, 94860.01 real, 2639 MB, 1.03 load
[runlim] sample:		100089.78 time, 94870.01 real, 2641 MB, 1.02 load
[runlim] sample:		100099.64 time, 94880.01 real, 2641 MB, 1.02 load
[runlim] sample:		100109.64 time, 94890.01 real, 2641 MB, 1.02 load
[runlim] sample:		100119.64 time, 94900.01 real, 2641 MB, 1.01 load
[runlim] sample:		100129.65 time, 94910.01 real, 2641 MB, 1.01 load
[runlim] sample:		100139.65 time, 94920.01 real, 2641 MB, 1.01 load
[runlim] sample:		100149.65 time, 94930.01 real, 2641 MB, 1.01 load
[runlim] sample:		100159.66 time, 94940.01 real, 2641 MB, 1.00 load
[runlim] sample:		100169.66 time, 94950.01 real, 2641 MB, 1.00 load
[runlim] sample:		100179.65 time, 94960.01 real, 2641 MB, 1.00 load
[runlim] sample:		100189.66 time, 94970.01 real, 2641 MB, 1.00 load
[runlim] sample:		100199.66 time, 94980.01 real, 2641 MB, 1.00 load
[runlim] sample:		100209.66 time, 94990.01 real, 2655 MB, 1.00 load
[runlim] sample:		100219.66 time, 95000.01 real, 2655 MB, 1.00 load
[runlim] sample:		100229.67 time, 95010.01 real, 2655 MB, 1.00 load
[runlim] sample:		100239.68 time, 95020.01 real, 2655 MB, 1.15 load
[runlim] sample:		100249.67 time, 95030.01 real, 2655 MB, 1.28 load
[runlim] sample:		100259.68 time, 95040.01 real, 2655 MB, 1.24 load
[runlim] sample:		100269.68 time, 95050.02 real, 2655 MB, 1.20 load
[runlim] sample:		100279.68 time, 95060.01 real, 2655 MB, 1.17 load
[runlim] sample:		100289.68 time, 95070.02 real, 2655 MB, 1.14 load
[runlim] sample:		100299.69 time, 95080.01 real, 2655 MB, 1.12 load
[runlim] sample:		100309.69 time, 95090.01 real, 2655 MB, 1.10 load

NN₁: mnist_relu_3_100_gemm.onnx
NN₂: mnist_relu_3_100_0.79_adam_1_stepsize.onnx
Prop: mnist_91_global_4.vnnlib

NN₁: mnist_relu_3_100_gemm.onnx
NN₂: mnist_relu_3_100_0.79_adam_1_stepsize.onnx
Prop: mnist_91_global_5.vnnlib
[runlim] sample:		100319.68 time, 95100.01 real, 2630 MB, 1.09 load
[runlim] sample:		100329.68 time, 95110.01 real, 2630 MB, 1.07 load
[runlim] sample:		100339.68 time, 95120.01 real, 2630 MB, 1.06 load
[runlim] sample:		100349.69 time, 95130.01 real, 2630 MB, 1.05 load
[runlim] sample:		100359.69 time, 95140.01 real, 2630 MB, 1.04 load
[runlim] sample:		100369.53 time, 95150.01 real, 2636 MB, 1.04 load
[runlim] sample:		100379.53 time, 95160.01 real, 2641 MB, 1.03 load
[runlim] sample:		100389.54 time, 95170.01 real, 2649 MB, 1.02 load
[runlim] sample:		100399.54 time, 95180.01 real, 2655 MB, 1.02 load
[runlim] sample:		100409.53 time, 95190.01 real, 2661 MB, 1.02 load
[runlim] sample:		100419.54 time, 95200.01 real, 2661 MB, 1.01 load
[runlim] sample:		100429.54 time, 95210.01 real, 2668 MB, 1.01 load
[runlim] sample:		100439.55 time, 95220.01 real, 2672 MB, 1.01 load
[runlim] sample:		100449.55 time, 95230.01 real, 2676 MB, 1.01 load
[runlim] sample:		100459.55 time, 95240.01 real, 2676 MB, 1.08 load
[runlim] sample:		100469.55 time, 95250.01 real, 2678 MB, 1.07 load
[runlim] sample:		100479.55 time, 95260.01 real, 2683 MB, 1.06 load
[runlim] sample:		100489.56 time, 95270.01 real, 2685 MB, 1.05 load
[runlim] sample:		100499.55 time, 95280.01 real, 2685 MB, 1.04 load
[runlim] sample:		100509.56 time, 95290.01 real, 2687 MB, 1.03 load
[runlim] sample:		100519.56 time, 95300.01 real, 2690 MB, 1.03 load
[runlim] sample:		100529.56 time, 95310.01 real, 2691 MB, 1.02 load
[runlim] sample:		100539.56 time, 95320.01 real, 2691 MB, 1.02 load
[runlim] sample:		100549.57 time, 95330.01 real, 2693 MB, 1.02 load
[runlim] sample:		100559.57 time, 95340.01 real, 2693 MB, 1.01 load
[runlim] sample:		100569.57 time, 95350.01 real, 2693 MB, 1.01 load
[runlim] sample:		100579.58 time, 95360.01 real, 2693 MB, 1.01 load
[runlim] sample:		100589.57 time, 95370.01 real, 2693 MB, 1.01 load
[runlim] sample:		100599.58 time, 95380.01 real, 2693 MB, 1.00 load
[runlim] sample:		100609.58 time, 95390.01 real, 2693 MB, 1.00 load
[runlim] sample:		100619.58 time, 95400.01 real, 2693 MB, 1.00 load
[runlim] sample:		100629.58 time, 95410.01 real, 2693 MB, 1.00 load
[runlim] sample:		100639.46 time, 95420.01 real, 2693 MB, 1.00 load
[runlim] sample:		100649.46 time, 95430.01 real, 2693 MB, 1.00 load
[runlim] sample:		100659.46 time, 95440.01 real, 2693 MB, 1.00 load
[runlim] sample:		100669.46 time, 95450.01 real, 2693 MB, 1.00 load
[runlim] sample:		100679.47 time, 95460.01 real, 2693 MB, 1.00 load
[runlim] sample:		100689.47 time, 95470.01 real, 2693 MB, 1.00 load
[runlim] sample:		100699.47 time, 95480.01 real, 2693 MB, 1.00 load
[runlim] sample:		100709.47 time, 95490.01 real, 2693 MB, 1.00 load
[runlim] sample:		100719.47 time, 95500.01 real, 2693 MB, 1.00 load
[runlim] sample:		100729.47 time, 95510.01 real, 2671 MB, 1.00 load

NN₁: mnist_relu_3_100_gemm.onnx
NN₂: mnist_relu_3_100_0.79_adam_1_stepsize.onnx
Prop: mnist_92_global_4.vnnlib
[runlim] sample:		100739.47 time, 95520.01 real, 2632 MB, 1.15 load
[runlim] sample:		100749.47 time, 95530.01 real, 2632 MB, 1.28 load
[runlim] sample:		100759.48 time, 95540.01 real, 2636 MB, 1.24 load
[runlim] sample:		100769.48 time, 95550.01 real, 2636 MB, 1.20 load
[runlim] sample:		100783.52 time, 95560.01 real, 2640 MB, 1.17 load
[runlim] sample:		100797.80 time, 95570.01 real, 2644 MB, 1.14 load
[runlim] sample:		100809.58 time, 95580.01 real, 2642 MB, 1.12 load
[runlim] sample:		100819.63 time, 95590.01 real, 2642 MB, 1.10 load
[runlim] sample:		100832.49 time, 95600.01 real, 2647 MB, 1.09 load
[runlim] sample:		100844.54 time, 95610.01 real, 2645 MB, 1.07 load
[runlim] sample:		100856.34 time, 95620.01 real, 2642 MB, 1.06 load
[runlim] sample:		100872.48 time, 95630.01 real, 2639 MB, 1.05 load
[runlim] sample:		100887.72 time, 95640.01 real, 2640 MB, 1.04 load
[runlim] sample:		100909.24 time, 95650.01 real, 2640 MB, 1.04 load
[runlim] sample:		100921.22 time, 95660.01 real, 2636 MB, 1.03 load
[runlim] sample:		100936.03 time, 95670.01 real, 2634 MB, 1.02 load
[runlim] sample:		100952.80 time, 95680.01 real, 2643 MB, 1.02 load
[runlim] sample:		100966.60 time, 95690.01 real, 2639 MB, 1.02 load
[runlim] sample:		100980.36 time, 95700.01 real, 2641 MB, 1.01 load
[runlim] sample:		100997.10 time, 95710.01 real, 2637 MB, 1.41 load
[runlim] sample:		101012.03 time, 95720.01 real, 2642 MB, 1.35 load
[runlim] sample:		101025.95 time, 95730.01 real, 2635 MB, 1.29 load
[runlim] sample:		101037.13 time, 95740.01 real, 2638 MB, 1.97 load
[runlim] sample:		101051.18 time, 95750.01 real, 2638 MB, 1.82 load
[runlim] sample:		101071.92 time, 95760.01 real, 2636 MB, 3.54 load
[runlim] sample:		101082.07 time, 95770.01 real, 2635 MB, 3.15 load
[runlim] sample:		101093.00 time, 95780.01 real, 2641 MB, 2.81 load
[runlim] sample:		101104.39 time, 95790.01 real, 2640 MB, 2.54 load
[runlim] sample:		101117.63 time, 95800.01 real, 2642 MB, 2.30 load
[runlim] sample:		101130.00 time, 95810.01 real, 2643 MB, 2.10 load
[runlim] sample:		101140.01 time, 95820.01 real, 2643 MB, 1.93 load
[runlim] sample:		101150.43 time, 95830.01 real, 2642 MB, 1.79 load
[runlim] sample:		101161.54 time, 95840.01 real, 2641 MB, 1.67 load
[runlim] sample:		101175.71 time, 95850.01 real, 2636 MB, 1.72 load
[runlim] sample:		101185.76 time, 95860.01 real, 2636 MB, 1.61 load
[runlim] sample:		101195.77 time, 95870.01 real, 2640 MB, 1.52 load
[runlim] sample:		101205.77 time, 95880.01 real, 2651 MB, 1.44 load
[runlim] sample:		101216.47 time, 95890.01 real, 2648 MB, 1.37 load
[runlim] sample:		101227.13 time, 95900.01 real, 2648 MB, 1.31 load
[runlim] sample:		101239.60 time, 95910.01 real, 2653 MB, 1.93 load
[runlim] sample:		101256.29 time, 95920.01 real, 2647 MB, 1.78 load
[runlim] sample:		101269.38 time, 95930.01 real, 2652 MB, 1.66 load
[runlim] sample:		101285.88 time, 95940.01 real, 2657 MB, 1.56 load
[runlim] sample:		101298.23 time, 95950.01 real, 2648 MB, 1.47 load
[runlim] sample:		101315.15 time, 95960.01 real, 2650 MB, 1.56 load
[runlim] sample:		101331.68 time, 95970.02 real, 2652 MB, 1.47 load
[runlim] sample:		101347.05 time, 95980.01 real, 2657 MB, 1.40 load
[runlim] sample:		101366.54 time, 95990.01 real, 2655 MB, 1.34 load
[runlim] sample:		101384.44 time, 96000.01 real, 2654 MB, 1.29 load
[runlim] sample:		101400.35 time, 96010.01 real, 2657 MB, 1.24 load
[runlim] sample:		101416.25 time, 96020.01 real, 2661 MB, 1.36 load
[runlim] sample:		101430.29 time, 96030.01 real, 2656 MB, 1.46 load
[runlim] sample:		101447.09 time, 96040.01 real, 2666 MB, 1.39 load
[runlim] sample:		101465.53 time, 96050.01 real, 2663 MB, 1.33 load
[runlim] sample:		101480.31 time, 96060.01 real, 2660 MB, 1.28 load
[runlim] sample:		101499.62 time, 96070.01 real, 2664 MB, 1.23 load
[runlim] sample:		101514.56 time, 96080.01 real, 2666 MB, 1.20 load
[runlim] sample:		101531.79 time, 96090.01 real, 2665 MB, 1.17 load
[runlim] sample:		101549.63 time, 96100.01 real, 2669 MB, 1.14 load
[runlim] sample:		101565.15 time, 96110.01 real, 2665 MB, 1.12 load

NN₁: mnist_relu_3_100_gemm.onnx
NN₂: mnist_relu_3_100_0.79_adam_1_stepsize.onnx
Prop: mnist_92_global_5.vnnlib
[runlim] sample:		101575.30 time, 96120.01 real, 2635 MB, 1.10 load
[runlim] sample:		101585.31 time, 96130.01 real, 2637 MB, 1.08 load
[runlim] sample:		101595.30 time, 96140.01 real, 2639 MB, 1.07 load
[runlim] sample:		101605.31 time, 96150.01 real, 2639 MB, 1.06 load
[runlim] sample:		101615.31 time, 96160.01 real, 2643 MB, 1.05 load
[runlim] sample:		101625.31 time, 96170.01 real, 2648 MB, 1.04 load
[runlim] sample:		101635.31 time, 96180.01 real, 2648 MB, 1.03 load
[runlim] sample:		101645.31 time, 96190.01 real, 2652 MB, 1.03 load
[runlim] sample:		101655.31 time, 96200.01 real, 2658 MB, 1.02 load
[runlim] sample:		101665.31 time, 96210.01 real, 2658 MB, 1.02 load
[runlim] sample:		101675.32 time, 96220.01 real, 2663 MB, 1.02 load
[runlim] sample:		101685.20 time, 96230.01 real, 2663 MB, 1.01 load
[runlim] sample:		101695.20 time, 96240.01 real, 2669 MB, 1.01 load
[runlim] sample:		101705.20 time, 96250.01 real, 2669 MB, 1.01 load
[runlim] sample:		101715.21 time, 96260.01 real, 2674 MB, 1.01 load
[runlim] sample:		101725.21 time, 96270.01 real, 2680 MB, 1.01 load
[runlim] sample:		101735.20 time, 96280.01 real, 2680 MB, 1.00 load
[runlim] sample:		101745.21 time, 96290.01 real, 2687 MB, 1.00 load
[runlim] sample:		101755.21 time, 96300.01 real, 2687 MB, 1.00 load
[runlim] sample:		101765.21 time, 96310.01 real, 2692 MB, 1.00 load
[runlim] sample:		101775.21 time, 96320.01 real, 2692 MB, 1.00 load
[runlim] sample:		101785.21 time, 96330.01 real, 2699 MB, 1.00 load
[runlim] sample:		101795.21 time, 96340.01 real, 2699 MB, 1.00 load
[runlim] sample:		101805.21 time, 96350.01 real, 2706 MB, 1.00 load
[runlim] sample:		101815.21 time, 96360.01 real, 2706 MB, 1.00 load
[runlim] sample:		101825.22 time, 96370.01 real, 2714 MB, 1.00 load
[runlim] sample:		101835.22 time, 96380.01 real, 2714 MB, 1.00 load
[runlim] sample:		101845.22 time, 96390.01 real, 2721 MB, 1.00 load
[runlim] sample:		101855.22 time, 96400.01 real, 2721 MB, 1.00 load
[runlim] sample:		101865.22 time, 96410.01 real, 2721 MB, 1.00 load
[runlim] sample:		101875.22 time, 96420.01 real, 2730 MB, 1.00 load
[runlim] sample:		101885.23 time, 96430.01 real, 2730 MB, 1.00 load
[runlim] sample:		101895.23 time, 96440.01 real, 2738 MB, 1.08 load
[runlim] sample:		101905.23 time, 96450.01 real, 2738 MB, 1.07 load
[runlim] sample:		101915.23 time, 96460.01 real, 2748 MB, 1.06 load
[runlim] sample:		101925.23 time, 96470.01 real, 2747 MB, 1.05 load
[runlim] sample:		101935.23 time, 96480.01 real, 2747 MB, 1.04 load
[runlim] sample:		101945.23 time, 96490.01 real, 2756 MB, 1.03 load
[runlim] sample:		101955.09 time, 96500.01 real, 2756 MB, 1.03 load
[runlim] sample:		101965.09 time, 96510.01 real, 2756 MB, 1.02 load
[runlim] sample:		101975.09 time, 96520.01 real, 2764 MB, 1.17 load
[runlim] sample:		101985.09 time, 96530.01 real, 2764 MB, 1.30 load
[runlim] sample:		101995.10 time, 96540.01 real, 2773 MB, 1.25 load
[runlim] sample:		102005.09 time, 96550.01 real, 2773 MB, 1.21 load
[runlim] sample:		102015.09 time, 96560.01 real, 2773 MB, 1.18 load
[runlim] sample:		102025.10 time, 96570.01 real, 2783 MB, 1.15 load
[runlim] sample:		102035.09 time, 96580.01 real, 2783 MB, 1.13 load
[runlim] sample:		102045.10 time, 96590.01 real, 2783 MB, 1.11 load
[runlim] sample:		102055.10 time, 96600.01 real, 2793 MB, 1.09 load
[runlim] sample:		102065.10 time, 96610.01 real, 2793 MB, 1.08 load
[runlim] sample:		102075.10 time, 96620.01 real, 2793 MB, 1.06 load
[runlim] sample:		102085.10 time, 96630.01 real, 2803 MB, 1.05 load
[runlim] sample:		102095.10 time, 96640.01 real, 2803 MB, 1.05 load
[runlim] sample:		102105.10 time, 96650.01 real, 2803 MB, 1.04 load
[runlim] sample:		102115.10 time, 96660.01 real, 2812 MB, 1.03 load
[runlim] sample:		102125.10 time, 96670.01 real, 2812 MB, 1.03 load
[runlim] sample:		102135.10 time, 96680.01 real, 2812 MB, 1.02 load
[runlim] sample:		102145.11 time, 96690.01 real, 2821 MB, 1.02 load
[runlim] sample:		102155.11 time, 96700.01 real, 2821 MB, 1.02 load
[runlim] sample:		102165.11 time, 96710.01 real, 2821 MB, 1.01 load

NN₁: mnist_relu_3_100_gemm.onnx
NN₂: mnist_relu_3_100_0.79_adam_1_stepsize.onnx
Prop: mnist_93_global_4.vnnlib

NN₁: mnist_relu_3_100_gemm.onnx
NN₂: mnist_relu_3_100_0.79_adam_1_stepsize.onnx
Prop: mnist_93_global_5.vnnlib

NN₁: mnist_relu_3_100_gemm.onnx
NN₂: mnist_relu_3_100_0.79_adam_1_stepsize.onnx
Prop: mnist_94_global_4.vnnlib

NN₁: mnist_relu_3_100_gemm.onnx
NN₂: mnist_relu_3_100_0.79_adam_1_stepsize.onnx
Prop: mnist_94_global_5.vnnlib
[runlim] sample:		102175.10 time, 96720.01 real, 2636 MB, 1.01 load
[runlim] sample:		102185.10 time, 96730.01 real, 2636 MB, 1.01 load
[runlim] sample:		102195.09 time, 96740.01 real, 2636 MB, 1.01 load
[runlim] sample:		102205.09 time, 96750.01 real, 2636 MB, 1.00 load
[runlim] sample:		102215.09 time, 96760.01 real, 2636 MB, 1.00 load
[runlim] sample:		102224.96 time, 96770.01 real, 2638 MB, 1.00 load
[runlim] sample:		102234.96 time, 96780.01 real, 2638 MB, 1.00 load
[runlim] sample:		102244.96 time, 96790.01 real, 2650 MB, 1.00 load
[runlim] sample:		102254.96 time, 96800.01 real, 2650 MB, 1.00 load
[runlim] sample:		102264.96 time, 96810.01 real, 2656 MB, 1.00 load
[runlim] sample:		102274.96 time, 96820.01 real, 2665 MB, 1.00 load
[runlim] sample:		102284.96 time, 96830.01 real, 2672 MB, 1.00 load
[runlim] sample:		102294.96 time, 96840.01 real, 2672 MB, 1.00 load
[runlim] sample:		102304.96 time, 96850.01 real, 2683 MB, 1.00 load
[runlim] sample:		102314.97 time, 96860.01 real, 2692 MB, 1.00 load
[runlim] sample:		102324.97 time, 96870.01 real, 2692 MB, 1.00 load
[runlim] sample:		102334.97 time, 96880.01 real, 2704 MB, 1.00 load
[runlim] sample:		102344.97 time, 96890.01 real, 2704 MB, 1.00 load
[runlim] sample:		102354.97 time, 96900.01 real, 2713 MB, 1.00 load
[runlim] sample:		102364.97 time, 96910.01 real, 2724 MB, 1.00 load
[runlim] sample:		102374.97 time, 96920.01 real, 2724 MB, 1.00 load
[runlim] sample:		102384.97 time, 96930.01 real, 2737 MB, 1.00 load
[runlim] sample:		102394.98 time, 96940.01 real, 2737 MB, 1.00 load
[runlim] sample:		102404.98 time, 96950.01 real, 2773 MB, 1.00 load
[runlim] sample:		102414.98 time, 96960.01 real, 2773 MB, 1.00 load
[runlim] sample:		102424.98 time, 96970.01 real, 2787 MB, 1.00 load
[runlim] sample:		102434.98 time, 96980.01 real, 2787 MB, 1.00 load
[runlim] sample:		102444.98 time, 96990.02 real, 2799 MB, 1.00 load
[runlim] sample:		102454.98 time, 97000.01 real, 2799 MB, 1.00 load
[runlim] sample:		102464.98 time, 97010.01 real, 2812 MB, 1.00 load
[runlim] sample:		102474.98 time, 97020.01 real, 2812 MB, 1.15 load
[runlim] sample:		102484.99 time, 97030.01 real, 2824 MB, 1.20 load
[runlim] sample:		102494.85 time, 97040.01 real, 2824 MB, 1.17 load
[runlim] sample:		102504.85 time, 97050.01 real, 2839 MB, 1.15 load
[runlim] sample:		102514.85 time, 97060.01 real, 2839 MB, 1.12 load
[runlim] sample:		102524.85 time, 97070.01 real, 2852 MB, 1.10 load
[runlim] sample:		102534.85 time, 97080.01 real, 2852 MB, 1.09 load
[runlim] sample:		102544.85 time, 97090.01 real, 2866 MB, 1.07 load
[runlim] sample:		102554.85 time, 97100.01 real, 2866 MB, 1.06 load
[runlim] sample:		102564.85 time, 97110.01 real, 2866 MB, 1.05 load
[runlim] sample:		102574.86 time, 97120.01 real, 2879 MB, 1.04 load
[runlim] sample:		102584.86 time, 97130.01 real, 2879 MB, 1.04 load
[runlim] sample:		102594.86 time, 97140.01 real, 2898 MB, 1.03 load
[runlim] sample:		102604.86 time, 97150.01 real, 2898 MB, 1.02 load
[runlim] sample:		102614.86 time, 97160.01 real, 2898 MB, 1.02 load
[runlim] sample:		102624.86 time, 97170.01 real, 2911 MB, 1.02 load
[runlim] sample:		102634.86 time, 97180.01 real, 2911 MB, 1.01 load
[runlim] sample:		102644.87 time, 97190.01 real, 2927 MB, 1.01 load
[runlim] sample:		102654.87 time, 97200.01 real, 2927 MB, 1.01 load
[runlim] sample:		102664.87 time, 97210.01 real, 2927 MB, 1.01 load
[runlim] sample:		102674.87 time, 97220.01 real, 2935 MB, 1.01 load
[runlim] sample:		102684.87 time, 97230.01 real, 2935 MB, 1.00 load
[runlim] sample:		102694.87 time, 97240.01 real, 2935 MB, 1.00 load
[runlim] sample:		102704.87 time, 97250.01 real, 2959 MB, 1.00 load
[runlim] sample:		102714.87 time, 97260.01 real, 2959 MB, 1.00 load
[runlim] sample:		102724.87 time, 97270.01 real, 2959 MB, 1.00 load
[runlim] sample:		102734.87 time, 97280.01 real, 2975 MB, 1.00 load
[runlim] sample:		102744.88 time, 97290.01 real, 2975 MB, 1.00 load
[runlim] sample:		102754.87 time, 97300.01 real, 2986 MB, 1.00 load
[runlim] sample:		102764.75 time, 97310.01 real, 2986 MB, 1.00 load

NN₁: mnist_relu_3_100_gemm.onnx
NN₂: mnist_relu_3_100_0.79_adam_1_stepsize.onnx
Prop: mnist_95_global_4.vnnlib
[runlim] sample:		102774.73 time, 97320.01 real, 2633 MB, 1.00 load

NN₁: mnist_relu_3_100_gemm.onnx
NN₂: mnist_relu_3_100_0.79_adam_1_stepsize.onnx
Prop: mnist_95_global_5.vnnlib

NN₁: mnist_relu_3_100_gemm.onnx
NN₂: mnist_relu_3_100_0.79_adam_1_stepsize.onnx
Prop: mnist_96_global_4.vnnlib
[runlim] sample:		102784.73 time, 97330.01 real, 2633 MB, 1.00 load
[runlim] sample:		102794.73 time, 97340.01 real, 2633 MB, 1.00 load
[runlim] sample:		102804.73 time, 97350.01 real, 2633 MB, 1.00 load
[runlim] sample:		102814.74 time, 97360.01 real, 2633 MB, 1.00 load
[runlim] sample:		102824.74 time, 97370.01 real, 2633 MB, 1.00 load
[runlim] sample:		102834.73 time, 97380.01 real, 2633 MB, 1.00 load
[runlim] sample:		102844.73 time, 97390.01 real, 2633 MB, 1.00 load
[runlim] sample:		102854.74 time, 97400.01 real, 2633 MB, 1.00 load
[runlim] sample:		102864.74 time, 97410.01 real, 2633 MB, 1.00 load
[runlim] sample:		102875.03 time, 97420.01 real, 2635 MB, 1.00 load
[runlim] sample:		102885.04 time, 97430.01 real, 2636 MB, 1.00 load
[runlim] sample:		102895.04 time, 97440.01 real, 2636 MB, 1.00 load
[runlim] sample:		102905.04 time, 97450.01 real, 2636 MB, 1.00 load
[runlim] sample:		102915.19 time, 97460.01 real, 2641 MB, 1.00 load
[runlim] sample:		102925.19 time, 97470.01 real, 2641 MB, 1.00 load
[runlim] sample:		102935.19 time, 97480.01 real, 2641 MB, 1.00 load
[runlim] sample:		102945.19 time, 97490.01 real, 2641 MB, 1.00 load
[runlim] sample:		102955.19 time, 97500.01 real, 2641 MB, 1.00 load
[runlim] sample:		102965.20 time, 97510.01 real, 2641 MB, 1.00 load
[runlim] sample:		102975.20 time, 97520.01 real, 2641 MB, 1.15 load
[runlim] sample:		102985.20 time, 97530.01 real, 2641 MB, 1.28 load
[runlim] sample:		102995.20 time, 97540.01 real, 2645 MB, 1.24 load
[runlim] sample:		103005.20 time, 97550.01 real, 2645 MB, 1.20 load
[runlim] sample:		103015.73 time, 97560.01 real, 2649 MB, 1.17 load
[runlim] sample:		103025.73 time, 97570.01 real, 2653 MB, 1.14 load
[runlim] sample:		103035.59 time, 97580.01 real, 2654 MB, 1.12 load
[runlim] sample:		103045.60 time, 97590.01 real, 2654 MB, 1.10 load
[runlim] sample:		103055.73 time, 97600.01 real, 2658 MB, 1.09 load
[runlim] sample:		103066.14 time, 97610.01 real, 2663 MB, 1.07 load
[runlim] sample:		103076.32 time, 97620.01 real, 2664 MB, 1.06 load
[runlim] sample:		103086.31 time, 97630.01 real, 2665 MB, 1.05 load
[runlim] sample:		103096.32 time, 97640.01 real, 2666 MB, 1.04 load
[runlim] sample:		103106.64 time, 97650.01 real, 2667 MB, 1.04 load
[runlim] sample:		103116.64 time, 97660.01 real, 2667 MB, 1.03 load
[runlim] sample:		103126.64 time, 97670.01 real, 2668 MB, 1.02 load
[runlim] sample:		103136.64 time, 97680.01 real, 2668 MB, 1.02 load
[runlim] sample:		103146.85 time, 97690.02 real, 2668 MB, 1.02 load
[runlim] sample:		103156.84 time, 97700.01 real, 2672 MB, 1.01 load
[runlim] sample:		103166.85 time, 97710.01 real, 2672 MB, 1.01 load
[runlim] sample:		103176.90 time, 97720.01 real, 2675 MB, 1.01 load
[runlim] sample:		103186.97 time, 97730.01 real, 2679 MB, 1.01 load
[runlim] sample:		103196.98 time, 97740.01 real, 2679 MB, 1.01 load
[runlim] sample:		103206.97 time, 97750.01 real, 2682 MB, 1.00 load
[runlim] sample:		103218.73 time, 97760.01 real, 2693 MB, 1.00 load
[runlim] sample:		103233.79 time, 97770.01 real, 2682 MB, 1.00 load
[runlim] sample:		103245.10 time, 97780.01 real, 2689 MB, 1.00 load
[runlim] sample:		103260.84 time, 97790.01 real, 2698 MB, 1.00 load
[runlim] sample:		103271.57 time, 97800.01 real, 2700 MB, 1.00 load
[runlim] sample:		103281.56 time, 97810.01 real, 2700 MB, 1.00 load
[runlim] sample:		103291.57 time, 97820.01 real, 2703 MB, 1.00 load
[runlim] sample:		103301.62 time, 97830.01 real, 2708 MB, 1.00 load
[runlim] sample:		103311.63 time, 97840.01 real, 2708 MB, 1.00 load
[runlim] sample:		103321.35 time, 97850.01 real, 2717 MB, 1.00 load
[runlim] sample:		103331.35 time, 97860.01 real, 2717 MB, 1.00 load
[runlim] sample:		103342.50 time, 97870.01 real, 2720 MB, 1.00 load
[runlim] sample:		103355.43 time, 97880.01 real, 2723 MB, 1.00 load
[runlim] sample:		103367.13 time, 97890.01 real, 2724 MB, 1.00 load
[runlim] sample:		103379.40 time, 97900.01 real, 2724 MB, 1.00 load
[runlim] sample:		103390.44 time, 97910.01 real, 2727 MB, 1.00 load
[runlim] sample:		103403.35 time, 97920.01 real, 2729 MB, 1.00 load

NN₁: mnist_relu_3_100_gemm.onnx
NN₂: mnist_relu_3_100_0.79_adam_1_stepsize.onnx
Prop: mnist_96_global_5.vnnlib
[runlim] sample:		103413.57 time, 97930.01 real, 2634 MB, 1.00 load
[runlim] sample:		103423.57 time, 97940.01 real, 2636 MB, 1.00 load
[runlim] sample:		103433.57 time, 97950.01 real, 2639 MB, 1.00 load
[runlim] sample:		103443.57 time, 97960.01 real, 2639 MB, 1.00 load
[runlim] sample:		103453.58 time, 97970.01 real, 2639 MB, 1.00 load
[runlim] sample:		103463.58 time, 97980.01 real, 2643 MB, 1.00 load
[runlim] sample:		103473.58 time, 97990.01 real, 2649 MB, 1.00 load
[runlim] sample:		103483.59 time, 98000.01 real, 2652 MB, 1.00 load
[runlim] sample:		103493.59 time, 98010.01 real, 2652 MB, 1.00 load
[runlim] sample:		103503.59 time, 98020.02 real, 2654 MB, 1.15 load
[runlim] sample:		103513.59 time, 98030.01 real, 2659 MB, 1.20 load
[runlim] sample:		103523.60 time, 98040.01 real, 2659 MB, 1.17 load
[runlim] sample:		103533.60 time, 98050.01 real, 2664 MB, 1.15 load
[runlim] sample:		103543.60 time, 98060.01 real, 2666 MB, 1.12 load
[runlim] sample:		103553.61 time, 98070.01 real, 2666 MB, 1.10 load
[runlim] sample:		103563.60 time, 98080.01 real, 2673 MB, 1.09 load
[runlim] sample:		103573.60 time, 98090.01 real, 2673 MB, 1.07 load
[runlim] sample:		103583.61 time, 98100.01 real, 2677 MB, 1.06 load
[runlim] sample:		103593.61 time, 98110.01 real, 2677 MB, 1.05 load
[runlim] sample:		103603.47 time, 98120.01 real, 2683 MB, 1.04 load
[runlim] sample:		103613.47 time, 98130.01 real, 2693 MB, 1.04 load
[runlim] sample:		103623.47 time, 98140.01 real, 2693 MB, 1.03 load
[runlim] sample:		103633.48 time, 98150.01 real, 2699 MB, 1.02 load
[runlim] sample:		103643.48 time, 98160.01 real, 2699 MB, 1.02 load
[runlim] sample:		103653.49 time, 98170.01 real, 2706 MB, 1.02 load
[runlim] sample:		103663.49 time, 98180.01 real, 2706 MB, 1.01 load
[runlim] sample:		103673.49 time, 98190.01 real, 2714 MB, 1.01 load
[runlim] sample:		103683.50 time, 98200.01 real, 2714 MB, 1.01 load
[runlim] sample:		103693.49 time, 98210.01 real, 2718 MB, 1.01 load
[runlim] sample:		103703.50 time, 98220.01 real, 2718 MB, 1.01 load
[runlim] sample:		103713.50 time, 98230.01 real, 2728 MB, 1.00 load
[runlim] sample:		103723.51 time, 98240.01 real, 2728 MB, 1.00 load
[runlim] sample:		103733.50 time, 98250.01 real, 2735 MB, 1.00 load
[runlim] sample:		103743.51 time, 98260.01 real, 2735 MB, 1.08 load
[runlim] sample:		103753.51 time, 98270.01 real, 2744 MB, 1.07 load
[runlim] sample:		103763.51 time, 98280.01 real, 2744 MB, 1.14 load
[runlim] sample:		103773.52 time, 98290.01 real, 2744 MB, 1.12 load
[runlim] sample:		103783.52 time, 98300.01 real, 2752 MB, 1.10 load
[runlim] sample:		103793.52 time, 98310.01 real, 2752 MB, 1.08 load
[runlim] sample:		103803.52 time, 98320.01 real, 2760 MB, 1.07 load
[runlim] sample:		103813.52 time, 98330.01 real, 2760 MB, 1.06 load
[runlim] sample:		103823.53 time, 98340.01 real, 2768 MB, 1.05 load
[runlim] sample:		103833.53 time, 98350.01 real, 2768 MB, 1.04 load
[runlim] sample:		103843.54 time, 98360.01 real, 2768 MB, 1.03 load
[runlim] sample:		103853.53 time, 98370.01 real, 2776 MB, 1.03 load
[runlim] sample:		103863.53 time, 98380.01 real, 2776 MB, 1.02 load
[runlim] sample:		103873.39 time, 98390.01 real, 2786 MB, 1.02 load
[runlim] sample:		103883.39 time, 98400.01 real, 2786 MB, 1.02 load
[runlim] sample:		103893.40 time, 98410.01 real, 2786 MB, 1.01 load
[runlim] sample:		103903.39 time, 98420.01 real, 2795 MB, 1.01 load
[runlim] sample:		103913.40 time, 98430.01 real, 2795 MB, 1.01 load
[runlim] sample:		103923.40 time, 98440.01 real, 2804 MB, 1.01 load
[runlim] sample:		103933.40 time, 98450.01 real, 2804 MB, 1.00 load
[runlim] sample:		103943.41 time, 98460.01 real, 2804 MB, 1.00 load
[runlim] sample:		103953.41 time, 98470.01 real, 2813 MB, 1.00 load
[runlim] sample:		103963.41 time, 98480.01 real, 2813 MB, 1.00 load
[runlim] sample:		103973.41 time, 98490.01 real, 2813 MB, 1.00 load
[runlim] sample:		103983.41 time, 98500.01 real, 2822 MB, 1.00 load
[runlim] sample:		103993.41 time, 98510.01 real, 2822 MB, 1.00 load
[runlim] sample:		104003.42 time, 98520.01 real, 2828 MB, 1.15 load

NN₁: mnist_relu_3_100_gemm.onnx
NN₂: mnist_relu_3_100_0.79_adam_1_stepsize.onnx
Prop: mnist_97_global_4.vnnlib

NN₁: mnist_relu_3_100_gemm.onnx
NN₂: mnist_relu_3_100_0.79_adam_1_stepsize.onnx
Prop: mnist_97_global_5.vnnlib
[runlim] sample:		104013.37 time, 98530.01 real, 2636 MB, 1.28 load
[runlim] sample:		104023.38 time, 98540.01 real, 2637 MB, 1.24 load
[runlim] sample:		104033.38 time, 98550.01 real, 2640 MB, 1.20 load
[runlim] sample:		104043.38 time, 98560.01 real, 2642 MB, 1.17 load
[runlim] sample:		104053.38 time, 98570.01 real, 2642 MB, 1.14 load
[runlim] sample:		104063.38 time, 98580.01 real, 2645 MB, 1.12 load
[runlim] sample:		104073.39 time, 98590.01 real, 2651 MB, 1.10 load
[runlim] sample:		104083.39 time, 98600.01 real, 2656 MB, 1.09 load
[runlim] sample:		104093.39 time, 98610.01 real, 2656 MB, 1.07 load
[runlim] sample:		104103.39 time, 98620.01 real, 2661 MB, 1.06 load
[runlim] sample:		104113.39 time, 98630.01 real, 2669 MB, 1.05 load
[runlim] sample:		104123.40 time, 98640.01 real, 2669 MB, 1.04 load
[runlim] sample:		104133.40 time, 98650.01 real, 2673 MB, 1.12 load
[runlim] sample:		104143.25 time, 98660.01 real, 2680 MB, 1.10 load
[runlim] sample:		104153.26 time, 98670.01 real, 2680 MB, 1.08 load
[runlim] sample:		104163.26 time, 98680.01 real, 2685 MB, 1.07 load
[runlim] sample:		104173.26 time, 98690.01 real, 2685 MB, 1.06 load
[runlim] sample:		104183.27 time, 98700.01 real, 2696 MB, 1.05 load
[runlim] sample:		104193.26 time, 98710.01 real, 2703 MB, 1.04 load
[runlim] sample:		104203.26 time, 98720.01 real, 2703 MB, 1.03 load
[runlim] sample:		104213.27 time, 98730.01 real, 2710 MB, 1.03 load
[runlim] sample:		104223.27 time, 98740.01 real, 2710 MB, 1.02 load
[runlim] sample:		104233.27 time, 98750.01 real, 2722 MB, 1.02 load
[runlim] sample:		104243.28 time, 98760.01 real, 2722 MB, 1.02 load
[runlim] sample:		104253.28 time, 98770.02 real, 2731 MB, 1.01 load
[runlim] sample:		104263.28 time, 98780.01 real, 2731 MB, 1.01 load
[runlim] sample:		104273.29 time, 98790.02 real, 2741 MB, 1.01 load
[runlim] sample:		104283.28 time, 98800.01 real, 2741 MB, 1.01 load
[runlim] sample:		104293.29 time, 98810.01 real, 2749 MB, 1.00 load
[runlim] sample:		104303.29 time, 98820.01 real, 2762 MB, 1.00 load
[runlim] sample:		104313.29 time, 98830.01 real, 2762 MB, 1.00 load
[runlim] sample:		104323.30 time, 98840.01 real, 2785 MB, 1.08 load
[runlim] sample:		104333.30 time, 98850.01 real, 2778 MB, 1.06 load
[runlim] sample:		104343.30 time, 98860.01 real, 2778 MB, 1.05 load
[runlim] sample:		104356.20 time, 98870.01 real, 2795 MB, 1.04 load
[runlim] sample:		104371.41 time, 98880.01 real, 2791 MB, 1.04 load
[runlim] sample:		104383.66 time, 98890.01 real, 2790 MB, 1.03 load
[runlim] sample:		104397.65 time, 98900.01 real, 2796 MB, 1.03 load
[runlim] sample:		104409.33 time, 98910.01 real, 2793 MB, 1.02 load
[runlim] sample:		104422.60 time, 98920.01 real, 2791 MB, 1.02 load
[runlim] sample:		104436.15 time, 98930.01 real, 2795 MB, 1.01 load
[runlim] sample:		104447.08 time, 98940.01 real, 2792 MB, 1.01 load
[runlim] sample:		104457.70 time, 98950.01 real, 2799 MB, 1.01 load
[runlim] sample:		104470.50 time, 98960.01 real, 2796 MB, 1.01 load
[runlim] sample:		104481.42 time, 98970.01 real, 2809 MB, 1.01 load
[runlim] sample:		104494.41 time, 98980.01 real, 2808 MB, 1.00 load
[runlim] sample:		104505.58 time, 98990.01 real, 2808 MB, 1.00 load
[runlim] sample:		104516.77 time, 99000.01 real, 2812 MB, 1.00 load
[runlim] sample:		104528.74 time, 99010.01 real, 2814 MB, 1.00 load
[runlim] sample:		104540.10 time, 99020.01 real, 2816 MB, 1.16 load
[runlim] sample:		104552.79 time, 99030.01 real, 2830 MB, 1.29 load
[runlim] sample:		104566.06 time, 99040.01 real, 2826 MB, 1.24 load
[runlim] sample:		104579.27 time, 99050.01 real, 2835 MB, 1.20 load
[runlim] sample:		104589.83 time, 99060.01 real, 2867 MB, 1.17 load
[runlim] sample:		104600.54 time, 99070.01 real, 2864 MB, 1.15 load
[runlim] sample:		104611.81 time, 99080.01 real, 2863 MB, 1.12 load
[runlim] sample:		104622.74 time, 99090.01 real, 2874 MB, 1.10 load
[runlim] sample:		104637.15 time, 99100.01 real, 2870 MB, 1.09 load
[runlim] sample:		104649.34 time, 99110.01 real, 2874 MB, 1.07 load
[runlim] sample:		104661.85 time, 99120.01 real, 2877 MB, 1.06 load

NN₁: mnist_relu_3_100_gemm.onnx
NN₂: mnist_relu_3_100_0.79_adam_1_stepsize.onnx
Prop: mnist_98_global_4.vnnlib

NN₁: mnist_relu_3_100_gemm.onnx
NN₂: mnist_relu_3_100_0.79_adam_1_stepsize.onnx
Prop: mnist_98_global_5.vnnlib
[runlim] sample:		104672.09 time, 99130.01 real, 2636 MB, 1.05 load
[runlim] sample:		104682.09 time, 99140.01 real, 2636 MB, 1.04 load
[runlim] sample:		104692.09 time, 99150.01 real, 2636 MB, 1.04 load
[runlim] sample:		104702.09 time, 99160.01 real, 2638 MB, 1.03 load
[runlim] sample:		104712.09 time, 99170.01 real, 2645 MB, 1.02 load
[runlim] sample:		104722.09 time, 99180.01 real, 2645 MB, 1.02 load
[runlim] sample:		104732.09 time, 99190.01 real, 2648 MB, 1.02 load
[runlim] sample:		104741.89 time, 99200.01 real, 2653 MB, 1.01 load
[runlim] sample:		104751.89 time, 99210.01 real, 2653 MB, 1.01 load
[runlim] sample:		104761.89 time, 99220.01 real, 2659 MB, 1.01 load
[runlim] sample:		104771.90 time, 99230.01 real, 2662 MB, 1.01 load
[runlim] sample:		104781.90 time, 99240.01 real, 2662 MB, 1.08 load
[runlim] sample:		104791.90 time, 99250.01 real, 2670 MB, 1.07 load
[runlim] sample:		104801.90 time, 99260.01 real, 2670 MB, 1.06 load
[runlim] sample:		104811.90 time, 99270.01 real, 2677 MB, 1.05 load
[runlim] sample:		104821.90 time, 99280.01 real, 2677 MB, 1.04 load
[runlim] sample:		104831.90 time, 99290.01 real, 2682 MB, 1.03 load
[runlim] sample:		104841.90 time, 99300.01 real, 2682 MB, 1.03 load
[runlim] sample:		104851.90 time, 99310.01 real, 2688 MB, 1.02 load
[runlim] sample:		104861.91 time, 99320.02 real, 2688 MB, 1.02 load
[runlim] sample:		104871.90 time, 99330.01 real, 2697 MB, 1.02 load
[runlim] sample:		104881.91 time, 99340.01 real, 2697 MB, 1.01 load
[runlim] sample:		104891.91 time, 99350.01 real, 2706 MB, 1.01 load
[runlim] sample:		104901.90 time, 99360.01 real, 2706 MB, 1.01 load
[runlim] sample:		104911.90 time, 99370.01 real, 2714 MB, 1.01 load
[runlim] sample:		104921.91 time, 99380.01 real, 2714 MB, 1.00 load
[runlim] sample:		104931.91 time, 99390.01 real, 2723 MB, 1.00 load
[runlim] sample:		104941.91 time, 99400.01 real, 2723 MB, 1.00 load
[runlim] sample:		104951.91 time, 99410.01 real, 2732 MB, 1.00 load
[runlim] sample:		104961.91 time, 99420.01 real, 2732 MB, 1.00 load
[runlim] sample:		104971.92 time, 99430.01 real, 2742 MB, 1.00 load
[runlim] sample:		104981.92 time, 99440.01 real, 2742 MB, 1.00 load
[runlim] sample:		104991.92 time, 99450.01 real, 2742 MB, 1.00 load
[runlim] sample:		105001.91 time, 99460.01 real, 2753 MB, 1.00 load
[runlim] sample:		105011.76 time, 99470.01 real, 2753 MB, 1.00 load
[runlim] sample:		105021.76 time, 99480.01 real, 2763 MB, 1.00 load
[runlim] sample:		105031.76 time, 99490.01 real, 2763 MB, 1.00 load
[runlim] sample:		105041.77 time, 99500.01 real, 2763 MB, 1.00 load
[runlim] sample:		105051.77 time, 99510.01 real, 2775 MB, 1.00 load
[runlim] sample:		105061.77 time, 99520.01 real, 2775 MB, 1.15 load
[runlim] sample:		105071.77 time, 99530.01 real, 2787 MB, 1.28 load
[runlim] sample:		105081.77 time, 99540.01 real, 2786 MB, 1.24 load
[runlim] sample:		105091.77 time, 99550.01 real, 2786 MB, 1.20 load
[runlim] sample:		105101.77 time, 99560.01 real, 2797 MB, 1.17 load
[runlim] sample:		105111.78 time, 99570.01 real, 2797 MB, 1.14 load
[runlim] sample:		105121.78 time, 99580.01 real, 2797 MB, 1.12 load
[runlim] sample:		105131.77 time, 99590.01 real, 2809 MB, 1.10 load
[runlim] sample:		105141.78 time, 99600.01 real, 2809 MB, 1.09 load
[runlim] sample:		105151.77 time, 99610.01 real, 2809 MB, 1.07 load
[runlim] sample:		105161.77 time, 99620.01 real, 2821 MB, 1.06 load
[runlim] sample:		105171.78 time, 99630.01 real, 2821 MB, 1.05 load
[runlim] sample:		105181.78 time, 99640.01 real, 2821 MB, 1.04 load
[runlim] sample:		105191.78 time, 99650.01 real, 2833 MB, 1.04 load
[runlim] sample:		105201.78 time, 99660.01 real, 2833 MB, 1.03 load
[runlim] sample:		105211.78 time, 99670.01 real, 2833 MB, 1.02 load
[runlim] sample:		105221.78 time, 99680.01 real, 2846 MB, 1.02 load
[runlim] sample:		105231.78 time, 99690.01 real, 2846 MB, 1.02 load
[runlim] sample:		105241.78 time, 99700.01 real, 2846 MB, 1.01 load
[runlim] sample:		105251.79 time, 99710.01 real, 2859 MB, 1.01 load
[runlim] sample:		105261.79 time, 99720.01 real, 2859 MB, 1.01 load

NN₁: mnist_relu_3_100_gemm.onnx
NN₂: mnist_relu_3_100_0.79_adam_1_stepsize.onnx
Prop: mnist_99_global_4.vnnlib

NN₁: mnist_relu_3_100_gemm.onnx
NN₂: mnist_relu_3_100_0.79_adam_1_stepsize.onnx
Prop: mnist_99_global_5.vnnlib
[runlim] end:			Sun Jun 28 02:20:09 2026
[runlim] status:		ok
[runlim] result:		0
[runlim] children:		1
[runlim] processes:		2
[runlim] real:			99729.21 seconds
[runlim] time:			105270.99 seconds
[runlim] space:			3211 MB
[runlim] load:			5.49 maximum
[runlim] samples:		997293
