[runlim] version:		2.0.0rc12
[runlim] host:			i57pool4
[runlim] time limit:		311040000 seconds
[runlim] real time limit:	311040000 seconds
[runlim] space limit:		15567 MB
[runlim] argv[0]:		julia
[runlim] argv[1]:		run_all_experiments_pool4.jl
[runlim] start:			Fri Jun  5 15:28:25 2026
[runlim] child:			2446841
  Activating project at `~/VeryDiff`
[runlim] sample:		2.36 time, 10.02 real, 383 MB, 0.42 load
[runlim] sample:		4.76 time, 20.02 real, 402 MB, 0.75 load
Precompiling packages...
[runlim] sample:		10.90 time, 30.01 real, 1086 MB, 0.93 load
  12986.5 ms  ✓ VeryDiff
  1 dependency successfully precompiled in 35 seconds. 385 already precompiled.
[runlim] sample:		21.40 time, 40.01 real, 547 MB, 0.94 load
Set parameter Username
Academic license - for non-commercial use only - expires 2027-01-26

Running MNIST all...
[runlim] sample:		31.40 time, 50.01 real, 1060 MB, 0.95 load
Configuration: VeryDiff-SB

Warmup...

NN₁: mnist_relu_2_512_gemm.onnx
NN₂: mnist_relu_2_512_0.79.onnx
Prop: mnist_0_global_3.vnnlib
[runlim] sample:		41.38 time, 60.01 real, 1067 MB, 0.96 load
[runlim] sample:		51.38 time, 70.01 real, 1260 MB, 0.97 load
[runlim] sample:		61.38 time, 80.01 real, 1273 MB, 0.97 load
[runlim] sample:		71.37 time, 90.01 real, 1283 MB, 0.98 load
[runlim] sample:		81.38 time, 100.01 real, 1284 MB, 0.98 load
[runlim] sample:		91.37 time, 110.01 real, 1282 MB, 1.06 load
[runlim] sample:		101.37 time, 120.01 real, 1492 MB, 1.05 load
[runlim] sample:		111.37 time, 130.01 real, 1279 MB, 1.05 load
[runlim] sample:		121.36 time, 140.01 real, 1433 MB, 1.04 load
[runlim] sample:		131.36 time, 150.01 real, 1285 MB, 1.03 load
[runlim] sample:		141.36 time, 160.01 real, 1293 MB, 1.11 load
[runlim] sample:		151.36 time, 170.01 real, 1296 MB, 1.09 load
[runlim] sample:		161.35 time, 180.01 real, 1296 MB, 1.08 load

Warmup End

NN₁: mnist_relu_2_512_gemm.onnx
NN₂: mnist_relu_2_512_0.79.onnx
Prop: mnist_0_global_3.vnnlib
[runlim] sample:		171.33 time, 190.01 real, 1383 MB, 1.06 load
[runlim] sample:		181.33 time, 200.02 real, 1289 MB, 1.05 load
[runlim] sample:		191.33 time, 210.01 real, 1288 MB, 1.04 load
[runlim] sample:		201.32 time, 220.01 real, 1383 MB, 1.04 load
[runlim] sample:		211.32 time, 230.01 real, 1290 MB, 1.03 load
[runlim] sample:		221.32 time, 240.01 real, 1334 MB, 1.03 load
[runlim] sample:		231.32 time, 250.01 real, 1311 MB, 1.02 load
[runlim] sample:		241.32 time, 260.01 real, 1284 MB, 1.02 load
[runlim] sample:		251.31 time, 270.01 real, 1284 MB, 1.01 load
[runlim] sample:		261.32 time, 280.01 real, 1284 MB, 1.01 load
[runlim] sample:		271.31 time, 290.01 real, 1286 MB, 1.01 load
[runlim] sample:		281.31 time, 300.01 real, 1293 MB, 1.01 load

NN₁: mnist_relu_2_512_gemm.onnx
NN₂: mnist_relu_2_512_0.79.onnx
Prop: mnist_0_global_6.vnnlib
[runlim] sample:		291.08 time, 310.01 real, 1459 MB, 1.01 load
[runlim] sample:		301.08 time, 320.01 real, 1440 MB, 1.00 load
[runlim] sample:		311.07 time, 330.01 real, 1558 MB, 1.00 load
[runlim] sample:		321.08 time, 340.01 real, 1555 MB, 1.00 load
[runlim] sample:		331.08 time, 350.02 real, 1451 MB, 1.00 load
[runlim] sample:		341.07 time, 360.01 real, 1352 MB, 1.00 load
[runlim] sample:		351.07 time, 370.02 real, 1359 MB, 1.00 load
[runlim] sample:		361.07 time, 380.01 real, 1351 MB, 1.00 load
[runlim] sample:		371.06 time, 390.01 real, 1379 MB, 1.00 load
[runlim] sample:		381.06 time, 400.01 real, 1493 MB, 1.00 load
[runlim] sample:		391.06 time, 410.01 real, 1358 MB, 1.00 load
[runlim] sample:		401.06 time, 420.01 real, 1349 MB, 1.00 load

NN₁: mnist_relu_2_512_gemm.onnx
NN₂: mnist_relu_2_512_0.79.onnx
Prop: mnist_1_global_3.vnnlib
[runlim] sample:		411.03 time, 430.01 real, 1284 MB, 1.08 load
[runlim] sample:		421.03 time, 440.01 real, 1278 MB, 1.07 load
[runlim] sample:		431.03 time, 450.01 real, 1273 MB, 1.06 load
[runlim] sample:		441.02 time, 460.01 real, 1278 MB, 1.05 load
[runlim] sample:		451.02 time, 470.01 real, 1272 MB, 1.04 load
[runlim] sample:		461.03 time, 480.01 real, 1272 MB, 1.03 load
[runlim] sample:		471.02 time, 490.01 real, 1306 MB, 1.03 load
[runlim] sample:		481.02 time, 500.01 real, 1301 MB, 1.02 load
[runlim] sample:		491.02 time, 510.01 real, 1304 MB, 1.17 load
[runlim] sample:		501.02 time, 520.01 real, 1352 MB, 1.30 load
[runlim] sample:		511.02 time, 530.01 real, 1356 MB, 1.33 load
[runlim] sample:		521.02 time, 540.01 real, 1393 MB, 1.28 load

NN₁: mnist_relu_2_512_gemm.onnx
NN₂: mnist_relu_2_512_0.79.onnx
Prop: mnist_1_global_6.vnnlib
[runlim] sample:		530.97 time, 550.01 real, 1306 MB, 1.23 load
[runlim] sample:		540.96 time, 560.01 real, 1548 MB, 1.20 load
[runlim] sample:		550.96 time, 570.01 real, 1307 MB, 1.25 load
[runlim] sample:		560.96 time, 580.01 real, 1307 MB, 1.36 load
[runlim] sample:		570.96 time, 590.01 real, 1539 MB, 1.38 load
[runlim] sample:		580.96 time, 600.01 real, 1308 MB, 1.32 load
[runlim] sample:		590.95 time, 610.01 real, 1470 MB, 1.27 load
[runlim] sample:		600.95 time, 620.02 real, 1326 MB, 1.23 load
[runlim] sample:		610.95 time, 630.01 real, 1310 MB, 1.19 load
[runlim] sample:		620.94 time, 640.01 real, 1545 MB, 1.16 load
[runlim] sample:		630.94 time, 650.01 real, 1310 MB, 1.14 load
[runlim] sample:		640.95 time, 660.02 real, 1434 MB, 1.11 load

NN₁: mnist_relu_2_512_gemm.onnx
NN₂: mnist_relu_2_512_0.79.onnx
Prop: mnist_2_global_3.vnnlib
[runlim] sample:		650.92 time, 670.01 real, 1340 MB, 1.10 load
[runlim] sample:		660.92 time, 680.01 real, 1340 MB, 1.08 load
[runlim] sample:		670.92 time, 690.01 real, 1345 MB, 1.07 load
[runlim] sample:		680.91 time, 700.01 real, 1555 MB, 1.06 load
[runlim] sample:		690.92 time, 710.01 real, 1392 MB, 1.05 load
[runlim] sample:		700.91 time, 720.02 real, 1351 MB, 1.04 load
[runlim] sample:		710.91 time, 730.01 real, 1340 MB, 1.03 load
[runlim] sample:		720.90 time, 740.01 real, 1351 MB, 1.03 load
[runlim] sample:		730.91 time, 750.01 real, 1350 MB, 1.02 load
[runlim] sample:		740.90 time, 760.01 real, 1359 MB, 1.09 load
[runlim] sample:		750.90 time, 770.01 real, 1556 MB, 1.08 load
[runlim] sample:		760.90 time, 780.01 real, 1356 MB, 1.07 load

NN₁: mnist_relu_2_512_gemm.onnx
NN₂: mnist_relu_2_512_0.79.onnx
Prop: mnist_3_global_6.vnnlib
[runlim] sample:		770.88 time, 790.01 real, 1327 MB, 1.06 load
[runlim] sample:		780.88 time, 800.01 real, 1538 MB, 1.05 load
[runlim] sample:		790.88 time, 810.01 real, 1325 MB, 1.04 load
[runlim] sample:		800.87 time, 820.01 real, 1325 MB, 1.03 load
[runlim] sample:		810.86 time, 830.01 real, 1313 MB, 1.03 load
[runlim] sample:		820.87 time, 840.02 real, 1411 MB, 1.02 load
[runlim] sample:		830.86 time, 850.01 real, 1371 MB, 1.02 load
[runlim] sample:		840.86 time, 860.01 real, 1328 MB, 1.02 load
[runlim] sample:		850.85 time, 870.01 real, 1319 MB, 1.09 load
[runlim] sample:		860.85 time, 880.01 real, 1417 MB, 1.07 load
[runlim] sample:		870.85 time, 890.01 real, 1322 MB, 1.06 load
[runlim] sample:		880.85 time, 900.01 real, 1415 MB, 1.05 load

NN₁: mnist_relu_2_512_gemm.onnx
NN₂: mnist_relu_2_512_0.79.onnx
Prop: mnist_4_global_3.vnnlib
[runlim] sample:		890.82 time, 910.01 real, 1501 MB, 1.12 load
[runlim] sample:		900.82 time, 920.01 real, 1313 MB, 1.10 load
[runlim] sample:		910.82 time, 930.01 real, 1336 MB, 1.08 load
[runlim] sample:		920.81 time, 940.01 real, 1297 MB, 1.07 load
[runlim] sample:		930.81 time, 950.01 real, 1438 MB, 1.06 load
[runlim] sample:		940.82 time, 960.01 real, 1309 MB, 1.05 load
[runlim] sample:		950.81 time, 970.01 real, 1309 MB, 1.04 load
[runlim] sample:		960.81 time, 980.01 real, 1309 MB, 1.03 load
[runlim] sample:		970.81 time, 990.01 real, 1309 MB, 1.03 load
[runlim] sample:		980.81 time, 1000.01 real, 1309 MB, 1.02 load
[runlim] sample:		990.81 time, 1010.01 real, 1300 MB, 1.17 load
[runlim] sample:		1000.81 time, 1020.01 real, 1394 MB, 1.22 load

NN₁: mnist_relu_2_512_gemm.onnx
NN₂: mnist_relu_2_512_0.79.onnx
Prop: mnist_4_global_6.vnnlib
[runlim] sample:		1010.79 time, 1030.01 real, 1572 MB, 1.19 load
[runlim] sample:		1020.79 time, 1040.01 real, 1459 MB, 1.16 load
[runlim] sample:		1030.78 time, 1050.01 real, 1453 MB, 1.13 load
[runlim] sample:		1040.78 time, 1060.01 real, 1458 MB, 1.11 load
[runlim] sample:		1050.78 time, 1070.01 real, 1459 MB, 1.09 load
[runlim] sample:		1060.78 time, 1080.01 real, 1394 MB, 1.08 load
[runlim] sample:		1070.78 time, 1090.01 real, 1377 MB, 1.07 load
[runlim] sample:		1080.77 time, 1100.02 real, 1362 MB, 1.06 load
[runlim] sample:		1090.77 time, 1110.01 real, 1359 MB, 1.05 load
[runlim] sample:		1100.76 time, 1120.01 real, 1408 MB, 1.04 load
[runlim] sample:		1110.76 time, 1130.01 real, 1380 MB, 1.03 load
[runlim] sample:		1120.76 time, 1140.01 real, 1395 MB, 1.03 load

NN₁: mnist_relu_2_512_gemm.onnx
NN₂: mnist_relu_2_512_0.79.onnx
Prop: mnist_5_global_3.vnnlib
[runlim] sample:		1130.74 time, 1150.01 real, 1553 MB, 1.02 load
[runlim] sample:		1140.74 time, 1160.01 real, 1382 MB, 1.02 load
[runlim] sample:		1150.74 time, 1170.01 real, 1327 MB, 1.02 load
[runlim] sample:		1160.74 time, 1180.01 real, 1549 MB, 1.01 load
[runlim] sample:		1170.73 time, 1190.01 real, 1338 MB, 1.01 load
[runlim] sample:		1180.73 time, 1200.01 real, 1329 MB, 1.01 load
[runlim] sample:		1190.73 time, 1210.01 real, 1429 MB, 1.01 load
[runlim] sample:		1200.73 time, 1220.01 real, 1331 MB, 1.00 load
[runlim] sample:		1210.73 time, 1230.01 real, 1548 MB, 1.08 load
[runlim] sample:		1220.72 time, 1240.01 real, 1331 MB, 1.07 load
[runlim] sample:		1230.72 time, 1250.01 real, 1364 MB, 1.06 load
[runlim] sample:		1240.72 time, 1260.01 real, 1329 MB, 1.05 load

NN₁: mnist_relu_2_512_gemm.onnx
NN₂: mnist_relu_2_512_0.79.onnx
Prop: mnist_5_global_6.vnnlib
[runlim] sample:		1250.69 time, 1270.02 real, 1673 MB, 1.12 load
[runlim] sample:		1260.70 time, 1280.01 real, 1386 MB, 1.10 load
[runlim] sample:		1270.69 time, 1290.01 real, 1386 MB, 1.16 load
[runlim] sample:		1280.69 time, 1300.01 real, 1395 MB, 1.13 load
[runlim] sample:		1290.68 time, 1310.01 real, 1601 MB, 1.11 load
[runlim] sample:		1300.69 time, 1320.01 real, 1614 MB, 1.18 load
[runlim] sample:		1310.68 time, 1330.01 real, 1597 MB, 1.15 load
[runlim] sample:		1320.68 time, 1340.01 real, 1462 MB, 1.12 load
[runlim] sample:		1330.67 time, 1350.01 real, 1388 MB, 1.11 load
[runlim] sample:		1340.68 time, 1360.01 real, 1382 MB, 1.09 load
[runlim] sample:		1350.67 time, 1370.02 real, 1395 MB, 1.07 load
[runlim] sample:		1360.67 time, 1380.01 real, 1483 MB, 1.06 load

NN₁: mnist_relu_2_512_gemm.onnx
NN₂: mnist_relu_2_512_0.79.onnx
Prop: mnist_6_global_3.vnnlib
[runlim] sample:		1370.64 time, 1390.01 real, 1425 MB, 1.05 load
[runlim] sample:		1380.64 time, 1400.01 real, 1308 MB, 1.04 load
[runlim] sample:		1390.63 time, 1410.01 real, 1308 MB, 1.04 load
[runlim] sample:		1400.63 time, 1420.01 real, 1308 MB, 1.03 load
[runlim] sample:		1410.62 time, 1430.01 real, 1308 MB, 1.03 load
[runlim] sample:		1420.63 time, 1440.01 real, 1308 MB, 1.02 load
[runlim] sample:		1430.63 time, 1450.01 real, 1305 MB, 1.02 load
[runlim] sample:		1440.62 time, 1460.01 real, 1305 MB, 1.01 load
[runlim] sample:		1450.63 time, 1470.01 real, 1305 MB, 1.01 load
[runlim] sample:		1460.62 time, 1480.01 real, 1304 MB, 1.01 load
[runlim] sample:		1470.62 time, 1490.01 real, 1305 MB, 1.01 load
[runlim] sample:		1480.61 time, 1500.01 real, 1311 MB, 1.01 load
[runlim] sample:		1490.60 time, 1510.01 real, 1311 MB, 1.16 load

NN₁: mnist_relu_2_512_gemm.onnx
NN₂: mnist_relu_2_512_0.79.onnx
Prop: mnist_6_global_6.vnnlib
[runlim] sample:		1500.59 time, 1520.01 real, 1446 MB, 1.21 load
[runlim] sample:		1510.59 time, 1530.01 real, 1436 MB, 1.17 load
[runlim] sample:		1520.59 time, 1540.01 real, 1451 MB, 1.15 load
[runlim] sample:		1530.58 time, 1550.01 real, 1580 MB, 1.12 load
[runlim] sample:		1540.58 time, 1560.01 real, 1371 MB, 1.10 load
[runlim] sample:		1550.58 time, 1570.01 real, 1360 MB, 1.09 load
[runlim] sample:		1560.58 time, 1580.01 real, 1371 MB, 1.07 load
[runlim] sample:		1570.57 time, 1590.01 real, 1366 MB, 1.14 load
[runlim] sample:		1580.57 time, 1600.01 real, 1405 MB, 1.12 load
[runlim] sample:		1590.57 time, 1610.01 real, 1571 MB, 1.10 load
[runlim] sample:		1600.57 time, 1620.01 real, 1579 MB, 1.08 load
[runlim] sample:		1610.56 time, 1630.01 real, 1578 MB, 1.07 load

NN₁: mnist_relu_2_512_gemm.onnx
NN₂: mnist_relu_2_512_0.79.onnx
Prop: mnist_7_global_3.vnnlib
[runlim] sample:		1620.53 time, 1640.01 real, 1295 MB, 1.06 load
[runlim] sample:		1630.54 time, 1650.01 real, 1517 MB, 1.05 load
[runlim] sample:		1640.54 time, 1660.01 real, 1295 MB, 1.04 load
[runlim] sample:		1650.53 time, 1670.01 real, 1382 MB, 1.04 load
[runlim] sample:		1660.53 time, 1680.01 real, 1295 MB, 1.03 load
[runlim] sample:		1670.53 time, 1690.01 real, 1339 MB, 1.02 load
[runlim] sample:		1680.52 time, 1700.01 real, 1295 MB, 1.02 load
[runlim] sample:		1690.52 time, 1710.01 real, 1527 MB, 1.02 load
[runlim] sample:		1700.53 time, 1720.01 real, 1295 MB, 1.01 load
[runlim] sample:		1710.53 time, 1730.01 real, 1341 MB, 1.01 load
[runlim] sample:		1720.52 time, 1740.02 real, 1310 MB, 1.01 load
[runlim] sample:		1730.52 time, 1750.01 real, 1531 MB, 1.08 load

NN₁: mnist_relu_2_512_gemm.onnx
NN₂: mnist_relu_2_512_0.79.onnx
Prop: mnist_7_global_6.vnnlib
[runlim] sample:		1740.50 time, 1760.01 real, 1554 MB, 1.07 load
[runlim] sample:		1750.50 time, 1770.01 real, 1465 MB, 1.06 load
[runlim] sample:		1760.50 time, 1780.01 real, 1456 MB, 1.05 load
[runlim] sample:		1770.49 time, 1790.01 real, 1455 MB, 1.04 load
[runlim] sample:		1780.49 time, 1800.01 real, 1443 MB, 1.03 load
[runlim] sample:		1790.48 time, 1810.01 real, 1454 MB, 1.03 load
[runlim] sample:		1800.48 time, 1820.01 real, 1567 MB, 1.02 load
[runlim] sample:		1810.48 time, 1830.01 real, 1565 MB, 1.02 load
[runlim] sample:		1820.48 time, 1840.01 real, 1568 MB, 1.02 load
[runlim] sample:		1830.48 time, 1850.01 real, 1533 MB, 1.01 load
[runlim] sample:		1840.48 time, 1860.01 real, 1417 MB, 1.01 load
[runlim] sample:		1850.48 time, 1870.01 real, 1360 MB, 1.01 load

NN₁: mnist_relu_2_512_gemm.onnx
NN₂: mnist_relu_2_512_0.79.onnx
Prop: mnist_8_global_3.vnnlib
[runlim] sample:		1860.45 time, 1880.01 real, 1303 MB, 1.01 load
[runlim] sample:		1870.45 time, 1890.01 real, 1295 MB, 1.08 load
[runlim] sample:		1880.44 time, 1900.01 real, 1295 MB, 1.14 load
[runlim] sample:		1890.44 time, 1910.01 real, 1396 MB, 1.12 load
[runlim] sample:		1900.44 time, 1920.01 real, 1428 MB, 1.10 load
[runlim] sample:		1910.44 time, 1930.01 real, 1320 MB, 1.08 load
[runlim] sample:		1920.43 time, 1940.01 real, 1325 MB, 1.07 load
[runlim] sample:		1930.44 time, 1950.01 real, 1298 MB, 1.06 load
[runlim] sample:		1940.44 time, 1960.01 real, 1322 MB, 1.05 load
[runlim] sample:		1950.43 time, 1970.01 real, 1302 MB, 1.04 load
[runlim] sample:		1960.43 time, 1980.01 real, 1294 MB, 1.04 load
[runlim] sample:		1970.43 time, 1990.01 real, 1288 MB, 1.03 load

NN₁: mnist_relu_2_512_gemm.onnx
NN₂: mnist_relu_2_512_0.79.onnx
Prop: mnist_8_global_6.vnnlib
[runlim] sample:		1980.41 time, 2000.01 real, 1320 MB, 1.02 load
[runlim] sample:		1990.40 time, 2010.02 real, 1548 MB, 1.17 load
[runlim] sample:		2000.40 time, 2020.01 real, 1319 MB, 1.30 load
[runlim] sample:		2010.40 time, 2030.01 real, 1426 MB, 1.26 load
[runlim] sample:		2020.40 time, 2040.01 real, 1455 MB, 1.22 load
[runlim] sample:		2030.40 time, 2050.01 real, 1341 MB, 1.18 load
[runlim] sample:		2040.39 time, 2060.01 real, 1432 MB, 1.15 load
[runlim] sample:		2050.40 time, 2070.01 real, 1332 MB, 1.13 load
[runlim] sample:		2060.40 time, 2080.01 real, 1332 MB, 1.11 load
[runlim] sample:		2070.39 time, 2090.01 real, 1492 MB, 1.09 load
[runlim] sample:		2080.39 time, 2100.01 real, 1339 MB, 1.08 load
[runlim] sample:		2090.39 time, 2110.01 real, 1376 MB, 1.06 load

NN₁: mnist_relu_2_512_gemm.onnx
NN₂: mnist_relu_2_512_0.79.onnx
Prop: mnist_9_global_3.vnnlib
[runlim] sample:		2100.36 time, 2120.01 real, 1339 MB, 1.05 load
[runlim] sample:		2110.35 time, 2130.02 real, 1391 MB, 1.05 load
[runlim] sample:		2120.35 time, 2140.01 real, 1339 MB, 1.04 load
[runlim] sample:		2130.36 time, 2150.02 real, 1339 MB, 1.03 load
[runlim] sample:		2140.35 time, 2160.01 real, 1339 MB, 1.03 load
[runlim] sample:		2150.36 time, 2170.01 real, 1339 MB, 1.02 load
[runlim] sample:		2160.35 time, 2180.01 real, 1375 MB, 1.02 load
[runlim] sample:		2170.35 time, 2190.01 real, 1377 MB, 1.02 load
[runlim] sample:		2180.34 time, 2200.01 real, 1339 MB, 1.01 load
[runlim] sample:		2190.34 time, 2210.01 real, 1344 MB, 1.01 load
[runlim] sample:		2200.35 time, 2220.01 real, 1348 MB, 1.09 load
[runlim] sample:		2210.35 time, 2230.01 real, 1339 MB, 1.07 load

NN₁: mnist_relu_2_512_gemm.onnx
NN₂: mnist_relu_2_512_0.79.onnx
Prop: mnist_9_global_6.vnnlib
[runlim] sample:		2220.31 time, 2240.01 real, 1558 MB, 1.06 load
[runlim] sample:		2230.31 time, 2250.01 real, 1544 MB, 1.05 load
[runlim] sample:		2240.31 time, 2260.01 real, 1359 MB, 1.04 load
[runlim] sample:		2250.30 time, 2270.02 real, 1353 MB, 1.04 load
[runlim] sample:		2260.30 time, 2280.01 real, 1350 MB, 1.03 load
[runlim] sample:		2270.30 time, 2290.01 real, 1561 MB, 1.03 load
[runlim] sample:		2280.29 time, 2300.01 real, 1375 MB, 1.02 load
[runlim] sample:		2290.30 time, 2310.01 real, 1353 MB, 1.02 load
[runlim] sample:		2300.29 time, 2320.01 real, 1572 MB, 1.01 load
[runlim] sample:		2310.28 time, 2330.01 real, 1431 MB, 1.01 load
[runlim] sample:		2320.29 time, 2340.01 real, 1353 MB, 1.01 load
[runlim] sample:		2330.28 time, 2350.01 real, 1419 MB, 1.01 load

NN₁: mnist_relu_2_512_gemm.onnx
NN₂: mnist_relu_2_512_0.79.onnx
Prop: mnist_10_global_3.vnnlib
[runlim] sample:		2340.25 time, 2360.01 real, 1290 MB, 1.01 load
[runlim] sample:		2350.25 time, 2370.01 real, 1297 MB, 1.00 load
[runlim] sample:		2360.25 time, 2380.01 real, 1296 MB, 1.00 load
[runlim] sample:		2370.25 time, 2390.01 real, 1296 MB, 1.00 load
[runlim] sample:		2380.25 time, 2400.01 real, 1297 MB, 1.00 load
[runlim] sample:		2390.25 time, 2410.01 real, 1296 MB, 1.00 load
[runlim] sample:		2400.25 time, 2420.01 real, 1320 MB, 1.00 load
[runlim] sample:		2410.24 time, 2430.01 real, 1297 MB, 1.00 load
[runlim] sample:		2420.24 time, 2440.01 real, 1388 MB, 1.00 load
[runlim] sample:		2430.24 time, 2450.01 real, 1414 MB, 1.00 load
[runlim] sample:		2440.24 time, 2460.02 real, 1519 MB, 1.00 load
[runlim] sample:		2450.24 time, 2470.01 real, 1510 MB, 1.00 load

NN₁: mnist_relu_2_512_gemm.onnx
NN₂: mnist_relu_2_512_0.79.onnx
Prop: mnist_10_global_6.vnnlib
[runlim] sample:		2460.22 time, 2480.01 real, 1323 MB, 1.00 load
[runlim] sample:		2470.21 time, 2490.02 real, 1314 MB, 1.00 load
[runlim] sample:		2480.21 time, 2500.01 real, 1482 MB, 1.00 load
[runlim] sample:		2490.21 time, 2510.01 real, 1318 MB, 1.15 load
[runlim] sample:		2500.21 time, 2520.01 real, 1342 MB, 1.20 load
[runlim] sample:		2510.21 time, 2530.01 real, 1559 MB, 1.17 load
[runlim] sample:		2520.20 time, 2540.01 real, 1389 MB, 1.15 load
[runlim] sample:		2530.20 time, 2550.01 real, 1314 MB, 1.12 load
[runlim] sample:		2540.20 time, 2560.01 real, 1561 MB, 1.10 load
[runlim] sample:		2550.19 time, 2570.01 real, 1328 MB, 1.09 load
[runlim] sample:		2560.19 time, 2580.01 real, 1344 MB, 1.07 load
[runlim] sample:		2570.20 time, 2590.01 real, 1372 MB, 1.06 load

NN₁: mnist_relu_2_512_gemm.onnx
NN₂: mnist_relu_2_512_0.79.onnx
Prop: mnist_0_local_15.vnnlib
[runlim] sample:		2580.17 time, 2600.01 real, 1352 MB, 1.05 load
[runlim] sample:		2590.16 time, 2610.01 real, 1352 MB, 1.04 load
[runlim] sample:		2600.16 time, 2620.01 real, 1352 MB, 1.04 load
[runlim] sample:		2610.16 time, 2630.01 real, 1352 MB, 1.03 load
[runlim] sample:		2620.17 time, 2640.01 real, 1352 MB, 1.02 load
[runlim] sample:		2630.16 time, 2650.01 real, 1479 MB, 1.02 load
[runlim] sample:		2640.16 time, 2660.01 real, 1479 MB, 1.02 load
[runlim] sample:		2650.16 time, 2670.01 real, 1502 MB, 1.01 load
[runlim] sample:		2660.16 time, 2680.01 real, 1528 MB, 1.01 load

NN₁: mnist_relu_2_512_gemm.onnx
NN₂: mnist_relu_2_512_0.79.onnx
Prop: mnist_0_local_24.vnnlib
[runlim] sample:		2670.14 time, 2690.01 real, 1475 MB, 1.01 load
[runlim] sample:		2680.13 time, 2700.01 real, 1475 MB, 1.01 load
[runlim] sample:		2690.13 time, 2710.01 real, 1475 MB, 1.08 load
[runlim] sample:		2700.14 time, 2720.01 real, 1475 MB, 1.07 load
[runlim] sample:		2710.13 time, 2730.01 real, 1475 MB, 1.06 load
[runlim] sample:		2720.13 time, 2740.01 real, 1475 MB, 1.05 load
[runlim] sample:		2730.13 time, 2750.01 real, 1475 MB, 1.04 load
[runlim] sample:		2740.13 time, 2760.01 real, 1475 MB, 1.03 load
[runlim] sample:		2750.13 time, 2770.01 real, 1485 MB, 1.03 load
[runlim] sample:		2760.12 time, 2780.01 real, 1497 MB, 1.02 load
[runlim] sample:		2770.12 time, 2790.01 real, 1514 MB, 1.02 load
[runlim] sample:		2780.12 time, 2800.01 real, 1522 MB, 1.02 load
[runlim] sample:		2790.11 time, 2810.01 real, 1532 MB, 1.01 load

NN₁: mnist_relu_2_512_gemm.onnx
NN₂: mnist_relu_2_512_0.79.onnx
Prop: mnist_1_local_15.vnnlib
[runlim] sample:		2800.09 time, 2820.01 real, 1475 MB, 1.01 load
[runlim] sample:		2810.09 time, 2830.01 real, 1475 MB, 1.01 load
[runlim] sample:		2820.09 time, 2840.01 real, 1475 MB, 1.01 load
[runlim] sample:		2830.09 time, 2850.01 real, 1475 MB, 1.00 load
[runlim] sample:		2840.09 time, 2860.01 real, 1488 MB, 1.00 load
[runlim] sample:		2850.09 time, 2870.01 real, 1491 MB, 1.00 load
[runlim] sample:		2860.08 time, 2880.01 real, 1537 MB, 1.00 load
[runlim] sample:		2870.08 time, 2890.01 real, 1537 MB, 1.00 load
[runlim] sample:		2880.08 time, 2900.01 real, 1590 MB, 1.00 load
[runlim] sample:		2890.09 time, 2910.01 real, 1590 MB, 1.00 load
[runlim] sample:		2900.08 time, 2920.01 real, 1643 MB, 1.08 load
[runlim] sample:		2910.08 time, 2930.01 real, 1643 MB, 1.07 load

NN₁: mnist_relu_2_512_gemm.onnx
NN₂: mnist_relu_2_512_0.79.onnx
Prop: mnist_1_local_24.vnnlib
[runlim] sample:		2920.06 time, 2940.01 real, 1475 MB, 1.06 load
[runlim] sample:		2930.06 time, 2950.01 real, 1475 MB, 1.05 load

NN₁: mnist_relu_2_512_gemm.onnx
NN₂: mnist_relu_2_512_0.79.onnx
Prop: mnist_2_local_15.vnnlib
[runlim] sample:		2940.05 time, 2960.01 real, 1475 MB, 1.04 load

NN₁: mnist_relu_2_512_gemm.onnx
NN₂: mnist_relu_2_512_0.79.onnx
Prop: mnist_3_local_24.vnnlib
[runlim] sample:		2950.04 time, 2970.01 real, 1475 MB, 1.03 load
[runlim] sample:		2960.04 time, 2980.01 real, 1475 MB, 1.03 load
[runlim] sample:		2970.03 time, 2990.01 real, 1475 MB, 1.02 load
[runlim] sample:		2980.03 time, 3000.01 real, 1475 MB, 1.02 load
[runlim] sample:		2990.03 time, 3010.01 real, 1475 MB, 1.17 load
[runlim] sample:		3000.03 time, 3020.01 real, 1480 MB, 1.22 load
[runlim] sample:		3010.03 time, 3030.01 real, 1480 MB, 1.18 load
[runlim] sample:		3020.03 time, 3040.01 real, 1500 MB, 1.16 load
[runlim] sample:		3030.03 time, 3050.01 real, 1524 MB, 1.13 load
[runlim] sample:		3040.02 time, 3060.01 real, 1546 MB, 1.11 load
[runlim] sample:		3050.03 time, 3070.01 real, 1570 MB, 1.09 load
[runlim] sample:		3060.03 time, 3080.01 real, 1593 MB, 1.08 load

NN₁: mnist_relu_2_512_gemm.onnx
NN₂: mnist_relu_2_512_0.79.onnx
Prop: mnist_4_local_15.vnnlib
[runlim] sample:		3070.00 time, 3090.01 real, 1475 MB, 1.07 load
[runlim] sample:		3080.00 time, 3100.01 real, 1475 MB, 1.06 load
[runlim] sample:		3089.99 time, 3110.01 real, 1475 MB, 1.05 load
[runlim] sample:		3099.99 time, 3120.01 real, 1475 MB, 1.04 load
[runlim] sample:		3109.99 time, 3130.01 real, 1475 MB, 1.03 load
[runlim] sample:		3119.99 time, 3140.01 real, 1490 MB, 1.03 load
[runlim] sample:		3129.99 time, 3150.01 real, 1524 MB, 1.02 load
[runlim] sample:		3139.99 time, 3160.01 real, 1524 MB, 1.02 load
[runlim] sample:		3149.99 time, 3170.01 real, 1561 MB, 1.02 load
[runlim] sample:		3159.99 time, 3180.01 real, 1561 MB, 1.01 load
[runlim] sample:		3169.99 time, 3190.01 real, 1604 MB, 1.01 load
[runlim] sample:		3179.98 time, 3200.01 real, 1604 MB, 1.01 load

NN₁: mnist_relu_2_512_gemm.onnx
NN₂: mnist_relu_2_512_0.79.onnx
Prop: mnist_4_local_24.vnnlib

NN₁: mnist_relu_2_512_gemm.onnx
NN₂: mnist_relu_2_512_0.79.onnx
Prop: mnist_5_local_15.vnnlib
[runlim] sample:		3189.95 time, 3210.01 real, 1490 MB, 1.01 load
[runlim] sample:		3199.95 time, 3220.01 real, 1490 MB, 1.00 load
[runlim] sample:		3209.94 time, 3230.01 real, 1490 MB, 1.00 load
[runlim] sample:		3219.95 time, 3240.01 real, 1490 MB, 1.00 load
[runlim] sample:		3229.94 time, 3250.01 real, 1490 MB, 1.00 load
[runlim] sample:		3239.94 time, 3260.01 real, 1490 MB, 1.00 load
[runlim] sample:		3249.94 time, 3270.01 real, 1497 MB, 1.00 load
[runlim] sample:		3259.94 time, 3280.01 real, 1520 MB, 1.00 load
[runlim] sample:		3269.94 time, 3290.01 real, 1520 MB, 1.00 load
[runlim] sample:		3279.94 time, 3300.01 real, 1546 MB, 1.00 load
[runlim] sample:		3289.94 time, 3310.01 real, 1580 MB, 1.00 load
[runlim] sample:		3299.93 time, 3320.01 real, 1580 MB, 1.00 load

NN₁: mnist_relu_2_512_gemm.onnx
NN₂: mnist_relu_2_512_0.79.onnx
Prop: mnist_5_local_24.vnnlib

NN₁: mnist_relu_2_512_gemm.onnx
NN₂: mnist_relu_2_512_0.79.onnx
Prop: mnist_6_local_15.vnnlib
[runlim] sample:		3309.91 time, 3330.01 real, 1475 MB, 1.00 load
[runlim] sample:		3319.90 time, 3340.01 real, 1475 MB, 1.00 load
[runlim] sample:		3329.89 time, 3350.01 real, 1475 MB, 1.00 load
[runlim] sample:		3339.89 time, 3360.01 real, 1475 MB, 1.00 load
[runlim] sample:		3349.89 time, 3370.01 real, 1475 MB, 1.00 load
[runlim] sample:		3359.89 time, 3380.01 real, 1475 MB, 1.00 load
[runlim] sample:		3369.88 time, 3390.01 real, 1499 MB, 1.00 load
[runlim] sample:		3379.89 time, 3400.01 real, 1499 MB, 1.00 load
[runlim] sample:		3389.88 time, 3410.01 real, 1527 MB, 1.00 load
[runlim] sample:		3399.88 time, 3420.01 real, 1556 MB, 1.00 load
[runlim] sample:		3409.87 time, 3430.01 real, 1556 MB, 1.00 load
[runlim] sample:		3419.87 time, 3440.01 real, 1590 MB, 1.00 load

NN₁: mnist_relu_2_512_gemm.onnx
NN₂: mnist_relu_2_512_0.79.onnx
Prop: mnist_6_local_24.vnnlib
[runlim] sample:		3429.84 time, 3450.01 real, 1475 MB, 1.00 load
[runlim] sample:		3439.84 time, 3460.01 real, 1475 MB, 1.00 load
[runlim] sample:		3449.84 time, 3470.01 real, 1475 MB, 1.00 load
[runlim] sample:		3459.84 time, 3480.01 real, 1475 MB, 1.00 load
[runlim] sample:		3469.83 time, 3490.01 real, 1475 MB, 1.00 load
[runlim] sample:		3479.84 time, 3500.01 real, 1475 MB, 1.00 load
[runlim] sample:		3489.83 time, 3510.01 real, 1475 MB, 1.15 load
[runlim] sample:		3499.83 time, 3520.01 real, 1477 MB, 1.28 load
[runlim] sample:		3509.83 time, 3530.01 real, 1490 MB, 1.24 load
[runlim] sample:		3519.82 time, 3540.01 real, 1499 MB, 1.20 load
[runlim] sample:		3529.82 time, 3550.01 real, 1522 MB, 1.17 load
[runlim] sample:		3539.82 time, 3560.01 real, 1532 MB, 1.14 load

NN₁: mnist_relu_2_512_gemm.onnx
NN₂: mnist_relu_2_512_0.79.onnx
Prop: mnist_7_local_15.vnnlib
[runlim] sample:		3549.79 time, 3570.01 real, 1481 MB, 1.12 load
[runlim] sample:		3559.79 time, 3580.01 real, 1481 MB, 1.10 load
[runlim] sample:		3569.79 time, 3590.01 real, 1481 MB, 1.09 load
[runlim] sample:		3579.79 time, 3600.01 real, 1481 MB, 1.07 load
[runlim] sample:		3589.79 time, 3610.01 real, 1481 MB, 1.06 load
[runlim] sample:		3599.79 time, 3620.01 real, 1481 MB, 1.05 load
[runlim] sample:		3609.78 time, 3630.01 real, 1514 MB, 1.04 load
[runlim] sample:		3619.78 time, 3640.01 real, 1514 MB, 1.04 load

NN₁: mnist_relu_2_512_gemm.onnx
NN₂: mnist_relu_2_512_0.79.onnx
Prop: mnist_7_local_24.vnnlib

NN₁: mnist_relu_2_512_gemm.onnx
NN₂: mnist_relu_2_512_0.79.onnx
Prop: mnist_8_local_15.vnnlib

NN₁: mnist_relu_2_512_gemm.onnx
NN₂: mnist_relu_2_512_0.79.onnx
Prop: mnist_8_local_24.vnnlib

NN₁: mnist_relu_2_512_gemm.onnx
NN₂: mnist_relu_2_512_0.79.onnx
Prop: mnist_9_local_15.vnnlib
[runlim] sample:		3629.73 time, 3650.01 real, 1480 MB, 1.03 load
[runlim] sample:		3639.73 time, 3660.01 real, 1480 MB, 1.02 load
[runlim] sample:		3649.73 time, 3670.01 real, 1480 MB, 1.02 load
[runlim] sample:		3659.73 time, 3680.01 real, 1480 MB, 1.02 load
[runlim] sample:		3669.72 time, 3690.01 real, 1480 MB, 1.01 load
[runlim] sample:		3679.72 time, 3700.01 real, 1480 MB, 1.01 load
[runlim] sample:		3689.71 time, 3710.01 real, 1491 MB, 1.01 load
[runlim] sample:		3699.71 time, 3720.01 real, 1523 MB, 1.01 load
[runlim] sample:		3709.71 time, 3730.01 real, 1553 MB, 1.01 load
[runlim] sample:		3719.71 time, 3740.01 real, 1553 MB, 1.00 load
[runlim] sample:		3729.70 time, 3750.01 real, 1593 MB, 1.00 load
[runlim] sample:		3739.70 time, 3760.01 real, 1593 MB, 1.00 load

NN₁: mnist_relu_2_512_gemm.onnx
NN₂: mnist_relu_2_512_0.79.onnx
Prop: mnist_9_local_24.vnnlib
[runlim] sample:		3749.68 time, 3770.01 real, 1475 MB, 1.00 load
[runlim] sample:		3759.68 time, 3780.01 real, 1475 MB, 1.00 load
[runlim] sample:		3769.68 time, 3790.01 real, 1475 MB, 1.00 load
[runlim] sample:		3779.68 time, 3800.01 real, 1475 MB, 1.00 load
[runlim] sample:		3789.67 time, 3810.01 real, 1475 MB, 1.00 load
[runlim] sample:		3799.67 time, 3820.01 real, 1475 MB, 1.00 load
[runlim] sample:		3809.68 time, 3830.01 real, 1475 MB, 1.00 load
[runlim] sample:		3819.68 time, 3840.01 real, 1492 MB, 1.00 load
[runlim] sample:		3829.67 time, 3850.01 real, 1499 MB, 1.00 load
[runlim] sample:		3839.67 time, 3860.01 real, 1513 MB, 1.00 load
[runlim] sample:		3849.68 time, 3870.01 real, 1527 MB, 1.00 load
[runlim] sample:		3859.68 time, 3880.01 real, 1539 MB, 1.00 load

NN₁: mnist_relu_2_512_gemm.onnx
NN₂: mnist_relu_2_512_0.79.onnx
Prop: mnist_10_local_15.vnnlib
[runlim] sample:		3869.64 time, 3890.01 real, 1475 MB, 1.00 load
[runlim] sample:		3879.64 time, 3900.01 real, 1475 MB, 1.00 load
[runlim] sample:		3889.64 time, 3910.01 real, 1475 MB, 1.00 load
[runlim] sample:		3899.64 time, 3920.01 real, 1475 MB, 1.00 load
[runlim] sample:		3909.64 time, 3930.01 real, 1475 MB, 1.00 load
[runlim] sample:		3919.63 time, 3940.01 real, 1483 MB, 1.00 load
[runlim] sample:		3929.64 time, 3950.01 real, 1483 MB, 1.00 load
[runlim] sample:		3939.64 time, 3960.01 real, 1517 MB, 1.00 load
[runlim] sample:		3949.63 time, 3970.01 real, 1556 MB, 1.00 load
[runlim] sample:		3959.63 time, 3980.01 real, 1556 MB, 1.00 load
[runlim] sample:		3969.64 time, 3990.01 real, 1602 MB, 1.00 load
[runlim] sample:		3979.63 time, 4000.01 real, 1602 MB, 1.00 load

NN₁: mnist_relu_2_512_gemm.onnx
NN₂: mnist_relu_2_512_0.79.onnx
Prop: mnist_10_local_24.vnnlib
[runlim] sample:		3989.60 time, 4010.01 real, 1483 MB, 1.15 load
[runlim] sample:		3999.60 time, 4020.01 real, 1483 MB, 1.28 load

NN₁: mnist_relu_3_100_gemm.onnx
NN₂: mnist_relu_3_100_0.49.onnx
Prop: mnist_0_global_3.vnnlib
[runlim] sample:		4009.59 time, 4030.01 real, 1483 MB, 1.24 load
[runlim] sample:		4019.59 time, 4040.01 real, 1483 MB, 1.20 load
[runlim] sample:		4029.59 time, 4050.01 real, 1483 MB, 1.17 load
[runlim] sample:		4039.59 time, 4060.01 real, 1483 MB, 1.14 load
[runlim] sample:		4049.59 time, 4070.01 real, 1483 MB, 1.12 load
[runlim] sample:		4059.59 time, 4080.01 real, 1483 MB, 1.10 load
[runlim] sample:		4069.59 time, 4090.01 real, 1483 MB, 1.09 load
[runlim] sample:		4079.59 time, 4100.01 real, 1483 MB, 1.07 load
[runlim] sample:		4089.59 time, 4110.01 real, 1483 MB, 1.06 load
[runlim] sample:		4099.59 time, 4120.01 real, 1483 MB, 1.05 load
[runlim] sample:		4109.59 time, 4130.01 real, 1483 MB, 1.04 load
[runlim] sample:		4119.59 time, 4140.01 real, 1483 MB, 1.04 load

NN₁: mnist_relu_3_100_gemm.onnx
NN₂: mnist_relu_3_100_0.49.onnx
Prop: mnist_0_global_6.vnnlib
[runlim] sample:		4129.56 time, 4150.01 real, 1483 MB, 1.03 load
[runlim] sample:		4139.56 time, 4160.01 real, 1483 MB, 1.02 load
[runlim] sample:		4149.56 time, 4170.01 real, 1483 MB, 1.02 load
[runlim] sample:		4159.56 time, 4180.01 real, 1483 MB, 1.02 load
[runlim] sample:		4169.56 time, 4190.01 real, 1483 MB, 1.01 load
[runlim] sample:		4179.56 time, 4200.01 real, 1483 MB, 1.01 load
[runlim] sample:		4189.56 time, 4210.01 real, 1483 MB, 1.01 load
[runlim] sample:		4199.56 time, 4220.01 real, 1483 MB, 1.01 load
[runlim] sample:		4209.56 time, 4230.01 real, 1483 MB, 1.01 load
[runlim] sample:		4219.56 time, 4240.01 real, 1483 MB, 1.00 load
[runlim] sample:		4229.56 time, 4250.01 real, 1483 MB, 1.00 load
[runlim] sample:		4239.55 time, 4260.01 real, 1483 MB, 1.00 load

NN₁: mnist_relu_3_100_gemm.onnx
NN₂: mnist_relu_3_100_0.49.onnx
Prop: mnist_1_global_3.vnnlib
[runlim] sample:		4249.53 time, 4270.01 real, 1483 MB, 1.00 load
[runlim] sample:		4259.53 time, 4280.01 real, 1483 MB, 1.00 load
[runlim] sample:		4269.53 time, 4290.01 real, 1483 MB, 1.00 load
[runlim] sample:		4279.53 time, 4300.01 real, 1483 MB, 1.00 load
[runlim] sample:		4289.53 time, 4310.01 real, 1483 MB, 1.00 load
[runlim] sample:		4299.53 time, 4320.01 real, 1483 MB, 1.00 load
[runlim] sample:		4309.53 time, 4330.01 real, 1483 MB, 1.00 load
[runlim] sample:		4319.53 time, 4340.01 real, 1483 MB, 1.00 load
[runlim] sample:		4329.53 time, 4350.01 real, 1483 MB, 1.00 load
[runlim] sample:		4339.53 time, 4360.01 real, 1483 MB, 1.00 load
[runlim] sample:		4349.52 time, 4370.01 real, 1483 MB, 1.00 load
[runlim] sample:		4359.53 time, 4380.01 real, 1483 MB, 1.00 load

NN₁: mnist_relu_3_100_gemm.onnx
NN₂: mnist_relu_3_100_0.49.onnx
Prop: mnist_1_global_6.vnnlib
[runlim] sample:		4369.50 time, 4390.01 real, 1483 MB, 1.00 load
[runlim] sample:		4379.50 time, 4400.01 real, 1483 MB, 1.00 load
[runlim] sample:		4389.51 time, 4410.01 real, 1483 MB, 1.00 load
[runlim] sample:		4399.50 time, 4420.01 real, 1483 MB, 1.00 load
[runlim] sample:		4409.50 time, 4430.01 real, 1483 MB, 1.00 load
[runlim] sample:		4419.51 time, 4440.01 real, 1483 MB, 1.00 load
[runlim] sample:		4429.50 time, 4450.01 real, 1483 MB, 1.00 load
[runlim] sample:		4439.50 time, 4460.01 real, 1483 MB, 1.00 load
[runlim] sample:		4449.51 time, 4470.01 real, 1483 MB, 1.00 load
[runlim] sample:		4459.50 time, 4480.01 real, 1483 MB, 1.00 load
[runlim] sample:		4469.50 time, 4490.01 real, 1483 MB, 1.00 load
[runlim] sample:		4479.50 time, 4500.01 real, 1483 MB, 1.00 load

NN₁: mnist_relu_3_100_gemm.onnx
NN₂: mnist_relu_3_100_0.49.onnx
Prop: mnist_2_global_3.vnnlib
[runlim] sample:		4489.47 time, 4510.01 real, 1483 MB, 1.15 load
[runlim] sample:		4499.47 time, 4520.01 real, 1483 MB, 1.20 load
[runlim] sample:		4509.48 time, 4530.01 real, 1483 MB, 1.17 load
[runlim] sample:		4519.47 time, 4540.01 real, 1483 MB, 1.15 load
[runlim] sample:		4529.48 time, 4550.01 real, 1483 MB, 1.12 load
[runlim] sample:		4539.48 time, 4560.01 real, 1483 MB, 1.10 load
[runlim] sample:		4549.47 time, 4570.01 real, 1483 MB, 1.09 load
[runlim] sample:		4559.48 time, 4580.01 real, 1483 MB, 1.07 load
[runlim] sample:		4569.47 time, 4590.01 real, 1483 MB, 1.06 load
[runlim] sample:		4579.47 time, 4600.01 real, 1483 MB, 1.05 load
[runlim] sample:		4589.47 time, 4610.01 real, 1483 MB, 1.04 load
[runlim] sample:		4599.46 time, 4620.01 real, 1483 MB, 1.04 load

NN₁: mnist_relu_3_100_gemm.onnx
NN₂: mnist_relu_3_100_0.49.onnx
Prop: mnist_3_global_6.vnnlib
[runlim] sample:		4609.44 time, 4630.01 real, 1483 MB, 1.03 load
[runlim] sample:		4619.45 time, 4640.01 real, 1483 MB, 1.02 load
[runlim] sample:		4629.44 time, 4650.01 real, 1483 MB, 1.02 load
[runlim] sample:		4639.44 time, 4660.01 real, 1483 MB, 1.02 load
[runlim] sample:		4649.44 time, 4670.01 real, 1483 MB, 1.01 load
[runlim] sample:		4659.44 time, 4680.01 real, 1483 MB, 1.01 load
[runlim] sample:		4669.44 time, 4690.01 real, 1483 MB, 1.01 load
[runlim] sample:		4679.44 time, 4700.01 real, 1483 MB, 1.01 load
[runlim] sample:		4689.44 time, 4710.01 real, 1483 MB, 1.01 load
[runlim] sample:		4699.44 time, 4720.01 real, 1483 MB, 1.00 load
[runlim] sample:		4709.44 time, 4730.01 real, 1483 MB, 1.00 load
[runlim] sample:		4719.44 time, 4740.01 real, 1483 MB, 1.00 load

NN₁: mnist_relu_3_100_gemm.onnx
NN₂: mnist_relu_3_100_0.49.onnx
Prop: mnist_4_global_3.vnnlib
[runlim] sample:		4729.41 time, 4750.01 real, 1483 MB, 1.00 load
[runlim] sample:		4739.41 time, 4760.01 real, 1483 MB, 1.08 load
[runlim] sample:		4749.41 time, 4770.01 real, 1483 MB, 1.07 load
[runlim] sample:		4759.41 time, 4780.01 real, 1483 MB, 1.06 load
[runlim] sample:		4769.41 time, 4790.01 real, 1483 MB, 1.05 load
[runlim] sample:		4779.40 time, 4800.01 real, 1483 MB, 1.04 load
[runlim] sample:		4789.40 time, 4810.01 real, 1483 MB, 1.03 load
[runlim] sample:		4799.40 time, 4820.01 real, 1483 MB, 1.03 load
[runlim] sample:		4809.40 time, 4830.01 real, 1483 MB, 1.02 load
[runlim] sample:		4819.40 time, 4840.01 real, 1483 MB, 1.02 load
[runlim] sample:		4829.41 time, 4850.01 real, 1483 MB, 1.02 load
[runlim] sample:		4839.40 time, 4860.01 real, 1483 MB, 1.01 load

NN₁: mnist_relu_3_100_gemm.onnx
NN₂: mnist_relu_3_100_0.49.onnx
Prop: mnist_4_global_6.vnnlib
[runlim] sample:		4849.38 time, 4870.01 real, 1483 MB, 1.01 load
[runlim] sample:		4859.38 time, 4880.01 real, 1483 MB, 1.01 load
[runlim] sample:		4869.38 time, 4890.01 real, 1483 MB, 1.01 load
[runlim] sample:		4879.38 time, 4900.01 real, 1483 MB, 1.00 load
[runlim] sample:		4889.38 time, 4910.01 real, 1483 MB, 1.00 load
[runlim] sample:		4899.38 time, 4920.01 real, 1483 MB, 1.00 load
[runlim] sample:		4909.37 time, 4930.01 real, 1483 MB, 1.00 load
[runlim] sample:		4919.37 time, 4940.01 real, 1483 MB, 1.00 load
[runlim] sample:		4929.37 time, 4950.01 real, 1483 MB, 1.00 load
[runlim] sample:		4939.37 time, 4960.01 real, 1483 MB, 1.00 load
[runlim] sample:		4949.37 time, 4970.01 real, 1483 MB, 1.00 load
[runlim] sample:		4959.37 time, 4980.01 real, 1483 MB, 1.00 load

NN₁: mnist_relu_3_100_gemm.onnx
NN₂: mnist_relu_3_100_0.49.onnx
Prop: mnist_5_global_3.vnnlib
[runlim] sample:		4969.34 time, 4990.01 real, 1483 MB, 1.00 load
[runlim] sample:		4979.34 time, 5000.01 real, 1483 MB, 1.00 load
[runlim] sample:		4989.34 time, 5010.01 real, 1483 MB, 1.15 load
[runlim] sample:		4999.34 time, 5020.01 real, 1483 MB, 1.28 load
[runlim] sample:		5009.34 time, 5030.01 real, 1483 MB, 1.24 load
[runlim] sample:		5019.33 time, 5040.01 real, 1483 MB, 1.20 load
[runlim] sample:		5029.34 time, 5050.01 real, 1483 MB, 1.17 load
[runlim] sample:		5039.34 time, 5060.01 real, 1483 MB, 1.14 load
[runlim] sample:		5049.34 time, 5070.01 real, 1483 MB, 1.12 load
[runlim] sample:		5059.34 time, 5080.01 real, 1483 MB, 1.10 load
[runlim] sample:		5069.33 time, 5090.01 real, 1483 MB, 1.09 load
[runlim] sample:		5079.33 time, 5100.01 real, 1483 MB, 1.07 load

NN₁: mnist_relu_3_100_gemm.onnx
NN₂: mnist_relu_3_100_0.49.onnx
Prop: mnist_5_global_6.vnnlib
[runlim] sample:		5089.31 time, 5110.01 real, 1483 MB, 1.06 load
[runlim] sample:		5099.31 time, 5120.01 real, 1483 MB, 1.05 load
[runlim] sample:		5109.31 time, 5130.01 real, 1483 MB, 1.04 load
[runlim] sample:		5119.31 time, 5140.01 real, 1483 MB, 1.04 load
[runlim] sample:		5129.31 time, 5150.01 real, 1483 MB, 1.03 load
[runlim] sample:		5139.30 time, 5160.01 real, 1483 MB, 1.02 load
[runlim] sample:		5149.31 time, 5170.01 real, 1483 MB, 1.02 load
[runlim] sample:		5159.30 time, 5180.01 real, 1483 MB, 1.02 load
[runlim] sample:		5169.30 time, 5190.01 real, 1483 MB, 1.01 load
[runlim] sample:		5179.31 time, 5200.01 real, 1483 MB, 1.01 load
[runlim] sample:		5189.30 time, 5210.01 real, 1483 MB, 1.01 load
[runlim] sample:		5199.30 time, 5220.01 real, 1483 MB, 1.01 load

NN₁: mnist_relu_3_100_gemm.onnx
NN₂: mnist_relu_3_100_0.49.onnx
Prop: mnist_6_global_3.vnnlib
[runlim] sample:		5209.28 time, 5230.01 real, 1483 MB, 1.01 load
[runlim] sample:		5219.28 time, 5240.01 real, 1483 MB, 1.00 load
[runlim] sample:		5229.28 time, 5250.01 real, 1483 MB, 1.00 load
[runlim] sample:		5239.28 time, 5260.01 real, 1483 MB, 1.00 load
[runlim] sample:		5249.27 time, 5270.01 real, 1483 MB, 1.00 load
[runlim] sample:		5259.27 time, 5280.01 real, 1483 MB, 1.00 load
[runlim] sample:		5269.27 time, 5290.01 real, 1483 MB, 1.00 load
[runlim] sample:		5279.27 time, 5300.01 real, 1483 MB, 1.00 load
[runlim] sample:		5289.27 time, 5310.01 real, 1483 MB, 1.00 load
[runlim] sample:		5299.27 time, 5320.01 real, 1483 MB, 1.00 load
[runlim] sample:		5309.27 time, 5330.01 real, 1483 MB, 1.00 load
[runlim] sample:		5319.26 time, 5340.01 real, 1483 MB, 1.00 load

NN₁: mnist_relu_3_100_gemm.onnx
NN₂: mnist_relu_3_100_0.49.onnx
Prop: mnist_6_global_6.vnnlib
[runlim] sample:		5329.25 time, 5350.01 real, 1483 MB, 1.00 load
[runlim] sample:		5339.24 time, 5360.01 real, 1483 MB, 1.00 load
[runlim] sample:		5349.24 time, 5370.01 real, 1483 MB, 1.00 load
[runlim] sample:		5359.24 time, 5380.01 real, 1483 MB, 1.00 load
[runlim] sample:		5369.24 time, 5390.01 real, 1483 MB, 1.00 load
[runlim] sample:		5379.24 time, 5400.01 real, 1483 MB, 1.00 load
[runlim] sample:		5389.24 time, 5410.01 real, 1483 MB, 1.00 load
[runlim] sample:		5399.23 time, 5420.01 real, 1483 MB, 1.00 load
[runlim] sample:		5409.24 time, 5430.01 real, 1483 MB, 1.00 load
[runlim] sample:		5419.23 time, 5440.01 real, 1483 MB, 1.00 load
[runlim] sample:		5429.24 time, 5450.01 real, 1483 MB, 1.00 load
[runlim] sample:		5439.23 time, 5460.01 real, 1483 MB, 1.00 load

NN₁: mnist_relu_3_100_gemm.onnx
NN₂: mnist_relu_3_100_0.49.onnx
Prop: mnist_7_global_3.vnnlib
[runlim] sample:		5449.21 time, 5470.01 real, 1483 MB, 1.00 load
[runlim] sample:		5459.21 time, 5480.01 real, 1483 MB, 1.00 load
[runlim] sample:		5469.21 time, 5490.01 real, 1483 MB, 1.00 load
[runlim] sample:		5479.21 time, 5500.01 real, 1483 MB, 1.00 load
[runlim] sample:		5489.21 time, 5510.01 real, 1483 MB, 1.15 load
[runlim] sample:		5499.21 time, 5520.01 real, 1483 MB, 1.20 load
[runlim] sample:		5509.21 time, 5530.01 real, 1483 MB, 1.17 load
[runlim] sample:		5519.20 time, 5540.01 real, 1483 MB, 1.15 load
[runlim] sample:		5529.20 time, 5550.01 real, 1483 MB, 1.12 load
[runlim] sample:		5539.20 time, 5560.01 real, 1483 MB, 1.10 load
[runlim] sample:		5549.20 time, 5570.01 real, 1483 MB, 1.09 load
[runlim] sample:		5559.20 time, 5580.01 real, 1483 MB, 1.15 load

NN₁: mnist_relu_3_100_gemm.onnx
NN₂: mnist_relu_3_100_0.49.onnx
Prop: mnist_7_global_6.vnnlib
[runlim] sample:		5569.17 time, 5590.01 real, 1483 MB, 1.12 load
[runlim] sample:		5579.18 time, 5600.01 real, 1483 MB, 1.10 load
[runlim] sample:		5589.17 time, 5610.01 real, 1483 MB, 1.09 load
[runlim] sample:		5599.18 time, 5620.01 real, 1483 MB, 1.15 load
[runlim] sample:		5609.17 time, 5630.01 real, 1483 MB, 1.13 load
[runlim] sample:		5619.17 time, 5640.01 real, 1483 MB, 1.11 load
[runlim] sample:		5629.17 time, 5650.01 real, 1483 MB, 1.09 load
[runlim] sample:		5639.17 time, 5660.01 real, 1483 MB, 1.08 load
[runlim] sample:		5649.17 time, 5670.01 real, 1483 MB, 1.06 load
[runlim] sample:		5659.17 time, 5680.01 real, 1483 MB, 1.05 load
[runlim] sample:		5669.16 time, 5690.01 real, 1483 MB, 1.05 load
[runlim] sample:		5679.17 time, 5700.01 real, 1483 MB, 1.04 load

NN₁: mnist_relu_3_100_gemm.onnx
NN₂: mnist_relu_3_100_0.49.onnx
Prop: mnist_8_global_3.vnnlib
[runlim] sample:		5689.14 time, 5710.01 real, 1483 MB, 1.03 load
[runlim] sample:		5699.15 time, 5720.01 real, 1483 MB, 1.03 load
[runlim] sample:		5709.14 time, 5730.02 real, 1483 MB, 1.02 load
[runlim] sample:		5719.14 time, 5740.01 real, 1483 MB, 1.02 load
[runlim] sample:		5729.14 time, 5750.01 real, 1483 MB, 1.10 load
[runlim] sample:		5739.14 time, 5760.01 real, 1483 MB, 1.08 load
[runlim] sample:		5749.14 time, 5770.01 real, 1483 MB, 1.07 load
[runlim] sample:		5759.14 time, 5780.01 real, 1483 MB, 1.06 load
[runlim] sample:		5769.14 time, 5790.01 real, 1483 MB, 1.05 load
[runlim] sample:		5779.14 time, 5800.01 real, 1483 MB, 1.04 load
[runlim] sample:		5789.13 time, 5810.01 real, 1483 MB, 1.03 load
[runlim] sample:		5799.13 time, 5820.01 real, 1483 MB, 1.03 load

NN₁: mnist_relu_3_100_gemm.onnx
NN₂: mnist_relu_3_100_0.49.onnx
Prop: mnist_8_global_6.vnnlib
[runlim] sample:		5809.11 time, 5830.01 real, 1483 MB, 1.02 load
[runlim] sample:		5819.10 time, 5840.01 real, 1483 MB, 1.02 load
[runlim] sample:		5829.11 time, 5850.01 real, 1483 MB, 1.02 load
[runlim] sample:		5839.11 time, 5860.01 real, 1483 MB, 1.01 load
[runlim] sample:		5849.10 time, 5870.01 real, 1483 MB, 1.01 load
[runlim] sample:		5859.10 time, 5880.01 real, 1483 MB, 1.09 load
[runlim] sample:		5869.10 time, 5890.01 real, 1483 MB, 1.15 load
[runlim] sample:		5879.10 time, 5900.01 real, 1483 MB, 1.12 load
[runlim] sample:		5889.10 time, 5910.01 real, 1483 MB, 1.11 load
[runlim] sample:		5899.10 time, 5920.01 real, 1483 MB, 1.09 load
[runlim] sample:		5909.10 time, 5930.01 real, 1483 MB, 1.07 load
[runlim] sample:		5919.10 time, 5940.01 real, 1483 MB, 1.06 load
[runlim] sample:		5929.09 time, 5950.01 real, 1483 MB, 1.05 load

NN₁: mnist_relu_3_100_gemm.onnx
NN₂: mnist_relu_3_100_0.49.onnx
Prop: mnist_9_global_3.vnnlib
[runlim] sample:		5939.08 time, 5960.01 real, 1483 MB, 1.04 load
[runlim] sample:		5949.07 time, 5970.01 real, 1483 MB, 1.04 load
[runlim] sample:		5959.07 time, 5980.01 real, 1483 MB, 1.03 load
[runlim] sample:		5969.07 time, 5990.01 real, 1483 MB, 1.03 load
[runlim] sample:		5979.07 time, 6000.01 real, 1483 MB, 1.02 load
[runlim] sample:		5989.07 time, 6010.01 real, 1483 MB, 1.17 load
[runlim] sample:		5999.07 time, 6020.01 real, 1483 MB, 1.30 load
[runlim] sample:		6009.07 time, 6030.01 real, 1483 MB, 1.25 load
[runlim] sample:		6019.06 time, 6040.01 real, 1483 MB, 1.21 load
[runlim] sample:		6029.07 time, 6050.01 real, 1483 MB, 1.18 load
[runlim] sample:		6039.06 time, 6060.01 real, 1483 MB, 1.15 load
[runlim] sample:		6049.07 time, 6070.01 real, 1483 MB, 1.13 load

NN₁: mnist_relu_3_100_gemm.onnx
NN₂: mnist_relu_3_100_0.49.onnx
Prop: mnist_9_global_6.vnnlib
[runlim] sample:		6059.04 time, 6080.01 real, 1483 MB, 1.11 load
[runlim] sample:		6069.04 time, 6090.01 real, 1483 MB, 1.09 load
[runlim] sample:		6079.04 time, 6100.01 real, 1483 MB, 1.08 load
[runlim] sample:		6089.03 time, 6110.01 real, 1483 MB, 1.06 load
[runlim] sample:		6099.04 time, 6120.01 real, 1483 MB, 1.05 load
[runlim] sample:		6109.03 time, 6130.01 real, 1483 MB, 1.05 load
[runlim] sample:		6119.04 time, 6140.01 real, 1483 MB, 1.04 load
[runlim] sample:		6129.03 time, 6150.01 real, 1483 MB, 1.03 load
[runlim] sample:		6139.03 time, 6160.01 real, 1483 MB, 1.03 load
[runlim] sample:		6149.04 time, 6170.01 real, 1483 MB, 1.02 load
[runlim] sample:		6159.03 time, 6180.01 real, 1483 MB, 1.02 load
[runlim] sample:		6169.03 time, 6190.01 real, 1483 MB, 1.02 load

NN₁: mnist_relu_3_100_gemm.onnx
NN₂: mnist_relu_3_100_0.49.onnx
Prop: mnist_10_global_3.vnnlib
[runlim] sample:		6179.01 time, 6200.01 real, 1483 MB, 1.01 load
[runlim] sample:		6189.00 time, 6210.01 real, 1483 MB, 1.08 load
[runlim] sample:		6199.00 time, 6220.01 real, 1483 MB, 1.07 load
[runlim] sample:		6209.01 time, 6230.01 real, 1483 MB, 1.06 load
[runlim] sample:		6219.00 time, 6240.01 real, 1483 MB, 1.05 load
[runlim] sample:		6229.01 time, 6250.01 real, 1483 MB, 1.04 load
[runlim] sample:		6239.00 time, 6260.01 real, 1483 MB, 1.04 load
[runlim] sample:		6249.00 time, 6270.01 real, 1483 MB, 1.03 load
[runlim] sample:		6259.00 time, 6280.01 real, 1483 MB, 1.02 load
[runlim] sample:		6269.00 time, 6290.01 real, 1483 MB, 1.02 load
[runlim] sample:		6279.00 time, 6300.01 real, 1483 MB, 1.02 load
[runlim] sample:		6289.00 time, 6310.01 real, 1483 MB, 1.01 load

NN₁: mnist_relu_3_100_gemm.onnx
NN₂: mnist_relu_3_100_0.49.onnx
Prop: mnist_10_global_6.vnnlib
[runlim] sample:		6298.97 time, 6320.01 real, 1483 MB, 1.01 load
[runlim] sample:		6308.97 time, 6330.01 real, 1483 MB, 1.01 load
[runlim] sample:		6318.97 time, 6340.01 real, 1483 MB, 1.09 load
[runlim] sample:		6328.96 time, 6350.01 real, 1483 MB, 1.15 load
[runlim] sample:		6338.97 time, 6360.01 real, 1483 MB, 1.12 load
[runlim] sample:		6348.97 time, 6370.01 real, 1483 MB, 1.10 load
[runlim] sample:		6358.96 time, 6380.01 real, 1483 MB, 1.09 load
[runlim] sample:		6368.96 time, 6390.01 real, 1483 MB, 1.07 load
[runlim] sample:		6378.96 time, 6400.01 real, 1483 MB, 1.06 load
[runlim] sample:		6388.96 time, 6410.01 real, 1483 MB, 1.05 load
[runlim] sample:		6398.96 time, 6420.01 real, 1483 MB, 1.04 load
[runlim] sample:		6408.96 time, 6430.01 real, 1483 MB, 1.04 load

NN₁: mnist_relu_3_100_gemm.onnx
NN₂: mnist_relu_3_100_0.49.onnx
Prop: mnist_0_local_15.vnnlib
[runlim] sample:		6418.93 time, 6440.01 real, 1549 MB, 1.03 load
[runlim] sample:		6428.93 time, 6450.01 real, 1601 MB, 1.02 load
[runlim] sample:		6438.93 time, 6460.01 real, 1657 MB, 1.02 load
[runlim] sample:		6448.92 time, 6470.01 real, 1732 MB, 1.02 load
[runlim] sample:		6458.92 time, 6480.01 real, 1758 MB, 1.01 load
[runlim] sample:		6468.91 time, 6490.01 real, 2046 MB, 1.01 load
[runlim] sample:		6478.91 time, 6500.01 real, 2240 MB, 1.01 load
[runlim] sample:		6488.90 time, 6510.01 real, 2275 MB, 1.16 load
[runlim] sample:		6498.90 time, 6520.01 real, 2476 MB, 1.21 load
[runlim] sample:		6508.90 time, 6530.01 real, 2535 MB, 1.18 load
[runlim] sample:		6518.90 time, 6540.01 real, 2728 MB, 1.15 load
[runlim] sample:		6528.89 time, 6550.01 real, 2784 MB, 1.13 load

NN₁: mnist_relu_3_100_gemm.onnx
NN₂: mnist_relu_3_100_0.49.onnx
Prop: mnist_0_local_24.vnnlib
[runlim] sample:		6538.87 time, 6560.01 real, 1873 MB, 1.11 load
[runlim] sample:		6548.86 time, 6570.01 real, 1956 MB, 1.09 load
[runlim] sample:		6558.86 time, 6580.01 real, 2005 MB, 1.08 load
[runlim] sample:		6568.85 time, 6590.01 real, 2059 MB, 1.06 load
[runlim] sample:		6578.85 time, 6600.01 real, 2130 MB, 1.05 load
[runlim] sample:		6588.84 time, 6610.01 real, 2145 MB, 1.04 load
[runlim] sample:		6598.85 time, 6620.01 real, 2214 MB, 1.04 load
[runlim] sample:		6608.85 time, 6630.01 real, 2315 MB, 1.11 load
[runlim] sample:		6618.83 time, 6640.01 real, 2330 MB, 1.09 load
[runlim] sample:		6628.84 time, 6650.01 real, 2431 MB, 1.08 load
[runlim] sample:		6638.83 time, 6660.01 real, 2449 MB, 1.07 load
[runlim] sample:		6648.83 time, 6670.01 real, 2636 MB, 1.06 load

NN₁: mnist_relu_3_100_gemm.onnx
NN₂: mnist_relu_3_100_0.49.onnx
Prop: mnist_1_local_15.vnnlib
[runlim] sample:		6658.81 time, 6680.01 real, 1881 MB, 1.05 load
[runlim] sample:		6668.80 time, 6690.01 real, 1994 MB, 1.04 load
[runlim] sample:		6678.80 time, 6700.01 real, 2054 MB, 1.03 load
[runlim] sample:		6688.79 time, 6710.01 real, 2139 MB, 1.03 load
[runlim] sample:		6698.79 time, 6720.01 real, 2229 MB, 1.02 load
[runlim] sample:		6708.79 time, 6730.01 real, 2332 MB, 1.02 load
[runlim] sample:		6718.78 time, 6740.01 real, 2453 MB, 1.02 load
[runlim] sample:		6728.78 time, 6750.01 real, 2506 MB, 1.01 load
[runlim] sample:		6738.77 time, 6760.01 real, 2616 MB, 1.01 load
[runlim] sample:		6748.77 time, 6770.01 real, 2854 MB, 1.01 load
[runlim] sample:		6758.77 time, 6780.01 real, 2802 MB, 1.01 load
[runlim] sample:		6768.77 time, 6790.01 real, 2717 MB, 1.00 load

NN₁: mnist_relu_3_100_gemm.onnx
NN₂: mnist_relu_3_100_0.49.onnx
Prop: mnist_1_local_24.vnnlib
[runlim] sample:		6778.75 time, 6800.01 real, 1907 MB, 1.00 load
[runlim] sample:		6788.74 time, 6810.01 real, 2009 MB, 1.00 load
[runlim] sample:		6798.74 time, 6820.01 real, 2065 MB, 1.00 load
[runlim] sample:		6808.74 time, 6830.01 real, 2127 MB, 1.00 load
[runlim] sample:		6818.73 time, 6840.01 real, 2205 MB, 1.00 load
[runlim] sample:		6828.73 time, 6850.01 real, 2286 MB, 1.00 load
[runlim] sample:		6838.72 time, 6860.01 real, 2312 MB, 1.00 load
[runlim] sample:		6848.72 time, 6870.01 real, 2417 MB, 1.07 load
[runlim] sample:		6858.72 time, 6880.01 real, 2459 MB, 1.06 load
[runlim] sample:		6868.72 time, 6890.01 real, 2541 MB, 1.05 load
[runlim] sample:		6878.71 time, 6900.02 real, 2601 MB, 1.04 load
[runlim] sample:		6888.71 time, 6910.01 real, 2732 MB, 1.04 load

NN₁: mnist_relu_3_100_gemm.onnx
NN₂: mnist_relu_3_100_0.49.onnx
Prop: mnist_2_local_15.vnnlib
[runlim] sample:		6898.68 time, 6920.01 real, 1907 MB, 1.03 load
[runlim] sample:		6908.68 time, 6930.01 real, 2005 MB, 1.02 load
[runlim] sample:		6918.68 time, 6940.01 real, 2066 MB, 1.02 load
[runlim] sample:		6928.67 time, 6950.01 real, 2130 MB, 1.02 load
[runlim] sample:		6938.67 time, 6960.01 real, 2207 MB, 1.01 load
[runlim] sample:		6948.67 time, 6970.01 real, 2312 MB, 1.01 load
[runlim] sample:		6958.67 time, 6980.01 real, 2321 MB, 1.01 load
[runlim] sample:		6968.66 time, 6990.01 real, 2417 MB, 1.01 load
[runlim] sample:		6978.66 time, 7000.01 real, 2531 MB, 1.01 load
[runlim] sample:		6988.66 time, 7010.01 real, 2554 MB, 1.24 load
[runlim] sample:		6998.65 time, 7020.01 real, 2675 MB, 1.28 load
[runlim] sample:		7008.65 time, 7030.01 real, 2708 MB, 1.23 load

NN₁: mnist_relu_3_100_gemm.onnx
NN₂: mnist_relu_3_100_0.49.onnx
Prop: mnist_3_local_24.vnnlib
[runlim] sample:		7018.62 time, 7040.01 real, 1907 MB, 1.20 load
[runlim] sample:		7028.62 time, 7050.01 real, 1959 MB, 1.17 load
[runlim] sample:		7038.62 time, 7060.01 real, 2060 MB, 1.14 load
[runlim] sample:		7048.61 time, 7070.01 real, 2120 MB, 1.12 load
[runlim] sample:		7058.61 time, 7080.01 real, 2196 MB, 1.10 load
[runlim] sample:		7068.61 time, 7090.01 real, 2218 MB, 1.08 load
[runlim] sample:		7078.61 time, 7100.01 real, 2292 MB, 1.07 load
[runlim] sample:		7088.61 time, 7110.01 real, 2401 MB, 1.06 load
[runlim] sample:		7098.60 time, 7120.01 real, 2437 MB, 1.05 load
[runlim] sample:		7108.60 time, 7130.01 real, 2522 MB, 1.04 load
[runlim] sample:		7118.59 time, 7140.01 real, 2579 MB, 1.03 load
[runlim] sample:		7128.60 time, 7150.01 real, 2685 MB, 1.03 load

NN₁: mnist_relu_3_100_gemm.onnx
NN₂: mnist_relu_3_100_0.49.onnx
Prop: mnist_4_local_15.vnnlib
[runlim] sample:		7138.57 time, 7160.01 real, 1907 MB, 1.02 load
[runlim] sample:		7148.57 time, 7170.01 real, 1992 MB, 1.02 load
[runlim] sample:		7158.56 time, 7180.01 real, 2087 MB, 1.02 load
[runlim] sample:		7168.56 time, 7190.01 real, 2159 MB, 1.01 load
[runlim] sample:		7178.57 time, 7200.01 real, 2241 MB, 1.01 load
[runlim] sample:		7188.56 time, 7210.01 real, 2351 MB, 1.01 load
[runlim] sample:		7198.56 time, 7220.01 real, 2388 MB, 1.01 load
[runlim] sample:		7208.56 time, 7230.01 real, 2482 MB, 1.01 load
[runlim] sample:		7218.55 time, 7240.01 real, 2602 MB, 1.00 load
[runlim] sample:		7228.55 time, 7250.01 real, 2649 MB, 1.00 load
[runlim] sample:		7238.55 time, 7260.01 real, 2771 MB, 1.00 load
[runlim] sample:		7248.55 time, 7270.01 real, 2825 MB, 1.00 load

NN₁: mnist_relu_3_100_gemm.onnx
NN₂: mnist_relu_3_100_0.49.onnx
Prop: mnist_4_local_24.vnnlib
[runlim] sample:		7258.53 time, 7280.01 real, 1907 MB, 1.00 load
[runlim] sample:		7268.52 time, 7290.01 real, 1949 MB, 1.00 load
[runlim] sample:		7278.52 time, 7300.01 real, 1994 MB, 1.00 load
[runlim] sample:		7288.51 time, 7310.01 real, 2044 MB, 1.00 load
[runlim] sample:		7298.52 time, 7320.01 real, 2102 MB, 1.00 load
[runlim] sample:		7308.52 time, 7330.01 real, 2175 MB, 1.00 load
[runlim] sample:		7318.52 time, 7340.01 real, 2261 MB, 1.00 load
[runlim] sample:		7328.52 time, 7350.01 real, 2288 MB, 1.00 load
[runlim] sample:		7338.51 time, 7360.01 real, 2369 MB, 1.00 load
[runlim] sample:		7348.51 time, 7370.01 real, 2415 MB, 1.00 load
[runlim] sample:		7358.51 time, 7380.01 real, 2488 MB, 1.00 load
[runlim] sample:		7368.51 time, 7390.01 real, 2541 MB, 1.00 load

NN₁: mnist_relu_3_100_gemm.onnx
NN₂: mnist_relu_3_100_0.49.onnx
Prop: mnist_5_local_15.vnnlib
[runlim] sample:		7378.49 time, 7400.01 real, 1907 MB, 1.00 load
[runlim] sample:		7388.48 time, 7410.01 real, 1969 MB, 1.00 load
[runlim] sample:		7398.48 time, 7420.01 real, 2098 MB, 1.00 load
[runlim] sample:		7408.49 time, 7430.01 real, 2147 MB, 1.00 load
[runlim] sample:		7418.48 time, 7440.01 real, 2227 MB, 1.00 load
[runlim] sample:		7428.48 time, 7450.01 real, 2301 MB, 1.00 load
[runlim] sample:		7438.48 time, 7460.01 real, 2352 MB, 1.00 load
[runlim] sample:		7448.48 time, 7470.01 real, 2454 MB, 1.00 load
[runlim] sample:		7458.47 time, 7480.01 real, 2559 MB, 1.00 load
[runlim] sample:		7468.48 time, 7490.01 real, 2600 MB, 1.00 load
[runlim] sample:		7478.47 time, 7500.01 real, 2731 MB, 1.00 load
[runlim] sample:		7488.47 time, 7510.01 real, 2768 MB, 1.08 load
[runlim] sample:		7498.46 time, 7520.01 real, 2834 MB, 1.22 load

NN₁: mnist_relu_3_100_gemm.onnx
NN₂: mnist_relu_3_100_0.49.onnx
Prop: mnist_5_local_24.vnnlib
[runlim] sample:		7508.43 time, 7530.01 real, 1946 MB, 1.26 load
[runlim] sample:		7518.43 time, 7540.01 real, 1990 MB, 1.22 load
[runlim] sample:		7528.42 time, 7550.01 real, 2038 MB, 1.19 load
[runlim] sample:		7538.43 time, 7560.01 real, 2094 MB, 1.16 load
[runlim] sample:		7548.42 time, 7570.01 real, 2167 MB, 1.13 load
[runlim] sample:		7558.42 time, 7580.01 real, 2242 MB, 1.11 load
[runlim] sample:		7568.42 time, 7590.01 real, 2257 MB, 1.09 load
[runlim] sample:		7578.42 time, 7600.01 real, 2349 MB, 1.08 load
[runlim] sample:		7588.41 time, 7610.01 real, 2377 MB, 1.07 load
[runlim] sample:		7598.40 time, 7620.01 real, 2465 MB, 1.06 load
[runlim] sample:		7608.41 time, 7630.01 real, 2495 MB, 1.05 load
[runlim] sample:		7618.40 time, 7640.01 real, 2637 MB, 1.04 load

NN₁: mnist_relu_3_100_gemm.onnx
NN₂: mnist_relu_3_100_0.49.onnx
Prop: mnist_6_local_15.vnnlib
[runlim] sample:		7628.37 time, 7650.01 real, 1976 MB, 1.03 load
[runlim] sample:		7638.38 time, 7660.01 real, 2031 MB, 1.03 load
[runlim] sample:		7648.37 time, 7670.01 real, 2150 MB, 1.02 load
[runlim] sample:		7658.36 time, 7680.01 real, 2232 MB, 1.02 load
[runlim] sample:		7668.36 time, 7690.01 real, 2274 MB, 1.02 load
[runlim] sample:		7678.35 time, 7700.01 real, 2375 MB, 1.01 load
[runlim] sample:		7688.35 time, 7710.01 real, 2484 MB, 1.01 load
[runlim] sample:		7698.35 time, 7720.01 real, 2565 MB, 1.01 load
[runlim] sample:		7708.35 time, 7730.01 real, 2642 MB, 1.01 load
[runlim] sample:		7718.34 time, 7740.01 real, 2768 MB, 1.00 load
[runlim] sample:		7728.34 time, 7750.01 real, 2823 MB, 1.00 load
[runlim] sample:		7738.33 time, 7760.01 real, 2911 MB, 1.00 load

NN₁: mnist_relu_3_100_gemm.onnx
NN₂: mnist_relu_3_100_0.49.onnx
Prop: mnist_6_local_24.vnnlib
[runlim] sample:		7748.29 time, 7770.01 real, 1948 MB, 1.00 load
[runlim] sample:		7758.28 time, 7780.01 real, 1994 MB, 1.00 load
[runlim] sample:		7768.27 time, 7790.01 real, 2043 MB, 1.00 load
[runlim] sample:		7778.27 time, 7800.01 real, 2103 MB, 1.00 load
[runlim] sample:		7788.27 time, 7810.01 real, 2177 MB, 1.00 load
[runlim] sample:		7798.26 time, 7820.01 real, 2237 MB, 1.00 load
[runlim] sample:		7808.26 time, 7830.01 real, 2269 MB, 1.00 load
[runlim] sample:		7818.26 time, 7840.01 real, 2372 MB, 1.00 load
[runlim] sample:		7828.26 time, 7850.01 real, 2400 MB, 1.00 load
[runlim] sample:		7838.26 time, 7860.01 real, 2492 MB, 1.00 load
[runlim] sample:		7848.25 time, 7870.01 real, 2525 MB, 1.00 load
[runlim] sample:		7858.26 time, 7880.02 real, 2676 MB, 1.00 load

NN₁: mnist_relu_3_100_gemm.onnx
NN₂: mnist_relu_3_100_0.49.onnx
Prop: mnist_7_local_15.vnnlib
[runlim] sample:		7868.22 time, 7890.01 real, 1961 MB, 1.07 load
[runlim] sample:		7878.21 time, 7900.01 real, 2006 MB, 1.06 load
[runlim] sample:		7888.21 time, 7910.01 real, 2063 MB, 1.13 load
[runlim] sample:		7898.21 time, 7920.01 real, 2125 MB, 1.11 load
[runlim] sample:		7908.21 time, 7930.01 real, 2202 MB, 1.09 load
[runlim] sample:		7918.20 time, 7940.01 real, 2288 MB, 1.08 load
[runlim] sample:		7928.20 time, 7950.02 real, 2325 MB, 1.06 load
[runlim] sample:		7938.20 time, 7960.01 real, 2408 MB, 1.05 load
[runlim] sample:		7948.19 time, 7970.01 real, 2522 MB, 1.04 load
[runlim] sample:		7958.19 time, 7980.01 real, 2546 MB, 1.04 load
[runlim] sample:		7968.19 time, 7990.01 real, 2683 MB, 1.03 load
[runlim] sample:		7978.19 time, 8000.01 real, 2706 MB, 1.03 load

NN₁: mnist_relu_3_100_gemm.onnx
NN₂: mnist_relu_3_100_0.49.onnx
Prop: mnist_7_local_24.vnnlib
[runlim] sample:		7988.16 time, 8010.01 real, 1921 MB, 1.10 load
[runlim] sample:		7998.15 time, 8020.01 real, 1998 MB, 1.24 load
[runlim] sample:		8008.16 time, 8030.01 real, 2043 MB, 1.20 load
[runlim] sample:		8018.15 time, 8040.01 real, 2096 MB, 1.17 load
[runlim] sample:		8028.15 time, 8050.01 real, 2109 MB, 1.14 load
[runlim] sample:		8038.15 time, 8060.01 real, 2162 MB, 1.20 load
[runlim] sample:		8048.15 time, 8070.01 real, 2242 MB, 1.17 load
[runlim] sample:		8058.14 time, 8080.01 real, 2269 MB, 1.14 load
[runlim] sample:		8068.15 time, 8090.01 real, 2336 MB, 1.12 load
[runlim] sample:		8078.14 time, 8100.01 real, 2378 MB, 1.10 load
[runlim] sample:		8088.15 time, 8110.01 real, 2441 MB, 1.08 load
[runlim] sample:		8098.14 time, 8120.01 real, 2486 MB, 1.07 load

NN₁: mnist_relu_3_100_gemm.onnx
NN₂: mnist_relu_3_100_0.49.onnx
Prop: mnist_8_local_15.vnnlib

NN₁: mnist_relu_3_100_gemm.onnx
NN₂: mnist_relu_3_100_0.49.onnx
Prop: mnist_8_local_24.vnnlib

NN₁: mnist_relu_3_100_gemm.onnx
NN₂: mnist_relu_3_100_0.49.onnx
Prop: mnist_9_local_15.vnnlib
[runlim] sample:		8108.10 time, 8130.01 real, 1954 MB, 1.21 load
[runlim] sample:		8118.10 time, 8140.01 real, 2047 MB, 1.17 load
[runlim] sample:		8128.09 time, 8150.01 real, 2106 MB, 1.15 load
[runlim] sample:		8138.09 time, 8160.01 real, 2180 MB, 1.12 load
[runlim] sample:		8148.09 time, 8170.01 real, 2265 MB, 1.10 load
[runlim] sample:		8158.09 time, 8180.01 real, 2380 MB, 1.09 load
[runlim] sample:		8168.09 time, 8190.01 real, 2640 MB, 1.15 load
[runlim] sample:		8178.08 time, 8200.01 real, 2521 MB, 1.12 load
[runlim] sample:		8188.08 time, 8210.01 real, 2642 MB, 1.10 load
[runlim] sample:		8198.08 time, 8220.01 real, 2694 MB, 1.09 load
[runlim] sample:		8208.08 time, 8230.01 real, 2808 MB, 1.07 load
[runlim] sample:		8218.07 time, 8240.01 real, 2876 MB, 1.06 load

NN₁: mnist_relu_3_100_gemm.onnx
NN₂: mnist_relu_3_100_0.49.onnx
Prop: mnist_9_local_24.vnnlib
[runlim] sample:		8228.04 time, 8250.01 real, 1907 MB, 1.05 load
[runlim] sample:		8238.04 time, 8260.01 real, 1952 MB, 1.04 load
[runlim] sample:		8248.04 time, 8270.01 real, 2050 MB, 1.04 load
[runlim] sample:		8258.03 time, 8280.01 real, 2111 MB, 1.10 load
[runlim] sample:		8268.03 time, 8290.01 real, 2124 MB, 1.09 load
[runlim] sample:		8278.03 time, 8300.01 real, 2193 MB, 1.07 load
[runlim] sample:		8288.02 time, 8310.01 real, 2271 MB, 1.06 load
[runlim] sample:		8298.02 time, 8320.01 real, 2382 MB, 1.05 load
[runlim] sample:		8308.02 time, 8330.01 real, 2398 MB, 1.04 load
[runlim] sample:		8318.02 time, 8340.01 real, 2505 MB, 1.04 load
[runlim] sample:		8328.02 time, 8350.01 real, 2526 MB, 1.03 load
[runlim] sample:		8338.02 time, 8360.01 real, 2712 MB, 1.02 load

NN₁: mnist_relu_3_100_gemm.onnx
NN₂: mnist_relu_3_100_0.49.onnx
Prop: mnist_10_local_15.vnnlib
[runlim] sample:		8348.00 time, 8370.01 real, 1922 MB, 1.02 load
[runlim] sample:		8357.99 time, 8380.01 real, 1983 MB, 1.02 load

NN₁: mnist_relu_3_100_gemm.onnx
NN₂: mnist_relu_3_100_0.49.onnx
Prop: mnist_10_local_24.vnnlib
[runlim] sample:		8367.98 time, 8390.01 real, 1916 MB, 1.01 load
[runlim] sample:		8377.99 time, 8400.01 real, 2010 MB, 1.01 load
[runlim] sample:		8387.98 time, 8410.01 real, 2063 MB, 1.01 load
[runlim] sample:		8397.98 time, 8420.01 real, 2125 MB, 1.01 load
[runlim] sample:		8407.98 time, 8430.01 real, 2202 MB, 1.01 load
[runlim] sample:		8417.97 time, 8440.01 real, 2289 MB, 1.08 load
[runlim] sample:		8427.98 time, 8450.01 real, 2321 MB, 1.07 load
[runlim] sample:		8437.97 time, 8460.01 real, 2412 MB, 1.06 load
[runlim] sample:		8447.97 time, 8470.01 real, 2544 MB, 1.05 load
[runlim] sample:		8457.97 time, 8480.01 real, 2548 MB, 1.04 load
[runlim] sample:		8467.98 time, 8490.01 real, 2819 MB, 1.04 load
[runlim] sample:		8477.97 time, 8500.01 real, 2724 MB, 1.03 load

NN₁: mnist_relu_3_100_gemm.onnx
NN₂: mnist_relu_3_100_0.79_adam_1_stepsize.onnx
Prop: mnist_0_global_3.vnnlib

NN₁: mnist_relu_3_100_gemm.onnx
NN₂: mnist_relu_3_100_0.79_adam_1_stepsize.onnx
Prop: mnist_0_global_6.vnnlib
[runlim] sample:		8487.94 time, 8510.01 real, 1907 MB, 1.11 load
[runlim] sample:		8497.94 time, 8520.01 real, 1907 MB, 1.24 load
[runlim] sample:		8507.94 time, 8530.01 real, 1907 MB, 1.28 load
[runlim] sample:		8517.94 time, 8540.01 real, 1907 MB, 1.24 load
[runlim] sample:		8527.94 time, 8550.01 real, 1907 MB, 1.20 load
[runlim] sample:		8537.94 time, 8560.01 real, 1907 MB, 1.17 load
[runlim] sample:		8547.93 time, 8570.01 real, 1907 MB, 1.14 load
[runlim] sample:		8557.94 time, 8580.01 real, 1907 MB, 1.12 load
[runlim] sample:		8567.93 time, 8590.01 real, 1907 MB, 1.10 load
[runlim] sample:		8577.94 time, 8600.01 real, 1907 MB, 1.08 load
[runlim] sample:		8587.93 time, 8610.01 real, 1907 MB, 1.07 load
[runlim] sample:		8597.93 time, 8620.01 real, 1907 MB, 1.13 load

NN₁: mnist_relu_3_100_gemm.onnx
NN₂: mnist_relu_3_100_0.79_adam_1_stepsize.onnx
Prop: mnist_1_global_3.vnnlib

NN₁: mnist_relu_3_100_gemm.onnx
NN₂: mnist_relu_3_100_0.79_adam_1_stepsize.onnx
Prop: mnist_1_global_6.vnnlib
[runlim] sample:		8607.90 time, 8630.01 real, 1907 MB, 1.11 load
[runlim] sample:		8617.91 time, 8640.01 real, 1907 MB, 1.10 load
[runlim] sample:		8627.90 time, 8650.01 real, 1907 MB, 1.08 load
[runlim] sample:		8637.90 time, 8660.01 real, 1907 MB, 1.07 load
[runlim] sample:		8647.90 time, 8670.01 real, 1907 MB, 1.06 load
[runlim] sample:		8657.90 time, 8680.01 real, 1907 MB, 1.05 load
[runlim] sample:		8667.90 time, 8690.01 real, 1907 MB, 1.04 load
[runlim] sample:		8677.90 time, 8700.01 real, 1907 MB, 1.03 load
[runlim] sample:		8687.90 time, 8710.01 real, 1907 MB, 1.03 load
[runlim] sample:		8697.89 time, 8720.01 real, 1907 MB, 1.02 load
[runlim] sample:		8707.90 time, 8730.01 real, 1907 MB, 1.02 load
[runlim] sample:		8717.90 time, 8740.01 real, 1907 MB, 1.02 load

NN₁: mnist_relu_3_100_gemm.onnx
NN₂: mnist_relu_3_100_0.79_adam_1_stepsize.onnx
Prop: mnist_2_global_3.vnnlib

NN₁: mnist_relu_3_100_gemm.onnx
NN₂: mnist_relu_3_100_0.79_adam_1_stepsize.onnx
Prop: mnist_3_global_6.vnnlib
[runlim] sample:		8727.87 time, 8750.01 real, 1907 MB, 1.01 load
[runlim] sample:		8737.86 time, 8760.01 real, 1907 MB, 1.01 load
[runlim] sample:		8747.87 time, 8770.01 real, 1907 MB, 1.01 load
[runlim] sample:		8757.87 time, 8780.01 real, 1907 MB, 1.01 load
[runlim] sample:		8767.87 time, 8790.01 real, 1907 MB, 1.00 load
[runlim] sample:		8777.86 time, 8800.01 real, 1907 MB, 1.00 load
[runlim] sample:		8787.87 time, 8810.01 real, 1907 MB, 1.00 load
[runlim] sample:		8797.86 time, 8820.01 real, 1907 MB, 1.00 load
[runlim] sample:		8807.86 time, 8830.01 real, 1907 MB, 1.00 load
[runlim] sample:		8817.86 time, 8840.01 real, 1907 MB, 1.00 load
[runlim] sample:		8827.86 time, 8850.01 real, 1907 MB, 1.00 load
[runlim] sample:		8837.86 time, 8860.01 real, 1907 MB, 1.00 load

NN₁: mnist_relu_3_100_gemm.onnx
NN₂: mnist_relu_3_100_0.79_adam_1_stepsize.onnx
Prop: mnist_4_global_3.vnnlib

NN₁: mnist_relu_3_100_gemm.onnx
NN₂: mnist_relu_3_100_0.79_adam_1_stepsize.onnx
Prop: mnist_4_global_6.vnnlib
[runlim] sample:		8847.83 time, 8870.01 real, 1907 MB, 1.00 load
[runlim] sample:		8857.83 time, 8880.01 real, 1907 MB, 1.00 load
[runlim] sample:		8867.83 time, 8890.01 real, 1907 MB, 1.00 load
[runlim] sample:		8877.83 time, 8900.01 real, 1907 MB, 1.00 load
[runlim] sample:		8887.83 time, 8910.01 real, 1907 MB, 1.00 load
[runlim] sample:		8897.82 time, 8920.01 real, 1907 MB, 1.00 load
[runlim] sample:		8907.82 time, 8930.01 real, 1907 MB, 1.00 load
[runlim] sample:		8917.82 time, 8940.01 real, 1907 MB, 1.00 load
[runlim] sample:		8927.82 time, 8950.01 real, 1907 MB, 1.00 load
[runlim] sample:		8937.82 time, 8960.01 real, 1907 MB, 1.00 load
[runlim] sample:		8947.81 time, 8970.01 real, 1907 MB, 1.00 load
[runlim] sample:		8957.81 time, 8980.01 real, 1907 MB, 1.00 load

NN₁: mnist_relu_3_100_gemm.onnx
NN₂: mnist_relu_3_100_0.79_adam_1_stepsize.onnx
Prop: mnist_5_global_3.vnnlib

NN₁: mnist_relu_3_100_gemm.onnx
NN₂: mnist_relu_3_100_0.79_adam_1_stepsize.onnx
Prop: mnist_5_global_6.vnnlib
[runlim] sample:		8967.78 time, 8990.01 real, 1907 MB, 1.00 load
[runlim] sample:		8977.79 time, 9000.01 real, 1907 MB, 1.00 load
[runlim] sample:		8987.78 time, 9010.01 real, 1907 MB, 1.08 load
[runlim] sample:		8997.78 time, 9020.01 real, 1907 MB, 1.22 load
[runlim] sample:		9007.78 time, 9030.01 real, 1907 MB, 1.34 load
[runlim] sample:		9017.78 time, 9040.01 real, 1907 MB, 1.29 load
[runlim] sample:		9027.78 time, 9050.01 real, 1907 MB, 1.24 load
[runlim] sample:		9037.77 time, 9060.01 real, 1907 MB, 1.21 load
[runlim] sample:		9047.78 time, 9070.01 real, 1907 MB, 1.17 load
[runlim] sample:		9057.77 time, 9080.01 real, 1907 MB, 1.15 load
[runlim] sample:		9067.77 time, 9090.01 real, 1907 MB, 1.12 load
[runlim] sample:		9077.77 time, 9100.01 real, 1907 MB, 1.10 load
[runlim] sample:		9087.76 time, 9110.01 real, 1907 MB, 1.09 load

NN₁: mnist_relu_3_100_gemm.onnx
NN₂: mnist_relu_3_100_0.79_adam_1_stepsize.onnx
Prop: mnist_6_global_3.vnnlib

NN₁: mnist_relu_3_100_gemm.onnx
NN₂: mnist_relu_3_100_0.79_adam_1_stepsize.onnx
Prop: mnist_6_global_6.vnnlib
[runlim] sample:		9097.74 time, 9120.01 real, 1907 MB, 1.07 load
[runlim] sample:		9107.74 time, 9130.01 real, 1907 MB, 1.06 load
[runlim] sample:		9117.73 time, 9140.01 real, 1907 MB, 1.05 load
[runlim] sample:		9127.74 time, 9150.01 real, 1907 MB, 1.04 load
[runlim] sample:		9137.73 time, 9160.01 real, 1907 MB, 1.04 load
[runlim] sample:		9147.73 time, 9170.01 real, 1907 MB, 1.03 load
[runlim] sample:		9157.73 time, 9180.01 real, 1907 MB, 1.02 load
[runlim] sample:		9167.72 time, 9190.01 real, 1907 MB, 1.02 load
[runlim] sample:		9177.73 time, 9200.01 real, 1907 MB, 1.02 load
[runlim] sample:		9187.73 time, 9210.01 real, 1907 MB, 1.01 load
[runlim] sample:		9197.72 time, 9220.01 real, 1907 MB, 1.01 load
[runlim] sample:		9207.72 time, 9230.01 real, 1907 MB, 1.01 load

NN₁: mnist_relu_3_100_gemm.onnx
NN₂: mnist_relu_3_100_0.79_adam_1_stepsize.onnx
Prop: mnist_7_global_3.vnnlib

NN₁: mnist_relu_3_100_gemm.onnx
NN₂: mnist_relu_3_100_0.79_adam_1_stepsize.onnx
Prop: mnist_7_global_6.vnnlib
[runlim] sample:		9217.69 time, 9240.01 real, 1907 MB, 1.01 load
[runlim] sample:		9227.69 time, 9250.01 real, 1907 MB, 1.01 load
[runlim] sample:		9237.69 time, 9260.01 real, 1907 MB, 1.00 load
[runlim] sample:		9247.69 time, 9270.01 real, 1907 MB, 1.00 load
[runlim] sample:		9257.68 time, 9280.01 real, 1907 MB, 1.00 load
[runlim] sample:		9267.69 time, 9290.01 real, 1907 MB, 1.00 load
[runlim] sample:		9277.68 time, 9300.01 real, 1907 MB, 1.00 load
[runlim] sample:		9287.68 time, 9310.01 real, 1907 MB, 1.00 load
[runlim] sample:		9297.68 time, 9320.01 real, 1907 MB, 1.00 load
[runlim] sample:		9307.67 time, 9330.01 real, 1907 MB, 1.00 load
[runlim] sample:		9317.67 time, 9340.01 real, 1907 MB, 1.00 load
[runlim] sample:		9327.68 time, 9350.01 real, 1907 MB, 1.00 load

NN₁: mnist_relu_3_100_gemm.onnx
NN₂: mnist_relu_3_100_0.79_adam_1_stepsize.onnx
Prop: mnist_8_global_3.vnnlib

NN₁: mnist_relu_3_100_gemm.onnx
NN₂: mnist_relu_3_100_0.79_adam_1_stepsize.onnx
Prop: mnist_8_global_6.vnnlib
[runlim] sample:		9337.64 time, 9360.01 real, 1907 MB, 1.00 load
[runlim] sample:		9347.64 time, 9370.01 real, 1907 MB, 1.00 load
[runlim] sample:		9357.64 time, 9380.01 real, 1907 MB, 1.00 load
[runlim] sample:		9367.63 time, 9390.01 real, 1907 MB, 1.00 load
[runlim] sample:		9377.64 time, 9400.01 real, 1907 MB, 1.00 load
[runlim] sample:		9387.63 time, 9410.01 real, 1907 MB, 1.00 load
[runlim] sample:		9397.63 time, 9420.01 real, 1907 MB, 1.00 load
[runlim] sample:		9407.63 time, 9430.01 real, 1907 MB, 1.00 load
[runlim] sample:		9417.63 time, 9440.01 real, 1907 MB, 1.00 load
[runlim] sample:		9427.63 time, 9450.01 real, 1907 MB, 1.00 load
[runlim] sample:		9437.63 time, 9460.01 real, 1907 MB, 1.00 load
[runlim] sample:		9447.63 time, 9470.01 real, 1907 MB, 1.00 load

NN₁: mnist_relu_3_100_gemm.onnx
NN₂: mnist_relu_3_100_0.79_adam_1_stepsize.onnx
Prop: mnist_9_global_3.vnnlib

NN₁: mnist_relu_3_100_gemm.onnx
NN₂: mnist_relu_3_100_0.79_adam_1_stepsize.onnx
Prop: mnist_9_global_6.vnnlib
[runlim] sample:		9457.58 time, 9480.01 real, 1907 MB, 1.00 load
[runlim] sample:		9467.58 time, 9490.01 real, 1907 MB, 1.00 load
[runlim] sample:		9477.58 time, 9500.01 real, 1907 MB, 1.00 load
[runlim] sample:		9487.57 time, 9510.01 real, 1907 MB, 1.08 load
[runlim] sample:		9497.58 time, 9520.01 real, 1907 MB, 1.30 load
[runlim] sample:		9507.57 time, 9530.01 real, 1907 MB, 1.25 load
[runlim] sample:		9517.56 time, 9540.01 real, 1907 MB, 1.22 load
[runlim] sample:		9527.57 time, 9550.01 real, 1907 MB, 1.18 load
[runlim] sample:		9537.57 time, 9560.01 real, 1907 MB, 1.15 load
[runlim] sample:		9547.56 time, 9570.01 real, 1907 MB, 1.28 load
[runlim] sample:		9557.55 time, 9580.01 real, 1907 MB, 1.23 load
[runlim] sample:		9567.55 time, 9590.01 real, 1907 MB, 1.20 load

NN₁: mnist_relu_3_100_gemm.onnx
NN₂: mnist_relu_3_100_0.79_adam_1_stepsize.onnx
Prop: mnist_10_global_3.vnnlib

NN₁: mnist_relu_3_100_gemm.onnx
NN₂: mnist_relu_3_100_0.79_adam_1_stepsize.onnx
Prop: mnist_10_global_6.vnnlib
[runlim] sample:		9577.53 time, 9600.01 real, 1907 MB, 1.17 load
[runlim] sample:		9587.52 time, 9610.01 real, 1907 MB, 1.14 load
[runlim] sample:		9597.52 time, 9620.01 real, 1907 MB, 1.12 load
[runlim] sample:		9607.52 time, 9630.01 real, 1907 MB, 1.10 load
[runlim] sample:		9617.51 time, 9640.01 real, 1907 MB, 1.08 load
[runlim] sample:		9627.51 time, 9650.01 real, 1907 MB, 1.07 load
[runlim] sample:		9637.51 time, 9660.01 real, 1907 MB, 1.06 load
[runlim] sample:		9647.51 time, 9670.01 real, 1907 MB, 1.05 load
[runlim] sample:		9657.50 time, 9680.01 real, 1907 MB, 1.04 load
[runlim] sample:		9667.50 time, 9690.01 real, 1907 MB, 1.04 load
[runlim] sample:		9677.50 time, 9700.01 real, 1907 MB, 1.03 load
[runlim] sample:		9687.49 time, 9710.01 real, 1907 MB, 1.02 load

NN₁: mnist_relu_3_100_gemm.onnx
NN₂: mnist_relu_3_100_0.79_adam_1_stepsize.onnx
Prop: mnist_0_local_15.vnnlib

NN₁: mnist_relu_3_100_gemm.onnx
NN₂: mnist_relu_3_100_0.79_adam_1_stepsize.onnx
Prop: mnist_0_local_24.vnnlib
[runlim] sample:		9697.43 time, 9720.01 real, 1918 MB, 1.02 load
[runlim] sample:		9707.43 time, 9730.01 real, 1947 MB, 1.02 load
[runlim] sample:		9717.42 time, 9740.01 real, 1992 MB, 1.01 load
[runlim] sample:		9727.42 time, 9750.01 real, 2044 MB, 1.01 load
[runlim] sample:		9737.42 time, 9760.01 real, 2100 MB, 1.01 load
[runlim] sample:		9747.41 time, 9770.01 real, 2167 MB, 1.01 load
[runlim] sample:		9757.41 time, 9780.01 real, 2250 MB, 1.01 load
[runlim] sample:		9767.41 time, 9790.01 real, 2275 MB, 1.00 load
[runlim] sample:		9777.40 time, 9800.01 real, 2352 MB, 1.00 load
[runlim] sample:		9787.40 time, 9810.01 real, 2394 MB, 1.00 load
[runlim] sample:		9797.40 time, 9820.01 real, 2467 MB, 1.00 load
[runlim] sample:		9807.39 time, 9830.01 real, 2510 MB, 1.00 load

NN₁: mnist_relu_3_100_gemm.onnx
NN₂: mnist_relu_3_100_0.79_adam_1_stepsize.onnx
Prop: mnist_1_local_15.vnnlib

NN₁: mnist_relu_3_100_gemm.onnx
NN₂: mnist_relu_3_100_0.79_adam_1_stepsize.onnx
Prop: mnist_1_local_24.vnnlib
[runlim] sample:		9817.37 time, 9840.01 real, 1911 MB, 1.00 load
[runlim] sample:		9827.36 time, 9850.01 real, 1960 MB, 1.00 load
[runlim] sample:		9837.36 time, 9860.01 real, 2080 MB, 1.00 load
[runlim] sample:		9847.35 time, 9870.01 real, 2118 MB, 1.00 load
[runlim] sample:		9857.35 time, 9880.01 real, 2138 MB, 1.00 load
[runlim] sample:		9867.34 time, 9890.01 real, 2212 MB, 1.00 load
[runlim] sample:		9877.34 time, 9900.01 real, 2288 MB, 1.00 load
[runlim] sample:		9887.34 time, 9910.01 real, 2398 MB, 1.00 load
[runlim] sample:		9897.34 time, 9920.01 real, 2417 MB, 1.00 load
[runlim] sample:		9907.33 time, 9930.01 real, 2520 MB, 1.00 load
[runlim] sample:		9917.33 time, 9940.01 real, 2535 MB, 1.00 load
[runlim] sample:		9927.33 time, 9950.01 real, 2608 MB, 1.00 load

NN₁: mnist_relu_3_100_gemm.onnx
NN₂: mnist_relu_3_100_0.79_adam_1_stepsize.onnx
Prop: mnist_2_local_15.vnnlib
[runlim] sample:		9937.30 time, 9960.02 real, 1907 MB, 1.00 load

NN₁: mnist_relu_3_100_gemm.onnx
NN₂: mnist_relu_3_100_0.79_adam_1_stepsize.onnx
Prop: mnist_3_local_24.vnnlib

NN₁: mnist_relu_3_100_gemm.onnx
NN₂: mnist_relu_3_100_0.79_adam_1_stepsize.onnx
Prop: mnist_4_local_15.vnnlib

NN₁: mnist_relu_3_100_gemm.onnx
NN₂: mnist_relu_3_100_0.79_adam_1_stepsize.onnx
Prop: mnist_4_local_24.vnnlib
[runlim] sample:		9947.27 time, 9970.01 real, 1919 MB, 1.00 load
[runlim] sample:		9957.27 time, 9980.01 real, 1994 MB, 1.00 load
[runlim] sample:		9967.27 time, 9990.01 real, 2042 MB, 1.00 load
[runlim] sample:		9977.27 time, 10000.01 real, 2101 MB, 1.00 load
[runlim] sample:		9987.27 time, 10010.01 real, 2175 MB, 1.08 load
[runlim] sample:		9997.26 time, 10020.01 real, 2193 MB, 1.22 load
[runlim] sample:		10007.25 time, 10030.02 real, 2259 MB, 1.19 load
[runlim] sample:		10017.25 time, 10040.01 real, 2369 MB, 1.16 load
[runlim] sample:		10027.25 time, 10050.01 real, 2387 MB, 1.13 load
[runlim] sample:		10037.24 time, 10060.01 real, 2485 MB, 1.11 load
[runlim] sample:		10047.24 time, 10070.01 real, 2512 MB, 1.09 load
[runlim] sample:		10057.24 time, 10080.01 real, 2669 MB, 1.08 load

NN₁: mnist_relu_3_100_gemm.onnx
NN₂: mnist_relu_3_100_0.79_adam_1_stepsize.onnx
Prop: mnist_5_local_15.vnnlib

NN₁: mnist_relu_3_100_gemm.onnx
NN₂: mnist_relu_3_100_0.79_adam_1_stepsize.onnx
Prop: mnist_5_local_24.vnnlib
[runlim] sample:		10067.21 time, 10090.01 real, 1907 MB, 1.07 load
[runlim] sample:		10077.20 time, 10100.01 real, 1951 MB, 1.13 load
[runlim] sample:		10087.20 time, 10110.01 real, 2036 MB, 1.11 load
[runlim] sample:		10097.20 time, 10120.01 real, 2091 MB, 1.09 load
[runlim] sample:		10107.19 time, 10130.01 real, 2101 MB, 1.16 load
[runlim] sample:		10117.19 time, 10140.01 real, 2163 MB, 1.13 load
[runlim] sample:		10127.19 time, 10150.01 real, 2245 MB, 1.11 load
[runlim] sample:		10137.18 time, 10160.01 real, 2274 MB, 1.10 load
[runlim] sample:		10147.18 time, 10170.01 real, 2342 MB, 1.15 load
[runlim] sample:		10157.18 time, 10180.01 real, 2387 MB, 1.13 load
[runlim] sample:		10167.18 time, 10190.01 real, 2455 MB, 1.11 load
[runlim] sample:		10177.18 time, 10200.01 real, 2505 MB, 1.09 load

NN₁: mnist_relu_3_100_gemm.onnx
NN₂: mnist_relu_3_100_0.79_adam_1_stepsize.onnx
Prop: mnist_6_local_15.vnnlib

NN₁: mnist_relu_3_100_gemm.onnx
NN₂: mnist_relu_3_100_0.79_adam_1_stepsize.onnx
Prop: mnist_6_local_24.vnnlib
[runlim] sample:		10187.14 time, 10210.01 real, 1907 MB, 1.08 load
[runlim] sample:		10197.13 time, 10220.01 real, 1952 MB, 1.07 load
[runlim] sample:		10207.14 time, 10230.01 real, 1996 MB, 1.06 load
[runlim] sample:		10217.13 time, 10240.01 real, 2051 MB, 1.05 load
[runlim] sample:		10227.13 time, 10250.01 real, 2108 MB, 1.04 load
[runlim] sample:		10237.13 time, 10260.01 real, 2180 MB, 1.03 load
[runlim] sample:		10247.13 time, 10270.01 real, 2264 MB, 1.03 load
[runlim] sample:		10257.13 time, 10280.01 real, 2291 MB, 1.02 load
[runlim] sample:		10267.12 time, 10290.01 real, 2372 MB, 1.02 load
[runlim] sample:		10277.13 time, 10300.01 real, 2415 MB, 1.02 load
[runlim] sample:		10287.12 time, 10310.01 real, 2492 MB, 1.01 load
[runlim] sample:		10297.12 time, 10320.01 real, 2538 MB, 1.01 load

NN₁: mnist_relu_3_100_gemm.onnx
NN₂: mnist_relu_3_100_0.79_adam_1_stepsize.onnx
Prop: mnist_7_local_15.vnnlib
[runlim] sample:		10307.10 time, 10330.01 real, 1907 MB, 1.01 load

NN₁: mnist_relu_3_100_gemm.onnx
NN₂: mnist_relu_3_100_0.79_adam_1_stepsize.onnx
Prop: mnist_7_local_24.vnnlib
[runlim] sample:		10317.09 time, 10340.01 real, 1926 MB, 1.01 load
[runlim] sample:		10327.09 time, 10350.01 real, 1983 MB, 1.00 load
[runlim] sample:		10337.09 time, 10360.01 real, 2028 MB, 1.00 load
[runlim] sample:		10347.08 time, 10370.01 real, 2080 MB, 1.00 load
[runlim] sample:		10357.08 time, 10380.01 real, 2093 MB, 1.00 load
[runlim] sample:		10367.08 time, 10390.01 real, 2146 MB, 1.00 load
[runlim] sample:		10377.08 time, 10400.01 real, 2226 MB, 1.00 load
[runlim] sample:		10387.08 time, 10410.01 real, 2253 MB, 1.15 load
[runlim] sample:		10397.07 time, 10420.01 real, 2318 MB, 1.12 load
[runlim] sample:		10407.08 time, 10430.01 real, 2361 MB, 1.10 load
[runlim] sample:		10417.07 time, 10440.01 real, 2426 MB, 1.09 load
[runlim] sample:		10427.07 time, 10450.01 real, 2467 MB, 1.07 load

NN₁: mnist_relu_3_100_gemm.onnx
NN₂: mnist_relu_3_100_0.79_adam_1_stepsize.onnx
Prop: mnist_8_local_15.vnnlib

NN₁: mnist_relu_3_100_gemm.onnx
NN₂: mnist_relu_3_100_0.79_adam_1_stepsize.onnx
Prop: mnist_8_local_24.vnnlib
[runlim] sample:		10437.04 time, 10460.01 real, 1907 MB, 1.06 load
[runlim] sample:		10447.04 time, 10470.01 real, 1991 MB, 1.05 load
[runlim] sample:		10457.04 time, 10480.01 real, 2040 MB, 1.04 load
[runlim] sample:		10467.03 time, 10490.01 real, 2098 MB, 1.04 load
[runlim] sample:		10477.03 time, 10500.01 real, 2165 MB, 1.03 load
[runlim] sample:		10487.03 time, 10510.01 real, 2180 MB, 1.11 load
[runlim] sample:		10497.03 time, 10520.01 real, 2254 MB, 1.24 load
[runlim] sample:		10507.03 time, 10530.01 real, 2412 MB, 1.21 load
[runlim] sample:		10517.03 time, 10540.01 real, 2364 MB, 1.17 load
[runlim] sample:		10527.03 time, 10550.01 real, 2473 MB, 1.15 load
[runlim] sample:		10537.03 time, 10560.01 real, 2483 MB, 1.12 load
[runlim] sample:		10547.02 time, 10570.01 real, 2543 MB, 1.10 load

NN₁: mnist_relu_3_100_gemm.onnx
NN₂: mnist_relu_3_100_0.79_adam_1_stepsize.onnx
Prop: mnist_9_local_15.vnnlib

NN₁: mnist_relu_3_100_gemm.onnx
NN₂: mnist_relu_3_100_0.79_adam_1_stepsize.onnx
Prop: mnist_9_local_24.vnnlib
[runlim] sample:		10556.99 time, 10580.01 real, 1907 MB, 1.09 load
[runlim] sample:		10566.99 time, 10590.01 real, 1997 MB, 1.07 load
[runlim] sample:		10576.99 time, 10600.01 real, 2047 MB, 1.06 load
[runlim] sample:		10586.99 time, 10610.01 real, 2110 MB, 1.05 load
[runlim] sample:		10596.99 time, 10620.01 real, 2188 MB, 1.04 load
[runlim] sample:		10606.99 time, 10630.01 real, 2193 MB, 1.04 load
[runlim] sample:		10616.98 time, 10640.01 real, 2269 MB, 1.03 load
[runlim] sample:		10626.99 time, 10650.01 real, 2375 MB, 1.02 load
[runlim] sample:		10636.98 time, 10660.01 real, 2389 MB, 1.02 load
[runlim] sample:		10646.98 time, 10670.01 real, 2497 MB, 1.02 load
[runlim] sample:		10656.98 time, 10680.01 real, 2515 MB, 1.01 load
[runlim] sample:		10666.98 time, 10690.01 real, 2714 MB, 1.01 load

NN₁: mnist_relu_3_100_gemm.onnx
NN₂: mnist_relu_3_100_0.79_adam_1_stepsize.onnx
Prop: mnist_10_local_15.vnnlib

NN₁: mnist_relu_3_100_gemm.onnx
NN₂: mnist_relu_3_100_0.79_adam_1_stepsize.onnx
Prop: mnist_10_local_24.vnnlib

NN₁: mnist_relu_4_1024_gemm.onnx
NN₂: mnist_relu_4_1024_0.79.onnx
Prop: mnist_0_global_3.vnnlib
[runlim] sample:		10676.90 time, 10700.02 real, 2268 MB, 1.01 load
[runlim] sample:		10686.90 time, 10710.01 real, 2213 MB, 1.01 load
[runlim] sample:		10696.90 time, 10720.01 real, 2107 MB, 1.01 load
[runlim] sample:		10706.89 time, 10730.01 real, 2115 MB, 1.00 load
[runlim] sample:		10716.89 time, 10740.01 real, 2107 MB, 1.00 load
[runlim] sample:		10726.89 time, 10750.01 real, 2107 MB, 1.00 load
[runlim] sample:		10736.90 time, 10760.01 real, 2115 MB, 1.00 load
[runlim] sample:		10746.89 time, 10770.01 real, 2107 MB, 1.00 load
[runlim] sample:		10756.89 time, 10780.01 real, 2115 MB, 1.00 load
[runlim] sample:		10766.88 time, 10790.01 real, 2107 MB, 1.00 load
[runlim] sample:		10776.89 time, 10800.01 real, 2118 MB, 1.00 load
[runlim] sample:		10786.88 time, 10810.01 real, 2132 MB, 1.00 load

NN₁: mnist_relu_4_1024_gemm.onnx
NN₂: mnist_relu_4_1024_0.79.onnx
Prop: mnist_0_global_6.vnnlib
[runlim] sample:		10796.86 time, 10820.01 real, 1907 MB, 1.00 load
[runlim] sample:		10806.86 time, 10830.01 real, 2340 MB, 1.00 load
[runlim] sample:		10816.86 time, 10840.01 real, 2638 MB, 1.00 load
[runlim] sample:		10826.87 time, 10850.01 real, 2415 MB, 1.00 load
[runlim] sample:		10836.86 time, 10860.01 real, 2289 MB, 1.00 load
[runlim] sample:		10846.86 time, 10870.01 real, 2627 MB, 1.00 load
[runlim] sample:		10856.86 time, 10880.01 real, 2369 MB, 1.00 load
[runlim] sample:		10866.85 time, 10890.02 real, 2265 MB, 1.00 load
[runlim] sample:		10876.86 time, 10900.01 real, 2325 MB, 1.00 load
[runlim] sample:		10886.86 time, 10910.02 real, 2310 MB, 1.00 load
[runlim] sample:		10896.85 time, 10920.01 real, 2315 MB, 1.00 load
[runlim] sample:		10906.85 time, 10930.02 real, 2387 MB, 1.00 load
[runlim] sample:		10916.85 time, 10940.01 real, 2290 MB, 1.00 load

NN₁: mnist_relu_4_1024_gemm.onnx
NN₂: mnist_relu_4_1024_0.79.onnx
Prop: mnist_1_global_3.vnnlib
[runlim] sample:		10926.82 time, 10950.01 real, 1920 MB, 1.00 load
[runlim] sample:		10936.82 time, 10960.01 real, 1920 MB, 1.00 load
[runlim] sample:		10946.81 time, 10970.01 real, 2030 MB, 1.00 load
[runlim] sample:		10956.81 time, 10980.01 real, 1920 MB, 1.00 load
[runlim] sample:		10966.81 time, 10990.01 real, 1920 MB, 1.00 load
[runlim] sample:		10976.81 time, 11000.01 real, 1920 MB, 1.00 load
[runlim] sample:		10986.81 time, 11010.01 real, 1990 MB, 1.08 load
[runlim] sample:		10996.80 time, 11020.01 real, 1920 MB, 1.22 load
[runlim] sample:		11006.81 time, 11030.01 real, 1920 MB, 1.26 load
[runlim] sample:		11016.80 time, 11040.01 real, 1996 MB, 1.22 load
[runlim] sample:		11026.80 time, 11050.01 real, 1920 MB, 1.19 load
[runlim] sample:		11036.80 time, 11060.01 real, 1920 MB, 1.16 load

NN₁: mnist_relu_4_1024_gemm.onnx
NN₂: mnist_relu_4_1024_0.79.onnx
Prop: mnist_1_global_6.vnnlib
[runlim] sample:		11046.75 time, 11070.01 real, 2638 MB, 1.13 load
[runlim] sample:		11056.75 time, 11080.01 real, 2638 MB, 1.11 load
[runlim] sample:		11066.76 time, 11090.01 real, 2638 MB, 1.09 load
[runlim] sample:		11076.75 time, 11100.01 real, 2664 MB, 1.08 load
[runlim] sample:		11086.75 time, 11110.01 real, 2664 MB, 1.07 load
[runlim] sample:		11096.75 time, 11120.01 real, 2664 MB, 1.06 load
[runlim] sample:		11106.75 time, 11130.01 real, 2664 MB, 1.05 load
[runlim] sample:		11116.75 time, 11140.01 real, 2664 MB, 1.04 load
[runlim] sample:		11126.74 time, 11150.01 real, 2664 MB, 1.03 load
[runlim] sample:		11136.74 time, 11160.01 real, 2664 MB, 1.03 load
[runlim] sample:		11146.74 time, 11170.01 real, 2664 MB, 1.02 load
[runlim] sample:		11156.74 time, 11180.02 real, 2664 MB, 1.02 load

NN₁: mnist_relu_4_1024_gemm.onnx
NN₂: mnist_relu_4_1024_0.79.onnx
Prop: mnist_2_global_3.vnnlib
[runlim] sample:		11166.72 time, 11190.01 real, 2202 MB, 1.02 load
[runlim] sample:		11176.72 time, 11200.01 real, 2200 MB, 1.01 load
[runlim] sample:		11186.72 time, 11210.01 real, 2182 MB, 1.01 load
[runlim] sample:		11196.72 time, 11220.01 real, 2377 MB, 1.01 load
[runlim] sample:		11206.71 time, 11230.01 real, 2148 MB, 1.01 load
[runlim] sample:		11216.72 time, 11240.02 real, 2078 MB, 1.00 load
[runlim] sample:		11226.71 time, 11250.01 real, 2323 MB, 1.00 load
[runlim] sample:		11236.72 time, 11260.01 real, 2100 MB, 1.00 load
[runlim] sample:		11246.71 time, 11270.01 real, 2087 MB, 1.00 load
[runlim] sample:		11256.71 time, 11280.01 real, 2071 MB, 1.00 load
[runlim] sample:		11266.71 time, 11290.01 real, 2236 MB, 1.00 load
[runlim] sample:		11276.71 time, 11300.01 real, 2161 MB, 1.00 load

NN₁: mnist_relu_4_1024_gemm.onnx
NN₂: mnist_relu_4_1024_0.79.onnx
Prop: mnist_3_global_6.vnnlib
[runlim] sample:		11286.68 time, 11310.01 real, 2314 MB, 1.00 load
[runlim] sample:		11296.68 time, 11320.01 real, 2342 MB, 1.00 load
[runlim] sample:		11306.68 time, 11330.01 real, 2353 MB, 1.00 load
[runlim] sample:		11316.67 time, 11340.01 real, 2396 MB, 1.00 load
[runlim] sample:		11326.67 time, 11350.01 real, 2327 MB, 1.00 load
[runlim] sample:		11336.67 time, 11360.01 real, 2340 MB, 1.00 load
[runlim] sample:		11346.67 time, 11370.01 real, 2348 MB, 1.00 load
[runlim] sample:		11356.67 time, 11380.01 real, 2348 MB, 1.00 load
[runlim] sample:		11366.67 time, 11390.01 real, 2348 MB, 1.00 load
[runlim] sample:		11376.66 time, 11400.01 real, 2348 MB, 1.00 load
[runlim] sample:		11386.66 time, 11410.01 real, 2340 MB, 1.07 load
[runlim] sample:		11396.66 time, 11420.01 real, 2335 MB, 1.06 load

NN₁: mnist_relu_4_1024_gemm.onnx
NN₂: mnist_relu_4_1024_0.79.onnx
Prop: mnist_4_global_3.vnnlib
[runlim] sample:		11406.63 time, 11430.01 real, 1951 MB, 1.05 load
[runlim] sample:		11416.63 time, 11440.01 real, 2289 MB, 1.04 load
[runlim] sample:		11426.63 time, 11450.01 real, 2289 MB, 1.04 load
[runlim] sample:		11436.63 time, 11460.02 real, 2305 MB, 1.11 load
[runlim] sample:		11446.63 time, 11470.01 real, 2274 MB, 1.09 load
[runlim] sample:		11456.62 time, 11480.01 real, 2328 MB, 1.08 load
[runlim] sample:		11466.62 time, 11490.02 real, 2277 MB, 1.07 load
[runlim] sample:		11476.62 time, 11500.01 real, 2297 MB, 1.06 load
[runlim] sample:		11486.62 time, 11510.01 real, 2297 MB, 1.13 load
[runlim] sample:		11496.62 time, 11520.01 real, 2292 MB, 1.26 load
[runlim] sample:		11506.61 time, 11530.01 real, 2274 MB, 1.22 load
[runlim] sample:		11516.62 time, 11540.01 real, 2274 MB, 1.19 load

NN₁: mnist_relu_4_1024_gemm.onnx
NN₂: mnist_relu_4_1024_0.79.onnx
Prop: mnist_4_global_6.vnnlib
[runlim] sample:		11526.59 time, 11550.01 real, 1920 MB, 1.16 load
[runlim] sample:		11536.58 time, 11560.01 real, 2577 MB, 1.13 load
[runlim] sample:		11546.57 time, 11570.01 real, 2577 MB, 1.11 load
[runlim] sample:		11556.57 time, 11580.01 real, 2583 MB, 1.09 load
[runlim] sample:		11566.57 time, 11590.01 real, 2583 MB, 1.08 load
[runlim] sample:		11576.56 time, 11600.01 real, 2611 MB, 1.07 load
[runlim] sample:		11586.57 time, 11610.01 real, 2577 MB, 1.06 load
[runlim] sample:		11596.56 time, 11620.01 real, 2577 MB, 1.05 load
[runlim] sample:		11606.56 time, 11630.01 real, 2577 MB, 1.04 load
[runlim] sample:		11616.55 time, 11640.01 real, 2577 MB, 1.03 load
[runlim] sample:		11626.56 time, 11650.02 real, 2577 MB, 1.03 load
[runlim] sample:		11636.55 time, 11660.02 real, 2577 MB, 1.02 load
[runlim] sample:		11646.55 time, 11670.02 real, 2577 MB, 1.02 load

NN₁: mnist_relu_4_1024_gemm.onnx
NN₂: mnist_relu_4_1024_0.79.onnx
Prop: mnist_5_global_3.vnnlib
[runlim] sample:		11656.52 time, 11680.01 real, 2222 MB, 1.02 load
[runlim] sample:		11666.52 time, 11690.01 real, 2222 MB, 1.01 load
[runlim] sample:		11676.51 time, 11700.01 real, 2222 MB, 1.01 load
[runlim] sample:		11686.51 time, 11710.01 real, 2300 MB, 1.01 load
[runlim] sample:		11696.51 time, 11720.02 real, 2232 MB, 1.01 load
[runlim] sample:		11706.50 time, 11730.01 real, 2232 MB, 1.00 load
[runlim] sample:		11716.50 time, 11740.01 real, 2232 MB, 1.23 load
[runlim] sample:		11726.49 time, 11750.01 real, 2227 MB, 1.19 load
[runlim] sample:		11736.49 time, 11760.01 real, 2222 MB, 1.16 load
[runlim] sample:		11746.49 time, 11770.01 real, 2236 MB, 1.14 load
[runlim] sample:		11756.48 time, 11780.01 real, 2235 MB, 1.11 load
[runlim] sample:		11766.48 time, 11790.01 real, 2222 MB, 1.10 load

NN₁: mnist_relu_4_1024_gemm.onnx
NN₂: mnist_relu_4_1024_0.79.onnx
Prop: mnist_5_global_6.vnnlib
[runlim] sample:		11776.45 time, 11800.01 real, 2719 MB, 1.08 load
[runlim] sample:		11786.46 time, 11810.02 real, 2719 MB, 1.07 load
[runlim] sample:		11796.45 time, 11820.01 real, 2732 MB, 1.06 load
[runlim] sample:		11806.44 time, 11830.01 real, 2732 MB, 1.05 load
[runlim] sample:		11816.45 time, 11840.01 real, 2732 MB, 1.04 load
[runlim] sample:		11826.44 time, 11850.01 real, 2732 MB, 1.03 load
[runlim] sample:		11836.44 time, 11860.02 real, 2732 MB, 1.03 load
[runlim] sample:		11846.44 time, 11870.01 real, 2732 MB, 1.02 load
[runlim] sample:		11856.43 time, 11880.01 real, 2732 MB, 1.02 load
[runlim] sample:		11866.43 time, 11890.01 real, 2732 MB, 1.02 load
[runlim] sample:		11876.43 time, 11900.01 real, 2732 MB, 1.01 load
[runlim] sample:		11886.42 time, 11910.01 real, 2732 MB, 1.01 load

NN₁: mnist_relu_4_1024_gemm.onnx
NN₂: mnist_relu_4_1024_0.79.onnx
Prop: mnist_6_global_3.vnnlib
[runlim] sample:		11896.40 time, 11920.01 real, 2004 MB, 1.01 load
[runlim] sample:		11906.39 time, 11930.01 real, 2000 MB, 1.01 load
[runlim] sample:		11916.40 time, 11940.01 real, 2016 MB, 1.00 load
[runlim] sample:		11926.39 time, 11950.01 real, 2007 MB, 1.00 load
[runlim] sample:		11936.38 time, 11960.01 real, 2031 MB, 1.00 load
[runlim] sample:		11946.38 time, 11970.01 real, 2034 MB, 1.00 load
[runlim] sample:		11956.37 time, 11980.01 real, 1985 MB, 1.00 load
[runlim] sample:		11966.37 time, 11990.01 real, 1954 MB, 1.00 load
[runlim] sample:		11976.37 time, 12000.01 real, 2078 MB, 1.00 load
[runlim] sample:		11986.37 time, 12010.02 real, 1954 MB, 1.08 load
[runlim] sample:		11996.37 time, 12020.01 real, 1995 MB, 1.22 load
[runlim] sample:		12006.36 time, 12030.01 real, 1954 MB, 1.19 load

NN₁: mnist_relu_4_1024_gemm.onnx
NN₂: mnist_relu_4_1024_0.79.onnx
Prop: mnist_6_global_6.vnnlib
[runlim] sample:		12016.34 time, 12040.01 real, 2564 MB, 1.16 load
[runlim] sample:		12026.33 time, 12050.01 real, 2559 MB, 1.13 load
[runlim] sample:		12036.33 time, 12060.01 real, 2559 MB, 1.11 load
[runlim] sample:		12046.33 time, 12070.01 real, 2559 MB, 1.09 load
[runlim] sample:		12056.32 time, 12080.01 real, 2559 MB, 1.08 load
[runlim] sample:		12066.32 time, 12090.01 real, 2559 MB, 1.07 load
[runlim] sample:		12076.32 time, 12100.01 real, 2559 MB, 1.06 load
[runlim] sample:		12086.32 time, 12110.01 real, 2559 MB, 1.05 load
[runlim] sample:		12096.32 time, 12120.02 real, 2559 MB, 1.04 load
[runlim] sample:		12106.32 time, 12130.01 real, 2559 MB, 1.03 load
[runlim] sample:		12116.31 time, 12140.01 real, 2559 MB, 1.03 load
[runlim] sample:		12126.30 time, 12150.01 real, 2559 MB, 1.10 load

NN₁: mnist_relu_4_1024_gemm.onnx
NN₂: mnist_relu_4_1024_0.79.onnx
Prop: mnist_7_global_3.vnnlib
[runlim] sample:		12136.28 time, 12160.01 real, 2047 MB, 1.08 load
[runlim] sample:		12146.28 time, 12170.01 real, 2108 MB, 1.07 load
[runlim] sample:		12156.27 time, 12180.01 real, 1974 MB, 1.06 load
[runlim] sample:		12166.27 time, 12190.02 real, 2058 MB, 1.05 load
[runlim] sample:		12176.26 time, 12200.01 real, 2105 MB, 1.04 load
[runlim] sample:		12186.26 time, 12210.01 real, 1937 MB, 1.03 load
[runlim] sample:		12196.26 time, 12220.01 real, 2287 MB, 1.03 load
[runlim] sample:		12206.26 time, 12230.01 real, 1994 MB, 1.02 load
[runlim] sample:		12216.25 time, 12240.01 real, 1950 MB, 1.02 load
[runlim] sample:		12226.25 time, 12250.02 real, 1965 MB, 1.02 load
[runlim] sample:		12236.25 time, 12260.01 real, 2020 MB, 1.01 load
[runlim] sample:		12246.24 time, 12270.01 real, 2031 MB, 1.01 load

NN₁: mnist_relu_4_1024_gemm.onnx
NN₂: mnist_relu_4_1024_0.79.onnx
Prop: mnist_7_global_6.vnnlib
[runlim] sample:		12256.22 time, 12280.01 real, 2124 MB, 1.01 load
[runlim] sample:		12266.22 time, 12290.01 real, 2798 MB, 1.01 load
[runlim] sample:		12276.21 time, 12300.01 real, 2798 MB, 1.00 load
[runlim] sample:		12286.22 time, 12310.01 real, 2798 MB, 1.00 load
[runlim] sample:		12296.21 time, 12320.01 real, 2798 MB, 1.00 load
[runlim] sample:		12306.21 time, 12330.01 real, 2798 MB, 1.00 load
[runlim] sample:		12316.20 time, 12340.01 real, 2798 MB, 1.00 load
[runlim] sample:		12326.21 time, 12350.01 real, 2798 MB, 1.00 load
[runlim] sample:		12336.20 time, 12360.01 real, 2798 MB, 1.00 load
[runlim] sample:		12346.20 time, 12370.01 real, 2798 MB, 1.00 load
[runlim] sample:		12356.19 time, 12380.01 real, 2798 MB, 1.00 load
[runlim] sample:		12366.19 time, 12390.01 real, 2798 MB, 1.00 load
[runlim] sample:		12376.19 time, 12400.01 real, 2798 MB, 1.00 load

NN₁: mnist_relu_4_1024_gemm.onnx
NN₂: mnist_relu_4_1024_0.79.onnx
Prop: mnist_8_global_3.vnnlib
[runlim] sample:		12386.16 time, 12410.01 real, 2005 MB, 1.00 load
[runlim] sample:		12396.16 time, 12420.01 real, 2007 MB, 1.00 load
[runlim] sample:		12406.16 time, 12430.02 real, 2019 MB, 1.00 load
[runlim] sample:		12416.16 time, 12440.01 real, 2040 MB, 1.00 load
[runlim] sample:		12426.15 time, 12450.01 real, 2003 MB, 1.00 load
[runlim] sample:		12436.15 time, 12460.01 real, 2003 MB, 1.00 load
[runlim] sample:		12446.15 time, 12470.01 real, 2039 MB, 1.00 load
[runlim] sample:		12456.14 time, 12480.01 real, 2037 MB, 1.00 load
[runlim] sample:		12466.14 time, 12490.01 real, 2003 MB, 1.00 load
[runlim] sample:		12476.14 time, 12500.01 real, 2057 MB, 1.00 load
[runlim] sample:		12486.14 time, 12510.01 real, 2041 MB, 1.08 load
[runlim] sample:		12496.13 time, 12520.01 real, 2003 MB, 1.22 load

NN₁: mnist_relu_4_1024_gemm.onnx
NN₂: mnist_relu_4_1024_0.79.onnx
Prop: mnist_8_global_6.vnnlib
[runlim] sample:		12506.10 time, 12530.01 real, 2651 MB, 1.19 load
[runlim] sample:		12516.10 time, 12540.01 real, 2651 MB, 1.16 load
[runlim] sample:		12526.10 time, 12550.01 real, 2651 MB, 1.13 load
[runlim] sample:		12536.09 time, 12560.01 real, 2651 MB, 1.11 load
[runlim] sample:		12546.10 time, 12570.01 real, 2651 MB, 1.09 load
[runlim] sample:		12556.09 time, 12580.01 real, 2651 MB, 1.08 load
[runlim] sample:		12566.09 time, 12590.01 real, 2651 MB, 1.07 load
[runlim] sample:		12576.08 time, 12600.01 real, 2651 MB, 1.06 load
[runlim] sample:		12586.08 time, 12610.01 real, 2651 MB, 1.05 load
[runlim] sample:		12596.08 time, 12620.01 real, 2651 MB, 1.04 load
[runlim] sample:		12606.08 time, 12630.01 real, 2651 MB, 1.03 load
[runlim] sample:		12616.08 time, 12640.01 real, 2651 MB, 1.03 load

NN₁: mnist_relu_4_1024_gemm.onnx
NN₂: mnist_relu_4_1024_0.79.onnx
Prop: mnist_9_global_3.vnnlib
[runlim] sample:		12626.05 time, 12650.01 real, 2033 MB, 1.02 load
[runlim] sample:		12636.05 time, 12660.01 real, 2049 MB, 1.02 load
[runlim] sample:		12646.05 time, 12670.01 real, 2049 MB, 1.02 load
[runlim] sample:		12656.05 time, 12680.01 real, 2049 MB, 1.01 load
[runlim] sample:		12666.04 time, 12690.01 real, 2014 MB, 1.01 load
[runlim] sample:		12676.03 time, 12700.02 real, 2014 MB, 1.01 load
[runlim] sample:		12686.03 time, 12710.01 real, 2014 MB, 1.01 load
[runlim] sample:		12696.03 time, 12720.01 real, 2014 MB, 1.00 load
[runlim] sample:		12706.02 time, 12730.01 real, 2049 MB, 1.00 load
[runlim] sample:		12716.02 time, 12740.01 real, 2014 MB, 1.00 load
[runlim] sample:		12726.02 time, 12750.01 real, 2041 MB, 1.00 load
[runlim] sample:		12736.01 time, 12760.01 real, 2091 MB, 1.00 load

NN₁: mnist_relu_4_1024_gemm.onnx
NN₂: mnist_relu_4_1024_0.79.onnx
Prop: mnist_9_global_6.vnnlib
[runlim] sample:		12745.96 time, 12770.01 real, 2342 MB, 1.00 load
[runlim] sample:		12755.96 time, 12780.01 real, 2470 MB, 1.00 load
[runlim] sample:		12765.95 time, 12790.01 real, 2335 MB, 1.00 load
[runlim] sample:		12775.95 time, 12800.01 real, 2509 MB, 1.00 load
[runlim] sample:		12785.95 time, 12810.01 real, 2278 MB, 1.00 load
[runlim] sample:		12795.94 time, 12820.01 real, 2225 MB, 1.00 load
[runlim] sample:		12805.94 time, 12830.01 real, 2383 MB, 1.00 load
[runlim] sample:		12815.93 time, 12840.01 real, 2344 MB, 1.00 load
[runlim] sample:		12825.94 time, 12850.01 real, 2169 MB, 1.00 load
[runlim] sample:		12835.94 time, 12860.01 real, 2343 MB, 1.00 load
[runlim] sample:		12845.93 time, 12870.01 real, 2356 MB, 1.00 load
[runlim] sample:		12855.93 time, 12880.01 real, 2231 MB, 1.00 load

NN₁: mnist_relu_4_1024_gemm.onnx
NN₂: mnist_relu_4_1024_0.79.onnx
Prop: mnist_10_global_3.vnnlib
[runlim] sample:		12865.90 time, 12890.02 real, 1970 MB, 1.00 load
[runlim] sample:		12875.90 time, 12900.01 real, 1974 MB, 1.00 load
[runlim] sample:		12885.89 time, 12910.01 real, 1971 MB, 1.00 load
[runlim] sample:		12895.89 time, 12920.01 real, 1987 MB, 1.00 load
[runlim] sample:		12905.88 time, 12930.01 real, 2040 MB, 1.00 load
[runlim] sample:		12915.88 time, 12940.01 real, 1971 MB, 1.00 load
[runlim] sample:		12925.88 time, 12950.02 real, 1971 MB, 1.00 load
[runlim] sample:		12935.87 time, 12960.01 real, 1971 MB, 1.00 load
[runlim] sample:		12945.87 time, 12970.01 real, 1971 MB, 1.00 load
[runlim] sample:		12955.87 time, 12980.01 real, 1977 MB, 1.00 load
[runlim] sample:		12965.86 time, 12990.01 real, 1971 MB, 1.00 load
[runlim] sample:		12975.86 time, 13000.01 real, 2055 MB, 1.00 load

NN₁: mnist_relu_4_1024_gemm.onnx
NN₂: mnist_relu_4_1024_0.79.onnx
Prop: mnist_10_global_6.vnnlib
[runlim] sample:		12985.81 time, 13010.01 real, 1909 MB, 1.08 load
[runlim] sample:		12995.80 time, 13020.01 real, 2438 MB, 1.22 load
[runlim] sample:		13005.80 time, 13030.01 real, 2258 MB, 1.19 load
[runlim] sample:		13015.79 time, 13040.01 real, 2482 MB, 1.16 load
[runlim] sample:		13025.79 time, 13050.01 real, 2295 MB, 1.13 load
[runlim] sample:		13035.79 time, 13060.02 real, 2278 MB, 1.11 load
[runlim] sample:		13045.79 time, 13070.01 real, 2395 MB, 1.09 load
[runlim] sample:		13055.79 time, 13080.01 real, 2270 MB, 1.08 load
[runlim] sample:		13065.79 time, 13090.01 real, 2258 MB, 1.07 load
[runlim] sample:		13075.78 time, 13100.02 real, 2286 MB, 1.14 load
[runlim] sample:		13085.79 time, 13110.01 real, 2258 MB, 1.12 load
[runlim] sample:		13095.78 time, 13120.01 real, 2272 MB, 1.10 load
[runlim] sample:		13105.78 time, 13130.01 real, 2258 MB, 1.08 load

NN₁: mnist_relu_4_1024_gemm.onnx
NN₂: mnist_relu_4_1024_0.79.onnx
Prop: mnist_0_local_15.vnnlib
[runlim] sample:		13115.76 time, 13140.01 real, 1909 MB, 1.07 load
[runlim] sample:		13125.75 time, 13150.01 real, 1909 MB, 1.06 load
[runlim] sample:		13135.75 time, 13160.01 real, 1909 MB, 1.05 load
[runlim] sample:		13145.76 time, 13170.01 real, 1970 MB, 1.04 load
[runlim] sample:		13155.75 time, 13180.02 real, 1940 MB, 1.03 load
[runlim] sample:		13165.75 time, 13190.01 real, 1940 MB, 1.03 load
[runlim] sample:		13175.75 time, 13200.01 real, 1940 MB, 1.02 load
[runlim] sample:		13185.75 time, 13210.01 real, 1943 MB, 1.02 load
[runlim] sample:		13195.75 time, 13220.01 real, 1909 MB, 1.02 load
[runlim] sample:		13205.75 time, 13230.01 real, 1909 MB, 1.01 load
[runlim] sample:		13215.75 time, 13240.01 real, 1909 MB, 1.01 load
[runlim] sample:		13225.75 time, 13250.01 real, 1915 MB, 1.01 load

NN₁: mnist_relu_4_1024_gemm.onnx
NN₂: mnist_relu_4_1024_0.79.onnx
Prop: mnist_0_local_24.vnnlib
[runlim] sample:		13235.72 time, 13260.01 real, 2055 MB, 1.01 load
[runlim] sample:		13245.72 time, 13270.01 real, 2343 MB, 1.00 load
[runlim] sample:		13255.72 time, 13280.01 real, 2063 MB, 1.00 load
[runlim] sample:		13265.71 time, 13290.01 real, 1983 MB, 1.00 load
[runlim] sample:		13275.72 time, 13300.01 real, 1949 MB, 1.00 load
[runlim] sample:		13285.71 time, 13310.01 real, 2147 MB, 1.00 load
[runlim] sample:		13295.72 time, 13320.01 real, 2136 MB, 1.00 load
[runlim] sample:		13305.71 time, 13330.01 real, 2091 MB, 1.00 load
[runlim] sample:		13315.71 time, 13340.01 real, 2068 MB, 1.00 load
[runlim] sample:		13325.71 time, 13350.01 real, 2098 MB, 1.00 load
[runlim] sample:		13335.72 time, 13360.02 real, 2079 MB, 1.00 load
[runlim] sample:		13345.71 time, 13370.01 real, 2058 MB, 1.00 load

NN₁: mnist_relu_4_1024_gemm.onnx
NN₂: mnist_relu_4_1024_0.79.onnx
Prop: mnist_1_local_15.vnnlib
[runlim] sample:		13355.68 time, 13380.01 real, 1929 MB, 1.00 load
[runlim] sample:		13365.68 time, 13390.01 real, 1929 MB, 1.00 load
[runlim] sample:		13375.68 time, 13400.01 real, 1929 MB, 1.00 load
[runlim] sample:		13385.68 time, 13410.01 real, 1929 MB, 1.00 load
[runlim] sample:		13395.68 time, 13420.01 real, 1929 MB, 1.00 load
[runlim] sample:		13405.68 time, 13430.01 real, 1929 MB, 1.00 load
[runlim] sample:		13415.68 time, 13440.01 real, 1929 MB, 1.00 load
[runlim] sample:		13425.67 time, 13450.01 real, 1929 MB, 1.00 load
[runlim] sample:		13435.68 time, 13460.02 real, 1929 MB, 1.00 load
[runlim] sample:		13445.68 time, 13470.01 real, 1929 MB, 1.00 load
[runlim] sample:		13455.68 time, 13480.01 real, 1929 MB, 1.00 load
[runlim] sample:		13465.67 time, 13490.01 real, 1929 MB, 1.00 load

NN₁: mnist_relu_4_1024_gemm.onnx
NN₂: mnist_relu_4_1024_0.79.onnx
Prop: mnist_1_local_24.vnnlib
[runlim] sample:		13475.65 time, 13500.01 real, 2155 MB, 1.00 load
[runlim] sample:		13485.64 time, 13510.01 real, 2003 MB, 1.08 load
[runlim] sample:		13495.65 time, 13520.01 real, 2018 MB, 1.22 load
[runlim] sample:		13505.64 time, 13530.01 real, 1963 MB, 1.19 load
[runlim] sample:		13515.64 time, 13540.01 real, 1953 MB, 1.16 load
[runlim] sample:		13525.64 time, 13550.01 real, 2023 MB, 1.13 load
[runlim] sample:		13535.64 time, 13560.01 real, 1988 MB, 1.11 load
[runlim] sample:		13545.64 time, 13570.01 real, 1909 MB, 1.09 load
[runlim] sample:		13555.63 time, 13580.01 real, 1978 MB, 1.08 load
[runlim] sample:		13565.63 time, 13590.01 real, 2030 MB, 1.07 load
[runlim] sample:		13575.64 time, 13600.02 real, 1943 MB, 1.06 load
[runlim] sample:		13585.63 time, 13610.01 real, 1909 MB, 1.05 load

NN₁: mnist_relu_4_1024_gemm.onnx
NN₂: mnist_relu_4_1024_0.79.onnx
Prop: mnist_2_local_15.vnnlib
[runlim] sample:		13595.60 time, 13620.01 real, 2160 MB, 1.04 load
[runlim] sample:		13605.60 time, 13630.01 real, 2019 MB, 1.03 load
[runlim] sample:		13615.60 time, 13640.01 real, 2075 MB, 1.03 load
[runlim] sample:		13625.59 time, 13650.01 real, 2019 MB, 1.02 load
[runlim] sample:		13635.60 time, 13660.01 real, 2019 MB, 1.02 load
[runlim] sample:		13645.59 time, 13670.01 real, 2106 MB, 1.02 load
[runlim] sample:		13655.59 time, 13680.01 real, 2019 MB, 1.01 load
[runlim] sample:		13665.59 time, 13690.02 real, 2054 MB, 1.01 load
[runlim] sample:		13675.59 time, 13700.02 real, 2028 MB, 1.01 load
[runlim] sample:		13685.59 time, 13710.01 real, 2095 MB, 1.01 load
[runlim] sample:		13695.59 time, 13720.01 real, 2036 MB, 1.00 load
[runlim] sample:		13705.59 time, 13730.01 real, 2027 MB, 1.00 load

NN₁: mnist_relu_4_1024_gemm.onnx
NN₂: mnist_relu_4_1024_0.79.onnx
Prop: mnist_3_local_24.vnnlib
[runlim] sample:		13715.56 time, 13740.01 real, 2014 MB, 1.00 load
[runlim] sample:		13725.56 time, 13750.01 real, 2015 MB, 1.00 load
[runlim] sample:		13735.56 time, 13760.01 real, 2015 MB, 1.00 load
[runlim] sample:		13745.55 time, 13770.01 real, 2023 MB, 1.00 load
[runlim] sample:		13755.55 time, 13780.01 real, 2006 MB, 1.00 load
[runlim] sample:		13765.55 time, 13790.02 real, 1997 MB, 1.00 load
[runlim] sample:		13775.55 time, 13800.01 real, 1997 MB, 1.00 load
[runlim] sample:		13785.55 time, 13810.01 real, 1997 MB, 1.00 load
[runlim] sample:		13795.55 time, 13820.01 real, 2038 MB, 1.00 load
[runlim] sample:		13805.54 time, 13830.01 real, 2022 MB, 1.00 load
[runlim] sample:		13815.55 time, 13840.01 real, 2021 MB, 1.00 load
[runlim] sample:		13825.55 time, 13850.01 real, 2005 MB, 1.00 load

NN₁: mnist_relu_4_1024_gemm.onnx
NN₂: mnist_relu_4_1024_0.79.onnx
Prop: mnist_4_local_15.vnnlib
[runlim] sample:		13835.52 time, 13860.01 real, 1909 MB, 1.00 load
[runlim] sample:		13845.52 time, 13870.01 real, 1909 MB, 1.00 load
[runlim] sample:		13855.52 time, 13880.01 real, 1909 MB, 1.00 load
[runlim] sample:		13865.52 time, 13890.01 real, 1909 MB, 1.00 load
[runlim] sample:		13875.51 time, 13900.01 real, 1909 MB, 1.00 load
[runlim] sample:		13885.51 time, 13910.01 real, 1954 MB, 1.00 load
[runlim] sample:		13895.51 time, 13920.01 real, 1909 MB, 1.00 load
[runlim] sample:		13905.50 time, 13930.01 real, 1939 MB, 1.00 load
[runlim] sample:		13915.51 time, 13940.01 real, 1995 MB, 1.00 load
[runlim] sample:		13925.51 time, 13950.01 real, 1909 MB, 1.00 load
[runlim] sample:		13935.50 time, 13960.01 real, 1909 MB, 1.00 load
[runlim] sample:		13945.50 time, 13970.01 real, 1999 MB, 1.00 load
[runlim] sample:		13955.50 time, 13980.02 real, 1915 MB, 1.00 load

NN₁: mnist_relu_4_1024_gemm.onnx
NN₂: mnist_relu_4_1024_0.79.onnx
Prop: mnist_4_local_24.vnnlib
[runlim] sample:		13965.46 time, 13990.02 real, 2055 MB, 1.00 load
[runlim] sample:		13975.45 time, 14000.01 real, 2020 MB, 1.00 load
[runlim] sample:		13985.45 time, 14010.01 real, 2145 MB, 1.08 load
[runlim] sample:		13995.44 time, 14020.01 real, 2189 MB, 1.22 load
[runlim] sample:		14005.45 time, 14030.01 real, 2133 MB, 1.19 load
[runlim] sample:		14015.45 time, 14040.02 real, 2232 MB, 1.16 load
[runlim] sample:		14025.44 time, 14050.01 real, 2031 MB, 1.13 load
[runlim] sample:		14035.45 time, 14060.01 real, 2165 MB, 1.11 load
[runlim] sample:		14045.45 time, 14070.01 real, 2060 MB, 1.09 load
[runlim] sample:		14055.45 time, 14080.01 real, 2131 MB, 1.08 load
[runlim] sample:		14065.44 time, 14090.01 real, 2141 MB, 1.07 load
[runlim] sample:		14075.44 time, 14100.02 real, 2097 MB, 1.06 load

NN₁: mnist_relu_4_1024_gemm.onnx
NN₂: mnist_relu_4_1024_0.79.onnx
Prop: mnist_5_local_15.vnnlib
[runlim] sample:		14085.42 time, 14110.01 real, 1909 MB, 1.05 load
[runlim] sample:		14095.41 time, 14120.01 real, 1909 MB, 1.04 load
[runlim] sample:		14105.41 time, 14130.01 real, 1909 MB, 1.03 load
[runlim] sample:		14115.41 time, 14140.01 real, 1909 MB, 1.03 load
[runlim] sample:		14125.41 time, 14150.01 real, 1922 MB, 1.02 load
[runlim] sample:		14135.41 time, 14160.01 real, 1909 MB, 1.02 load
[runlim] sample:		14145.41 time, 14170.01 real, 1935 MB, 1.02 load
[runlim] sample:		14155.40 time, 14180.01 real, 1926 MB, 1.01 load
[runlim] sample:		14165.41 time, 14190.01 real, 1909 MB, 1.01 load
[runlim] sample:		14175.40 time, 14200.01 real, 1909 MB, 1.01 load
[runlim] sample:		14185.41 time, 14210.01 real, 1941 MB, 1.01 load
[runlim] sample:		14195.40 time, 14220.01 real, 1947 MB, 1.00 load

NN₁: mnist_relu_4_1024_gemm.onnx
NN₂: mnist_relu_4_1024_0.79.onnx
Prop: mnist_5_local_24.vnnlib
[runlim] sample:		14205.38 time, 14230.01 real, 2029 MB, 1.00 load
[runlim] sample:		14215.37 time, 14240.01 real, 2029 MB, 1.00 load
[runlim] sample:		14225.37 time, 14250.01 real, 2098 MB, 1.00 load
[runlim] sample:		14235.37 time, 14260.01 real, 2052 MB, 1.00 load
[runlim] sample:		14245.37 time, 14270.01 real, 2165 MB, 1.00 load
[runlim] sample:		14255.37 time, 14280.02 real, 2063 MB, 1.00 load
[runlim] sample:		14265.37 time, 14290.02 real, 2041 MB, 1.00 load
[runlim] sample:		14275.36 time, 14300.01 real, 2085 MB, 1.07 load
[runlim] sample:		14285.36 time, 14310.01 real, 2208 MB, 1.06 load
[runlim] sample:		14295.36 time, 14320.01 real, 2062 MB, 1.05 load
[runlim] sample:		14305.36 time, 14330.01 real, 2174 MB, 1.04 load
[runlim] sample:		14315.36 time, 14340.01 real, 2074 MB, 1.04 load

NN₁: mnist_relu_4_1024_gemm.onnx
NN₂: mnist_relu_4_1024_0.79.onnx
Prop: mnist_6_local_15.vnnlib
[runlim] sample:		14325.33 time, 14350.01 real, 1931 MB, 1.03 load
[runlim] sample:		14335.33 time, 14360.01 real, 1916 MB, 1.02 load
[runlim] sample:		14345.33 time, 14370.01 real, 1909 MB, 1.02 load
[runlim] sample:		14355.32 time, 14380.01 real, 1949 MB, 1.02 load
[runlim] sample:		14365.32 time, 14390.01 real, 1983 MB, 1.01 load
[runlim] sample:		14375.32 time, 14400.01 real, 1983 MB, 1.01 load
[runlim] sample:		14385.32 time, 14410.01 real, 1983 MB, 1.01 load
[runlim] sample:		14395.33 time, 14420.02 real, 1983 MB, 1.01 load
[runlim] sample:		14405.33 time, 14430.02 real, 1983 MB, 1.01 load
[runlim] sample:		14415.32 time, 14440.01 real, 1983 MB, 1.00 load
[runlim] sample:		14425.32 time, 14450.01 real, 1983 MB, 1.00 load
[runlim] sample:		14435.32 time, 14460.01 real, 1983 MB, 1.00 load

NN₁: mnist_relu_4_1024_gemm.onnx
NN₂: mnist_relu_4_1024_0.79.onnx
Prop: mnist_6_local_24.vnnlib
[runlim] sample:		14445.29 time, 14470.01 real, 2021 MB, 1.00 load
[runlim] sample:		14455.30 time, 14480.01 real, 2156 MB, 1.00 load
[runlim] sample:		14465.29 time, 14490.01 real, 2136 MB, 1.00 load
[runlim] sample:		14475.29 time, 14500.01 real, 2146 MB, 1.00 load
[runlim] sample:		14485.29 time, 14510.02 real, 2055 MB, 1.08 load
[runlim] sample:		14495.29 time, 14520.02 real, 2189 MB, 1.22 load
[runlim] sample:		14505.28 time, 14530.01 real, 2066 MB, 1.34 load
[runlim] sample:		14515.29 time, 14540.01 real, 2032 MB, 1.36 load
[runlim] sample:		14525.28 time, 14550.01 real, 2054 MB, 1.31 load
[runlim] sample:		14535.28 time, 14560.02 real, 2066 MB, 1.26 load
[runlim] sample:		14545.28 time, 14570.02 real, 2032 MB, 1.22 load
[runlim] sample:		14555.28 time, 14580.01 real, 2032 MB, 1.19 load

NN₁: mnist_relu_4_1024_gemm.onnx
NN₂: mnist_relu_4_1024_0.79.onnx
Prop: mnist_7_local_15.vnnlib
[runlim] sample:		14565.26 time, 14590.01 real, 2012 MB, 1.16 load
[runlim] sample:		14575.26 time, 14600.01 real, 1909 MB, 1.13 load
[runlim] sample:		14585.25 time, 14610.01 real, 1934 MB, 1.11 load
[runlim] sample:		14595.26 time, 14620.02 real, 1909 MB, 1.09 load
[runlim] sample:		14605.25 time, 14630.01 real, 1931 MB, 1.08 load
[runlim] sample:		14615.25 time, 14640.01 real, 1937 MB, 1.07 load
[runlim] sample:		14625.25 time, 14650.01 real, 1943 MB, 1.06 load
[runlim] sample:		14635.25 time, 14660.01 real, 1943 MB, 1.05 load
[runlim] sample:		14645.24 time, 14670.01 real, 1943 MB, 1.04 load
[runlim] sample:		14655.24 time, 14680.01 real, 1948 MB, 1.03 load
[runlim] sample:		14665.24 time, 14690.01 real, 1948 MB, 1.03 load
[runlim] sample:		14675.24 time, 14700.01 real, 1948 MB, 1.02 load

NN₁: mnist_relu_4_1024_gemm.onnx
NN₂: mnist_relu_4_1024_0.79.onnx
Prop: mnist_7_local_24.vnnlib
[runlim] sample:		14685.22 time, 14710.01 real, 2237 MB, 1.02 load
[runlim] sample:		14695.23 time, 14720.01 real, 2058 MB, 1.02 load
[runlim] sample:		14705.22 time, 14730.01 real, 2193 MB, 1.01 load
[runlim] sample:		14715.22 time, 14740.01 real, 2135 MB, 1.01 load
[runlim] sample:		14725.21 time, 14750.01 real, 2213 MB, 1.01 load
[runlim] sample:		14735.22 time, 14760.01 real, 2123 MB, 1.01 load
[runlim] sample:		14745.21 time, 14770.01 real, 2056 MB, 1.00 load
[runlim] sample:		14755.21 time, 14780.02 real, 2034 MB, 1.00 load
[runlim] sample:		14765.21 time, 14790.01 real, 2176 MB, 1.00 load
[runlim] sample:		14775.21 time, 14800.01 real, 2154 MB, 1.00 load
[runlim] sample:		14785.21 time, 14810.01 real, 2186 MB, 1.00 load
[runlim] sample:		14795.21 time, 14820.01 real, 2034 MB, 1.00 load

NN₁: mnist_relu_4_1024_gemm.onnx
NN₂: mnist_relu_4_1024_0.79.onnx
Prop: mnist_8_local_15.vnnlib
[runlim] sample:		14805.18 time, 14830.01 real, 1909 MB, 1.00 load
[runlim] sample:		14815.18 time, 14840.01 real, 1909 MB, 1.00 load
[runlim] sample:		14825.18 time, 14850.01 real, 1909 MB, 1.00 load
[runlim] sample:		14835.18 time, 14860.01 real, 1909 MB, 1.00 load
[runlim] sample:		14845.18 time, 14870.01 real, 1909 MB, 1.00 load
[runlim] sample:		14855.18 time, 14880.01 real, 1909 MB, 1.07 load
[runlim] sample:		14865.18 time, 14890.02 real, 1909 MB, 1.06 load
[runlim] sample:		14875.18 time, 14900.01 real, 1909 MB, 1.05 load
[runlim] sample:		14885.18 time, 14910.01 real, 1909 MB, 1.04 load
[runlim] sample:		14895.18 time, 14920.01 real, 1909 MB, 1.04 load
[runlim] sample:		14905.18 time, 14930.01 real, 1909 MB, 1.03 load
[runlim] sample:		14915.17 time, 14940.01 real, 1909 MB, 1.02 load
[runlim] sample:		14925.16 time, 14950.01 real, 1909 MB, 1.02 load

NN₁: mnist_relu_4_1024_gemm.onnx
NN₂: mnist_relu_4_1024_0.79.onnx
Prop: mnist_8_local_24.vnnlib
[runlim] sample:		14935.14 time, 14960.01 real, 2180 MB, 1.02 load
[runlim] sample:		14945.15 time, 14970.02 real, 2180 MB, 1.01 load
[runlim] sample:		14955.14 time, 14980.01 real, 2180 MB, 1.01 load
[runlim] sample:		14965.14 time, 14990.01 real, 2180 MB, 1.01 load
[runlim] sample:		14975.14 time, 15000.02 real, 2180 MB, 1.01 load
[runlim] sample:		14985.15 time, 15010.01 real, 2180 MB, 1.09 load
[runlim] sample:		14995.14 time, 15020.01 real, 2180 MB, 1.23 load
[runlim] sample:		15005.14 time, 15030.01 real, 2180 MB, 1.19 load
[runlim] sample:		15015.14 time, 15040.01 real, 2180 MB, 1.16 load
[runlim] sample:		15025.14 time, 15050.01 real, 2180 MB, 1.14 load
[runlim] sample:		15035.14 time, 15060.01 real, 2180 MB, 1.11 load
[runlim] sample:		15045.14 time, 15070.01 real, 2180 MB, 1.10 load

NN₁: mnist_relu_4_1024_gemm.onnx
NN₂: mnist_relu_4_1024_0.79.onnx
Prop: mnist_9_local_15.vnnlib
[runlim] sample:		15055.10 time, 15080.01 real, 1915 MB, 1.08 load
[runlim] sample:		15065.09 time, 15090.01 real, 1915 MB, 1.07 load
[runlim] sample:		15075.09 time, 15100.01 real, 1915 MB, 1.06 load
[runlim] sample:		15085.09 time, 15110.02 real, 1915 MB, 1.05 load
[runlim] sample:		15095.09 time, 15120.01 real, 1915 MB, 1.04 load
[runlim] sample:		15105.08 time, 15130.01 real, 1915 MB, 1.03 load
[runlim] sample:		15115.08 time, 15140.01 real, 1915 MB, 1.03 load
[runlim] sample:		15125.09 time, 15150.02 real, 1915 MB, 1.02 load
[runlim] sample:		15135.09 time, 15160.01 real, 1915 MB, 1.02 load
[runlim] sample:		15145.09 time, 15170.01 real, 1915 MB, 1.02 load
[runlim] sample:		15155.09 time, 15180.01 real, 1915 MB, 1.01 load
[runlim] sample:		15165.09 time, 15190.02 real, 1915 MB, 1.08 load

NN₁: mnist_relu_4_1024_gemm.onnx
NN₂: mnist_relu_4_1024_0.79.onnx
Prop: mnist_9_local_24.vnnlib
[runlim] sample:		15175.06 time, 15200.01 real, 2379 MB, 1.07 load
[runlim] sample:		15185.06 time, 15210.01 real, 2184 MB, 1.06 load
[runlim] sample:		15195.05 time, 15220.01 real, 2101 MB, 1.05 load
[runlim] sample:		15205.05 time, 15230.01 real, 2061 MB, 1.04 load
[runlim] sample:		15215.05 time, 15240.01 real, 2214 MB, 1.04 load
[runlim] sample:		15225.05 time, 15250.01 real, 2060 MB, 1.03 load
[runlim] sample:		15235.04 time, 15260.01 real, 2137 MB, 1.02 load
[runlim] sample:		15245.05 time, 15270.01 real, 2051 MB, 1.02 load
[runlim] sample:		15255.04 time, 15280.01 real, 2051 MB, 1.02 load
[runlim] sample:		15265.04 time, 15290.01 real, 2079 MB, 1.01 load
[runlim] sample:		15275.04 time, 15300.01 real, 2060 MB, 1.01 load
[runlim] sample:		15285.04 time, 15310.01 real, 2079 MB, 1.01 load

NN₁: mnist_relu_4_1024_gemm.onnx
NN₂: mnist_relu_4_1024_0.79.onnx
Prop: mnist_10_local_15.vnnlib
[runlim] sample:		15295.01 time, 15320.01 real, 1909 MB, 1.01 load
[runlim] sample:		15305.01 time, 15330.01 real, 1909 MB, 1.01 load
[runlim] sample:		15315.00 time, 15340.01 real, 1909 MB, 1.00 load
[runlim] sample:		15325.00 time, 15350.01 real, 1909 MB, 1.00 load
[runlim] sample:		15335.00 time, 15360.01 real, 1909 MB, 1.00 load
[runlim] sample:		15345.00 time, 15370.02 real, 1909 MB, 1.00 load
[runlim] sample:		15355.00 time, 15380.01 real, 1909 MB, 1.00 load
[runlim] sample:		15364.99 time, 15390.01 real, 1909 MB, 1.00 load
[runlim] sample:		15374.99 time, 15400.01 real, 1909 MB, 1.00 load
[runlim] sample:		15384.99 time, 15410.01 real, 1909 MB, 1.00 load
[runlim] sample:		15394.99 time, 15420.01 real, 1909 MB, 1.00 load
[runlim] sample:		15404.99 time, 15430.02 real, 1909 MB, 1.00 load

NN₁: mnist_relu_4_1024_gemm.onnx
NN₂: mnist_relu_4_1024_0.79.onnx
Prop: mnist_10_local_24.vnnlib
[runlim] sample:		15414.97 time, 15440.01 real, 1909 MB, 1.00 load
[runlim] sample:		15424.97 time, 15450.01 real, 2009 MB, 1.00 load
[runlim] sample:		15434.97 time, 15460.01 real, 2130 MB, 1.00 load
[runlim] sample:		15444.97 time, 15470.02 real, 1976 MB, 1.08 load
[runlim] sample:		15454.96 time, 15480.01 real, 1928 MB, 1.07 load
[runlim] sample:		15464.95 time, 15490.01 real, 2048 MB, 1.06 load
[runlim] sample:		15474.96 time, 15500.01 real, 1937 MB, 1.05 load
[runlim] sample:		15484.95 time, 15510.02 real, 1918 MB, 1.12 load
[runlim] sample:		15494.95 time, 15520.01 real, 1918 MB, 1.26 load
[runlim] sample:		15504.94 time, 15530.01 real, 2155 MB, 1.22 load
[runlim] sample:		15514.95 time, 15540.01 real, 1991 MB, 1.18 load
[runlim] sample:		15524.94 time, 15550.01 real, 1973 MB, 1.15 load
[runlim] end:			Fri Jun  5 19:47:40 2026
[runlim] status:		ok
[runlim] result:		0
[runlim] children:		3
[runlim] processes:		4
[runlim] real:			15555.25 seconds
[runlim] time:			15530.12 seconds
[runlim] space:			3324 MB
[runlim] load:			1.41 maximum
[runlim] samples:		155553
